IR_Raw,RED_Raw,HR_BPM,SpO2_%,RR_BPM,PI_%,Condition
1888,1873,75.0,98.0,16.0,3.00,Strong Perf.
1895,1876,75.0,98.0,16.0,3.00,Strong Perf.
1898,1878,75.0,98.0,16.0,3.00,Strong Perf.
1899,1879,75.0,98.0,16.0,3.00,Strong Perf.
1897,1877,75.0,98.0,16.0,3.00,Strong Perf.
1893,1875,75.0,98.0,16.0,3.00,Strong Perf.
1889,1874,75.0,98.0,16.0,3.00,Strong Perf.
1883,1871,75.0,98.0,16.0,3.00,Strong Perf.
1878,1868,75.0,98.0,16.0,3.00,Strong Perf.
1873,1866,75.0,98.0,16.0,3.00,Strong Perf.
1869,1864,75.0,98.0,16.0,3.00,Strong Perf.
1865,1863,75.0,98.0,16.0,3.00,Strong Perf.
1864,1862,75.0,98.0,16.0,3.00,Strong Perf.
1863,1862,75.0,98.0,16.0,3.00,Strong Perf.
1862,1861,75.0,98.0,16.0,3.00,Strong Perf.
1862,1861,75.0,98.0,16.0,3.00,Strong Perf.
1861,1861,75.0,98.0,16.0,3.00,Strong Perf.
1861,1861,75.0,98.0,16.0,3.00,Strong Perf.
1861,1861,75.0,98.0,16.0,3.00,Strong Perf.
1861,1861,75.0,98.0,16.0,3.00,Strong Perf.
1862,1862,75.0,98.0,16.0,3.00,Strong Perf.
1862,1862,75.0,98.0,16.0,3.00,Strong Perf.
1862,1862,75.0,98.0,16.0,3.00,Strong Perf.
1862,1862,75.0,98.0,16.0,3.00,Strong Perf.
1862,1862,75.0,98.0,16.0,3.00,Strong Perf.
1862,1862,75.0,98.0,16.0,3.00,Strong Perf.
1862,1862,75.0,98.0,16.0,3.00,Strong Perf.
1862,1862,75.0,98.0,16.0,3.00,Strong Perf.
1865,1863,75.0,98.0,16.0,3.00,Strong Perf.
1869,1866,75.0,98.0,16.0,3.00,Strong Perf.
1879,1871,75.0,98.0,16.0,3.00,Strong Perf.
1894,1878,75.0,98.0,16.0,3.00,Strong Perf.
1913,1887,75.0,98.0,16.0,3.00,Strong Perf.
1933,1897,75.0,98.0,16.0,3.00,Strong Perf.
1944,1902,75.0,98.0,16.0,3.00,Strong Perf.
1945,1902,75.0,98.0,16.0,3.00,Strong Perf.
1934,1897,75.0,98.0,16.0,3.00,Strong Perf.
1917,1889,75.0,98.0,16.0,3.00,Strong Perf.
1903,1882,75.0,98.0,16.0,3.00,Strong Perf.
1892,1877,75.0,98.0,16.0,3.00,Strong Perf.
1879,1870,75.0,98.0,16.0,3.00,Strong Perf.
1867,1865,75.0,98.0,16.0,3.00,Strong Perf.
1884,1873,75.0,98.0,16.0,3.00,Strong Perf.
1903,1883,75.0,98.0,16.0,3.00,Strong Perf.
1912,1886,75.0,98.0,16.0,3.00,Strong Perf.
1914,1888,75.0,98.0,16.0,3.00,Strong Perf.
1915,1888,75.0,98.0,16.0,3.00,Strong Perf.
1912,1887,75.0,98.0,16.0,3.00,Strong Perf.
1909,1885,75.0,98.0,16.0,3.00,Strong Perf.
1902,1882,75.0,98.0,16.0,3.00,Strong Perf.
1896,1879,75.0,98.0,16.0,3.00,Strong Perf.
1889,1876,75.0,98.0,16.0,3.00,Strong Perf.
1883,1873,75.0,98.0,16.0,3.00,Strong Perf.
1877,1870,75.0,98.0,16.0,3.00,Strong Perf.
1873,1869,75.0,98.0,16.0,3.00,Strong Perf.
1870,1867,75.0,98.0,16.0,3.00,Strong Perf.
1868,1866,75.0,98.0,16.0,3.00,Strong Perf.
1866,1865,75.0,98.0,16.0,3.00,Strong Perf.
1865,1865,75.0,98.0,16.0,3.00,Strong Perf.
1865,1865,75.0,98.0,16.0,3.00,Strong Perf.
1865,1865,75.0,98.0,16.0,3.00,Strong Perf.
1865,1865,75.0,98.0,16.0,3.00,Strong Perf.
1865,1865,75.0,98.0,16.0,3.00,Strong Perf.
1865,1865,75.0,98.0,16.0,3.00,Strong Perf.
1865,1865,75.0,98.0,16.0,3.00,Strong Perf.
1865,1865,75.0,98.0,16.0,3.00,Strong Perf.
1865,1865,75.0,98.0,16.0,3.00,Strong Perf.
1865,1865,75.0,98.0,16.0,3.00,Strong Perf.
1865,1865,75.0,98.0,16.0,3.00,Strong Perf.
1865,1865,75.0,98.0,16.0,3.00,Strong Perf.
1865,1865,75.0,98.0,16.0,3.00,Strong Perf.
1865,1865,75.0,98.0,16.0,3.00,Strong Perf.
1865,1865,75.0,98.0,16.0,3.00,Strong Perf.
1868,1866,75.0,98.0,16.0,3.00,Strong Perf.
1875,1869,75.0,98.0,16.0,3.00,Strong Perf.
1887,1875,75.0,98.0,16.0,3.00,Strong Perf.
1904,1883,75.0,98.0,16.0,3.00,Strong Perf.
1926,1894,75.0,98.0,16.0,3.00,Strong Perf.
1944,1903,75.0,98.0,16.0,3.00,Strong Perf.
1953,1906,75.0,98.0,16.0,3.00,Strong Perf.
1948,1904,75.0,98.0,16.0,3.00,Strong Perf.
1935,1898,75.0,98.0,16.0,3.00,Strong Perf.
1917,1889,75.0,98.0,16.0,3.00,Strong Perf.
1903,1882,75.0,98.0,16.0,3.00,Strong Perf.
1892,1878,75.0,98.0,16.0,3.00,Strong Perf.
1876,1870,75.0,98.0,16.0,3.00,Strong Perf.
1870,1867,75.0,98.0,16.0,3.00,Strong Perf.
1890,1877,75.0,98.0,16.0,3.00,Strong Perf.
1906,1884,75.0,98.0,16.0,3.00,Strong Perf.
1912,1887,75.0,98.0,16.0,3.00,Strong Perf.
1914,1888,75.0,98.0,16.0,3.00,Strong Perf.
1913,1888,75.0,98.0,16.0,3.00,Strong Perf.
1909,1886,75.0,98.0,16.0,3.00,Strong Perf.
1905,1884,75.0,98.0,16.0,3.00,Strong Perf.
1899,1880,75.0,98.0,16.0,3.00,Strong Perf.
1892,1877,75.0,98.0,16.0,3.00,Strong Perf.
1886,1874,75.0,98.0,16.0,3.00,Strong Perf.
1879,1871,75.0,98.0,16.0,3.00,Strong Perf.
1874,1869,75.0,98.0,16.0,3.00,Strong Perf.
1871,1867,75.0,98.0,16.0,3.00,Strong Perf.
1868,1865,75.0,98.0,16.0,3.00,Strong Perf.
1866,1865,75.0,98.0,16.0,3.00,Strong Perf.
1865,1864,75.0,98.0,16.0,3.00,Strong Perf.
1864,1864,75.0,98.0,16.0,3.00,Strong Perf.
1864,1864,75.0,98.0,16.0,3.00,Strong Perf.
1863,1863,75.0,98.0,16.0,3.00,Strong Perf.
1863,1863,75.0,98.0,16.0,3.00,Strong Perf.
1863,1863,75.0,98.0,16.0,3.00,Strong Perf.
1863,1863,75.0,98.0,16.0,3.00,Strong Perf.
1863,1863,75.0,98.0,16.0,3.00,Strong Perf.
1863,1863,75.0,98.0,16.0,3.00,Strong Perf.
1863,1863,75.0,98.0,16.0,3.00,Strong Perf.
1863,1863,75.0,98.0,16.0,3.00,Strong Perf.
1862,1862,75.0,98.0,16.0,3.00,Strong Perf.
1862,1862,75.0,98.0,16.0,3.00,Strong Perf.
1862,1862,75.0,98.0,16.0,3.00,Strong Perf.
1862,1862,75.0,98.0,16.0,3.00,Strong Perf.
1863,1862,75.0,98.0,16.0,3.00,Strong Perf.
1865,1864,75.0,98.0,16.0,3.00,Strong Perf.
1872,1866,75.0,98.0,16.0,3.00,Strong Perf.
1882,1871,75.0,98.0,16.0,3.00,Strong Perf.
1896,1878,75.0,98.0,16.0,3.00,Strong Perf.
1913,1885,75.0,98.0,16.0,3.00,Strong Perf.
1925,1892,75.0,98.0,16.0,3.00,Strong Perf.
1928,1893,75.0,98.0,16.0,3.00,Strong Perf.
1921,1890,75.0,98.0,16.0,3.00,Strong Perf.
1909,1884,75.0,98.0,16.0,3.00,Strong Perf.
1896,1877,75.0,98.0,16.0,3.00,Strong Perf.
1885,1872,75.0,98.0,16.0,3.00,Strong Perf.
1876,1868,75.0,98.0,16.0,3.00,Strong Perf.
1864,1862,75.0,98.0,16.0,3.00,Strong Perf.
1870,1865,75.0,98.0,16.0,3.00,Strong Perf.
1887,1873,75.0,98.0,16.0,3.00,Strong Perf.
1893,1875,75.0,98.0,16.0,3.00,Strong Perf.
1895,1877,75.0,98.0,16.0,3.00,Strong Perf.
1896,1877,75.0,98.0,16.0,3.00,Strong Perf.
1894,1876,75.0,98.0,16.0,3.00,Strong Perf.
1891,1874,75.0,98.0,16.0,3.00,Strong Perf.
1887,1873,75.0,98.0,16.0,3.00,Strong Perf.
1881,1870,75.0,98.0,16.0,3.00,Strong Perf.
1876,1867,75.0,98.0,16.0,3.00,Strong Perf.
1872,1865,75.0,98.0,16.0,3.00,Strong Perf.
1868,1863,75.0,98.0,16.0,3.00,Strong Perf.
1864,1861,75.0,98.0,16.0,3.00,Strong Perf.
1863,1861,75.0,98.0,16.0,3.00,Strong Perf.
1861,1860,75.0,98.0,16.0,3.00,Strong Perf.
1860,1859,75.0,98.0,16.0,3.00,Strong Perf.
1859,1859,75.0,98.0,16.0,3.00,Strong Perf.
1858,1858,75.0,98.0,16.0,3.00,Strong Perf.
1858,1858,75.0,98.0,16.0,3.00,Strong Perf.
1858,1858,75.0,98.0,16.0,3.00,Strong Perf.
1858,1858,75.0,98.0,16.0,3.00,Strong Perf.
1858,1858,75.0,98.0,16.0,3.00,Strong Perf.
1858,1858,75.0,98.0,16.0,3.00,Strong Perf.
1858,1858,75.0,98.0,16.0,3.00,Strong Perf.
1857,1857,75.0,98.0,16.0,3.00,Strong Perf.
1857,1857,75.0,98.0,16.0,3.00,Strong Perf.
1857,1857,75.0,98.0,16.0,3.00,Strong Perf.
1857,1857,75.0,98.0,16.0,3.00,Strong Perf.
1857,1857,75.0,98.0,16.0,3.00,Strong Perf.
1857,1857,75.0,98.0,16.0,3.00,Strong Perf.
1857,1857,75.0,98.0,16.0,3.00,Strong Perf.
1859,1858,75.0,98.0,16.0,3.00,Strong Perf.
1864,1860,75.0,98.0,16.0,3.00,Strong Perf.
1873,1864,75.0,98.0,16.0,3.00,Strong Perf.
1885,1870,75.0,98.0,16.0,3.00,Strong Perf.
1899,1876,75.0,98.0,16.0,3.00,Strong Perf.
1909,1882,75.0,98.0,16.0,3.00,Strong Perf.
1910,1882,75.0,98.0,16.0,3.00,Strong Perf.
1903,1878,75.0,98.0,16.0,3.00,Strong Perf.
1891,1873,75.0,98.0,16.0,3.00,Strong Perf.
1881,1868,75.0,98.0,16.0,3.00,Strong Perf.
1873,1864,75.0,98.0,16.0,3.00,Strong Perf.
1863,1859,75.0,98.0,16.0,3.00,Strong Perf.
1859,1858,75.0,98.0,16.0,3.00,Strong Perf.
1874,1864,75.0,98.0,16.0,3.00,Strong Perf.
1883,1869,75.0,98.0,16.0,3.00,Strong Perf.
1887,1871,75.0,98.0,16.0,3.00,Strong Perf.
1888,1872,75.0,98.0,16.0,3.00,Strong Perf.
1887,1871,75.0,98.0,16.0,3.00,Strong Perf.
1885,1870,75.0,98.0,16.0,3.00,Strong Perf.
1881,1868,75.0,98.0,16.0,3.00,Strong Perf.
1877,1866,75.0,98.0,16.0,3.00,Strong Perf.
1872,1863,75.0,98.0,16.0,3.00,Strong Perf.
1868,1861,75.0,98.0,16.0,3.00,Strong Perf.
1864,1859,75.0,98.0,16.0,3.00,Strong Perf.
1861,1859,75.0,98.0,16.0,3.00,Strong Perf.
1859,1857,75.0,98.0,16.0,3.00,Strong Perf.
1858,1857,75.0,98.0,16.0,3.00,Strong Perf.
1857,1856,75.0,98.0,16.0,3.00,Strong Perf.
1856,1856,75.0,98.0,16.0,3.00,Strong Perf.
1856,1856,75.0,98.0,16.0,3.00,Strong Perf.
1856,1856,75.0,98.0,16.0,3.00,Strong Perf.
1856,1856,75.0,98.0,16.0,3.00,Strong Perf.
1856,1856,75.0,98.0,16.0,3.00,Strong Perf.
1856,1856,75.0,98.0,16.0,3.00,Strong Perf.
1856,1856,75.0,98.0,16.0,3.00,Strong Perf.
1856,1856,75.0,98.0,16.0,3.00,Strong Perf.
1856,1856,75.0,98.0,16.0,3.00,Strong Perf.
1856,1856,75.0,98.0,16.0,3.00,Strong Perf.
1856,1856,75.0,98.0,16.0,3.00,Strong Perf.
1856,1856,75.0,98.0,16.0,3.00,Strong Perf.
1857,1857,75.0,98.0,16.0,3.00,Strong Perf.
1857,1857,75.0,98.0,16.0,3.00,Strong Perf.
1860,1858,75.0,98.0,16.0,3.00,Strong Perf.
1865,1860,75.0,98.0,16.0,3.00,Strong Perf.
1875,1865,75.0,98.0,16.0,3.00,Strong Perf.
1889,1872,75.0,98.0,16.0,3.00,Strong Perf.
1907,1881,75.0,98.0,16.0,3.00,Strong Perf.
1921,1888,75.0,98.0,16.0,3.00,Strong Perf.
1926,1890,75.0,98.0,16.0,3.00,Strong Perf.
1920,1887,75.0,98.0,16.0,3.00,Strong Perf.
1907,1881,75.0,98.0,16.0,3.00,Strong Perf.
1894,1875,75.0,98.0,16.0,3.00,Strong Perf.
1884,1870,75.0,98.0,16.0,3.00,Strong Perf.
1874,1865,75.0,98.0,16.0,3.00,Strong Perf.
1861,1859,75.0,98.0,16.0,3.00,Strong Perf.
1872,1865,75.0,98.0,16.0,3.00,Strong Perf.
1890,1874,75.0,98.0,16.0,3.00,Strong Perf.
1899,1877,75.0,98.0,16.0,3.00,Strong Perf.
1901,1879,75.0,98.0,16.0,3.00,Strong Perf.
1902,1880,75.0,98.0,16.0,3.00,Strong Perf.
1901,1879,75.0,98.0,16.0,3.00,Strong Perf.
1897,1877,75.0,98.0,16.0,3.00,Strong Perf.
1892,1874,75.0,98.0,16.0,3.00,Strong Perf.
1886,1872,75.0,98.0,16.0,3.00,Strong Perf.
1880,1869,75.0,98.0,16.0,3.00,Strong Perf.
1874,1866,75.0,98.0,16.0,3.00,Strong Perf.
1870,1865,75.0,98.0,16.0,3.00,Strong Perf.
1867,1863,75.0,98.0,16.0,3.00,Strong Perf.
1864,1862,75.0,98.0,16.0,3.00,Strong Perf.
1863,1861,75.0,98.0,16.0,3.00,Strong Perf.
1862,1861,75.0,98.0,16.0,3.00,Strong Perf.
1861,1861,75.0,98.0,16.0,3.00,Strong Perf.
1861,1861,75.0,98.0,16.0,3.00,Strong Perf.
1861,1861,75.0,98.0,16.0,3.00,Strong Perf.
1861,1861,75.0,98.0,16.0,3.00,Strong Perf.
1861,1861,75.0,98.0,16.0,3.00,Strong Perf.
1862,1862,75.0,98.0,16.0,3.00,Strong Perf.
1862,1862,75.0,98.0,16.0,3.00,Strong Perf.
1862,1862,75.0,98.0,16.0,3.00,Strong Perf.
1862,1862,75.0,98.0,16.0,3.00,Strong Perf.
1862,1862,75.0,98.0,16.0,3.00,Strong Perf.
1862,1862,75.0,98.0,16.0,3.00,Strong Perf.
1863,1863,75.0,98.0,16.0,3.00,Strong Perf.
1863,1863,75.0,98.0,16.0,3.00,Strong Perf.
1863,1863,75.0,98.0,16.0,3.00,Strong Perf.
1866,1864,75.0,98.0,16.0,3.00,Strong Perf.
1873,1868,75.0,98.0,16.0,3.00,Strong Perf.
1885,1874,75.0,98.0,16.0,3.00,Strong Perf.
1903,1882,75.0,98.0,16.0,3.00,Strong Perf.
1924,1893,75.0,98.0,16.0,3.00,Strong Perf.
1910,1887,75.0,98.0,16.0,3.00,Strong Perf.
1912,1888,75.0,98.0,16.0,3.00,Strong Perf.
1911,1887,75.0,98.0,16.0,3.00,Strong Perf.
1909,1886,75.0,98.0,16.0,3.00,Strong Perf.
1904,1884,75.0,98.0,16.0,3.00,Strong Perf.
1898,1881,75.0,98.0,16.0,3.00,Strong Perf.
1892,1878,75.0,98.0,16.0,3.00,Strong Perf.
1886,1875,75.0,98.0,16.0,3.00,Strong Perf.
1881,1872,75.0,98.0,16.0,3.00,Strong Perf.
1875,1869,75.0,98.0,16.0,3.00,Strong Perf.
1872,1868,75.0,98.0,16.0,3.00,Strong Perf.
1869,1867,75.0,98.0,16.0,3.00,Strong Perf.
1867,1866,75.0,98.0,16.0,3.00,Strong Perf.
1866,1865,75.0,98.0,16.0,3.00,Strong Perf.
1865,1864,75.0,98.0,16.0,3.00,Strong Perf.
1864,1864,75.0,98.0,16.0,3.00,Strong Perf.
1864,1864,75.0,98.0,16.0,3.00,Strong Perf.
1863,1863,75.0,98.0,16.0,3.00,Strong Perf.
1863,1863,75.0,98.0,16.0,3.00,Strong Perf.
1863,1863,75.0,98.0,16.0,3.00,Strong Perf.
1863,1863,75.0,98.0,16.0,3.00,Strong Perf.
1863,1863,75.0,98.0,16.0,3.00,Strong Perf.
1862,1862,75.0,98.0,16.0,3.00,Strong Perf.
1862,1862,75.0,98.0,16.0,3.00,Strong Perf.
1862,1862,75.0,98.0,16.0,3.00,Strong Perf.
1862,1862,75.0,98.0,16.0,3.00,Strong Perf.
1861,1861,75.0,98.0,16.0,3.00,Strong Perf.
1861,1861,75.0,98.0,16.0,3.00,Strong Perf.
1861,1861,75.0,98.0,16.0,3.00,Strong Perf.
1862,1861,75.0,98.0,16.0,3.00,Strong Perf.
1865,1862,75.0,98.0,16.0,3.00,Strong Perf.
1871,1865,75.0,98.0,16.0,3.00,Strong Perf.
1882,1870,75.0,98.0,16.0,3.00,Strong Perf.
1895,1877,75.0,98.0,16.0,3.00,Strong Perf.
1910,1884,75.0,98.0,16.0,3.00,Strong Perf.
1918,1887,75.0,98.0,16.0,3.00,Strong Perf.
1918,1887,75.0,98.0,16.0,3.00,Strong Perf.
1910,1883,75.0,98.0,16.0,3.00,Strong Perf.
1897,1877,75.0,98.0,16.0,3.00,Strong Perf.
1886,1871,75.0,98.0,16.0,3.00,Strong Perf.
1878,1868,75.0,98.0,16.0,3.00,Strong Perf.
1867,1862,75.0,98.0,16.0,3.00,Strong Perf.
1861,1859,75.0,98.0,16.0,3.00,Strong Perf.
1872,1864,75.0,98.0,16.0,3.00,Strong Perf.
1884,1870,75.0,98.0,16.0,3.00,Strong Perf.
1889,1872,75.0,98.0,16.0,3.00,Strong Perf.
1890,1873,75.0,98.0,16.0,3.00,Strong Perf.
1889,1872,75.0,98.0,16.0,3.00,Strong Perf.
1887,1871,75.0,98.0,16.0,3.00,Strong Perf.
1884,1869,75.0,98.0,16.0,3.00,Strong Perf.
1879,1867,75.0,98.0,16.0,3.00,Strong Perf.
1874,1864,75.0,98.0,16.0,3.00,Strong Perf.
1870,1863,75.0,98.0,16.0,3.00,Strong Perf.
1865,1860,75.0,98.0,16.0,3.00,Strong Perf.
1863,1859,75.0,98.0,16.0,3.00,Strong Perf.
1859,1857,75.0,98.0,16.0,3.00,Strong Perf.
1857,1856,75.0,98.0,16.0,3.00,Strong Perf.
1857,1856,75.0,98.0,16.0,3.00,Strong Perf.
1856,1855,75.0,98.0,16.0,3.00,Strong Perf.
1855,1855,75.0,98.0,16.0,3.00,Strong Perf.
1855,1855,75.0,98.0,16.0,3.00,Strong Perf.
1854,1854,75.0,98.0,16.0,3.00,Strong Perf.
1854,1854,75.0,98.0,16.0,3.00,Strong Perf.
1854,1854,75.0,98.0,16.0,3.00,Strong Perf.
1854,1854,75.0,98.0,16.0,3.00,Strong Perf.
1854,1854,75.0,98.0,16.0,3.00,Strong Perf.
1854,1854,75.0,98.0,16.0,3.00,Strong Perf.
1854,1854,75.0,98.0,16.0,3.00,Strong Perf.
1854,1854,75.0,98.0,16.0,3.00,Strong Perf.
1854,1854,75.0,98.0,16.0,3.00,Strong Perf.
1853,1853,75.0,98.0,16.0,3.00,Strong Perf.
1853,1853,75.0,98.0,16.0,3.00,Strong Perf.
1853,1853,75.0,98.0,16.0,3.00,Strong Perf.
1855,1854,75.0,98.0,16.0,3.00,Strong Perf.
1859,1856,75.0,98.0,16.0,3.00,Strong Perf.
1868,1860,75.0,98.0,16.0,3.00,Strong Perf.
1881,1866,75.0,98.0,16.0,3.00,Strong Perf.
1895,1873,75.0,98.0,16.0,3.00,Strong Perf.
1906,1879,75.0,98.0,16.0,3.00,Strong Perf.
1909,1879,75.0,98.0,16.0,3.00,Strong Perf.
1901,1876,75.0,98.0,16.0,3.00,Strong Perf.
1890,1871,75.0,98.0,16.0,3.00,Strong Perf.
1879,1865,75.0,98.0,16.0,3.00,Strong Perf.
1870,1861,75.0,98.0,16.0,3.00,Strong Perf.
1859,1856,75.0,98.0,16.0,3.00,Strong Perf.
1858,1855,75.0,98.0,16.0,3.00,Strong Perf.
1875,1863,75.0,98.0,16.0,3.00,Strong Perf.
1885,1868,75.0,98.0,16.0,3.00,Strong Perf.
1887,1869,75.0,98.0,16.0,3.00,Strong Perf.
1888,1870,75.0,98.0,16.0,3.00,Strong Perf.
1886,1869,75.0,98.0,16.0,3.00,Strong Perf.
1883,1867,75.0,98.0,16.0,3.00,Strong Perf.
1879,1865,75.0,98.0,16.0,3.00,Strong Perf.
1874,1863,75.0,98.0,16.0,3.00,Strong Perf.
1869,1861,75.0,98.0,16.0,3.00,Strong Perf.
1864,1859,75.0,98.0,16.0,3.00,Strong Perf.
1861,1857,75.0,98.0,16.0,3.00,Strong Perf.
1858,1856,75.0,98.0,16.0,3.00,Strong Perf.
1857,1855,75.0,98.0,16.0,3.00,Strong Perf.
1856,1855,75.0,98.0,16.0,3.00,Strong Perf.
1855,1855,75.0,98.0,16.0,3.00,Strong Perf.
1855,1855,75.0,98.0,16.0,3.00,Strong Perf.
1855,1855,75.0,98.0,16.0,3.00,Strong Perf.
1855,1855,75.0,98.0,16.0,3.00,Strong Perf.
1855,1855,75.0,98.0,16.0,3.00,Strong Perf.
1855,1855,75.0,98.0,16.0,3.00,Strong Perf.
1855,1855,75.0,98.0,16.0,3.00,Strong Perf.
1856,1856,75.0,98.0,16.0,3.00,Strong Perf.
1856,1856,75.0,98.0,16.0,3.00,Strong Perf.
1856,1856,75.0,98.0,16.0,3.00,Strong Perf.
1856,1856,75.0,98.0,16.0,3.00,Strong Perf.
1856,1856,75.0,98.0,16.0,3.00,Strong Perf.
1857,1857,75.0,98.0,16.0,3.00,Strong Perf.
1858,1857,75.0,98.0,16.0,3.00,Strong Perf.
1861,1859,75.0,98.0,16.0,3.00,Strong Perf.
1869,1863,75.0,98.0,16.0,3.00,Strong Perf.
1882,1869,75.0,98.0,16.0,3.00,Strong Perf.
1899,1877,75.0,98.0,16.0,3.00,Strong Perf.
1916,1886,75.0,98.0,16.0,3.00,Strong Perf.
1930,1893,75.0,98.0,16.0,3.00,Strong Perf.
1933,1894,75.0,98.0,16.0,3.00,Strong Perf.
1926,1891,75.0,98.0,16.0,3.00,Strong Perf.
1912,1885,75.0,98.0,16.0,3.00,Strong Perf.
1898,1877,75.0,98.0,16.0,3.00,Strong Perf.
1889,1873,75.0,98.0,16.0,3.00,Strong Perf.
1877,1868,75.0,98.0,16.0,3.00,Strong Perf.
1864,1862,75.0,98.0,16.0,3.00,Strong Perf.
1873,1866,75.0,98.0,16.0,3.00,Strong Perf.
1894,1876,75.0,98.0,16.0,3.00,Strong Perf.
1904,1881,75.0,98.0,16.0,3.00,Strong Perf.
1907,1883,75.0,98.0,16.0,3.00,Strong Perf.
1909,1884,75.0,98.0,16.0,3.00,Strong Perf.
1907,1883,75.0,98.0,16.0,3.00,Strong Perf.
1904,1881,75.0,98.0,16.0,3.00,Strong Perf.
1899,1880,75.0,98.0,16.0,3.00,Strong Perf.
1893,1877,75.0,98.0,16.0,3.00,Strong Perf.
1887,1874,75.0,98.0,16.0,3.00,Strong Perf.
1881,1871,75.0,98.0,16.0,3.00,Strong Perf.
1876,1869,75.0,98.0,16.0,3.00,Strong Perf.
1872,1867,75.0,98.0,16.0,3.00,Strong Perf.
1870,1867,75.0,98.0,16.0,3.00,Strong Perf.
1867,1866,75.0,98.0,16.0,3.00,Strong Perf.
1866,1865,75.0,98.0,16.0,3.00,Strong Perf.
1866,1865,75.0,98.0,16.0,3.00,Strong Perf.
1865,1865,75.0,98.0,16.0,3.00,Strong Perf.
1865,1865,75.0,98.0,16.0,3.00,Strong Perf.
1865,1865,75.0,98.0,16.0,3.00,Strong Perf.
1866,1865,75.0,98.0,16.0,3.00,Strong Perf.
1866,1866,75.0,98.0,16.0,3.00,Strong Perf.
1866,1866,75.0,98.0,16.0,3.00,Strong Perf.
1866,1866,75.0,98.0,16.0,3.00,Strong Perf.
1866,1866,75.0,98.0,16.0,3.00,Strong Perf.
1867,1867,75.0,98.0,16.0,3.00,Strong Perf.
1867,1867,75.0,98.0,16.0,3.00,Strong Perf.
1867,1867,75.0,98.0,16.0,3.00,Strong Perf.
1867,1867,75.0,98.0,16.0,3.00,Strong Perf.
1867,1867,75.0,98.0,16.0,3.00,Strong Perf.
1868,1868,75.0,98.0,16.0,3.00,Strong Perf.
1872,1870,75.0,98.0,16.0,3.00,Strong Perf.
1877,1872,75.0,98.0,16.0,3.00,Strong Perf.
1888,1878,75.0,98.0,16.0,3.00,Strong Perf.
1904,1885,75.0,98.0,16.0,3.00,Strong Perf.
1925,1896,75.0,98.0,16.0,3.00,Strong Perf.
1944,1905,75.0,98.0,16.0,3.00,Strong Perf.
1958,1912,75.0,98.0,16.0,3.00,Strong Perf.
1958,1912,75.0,98.0,16.0,3.00,Strong Perf.
1948,1906,75.0,98.0,16.0,3.00,Strong Perf.
1932,1899,75.0,98.0,16.0,3.00,Strong Perf.
1915,1891,75.0,98.0,16.0,3.00,Strong Perf.
1903,1885,75.0,98.0,16.0,3.00,Strong Perf.
1892,1880,75.0,98.0,16.0,3.00,Strong Perf.
1874,1872,75.0,98.0,16.0,3.00,Strong Perf.
1880,1874,75.0,98.0,16.0,3.00,Strong Perf.
1902,1885,75.0,98.0,16.0,3.00,Strong Perf.
1916,1891,75.0,98.0,16.0,3.00,Strong Perf.
1921,1894,75.0,98.0,16.0,3.00,Strong Perf.
1922,1895,75.0,98.0,16.0,3.00,Strong Perf.
1922,1895,75.0,98.0,16.0,3.00,Strong Perf.
1918,1893,75.0,98.0,16.0,3.00,Strong Perf.
1913,1891,75.0,98.0,16.0,3.00,Strong Perf.
1907,1888,75.0,98.0,16.0,3.00,Strong Perf.
1900,1884,75.0,98.0,16.0,3.00,Strong Perf.
1894,1882,75.0,98.0,16.0,3.00,Strong Perf.
1888,1878,75.0,98.0,16.0,3.00,Strong Perf.
1882,1876,75.0,98.0,16.0,3.00,Strong Perf.
1879,1874,75.0,98.0,16.0,3.00,Strong Perf.
1875,1872,75.0,98.0,16.0,3.00,Strong Perf.
1873,1871,75.0,98.0,16.0,3.00,Strong Perf.
1872,1871,75.0,98.0,16.0,3.00,Strong Perf.
1871,1870,75.0,98.0,16.0,3.00,Strong Perf.
1870,1870,75.0,98.0,16.0,3.00,Strong Perf.
1870,1870,75.0,98.0,16.0,3.00,Strong Perf.
1869,1869,75.0,98.0,16.0,3.00,Strong Perf.
1869,1869,75.0,98.0,16.0,3.00,Strong Perf.
1869,1869,75.0,98.0,16.0,3.00,Strong Perf.
1869,1869,75.0,98.0,16.0,3.00,Strong Perf.
1869,1869,75.0,98.0,16.0,3.00,Strong Perf.
1869,1869,75.0,98.0,16.0,3.00,Strong Perf.
1868,1868,75.0,98.0,16.0,3.00,Strong Perf.
1868,1868,75.0,98.0,16.0,3.00,Strong Perf.
1868,1868,75.0,98.0,16.0,3.00,Strong Perf.
1868,1868,75.0,98.0,16.0,3.00,Strong Perf.
1868,1868,75.0,98.0,16.0,3.00,Strong Perf.
1868,1868,75.0,98.0,16.0,3.00,Strong Perf.
1867,1867,75.0,98.0,16.0,3.00,Strong Perf.
1870,1869,75.0,98.0,16.0,3.00,Strong Perf.
1875,1870,75.0,98.0,16.0,3.00,Strong Perf.
1882,1873,75.0,98.0,16.0,3.00,Strong Perf.
1894,1879,75.0,98.0,16.0,3.00,Strong Perf.
1912,1888,75.0,98.0,16.0,3.00,Strong Perf.
1926,1895,75.0,98.0,16.0,3.00,Strong Perf.
1938,1901,75.0,98.0,16.0,3.00,Strong Perf.
1941,1902,75.0,98.0,16.0,3.00,Strong Perf.
1931,1897,75.0,98.0,16.0,3.00,Strong Perf.
1916,1890,75.0,98.0,16.0,3.00,Strong Perf.
1902,1883,75.0,98.0,16.0,3.00,Strong Perf.
1892,1877,75.0,98.0,16.0,3.00,Strong Perf.
1880,1872,75.0,98.0,16.0,3.00,Strong Perf.
1867,1866,75.0,98.0,16.0,3.00,Strong Perf.
1876,1869,75.0,98.0,16.0,3.00,Strong Perf.
1893,1877,75.0,98.0,16.0,3.00,Strong Perf.
1901,1881,75.0,98.0,16.0,3.00,Strong Perf.
1903,1882,75.0,98.0,16.0,3.00,Strong Perf.
1903,1882,75.0,98.0,16.0,3.00,Strong Perf.
1901,1881,75.0,98.0,16.0,3.00,Strong Perf.
1897,1879,75.0,98.0,16.0,3.00,Strong Perf.
1891,1876,75.0,98.0,16.0,3.00,Strong Perf.
1886,1873,75.0,98.0,16.0,3.00,Strong Perf.
1880,1870,75.0,98.0,16.0,3.00,Strong Perf.
1875,1867,75.0,98.0,16.0,3.00,Strong Perf.
1870,1864,75.0,98.0,16.0,3.00,Strong Perf.
1867,1863,75.0,98.0,16.0,3.00,Strong Perf.
1864,1862,75.0,98.0,16.0,3.00,Strong Perf.
1862,1861,75.0,98.0,16.0,3.00,Strong Perf.
1860,1860,75.0,98.0,16.0,3.00,Strong Perf.
1859,1859,75.0,98.0,16.0,3.00,Strong Perf.
1859,1859,75.0,98.0,16.0,3.00,Strong Perf.
1859,1858,75.0,98.0,16.0,3.00,Strong Perf.
1858,1858,75.0,98.0,16.0,3.00,Strong Perf.
1858,1858,75.0,98.0,16.0,3.00,Strong Perf.
1857,1857,75.0,98.0,16.0,3.00,Strong Perf.
1857,1857,75.0,98.0,16.0,3.00,Strong Perf.
1857,1857,75.0,98.0,16.0,3.00,Strong Perf.
1857,1857,75.0,98.0,16.0,3.00,Strong Perf.
1856,1856,75.0,98.0,16.0,3.00,Strong Perf.
1856,1856,75.0,98.0,16.0,3.00,Strong Perf.
1856,1856,75.0,98.0,16.0,3.00,Strong Perf.
1855,1855,75.0,98.0,16.0,3.00,Strong Perf.
1855,1855,75.0,98.0,16.0,3.00,Strong Perf.
1855,1855,75.0,98.0,16.0,3.00,Strong Perf.
1856,1856,75.0,98.0,16.0,3.00,Strong Perf.
1861,1857,75.0,98.0,16.0,3.00,Strong Perf.
1869,1861,75.0,98.0,16.0,3.00,Strong Perf.
1880,1867,75.0,98.0,16.0,3.00,Strong Perf.
1894,1873,75.0,98.0,16.0,3.00,Strong Perf.
1905,1878,75.0,98.0,16.0,3.00,Strong Perf.
1909,1880,75.0,98.0,16.0,3.00,Strong Perf.
1903,1877,75.0,98.0,16.0,3.00,Strong Perf.
1893,1872,75.0,98.0,16.0,3.00,Strong Perf.
1881,1866,75.0,98.0,16.0,3.00,Strong Perf.
1873,1862,75.0,98.0,16.0,3.00,Strong Perf.
1865,1858,75.0,98.0,16.0,3.00,Strong Perf.
1854,1853,75.0,98.0,16.0,3.00,Strong Perf.
1863,1857,75.0,98.0,16.0,3.00,Strong Perf.
1876,1863,75.0,98.0,16.0,3.00,Strong Perf.
1881,1866,75.0,98.0,16.0,3.00,Strong Perf.
1883,1867,75.0,98.0,16.0,3.00,Strong Perf.
1883,1867,75.0,98.0,16.0,3.00,Strong Perf.
1881,1866,75.0,98.0,16.0,3.00,Strong Perf.
1878,1864,75.0,98.0,16.0,3.00,Strong Perf.
1874,1862,75.0,98.0,16.0,3.00,Strong Perf.
1869,1859,75.0,98.0,16.0,3.00,Strong Perf.
1864,1857,75.0,98.0,16.0,3.00,Strong Perf.
1861,1856,75.0,98.0,16.0,3.00,Strong Perf.
1858,1854,75.0,98.0,16.0,3.00,Strong Perf.
1855,1853,75.0,98.0,16.0,3.00,Strong Perf.
1853,1852,75.0,98.0,16.0,3.00,Strong Perf.
1852,1851,75.0,98.0,16.0,3.00,Strong Perf.
1851,1851,75.0,98.0,16.0,3.00,Strong Perf.
1851,1851,75.0,98.0,16.0,3.00,Strong Perf.
1851,1851,75.0,98.0,16.0,3.00,Strong Perf.
1851,1851,75.0,98.0,16.0,3.00,Strong Perf.
1851,1851,75.0,98.0,16.0,3.00,Strong Perf.
1851,1851,75.0,98.0,16.0,3.00,Strong Perf.
1851,1851,75.0,98.0,16.0,3.00,Strong Perf.
1851,1851,75.0,98.0,16.0,3.00,Strong Perf.
1851,1851,75.0,98.0,16.0,3.00,Strong Perf.
1851,1851,75.0,98.0,16.0,3.00,Strong Perf.
1851,1851,75.0,98.0,16.0,3.00,Strong Perf.
1851,1851,75.0,98.0,16.0,3.00,Strong Perf.
1851,1851,75.0,98.0,16.0,3.00,Strong Perf.
1852,1852,75.0,98.0,16.0,3.00,Strong Perf.
1852,1852,75.0,98.0,16.0,3.00,Strong Perf.
1855,1853,75.0,98.0,16.0,3.00,Strong Perf.
1862,1856,75.0,98.0,16.0,3.00,Strong Perf.
1873,1862,75.0,98.0,16.0,3.00,Strong Perf.
1888,1869,75.0,98.0,16.0,3.00,Strong Perf.
1903,1877,75.0,98.0,16.0,3.00,Strong Perf.
1914,1882,75.0,98.0,16.0,3.00,Strong Perf.
1912,1881,75.0,98.0,16.0,3.00,Strong Perf.
1902,1876,75.0,98.0,16.0,3.00,Strong Perf.
1889,1870,75.0,98.0,16.0,3.00,Strong Perf.
1879,1866,75.0,98.0,16.0,3.00,Strong Perf.
1870,1861,75.0,98.0,16.0,3.00,Strong Perf.
1858,1856,75.0,98.0,16.0,3.00,Strong Perf.
1865,1859,75.0,98.0,16.0,3.00,Strong Perf.
1882,1867,75.0,98.0,16.0,3.00,Strong Perf.
1890,1871,75.0,98.0,16.0,3.00,Strong Perf.
1893,1873,75.0,98.0,16.0,3.00,Strong Perf.
1894,1874,75.0,98.0,16.0,3.00,Strong Perf.
1893,1873,75.0,98.0,16.0,3.00,Strong Perf.
1889,1872,75.0,98.0,16.0,3.00,Strong Perf.
1883,1869,75.0,98.0,16.0,3.00,Strong Perf.
1878,1866,75.0,98.0,16.0,3.00,Strong Perf.
1873,1864,75.0,98.0,16.0,3.00,Strong Perf.
1868,1862,75.0,98.0,16.0,3.00,Strong Perf.
1864,1860,75.0,98.0,16.0,3.00,Strong Perf.
1862,1860,75.0,98.0,16.0,3.00,Strong Perf.
1861,1859,75.0,98.0,16.0,3.00,Strong Perf.
1860,1859,75.0,98.0,16.0,3.00,Strong Perf.
1859,1859,75.0,98.0,16.0,3.00,Strong Perf.
1859,1859,75.0,98.0,16.0,3.00,Strong Perf.
1859,1859,75.0,98.0,16.0,3.00,Strong Perf.
1860,1860,75.0,98.0,16.0,3.00,Strong Perf.
1860,1860,75.0,98.0,16.0,3.00,Strong Perf.
1860,1860,75.0,98.0,16.0,3.00,Strong Perf.
1860,1860,75.0,98.0,16.0,3.00,Strong Perf.
1861,1861,75.0,98.0,16.0,3.00,Strong Perf.
1861,1861,75.0,98.0,16.0,3.00,Strong Perf.
1861,1861,75.0,98.0,16.0,3.00,Strong Perf.
1862,1862,75.0,98.0,16.0,3.00,Strong Perf.
1862,1862,75.0,98.0,16.0,3.00,Strong Perf.
1862,1862,75.0,98.0,16.0,3.00,Strong Perf.
1863,1863,75.0,98.0,16.0,3.00,Strong Perf.
1867,1865,75.0,98.0,16.0,3.00,Strong Perf.
1875,1869,75.0,98.0,16.0,3.00,Strong Perf.
1887,1874,75.0,98.0,16.0,3.00,Strong Perf.
1904,1883,75.0,98.0,16.0,3.00,Strong Perf.
1924,1893,75.0,98.0,16.0,3.00,Strong Perf.
1941,1901,75.0,98.0,16.0,3.00,Strong Perf.
1948,1905,75.0,98.0,16.0,3.00,Strong Perf.
1943,1902,75.0,98.0,16.0,3.00,Strong Perf.
1928,1896,75.0,98.0,16.0,3.00,Strong Perf.
1912,1888,75.0,98.0,16.0,3.00,Strong Perf.
1901,1882,75.0,98.0,16.0,3.00,Strong Perf.
1890,1877,75.0,98.0,16.0,3.00,Strong Perf.
1874,1870,75.0,98.0,16.0,3.00,Strong Perf.
1875,1870,75.0,98.0,16.0,3.00,Strong Perf.
1897,1882,75.0,98.0,16.0,3.00,Strong Perf.
1911,1889,75.0,98.0,16.0,3.00,Strong Perf.
1917,1891,75.0,98.0,16.0,3.00,Strong Perf.
1919,1893,75.0,98.0,16.0,3.00,Strong Perf.
1918,1892,75.0,98.0,16.0,3.00,Strong Perf.
1916,1892,75.0,98.0,16.0,3.00,Strong Perf.
1911,1889,75.0,98.0,16.0,3.00,Strong Perf.
1905,1886,75.0,98.0,16.0,3.00,Strong Perf.
1898,1883,75.0,98.0,16.0,3.00,Strong Perf.
1891,1880,75.0,98.0,16.0,3.00,Strong Perf.
1886,1877,75.0,98.0,16.0,3.00,Strong Perf.
1882,1876,75.0,98.0,16.0,3.00,Strong Perf.
1878,1874,75.0,98.0,16.0,3.00,Strong Perf.
1875,1872,75.0,98.0,16.0,3.00,Strong Perf.
1873,1872,75.0,98.0,16.0,3.00,Strong Perf.
1872,1871,75.0,98.0,16.0,3.00,Strong Perf.
1871,1871,75.0,98.0,16.0,3.00,Strong Perf.
1871,1871,75.0,98.0,16.0,3.00,Strong Perf.
1871,1871,75.0,98.0,16.0,3.00,Strong Perf.
1871,1871,75.0,98.0,16.0,3.00,Strong Perf.
1871,1871,75.0,98.0,16.0,3.00,Strong Perf.
1871,1871,75.0,98.0,16.0,3.00,Strong Perf.
1871,1871,75.0,98.0,16.0,3.00,Strong Perf.
1871,1871,75.0,98.0,16.0,3.00,Strong Perf.
1871,1871,75.0,98.0,16.0,3.00,Strong Perf.
1872,1872,75.0,98.0,16.0,3.00,Strong Perf.
1872,1872,75.0,98.0,16.0,3.00,Strong Perf.
1872,1872,75.0,98.0,16.0,3.00,Strong Perf.
1872,1872,75.0,98.0,16.0,3.00,Strong Perf.
1872,1872,75.0,98.0,16.0,3.00,Strong Perf.
1872,1872,75.0,98.0,16.0,3.00,Strong Perf.
1875,1873,75.0,98.0,16.0,3.00,Strong Perf.
1882,1876,75.0,98.0,16.0,3.00,Strong Perf.
1894,1882,75.0,98.0,16.0,3.00,Strong Perf.
1911,1891,75.0,98.0,16.0,3.00,Strong Perf.
1931,1900,75.0,98.0,16.0,3.00,Strong Perf.
1949,1909,75.0,98.0,16.0,3.00,Strong Perf.
1959,1913,75.0,98.0,16.0,3.00,Strong Perf.
1956,1912,75.0,98.0,16.0,3.00,Strong Perf.
1944,1906,75.0,98.0,16.0,3.00,Strong Perf.
1926,1897,75.0,98.0,16.0,3.00,Strong Perf.
1911,1890,75.0,98.0,16.0,3.00,Strong Perf.
1900,1885,75.0,98.0,16.0,3.00,Strong Perf.
1886,1878,75.0,98.0,16.0,3.00,Strong Perf.
1874,1872,75.0,98.0,16.0,3.00,Strong Perf.
1888,1878,75.0,98.0,16.0,3.00,Strong Perf.
1909,1889,75.0,98.0,16.0,3.00,Strong Perf.
1916,1892,75.0,98.0,16.0,3.00,Strong Perf.
1919,1893,75.0,98.0,16.0,3.00,Strong Perf.
1919,1893,75.0,98.0,16.0,3.00,Strong Perf.
1916,1891,75.0,98.0,16.0,3.00,Strong Perf.
1912,1889,75.0,98.0,16.0,3.00,Strong Perf.
1907,1887,75.0,98.0,16.0,3.00,Strong Perf.
1899,1883,75.0,98.0,16.0,3.00,Strong Perf.
1893,1880,75.0,98.0,16.0,3.00,Strong Perf.
1887,1877,75.0,98.0,16.0,3.00,Strong Perf.
1881,1874,75.0,98.0,16.0,3.00,Strong Perf.
1876,1871,75.0,98.0,16.0,3.00,Strong Perf.
1873,1870,75.0,98.0,16.0,3.00,Strong Perf.
1871,1869,75.0,98.0,16.0,3.00,Strong Perf.
1869,1868,75.0,98.0,16.0,3.00,Strong Perf.
1867,1867,75.0,98.0,16.0,3.00,Strong Perf.
1867,1866,75.0,98.0,16.0,3.00,Strong Perf.
1866,1866,75.0,98.0,16.0,3.00,Strong Perf.
1866,1866,75.0,98.0,16.0,3.00,Strong Perf.
1865,1865,75.0,98.0,16.0,3.00,Strong Perf.
1865,1865,75.0,98.0,16.0,3.00,Strong Perf.
1864,1864,75.0,98.0,16.0,3.00,Strong Perf.
1864,1864,75.0,98.0,16.0,3.00,Strong Perf.
1864,1864,75.0,98.0,16.0,3.00,Strong Perf.
1864,1864,75.0,98.0,16.0,3.00,Strong Perf.
1863,1863,75.0,98.0,16.0,3.00,Strong Perf.
1863,1863,75.0,98.0,16.0,3.00,Strong Perf.
1862,1862,75.0,98.0,16.0,3.00,Strong Perf.
1862,1862,75.0,98.0,16.0,3.00,Strong Perf.
1862,1862,75.0,98.0,16.0,3.00,Strong Perf.
1861,1861,75.0,98.0,16.0,3.00,Strong Perf.
1864,1862,75.0,98.0,16.0,3.00,Strong Perf.
1869,1865,75.0,98.0,16.0,3.00,Strong Perf.
1879,1869,75.0,98.0,16.0,3.00,Strong Perf.
1893,1876,75.0,98.0,16.0,3.00,Strong Perf.
1909,1883,75.0,98.0,16.0,3.00,Strong Perf.
1922,1889,75.0,98.0,16.0,3.00,Strong Perf.
1926,1891,75.0,98.0,16.0,3.00,Strong Perf.
1920,1887,75.0,98.0,16.0,3.00,Strong Perf.
1907,1881,75.0,98.0,16.0,3.00,Strong Perf.
1893,1874,75.0,98.0,16.0,3.00,Strong Perf.
1883,1869,75.0,98.0,16.0,3.00,Strong Perf.
1873,1865,75.0,98.0,16.0,3.00,Strong Perf.
1860,1859,75.0,98.0,16.0,3.00,Strong Perf.
1865,1861,75.0,98.0,16.0,3.00,Strong Perf.
1881,1868,75.0,98.0,16.0,3.00,Strong Perf.
1889,1872,75.0,98.0,16.0,3.00,Strong Perf.
1891,1873,75.0,98.0,16.0,3.00,Strong Perf.
1891,1872,75.0,98.0,16.0,3.00,Strong Perf.
1890,1872,75.0,98.0,16.0,3.00,Strong Perf.
1886,1870,75.0,98.0,16.0,3.00,Strong Perf.
1881,1867,75.0,98.0,16.0,3.00,Strong Perf.
1876,1865,75.0,98.0,16.0,3.00,Strong Perf.
1871,1862,75.0,98.0,16.0,3.00,Strong Perf.
1866,1859,75.0,98.0,16.0,3.00,Strong Perf.
1862,1858,75.0,98.0,16.0,3.00,Strong Perf.
1859,1856,75.0,98.0,16.0,3.00,Strong Perf.
1856,1854,75.0,98.0,16.0,3.00,Strong Perf.
1854,1853,75.0,98.0,16.0,3.00,Strong Perf.
1853,1853,75.0,98.0,16.0,3.00,Strong Perf.
1853,1852,75.0,98.0,16.0,3.00,Strong Perf.
1852,1852,75.0,98.0,16.0,3.00,Strong Perf.
1852,1852,75.0,98.0,16.0,3.00,Strong Perf.
1852,1851,75.0,98.0,16.0,3.00,Strong Perf.
1851,1851,75.0,98.0,16.0,3.00,Strong Perf.
1851,1851,75.0,98.0,16.0,3.00,Strong Perf.
1851,1851,75.0,98.0,16.0,3.00,Strong Perf.
1851,1851,75.0,98.0,16.0,3.00,Strong Perf.
1851,1851,75.0,98.0,16.0,3.00,Strong Perf.
1850,1850,75.0,98.0,16.0,3.00,Strong Perf.
1850,1850,75.0,98.0,16.0,3.00,Strong Perf.
1850,1850,75.0,98.0,16.0,3.00,Strong Perf.
1850,1850,75.0,98.0,16.0,3.00,Strong Perf.
1850,1850,75.0,98.0,16.0,3.00,Strong Perf.
1850,1850,75.0,98.0,16.0,3.00,Strong Perf.
1853,1851,75.0,98.0,16.0,3.00,Strong Perf.
1857,1853,75.0,98.0,16.0,3.00,Strong Perf.
1866,1857,75.0,98.0,16.0,3.00,Strong Perf.
1880,1864,75.0,98.0,16.0,3.00,Strong Perf.
1894,1870,75.0,98.0,16.0,3.00,Strong Perf.
1902,1875,75.0,98.0,16.0,3.00,Strong Perf.
1903,1875,75.0,98.0,16.0,3.00,Strong Perf.
1894,1870,75.0,98.0,16.0,3.00,Strong Perf.
1882,1865,75.0,98.0,16.0,3.00,Strong Perf.
1874,1861,75.0,98.0,16.0,3.00,Strong Perf.
1865,1857,75.0,98.0,16.0,3.00,Strong Perf.
1854,1851,75.0,98.0,16.0,3.00,Strong Perf.
1856,1853,75.0,98.0,16.0,3.00,Strong Perf.
1871,1860,75.0,98.0,16.0,3.00,Strong Perf.
1879,1864,75.0,98.0,16.0,3.00,Strong Perf.
1882,1866,75.0,98.0,16.0,3.00,Strong Perf.
1883,1866,75.0,98.0,16.0,3.00,Strong Perf.
1881,1865,75.0,98.0,16.0,3.00,Strong Perf.
1879,1864,75.0,98.0,16.0,3.00,Strong Perf.
1874,1862,75.0,98.0,16.0,3.00,Strong Perf.
1869,1859,75.0,98.0,16.0,3.00,Strong Perf.
1865,1858,75.0,98.0,16.0,3.00,Strong Perf.
1861,1856,75.0,98.0,16.0,3.00,Strong Perf.
1858,1854,75.0,98.0,16.0,3.00,Strong Perf.
1855,1853,75.0,98.0,16.0,3.00,Strong Perf.
1854,1853,75.0,98.0,16.0,3.00,Strong Perf.
1869,1869,75.0,98.0,16.0,3.00,Strong Perf.
1870,1870,75.0,98.0,16.0,3.00,Strong Perf.
1874,1872,75.0,98.0,16.0,3.00,Strong Perf.
1883,1876,75.0,98.0,16.0,3.00,Strong Perf.
1896,1883,75.0,98.0,16.0,3.00,Strong Perf.
1914,1891,75.0,98.0,16.0,3.00,Strong Perf.
1935,1901,75.0,98.0,16.0,3.00,Strong Perf.
1952,1909,75.0,98.0,16.0,3.00,Strong Perf.
1959,1913,75.0,98.0,16.0,3.00,Strong Perf.
1954,1910,75.0,98.0,16.0,3.00,Strong Perf.
1940,1904,75.0,98.0,16.0,3.00,Strong Perf.
1922,1896,75.0,98.0,16.0,3.00,Strong Perf.
1909,1890,75.0,98.0,16.0,3.00,Strong Perf.
1899,1884,75.0,98.0,16.0,3.00,Strong Perf.
1883,1876,75.0,98.0,16.0,3.00,Strong Perf.
1875,1873,75.0,98.0,16.0,3.00,Strong Perf.
1898,1884,75.0,98.0,16.0,3.00,Strong Perf.
1915,1892,75.0,98.0,16.0,3.00,Strong Perf.
1922,1895,75.0,98.0,16.0,3.00,Strong Perf.
1924,1897,75.0,98.0,16.0,3.00,Strong Perf.
1924,1897,75.0,98.0,16.0,3.00,Strong Perf.
1922,1895,75.0,98.0,16.0,3.00,Strong Perf.
1918,1894,75.0,98.0,16.0,3.00,Strong Perf.
1911,1891,75.0,98.0,16.0,3.00,Strong Perf.
1904,1887,75.0,98.0,16.0,3.00,Strong Perf.
1898,1884,75.0,98.0,16.0,3.00,Strong Perf.
1891,1881,75.0,98.0,16.0,3.00,Strong Perf.
1885,1878,75.0,98.0,16.0,3.00,Strong Perf.
1881,1876,75.0,98.0,16.0,3.00,Strong Perf.
1878,1875,75.0,98.0,16.0,3.00,Strong Perf.
1875,1873,75.0,98.0,16.0,3.00,Strong Perf.
1874,1873,75.0,98.0,16.0,3.00,Strong Perf.
1872,1872,75.0,98.0,16.0,3.00,Strong Perf.
1872,1872,75.0,98.0,16.0,3.00,Strong Perf.
1872,1871,75.0,98.0,16.0,3.00,Strong Perf.
1871,1871,75.0,98.0,16.0,3.00,Strong Perf.
1871,1871,75.0,98.0,16.0,3.00,Strong Perf.
1871,1871,75.0,98.0,16.0,3.00,Strong Perf.
1871,1871,75.0,98.0,16.0,3.00,Strong Perf.
1870,1870,75.0,98.0,16.0,3.00,Strong Perf.
1870,1870,75.0,98.0,16.0,3.00,Strong Perf.
1870,1870,75.0,98.0,16.0,3.00,Strong Perf.
1870,1870,75.0,98.0,16.0,3.00,Strong Perf.
1870,1870,75.0,98.0,16.0,3.00,Strong Perf.
1869,1869,75.0,98.0,16.0,3.00,Strong Perf.
1869,1869,75.0,98.0,16.0,3.00,Strong Perf.
1869,1869,75.0,98.0,16.0,3.00,Strong Perf.
1869,1869,75.0,98.0,16.0,3.00,Strong Perf.
1873,1870,75.0,98.0,16.0,3.00,Strong Perf.
1880,1874,75.0,98.0,16.0,3.00,Strong Perf.
1893,1879,75.0,98.0,16.0,3.00,Strong Perf.
1910,1888,75.0,98.0,16.0,3.00,Strong Perf.
1930,1897,75.0,98.0,16.0,3.00,Strong Perf.
1946,1904,75.0,98.0,16.0,3.00,Strong Perf.
1950,1907,75.0,98.0,16.0,3.00,Strong Perf.
1943,1903,75.0,98.0,16.0,3.00,Strong Perf.
1927,1896,75.0,98.0,16.0,3.00,Strong Perf.
1911,1887,75.0,98.0,16.0,3.00,Strong Perf.
1899,1881,75.0,98.0,16.0,3.00,Strong Perf.
1888,1875,75.0,98.0,16.0,3.00,Strong Perf.
1872,1868,75.0,98.0,16.0,3.00,Strong Perf.
1872,1868,75.0,98.0,16.0,3.00,Strong Perf.
1892,1878,75.0,98.0,16.0,3.00,Strong Perf.
1904,1883,75.0,98.0,16.0,3.00,Strong Perf.
1908,1885,75.0,98.0,16.0,3.00,Strong Perf.
1909,1885,75.0,98.0,16.0,3.00,Strong Perf.
1907,1884,75.0,98.0,16.0,3.00,Strong Perf.
1904,1882,75.0,98.0,16.0,3.00,Strong Perf.
1898,1879,75.0,98.0,16.0,3.00,Strong Perf.
1892,1876,75.0,98.0,16.0,3.00,Strong Perf.
1886,1873,75.0,98.0,16.0,3.00,Strong Perf.
1879,1870,75.0,98.0,16.0,3.00,Strong Perf.
1874,1867,75.0,98.0,16.0,3.00,Strong Perf.
1869,1864,75.0,98.0,16.0,3.00,Strong Perf.
1866,1862,75.0,98.0,16.0,3.00,Strong Perf.
1863,1861,75.0,98.0,16.0,3.00,Strong Perf.
1862,1860,75.0,98.0,16.0,3.00,Strong Perf.
1860,1860,75.0,98.0,16.0,3.00,Strong Perf.
1859,1859,75.0,98.0,16.0,3.00,Strong Perf.
1858,1858,75.0,98.0,16.0,3.00,Strong Perf.
1858,1858,75.0,98.0,16.0,3.00,Strong Perf.
1858,1858,75.0,98.0,16.0,3.00,Strong Perf.
1857,1857,75.0,98.0,16.0,3.00,Strong Perf.
1857,1857,75.0,98.0,16.0,3.00,Strong Perf.
1857,1857,75.0,98.0,16.0,3.00,Strong Perf.
1856,1856,75.0,98.0,16.0,3.00,Strong Perf.
1856,1856,75.0,98.0,16.0,3.00,Strong Perf.
1856,1856,75.0,98.0,16.0,3.00,Strong Perf.
1855,1855,75.0,98.0,16.0,3.00,Strong Perf.
1855,1855,75.0,98.0,16.0,3.00,Strong Perf.
1855,1855,75.0,98.0,16.0,3.00,Strong Perf.
1854,1854,75.0,98.0,16.0,3.00,Strong Perf.
1854,1854,75.0,98.0,16.0,3.00,Strong Perf.
1857,1855,75.0,98.0,16.0,3.00,Strong Perf.
1862,1858,75.0,98.0,16.0,3.00,Strong Perf.
1871,1862,75.0,98.0,16.0,3.00,Strong Perf.
1884,1868,75.0,98.0,16.0,3.00,Strong Perf.
1897,1874,75.0,98.0,16.0,3.00,Strong Perf.
1909,1879,75.0,98.0,16.0,3.00,Strong Perf.
1913,1882,75.0,98.0,16.0,3.00,Strong Perf.
1908,1879,75.0,98.0,16.0,3.00,Strong Perf.
1898,1873,75.0,98.0,16.0,3.00,Strong Perf.
1885,1868,75.0,98.0,16.0,3.00,Strong Perf.
1875,1863,75.0,98.0,16.0,3.00,Strong Perf.
1868,1859,75.0,98.0,16.0,3.00,Strong Perf.
1857,1853,75.0,98.0,16.0,3.00,Strong Perf.
1857,1853,75.0,98.0,16.0,3.00,Strong Perf.
1871,1861,75.0,98.0,16.0,3.00,Strong Perf.
1880,1865,75.0,98.0,16.0,3.00,Strong Perf.
1883,1866,75.0,98.0,16.0,3.00,Strong Perf.
1884,1867,75.0,98.0,16.0,3.00,Strong Perf.
1883,1866,75.0,98.0,16.0,3.00,Strong Perf.
1880,1865,75.0,98.0,16.0,3.00,Strong Perf.
1877,1863,75.0,98.0,16.0,3.00,Strong Perf.
1872,1860,75.0,98.0,16.0,3.00,Strong Perf.
1868,1858,75.0,98.0,16.0,3.00,Strong Perf.
1863,1856,75.0,98.0,16.0,3.00,Strong Perf.
1860,1855,75.0,98.0,16.0,3.00,Strong Perf.
1856,1853,75.0,98.0,16.0,3.00,Strong Perf.
1854,1852,75.0,98.0,16.0,3.00,Strong Perf.
1852,1851,75.0,98.0,16.0,3.00,Strong Perf.
1851,1851,75.0,98.0,16.0,3.00,Strong Perf.
1851,1850,75.0,98.0,16.0,3.00,Strong Perf.
1851,1850,75.0,98.0,16.0,3.00,Strong Perf.
1850,1850,75.0,98.0,16.0,3.00,Strong Perf.
1850,1850,75.0,98.0,16.0,3.00,Strong Perf.
1850,1850,75.0,98.0,16.0,3.00,Strong Perf.
1850,1850,75.0,98.0,16.0,3.00,Strong Perf.
1850,1850,75.0,98.0,16.0,3.00,Strong Perf.
1850,1850,75.0,98.0,16.0,3.00,Strong Perf.
1851,1851,75.0,98.0,16.0,3.00,Strong Perf.
1851,1851,75.0,98.0,16.0,3.00,Strong Perf.
1851,1851,75.0,98.0,16.0,3.00,Strong Perf.
1851,1851,75.0,98.0,16.0,3.00,Strong Perf.
1851,1851,75.0,98.0,16.0,3.00,Strong Perf.
1851,1851,75.0,98.0,16.0,3.00,Strong Perf.
1851,1851,75.0,98.0,16.0,3.00,Strong Perf.
1852,1852,75.0,98.0,16.0,3.00,Strong Perf.
1856,1854,75.0,98.0,16.0,3.00,Strong Perf.
1862,1856,75.0,98.0,16.0,3.00,Strong Perf.
1874,1862,75.0,98.0,16.0,3.00,Strong Perf.
1889,1870,75.0,98.0,16.0,3.00,Strong Perf.
1902,1876,75.0,98.0,16.0,3.00,Strong Perf.
1909,1879,75.0,98.0,16.0,3.00,Strong Perf.
1906,1878,75.0,98.0,16.0,3.00,Strong Perf.
1895,1872,75.0,98.0,16.0,3.00,Strong Perf.
1883,1867,75.0,98.0,16.0,3.00,Strong Perf.
1875,1864,75.0,98.0,16.0,3.00,Strong Perf.
1866,1859,75.0,98.0,16.0,3.00,Strong Perf.
1857,1856,75.0,98.0,16.0,3.00,Strong Perf.
1869,1861,75.0,98.0,16.0,3.00,Strong Perf.
1883,1868,75.0,98.0,16.0,3.00,Strong Perf.
1888,1871,75.0,98.0,16.0,3.00,Strong Perf.
1890,1872,75.0,98.0,16.0,3.00,Strong Perf.
1890,1872,75.0,98.0,16.0,3.00,Strong Perf.
1888,1871,75.0,98.0,16.0,3.00,Strong Perf.
1884,1869,75.0,98.0,16.0,3.00,Strong Perf.
1879,1867,75.0,98.0,16.0,3.00,Strong Perf.
1874,1865,75.0,98.0,16.0,3.00,Strong Perf.
1870,1863,75.0,98.0,16.0,3.00,Strong Perf.
1866,1862,75.0,98.0,16.0,3.00,Strong Perf.
1863,1860,75.0,98.0,16.0,3.00,Strong Perf.
1861,1860,75.0,98.0,16.0,3.00,Strong Perf.
1860,1859,75.0,98.0,16.0,3.00,Strong Perf.
1860,1859,75.0,98.0,16.0,3.00,Strong Perf.
1860,1859,75.0,98.0,16.0,3.00,Strong Perf.
1860,1860,75.0,98.0,16.0,3.00,Strong Perf.
1860,1860,75.0,98.0,16.0,3.00,Strong Perf.
1860,1860,75.0,98.0,16.0,3.00,Strong Perf.
1860,1860,75.0,98.0,16.0,3.00,Strong Perf.
1861,1861,75.0,98.0,16.0,3.00,Strong Perf.
1861,1861,75.0,98.0,16.0,3.00,Strong Perf.
1861,1861,75.0,98.0,16.0,3.00,Strong Perf.
1862,1862,75.0,98.0,16.0,3.00,Strong Perf.
1862,1862,75.0,98.0,16.0,3.00,Strong Perf.
1862,1862,75.0,98.0,16.0,3.00,Strong Perf.
1863,1863,75.0,98.0,16.0,3.00,Strong Perf.
1863,1863,75.0,98.0,16.0,3.00,Strong Perf.
1866,1864,75.0,98.0,16.0,3.00,Strong Perf.
1871,1867,75.0,98.0,16.0,3.00,Strong Perf.
1881,1872,75.0,98.0,16.0,3.00,Strong Perf.
1897,1879,75.0,98.0,16.0,3.00,Strong Perf.
1916,1889,75.0,98.0,16.0,3.00,Strong Perf.
1933,1898,75.0,98.0,16.0,3.00,Strong Perf.
1940,1901,75.0,98.0,16.0,3.00,Strong Perf.
1937,1899,75.0,98.0,16.0,3.00,Strong Perf.
1925,1894,75.0,98.0,16.0,3.00,Strong Perf.
1909,1886,75.0,98.0,16.0,3.00,Strong Perf.
1898,1881,75.0,98.0,16.0,3.00,Strong Perf.
1888,1877,75.0,98.0,16.0,3.00,Strong Perf.
1871,1869,75.0,98.0,16.0,3.00,Strong Perf.
1877,1872,75.0,98.0,16.0,3.00,Strong Perf.
1899,1882,75.0,98.0,16.0,3.00,Strong Perf.
1910,1888,75.0,98.0,16.0,3.00,Strong Perf.
1914,1890,75.0,98.0,16.0,3.00,Strong Perf.
1916,1891,75.0,98.0,16.0,3.00,Strong Perf.
1915,1891,75.0,98.0,16.0,3.00,Strong Perf.
1911,1889,75.0,98.0,16.0,3.00,Strong Perf.
1906,1886,75.0,98.0,16.0,3.00,Strong Perf.
1899,1883,75.0,98.0,16.0,3.00,Strong Perf.
1893,1880,75.0,98.0,16.0,3.00,Strong Perf.
1887,1878,75.0,98.0,16.0,3.00,Strong Perf.
1882,1875,75.0,98.0,16.0,3.00,Strong Perf.
1878,1874,75.0,98.0,16.0,3.00,Strong Perf.
1875,1872,75.0,98.0,16.0,3.00,Strong Perf.
1873,1871,75.0,98.0,16.0,3.00,Strong Perf.
1872,1871,75.0,98.0,16.0,3.00,Strong Perf.
1871,1871,75.0,98.0,16.0,3.00,Strong Perf.
1871,1871,75.0,98.0,16.0,3.00,Strong Perf.
1871,1871,75.0,98.0,16.0,3.00,Strong Perf.
1871,1871,75.0,98.0,16.0,3.00,Strong Perf.
1871,1871,75.0,98.0,16.0,3.00,Strong Perf.
1871,1871,75.0,98.0,16.0,3.00,Strong Perf.
1871,1871,75.0,98.0,16.0,3.00,Strong Perf.
1871,1871,75.0,98.0,16.0,3.00,Strong Perf.
1871,1871,75.0,98.0,16.0,3.00,Strong Perf.
1871,1871,75.0,98.0,16.0,3.00,Strong Perf.
1871,1871,75.0,98.0,16.0,3.00,Strong Perf.
1871,1871,75.0,98.0,16.0,3.00,Strong Perf.
1871,1871,75.0,98.0,16.0,3.00,Strong Perf.
1871,1871,75.0,98.0,16.0,3.00,Strong Perf.
1873,1871,75.0,98.0,16.0,3.00,Strong Perf.
1878,1874,75.0,98.0,16.0,3.00,Strong Perf.
1887,1878,75.0,98.0,16.0,3.00,Strong Perf.
1902,1886,75.0,98.0,16.0,3.00,Strong Perf.
1922,1895,75.0,98.0,16.0,3.00,Strong Perf.
1942,1905,75.0,98.0,16.0,3.00,Strong Perf.
1957,1912,75.0,98.0,16.0,3.00,Strong Perf.
1960,1913,75.0,98.0,16.0,3.00,Strong Perf.
1950,1909,75.0,98.0,16.0,3.00,Strong Perf.
1935,1901,75.0,98.0,16.0,3.00,Strong Perf.
1918,1893,75.0,98.0,16.0,3.00,Strong Perf.
1905,1887,75.0,98.0,16.0,3.00,Strong Perf.
1892,1881,75.0,98.0,16.0,3.00,Strong Perf.
1876,1873,75.0,98.0,16.0,3.00,Strong Perf.
1879,1874,75.0,98.0,16.0,3.00,Strong Perf.
1903,1885,75.0,98.0,16.0,3.00,Strong Perf.
1916,1892,75.0,98.0,16.0,3.00,Strong Perf.
1920,1893,75.0,98.0,16.0,3.00,Strong Perf.
1921,1894,75.0,98.0,16.0,3.00,Strong Perf.
1919,1893,75.0,98.0,16.0,3.00,Strong Perf.
1916,1891,75.0,98.0,16.0,3.00,Strong Perf.
1911,1888,75.0,98.0,16.0,3.00,Strong Perf.
1903,1884,75.0,98.0,16.0,3.00,Strong Perf.
1896,1882,75.0,98.0,16.0,3.00,Strong Perf.
1890,1878,75.0,98.0,16.0,3.00,Strong Perf.
1884,1875,75.0,98.0,16.0,3.00,Strong Perf.
1878,1872,75.0,98.0,16.0,3.00,Strong Perf.
1874,1870,75.0,98.0,16.0,3.00,Strong Perf.
1872,1869,75.0,98.0,16.0,3.00,Strong Perf.
1869,1868,75.0,98.0,16.0,3.00,Strong Perf.
1868,1867,75.0,98.0,16.0,3.00,Strong Perf.
1867,1866,75.0,98.0,16.0,3.00,Strong Perf.
1866,1866,75.0,98.0,16.0,3.00,Strong Perf.
1865,1865,75.0,98.0,16.0,3.00,Strong Perf.
1865,1865,75.0,98.0,16.0,3.00,Strong Perf.
1865,1865,75.0,98.0,16.0,3.00,Strong Perf.
1864,1864,75.0,98.0,16.0,3.00,Strong Perf.
1864,1864,75.0,98.0,16.0,3.00,Strong Perf.
1864,1864,75.0,98.0,16.0,3.00,Strong Perf.
1863,1863,75.0,98.0,16.0,3.00,Strong Perf.
1863,1863,75.0,98.0,16.0,3.00,Strong Perf.
1863,1863,75.0,98.0,16.0,3.00,Strong Perf.
1863,1863,75.0,98.0,16.0,3.00,Strong Perf.
1862,1862,75.0,98.0,16.0,3.00,Strong Perf.
1862,1862,75.0,98.0,16.0,3.00,Strong Perf.
1862,1862,75.0,98.0,16.0,3.00,Strong Perf.
1865,1863,75.0,98.0,16.0,3.00,Strong Perf.
1869,1864,75.0,98.0,16.0,3.00,Strong Perf.
1878,1869,75.0,98.0,16.0,3.00,Strong Perf.
1891,1875,75.0,98.0,16.0,3.00,Strong Perf.
1909,1883,75.0,98.0,16.0,3.00,Strong Perf.
1925,1891,75.0,98.0,16.0,3.00,Strong Perf.
1935,1896,75.0,98.0,16.0,3.00,Strong Perf.
1934,1895,75.0,98.0,16.0,3.00,Strong Perf.
1923,1889,75.0,98.0,16.0,3.00,Strong Perf.
1909,1883,75.0,98.0,16.0,3.00,Strong Perf.
1895,1876,75.0,98.0,16.0,3.00,Strong Perf.
1885,1870,75.0,98.0,16.0,3.00,Strong Perf.
1874,1866,75.0,98.0,16.0,3.00,Strong Perf.
1860,1859,75.0,98.0,16.0,3.00,Strong Perf.
1869,1862,75.0,98.0,16.0,3.00,Strong Perf.
1886,1871,75.0,98.0,16.0,3.00,Strong Perf.
1894,1875,75.0,98.0,16.0,3.00,Strong Perf.
1897,1876,75.0,98.0,16.0,3.00,Strong Perf.
1897,1876,75.0,98.0,16.0,3.00,Strong Perf.
1895,1875,75.0,98.0,16.0,3.00,Strong Perf.
1891,1873,75.0,98.0,16.0,3.00,Strong Perf.
1887,1871,75.0,98.0,16.0,3.00,Strong Perf.
1881,1868,75.0,98.0,16.0,3.00,Strong Perf.
1876,1865,75.0,98.0,16.0,3.00,Strong Perf.
1870,1862,75.0,98.0,16.0,3.00,Strong Perf.
1866,1860,75.0,98.0,16.0,3.00,Strong Perf.
1862,1858,75.0,98.0,16.0,3.00,Strong Perf.
1859,1856,75.0,98.0,16.0,3.00,Strong Perf.
1857,1855,75.0,98.0,16.0,3.00,Strong Perf.
1855,1854,75.0,98.0,16.0,3.00,Strong Perf.
1855,1854,75.0,98.0,16.0,3.00,Strong Perf.
1854,1854,75.0,98.0,16.0,3.00,Strong Perf.
1853,1853,75.0,98.0,16.0,3.00,Strong Perf.
1853,1853,75.0,98.0,16.0,3.00,Strong Perf.
1853,1853,75.0,98.0,16.0,3.00,Strong Perf.
1853,1853,75.0,98.0,16.0,3.00,Strong Perf.
1853,1853,75.0,98.0,16.0,3.00,Strong Perf.
1853,1853,75.0,98.0,16.0,3.00,Strong Perf.
1852,1852,75.0,98.0,16.0,3.00,Strong Perf.
1852,1852,75.0,98.0,16.0,3.00,Strong Perf.
1852,1852,75.0,98.0,16.0,3.00,Strong Perf.
1852,1852,75.0,98.0,16.0,3.00,Strong Perf.
1852,1852,75.0,98.0,16.0,3.00,Strong Perf.
1852,1852,75.0,98.0,16.0,3.00,Strong Perf.
1852,1852,75.0,98.0,16.0,3.00,Strong Perf.
1852,1852,75.0,98.0,16.0,3.00,Strong Perf.
1854,1853,75.0,98.0,16.0,3.00,Strong Perf.
1858,1855,75.0,98.0,16.0,3.00,Strong Perf.
1866,1859,75.0,98.0,16.0,3.00,Strong Perf.
1879,1864,75.0,98.0,16.0,3.00,Strong Perf.
1893,1871,75.0,98.0,16.0,3.00,Strong Perf.
1904,1877,75.0,98.0,16.0,3.00,Strong Perf.
1907,1878,75.0,98.0,16.0,3.00,Strong Perf.
1901,1875,75.0,98.0,16.0,3.00,Strong Perf.
1890,1870,75.0,98.0,16.0,3.00,Strong Perf.
1879,1864,75.0,98.0,16.0,3.00,Strong Perf.
1871,1860,75.0,98.0,16.0,3.00,Strong Perf.
1861,1856,75.0,98.0,16.0,3.00,Strong Perf.
1855,1853,75.0,98.0,16.0,3.00,Strong Perf.
1867,1859,75.0,98.0,16.0,3.00,Strong Perf.
1880,1865,75.0,98.0,16.0,3.00,Strong Perf.
1882,1867,75.0,98.0,16.0,3.00,Strong Perf.
1884,1868,75.0,98.0,16.0,3.00,Strong Perf.
1883,1867,75.0,98.0,16.0,3.00,Strong Perf.
1881,1866,75.0,98.0,16.0,3.00,Strong Perf.
1877,1864,75.0,98.0,16.0,3.00,Strong Perf.
1873,1863,75.0,98.0,16.0,3.00,Strong Perf.
1868,1860,75.0,98.0,16.0,3.00,Strong Perf.
1864,1858,75.0,98.0,16.0,3.00,Strong Perf.
1861,1857,75.0,98.0,16.0,3.00,Strong Perf.
1858,1856,75.0,98.0,16.0,3.00,Strong Perf.
1856,1855,75.0,98.0,16.0,3.00,Strong Perf.
1856,1855,75.0,98.0,16.0,3.00,Strong Perf.
1855,1854,75.0,98.0,16.0,3.00,Strong Perf.
1855,1854,75.0,98.0,16.0,3.00,Strong Perf.
1855,1855,75.0,98.0,16.0,3.00,Strong Perf.
1855,1855,75.0,98.0,16.0,3.00,Strong Perf.
1855,1855,75.0,98.0,16.0,3.00,Strong Perf.
1855,1855,75.0,98.0,16.0,3.00,Strong Perf.
1855,1855,75.0,98.0,16.0,3.00,Strong Perf.
1855,1855,75.0,98.0,16.0,3.00,Strong Perf.
1856,1856,75.0,98.0,16.0,3.00,Strong Perf.
1856,1856,75.0,98.0,16.0,3.00,Strong Perf.
1856,1856,75.0,98.0,16.0,3.00,Strong Perf.
1856,1856,75.0,98.0,16.0,3.00,Strong Perf.
1857,1857,75.0,98.0,16.0,3.00,Strong Perf.
1857,1857,75.0,98.0,16.0,3.00,Strong Perf.
1858,1857,75.0,98.0,16.0,3.00,Strong Perf.
1862,1859,75.0,98.0,16.0,3.00,Strong Perf.
1870,1863,75.0,98.0,16.0,3.00,Strong Perf.
1881,1869,75.0,98.0,16.0,3.00,Strong Perf.
1895,1876,75.0,98.0,16.0,3.00,Strong Perf.
1908,1882,75.0,98.0,16.0,3.00,Strong Perf.
1918,1887,75.0,98.0,16.0,3.00,Strong Perf.
1918,1887,75.0,98.0,16.0,3.00,Strong Perf.
1911,1884,75.0,98.0,16.0,3.00,Strong Perf.
1899,1878,75.0,98.0,16.0,3.00,Strong Perf.
1889,1873,75.0,98.0,16.0,3.00,Strong Perf.
1880,1870,75.0,98.0,16.0,3.00,Strong Perf.
1869,1865,75.0,98.0,16.0,3.00,Strong Perf.
1870,1865,75.0,98.0,16.0,3.00,Strong Perf.
1887,1873,75.0,98.0,16.0,3.00,Strong Perf.
1895,1877,75.0,98.0,16.0,3.00,Strong Perf.
1899,1879,75.0,98.0,16.0,3.00,Strong Perf.
1901,1880,75.0,98.0,16.0,3.00,Strong Perf.
1899,1880,75.0,98.0,16.0,3.00,Strong Perf.
1897,1879,75.0,98.0,16.0,3.00,Strong Perf.
1892,1877,75.0,98.0,16.0,3.00,Strong Perf.
1887,1874,75.0,98.0,16.0,3.00,Strong Perf.
1882,1872,75.0,98.0,16.0,3.00,Strong Perf.
1878,1870,75.0,98.0,16.0,3.00,Strong Perf.
1873,1868,75.0,98.0,16.0,3.00,Strong Perf.
1871,1867,75.0,98.0,16.0,3.00,Strong Perf.
1868,1866,75.0,98.0,16.0,3.00,Strong Perf.
1867,1865,75.0,98.0,16.0,3.00,Strong Perf.
1866,1865,75.0,98.0,16.0,3.00,Strong Perf.
1865,1865,75.0,98.0,16.0,3.00,Strong Perf.
1865,1865,75.0,98.0,16.0,3.00,Strong Perf.
1865,1865,75.0,98.0,16.0,3.00,Strong Perf.
1865,1865,75.0,98.0,16.0,3.00,Strong Perf.
1866,1866,75.0,98.0,16.0,3.00,Strong Perf.
1866,1866,75.0,98.0,16.0,3.00,Strong Perf.
1866,1866,75.0,98.0,16.0,3.00,Strong Perf.
1866,1866,75.0,98.0,16.0,3.00,Strong Perf.
1866,1866,75.0,98.0,16.0,3.00,Strong Perf.
1866,1866,75.0,98.0,16.0,3.00,Strong Perf.
1867,1867,75.0,98.0,16.0,3.00,Strong Perf.
1867,1867,75.0,98.0,16.0,3.00,Strong Perf.
1867,1867,75.0,98.0,16.0,3.00,Strong Perf.
1867,1867,75.0,98.0,16.0,3.00,Strong Perf.
1870,1869,75.0,98.0,16.0,3.00,Strong Perf.
1873,1870,75.0,98.0,16.0,3.00,Strong Perf.
1882,1875,75.0,98.0,16.0,3.00,Strong Perf.
1897,1882,75.0,98.0,16.0,3.00,Strong Perf.
1915,1891,75.0,98.0,16.0,3.00,Strong Perf.
1934,1899,75.0,98.0,16.0,3.00,Strong Perf.
1948,1907,75.0,98.0,16.0,3.00,Strong Perf.
1952,1908,75.0,98.0,16.0,3.00,Strong Perf.
1943,1904,75.0,98.0,16.0,3.00,Strong Perf.
1927,1897,75.0,98.0,16.0,3.00,Strong Perf.
1913,1889,75.0,98.0,16.0,3.00,Strong Perf.
1901,1884,75.0,98.0,16.0,3.00,Strong Perf.
1890,1878,75.0,98.0,16.0,3.00,Strong Perf.
1873,1871,75.0,98.0,16.0,3.00,Strong Perf.
1880,1874,75.0,98.0,16.0,3.00,Strong Perf.
1901,1885,75.0,98.0,16.0,3.00,Strong Perf.
1914,1890,75.0,98.0,16.0,3.00,Strong Perf.
1918,1893,75.0,98.0,16.0,3.00,Strong Perf.
1920,1893,75.0,98.0,16.0,3.00,Strong Perf.
1919,1893,75.0,98.0,16.0,3.00,Strong Perf.
1916,1891,75.0,98.0,16.0,3.00,Strong Perf.
1911,1888,75.0,98.0,16.0,3.00,Strong Perf.
1904,1886,75.0,98.0,16.0,3.00,Strong Perf.
1898,1882,75.0,98.0,16.0,3.00,Strong Perf.
1891,1879,75.0,98.0,16.0,3.00,Strong Perf.
1885,1876,75.0,98.0,16.0,3.00,Strong Perf.
1880,1874,75.0,98.0,16.0,3.00,Strong Perf.
1876,1872,75.0,98.0,16.0,3.00,Strong Perf.
1873,1870,75.0,98.0,16.0,3.00,Strong Perf.
1871,1869,75.0,98.0,16.0,3.00,Strong Perf.
1870,1869,75.0,98.0,16.0,3.00,Strong Perf.
1869,1869,75.0,98.0,16.0,3.00,Strong Perf.
1869,1868,75.0,98.0,16.0,3.00,Strong Perf.
1868,1868,75.0,98.0,16.0,3.00,Strong Perf.
1868,1868,75.0,98.0,16.0,3.00,Strong Perf.
1868,1868,75.0,98.0,16.0,3.00,Strong Perf.
1868,1868,75.0,98.0,16.0,3.00,Strong Perf.
1868,1868,75.0,98.0,16.0,3.00,Strong Perf.
1867,1867,75.0,98.0,16.0,3.00,Strong Perf.
1867,1867,75.0,98.0,16.0,3.00,Strong Perf.
1867,1867,75.0,98.0,16.0,3.00,Strong Perf.
1867,1867,75.0,98.0,16.0,3.00,Strong Perf.
1867,1867,75.0,98.0,16.0,3.00,Strong Perf.
1867,1867,75.0,98.0,16.0,3.00,Strong Perf.
1866,1866,75.0,98.0,16.0,3.00,Strong Perf.
1866,1866,75.0,98.0,16.0,3.00,Strong Perf.
1869,1867,75.0,98.0,16.0,3.00,Strong Perf.
1874,1870,75.0,98.0,16.0,3.00,Strong Perf.
1884,1874,75.0,98.0,16.0,3.00,Strong Perf.
1900,1882,75.0,98.0,16.0,3.00,Strong Perf.
1921,1892,75.0,98.0,16.0,3.00,Strong Perf.
1941,1901,75.0,98.0,16.0,3.00,Strong Perf.
1952,1907,75.0,98.0,16.0,3.00,Strong Perf.
1951,1906,75.0,98.0,16.0,3.00,Strong Perf.
1938,1899,75.0,98.0,16.0,3.00,Strong Perf.
1921,1891,75.0,98.0,16.0,3.00,Strong Perf.
1905,1883,75.0,98.0,16.0,3.00,Strong Perf.
1893,1878,75.0,98.0,16.0,3.00,Strong Perf.
1879,1870,75.0,98.0,16.0,3.00,Strong Perf.
1867,1865,75.0,98.0,16.0,3.00,Strong Perf.
1883,1873,75.0,98.0,16.0,3.00,Strong Perf.
1903,1882,75.0,98.0,16.0,3.00,Strong Perf.
1909,1885,75.0,98.0,16.0,3.00,Strong Perf.
1912,1886,75.0,98.0,16.0,3.00,Strong Perf.
1911,1885,75.0,98.0,16.0,3.00,Strong Perf.
1909,1884,75.0,98.0,16.0,3.00,Strong Perf.
1903,1882,75.0,98.0,16.0,3.00,Strong Perf.
1897,1878,75.0,98.0,16.0,3.00,Strong Perf.
1890,1875,75.0,98.0,16.0,3.00,Strong Perf.
1883,1872,75.0,98.0,16.0,3.00,Strong Perf.
1877,1868,75.0,98.0,16.0,3.00,Strong Perf.
1872,1866,75.0,98.0,16.0,3.00,Strong Perf.
1868,1864,75.0,98.0,16.0,3.00,Strong Perf.
1865,1862,75.0,98.0,16.0,3.00,Strong Perf.
1863,1861,75.0,98.0,16.0,3.00,Strong Perf.
1861,1860,75.0,98.0,16.0,3.00,Strong Perf.
1860,1860,75.0,98.0,16.0,3.00,Strong Perf.
1860,1860,75.0,98.0,16.0,3.00,Strong Perf.
1860,1859,75.0,98.0,16.0,3.00,Strong Perf.
1859,1859,75.0,98.0,16.0,3.00,Strong Perf.
1859,1859,75.0,98.0,16.0,3.00,Strong Perf.
1859,1859,75.0,98.0,16.0,3.00,Strong Perf.
1858,1858,75.0,98.0,16.0,3.00,Strong Perf.
1858,1858,75.0,98.0,16.0,3.00,Strong Perf.
1858,1858,75.0,98.0,16.0,3.00,Strong Perf.
1858,1858,75.0,98.0,16.0,3.00,Strong Perf.
1858,1858,75.0,98.0,16.0,3.00,Strong Perf.
1857,1857,75.0,98.0,16.0,3.00,Strong Perf.
1857,1857,75.0,98.0,16.0,3.00,Strong Perf.
1857,1857,75.0,98.0,16.0,3.00,Strong Perf.
1857,1857,75.0,98.0,16.0,3.00,Strong Perf.
1861,1858,75.0,98.0,16.0,3.00,Strong Perf.
1866,1861,75.0,98.0,16.0,3.00,Strong Perf.
1877,1866,75.0,98.0,16.0,3.00,Strong Perf.
1891,1873,75.0,98.0,16.0,3.00,Strong Perf.
1908,1881,75.0,98.0,16.0,3.00,Strong Perf.
1920,1886,75.0,98.0,16.0,3.00,Strong Perf.
1923,1888,75.0,98.0,16.0,3.00,Strong Perf.
1916,1884,75.0,98.0,16.0,3.00,Strong Perf.
1902,1878,75.0,98.0,16.0,3.00,Strong Perf.
1889,1871,75.0,98.0,16.0,3.00,Strong Perf.
1871,1864,75.0,98.0,16.0,3.00,Strong Perf.
1867,1862,75.0,98.0,16.0,3.00,Strong Perf.
1864,1861,75.0,98.0,16.0,3.00,Strong Perf.
1863,1860,75.0,98.0,16.0,3.00,Strong Perf.
1861,1860,75.0,98.0,16.0,3.00,Strong Perf.
1860,1859,75.0,98.0,16.0,3.00,Strong Perf.
1860,1859,75.0,98.0,16.0,3.00,Strong Perf.
1859,1859,75.0,98.0,16.0,3.00,Strong Perf.
1859,1859,75.0,98.0,16.0,3.00,Strong Perf.
1860,1859,75.0,98.0,16.0,3.00,Strong Perf.
1860,1860,75.0,98.0,16.0,3.00,Strong Perf.
1860,1860,75.0,98.0,16.0,3.00,Strong Perf.
1860,1860,75.0,98.0,16.0,3.00,Strong Perf.
1860,1860,75.0,98.0,16.0,3.00,Strong Perf.
1860,1860,75.0,98.0,16.0,3.00,Strong Perf.
1861,1861,75.0,98.0,16.0,3.00,Strong Perf.
1861,1861,75.0,98.0,16.0,3.00,Strong Perf.
1861,1861,75.0,98.0,16.0,3.00,Strong Perf.
1861,1861,75.0,98.0,16.0,3.00,Strong Perf.
1861,1861,75.0,98.0,16.0,3.00,Strong Perf.
1864,1863,75.0,98.0,16.0,3.00,Strong Perf.
1869,1865,75.0,98.0,16.0,3.00,Strong Perf.
1878,1870,75.0,98.0,16.0,3.00,Strong Perf.
1894,1877,75.0,98.0,16.0,3.00,Strong Perf.
1912,1886,75.0,98.0,16.0,3.00,Strong Perf.
1925,1892,75.0,98.0,16.0,3.00,Strong Perf.
1930,1894,75.0,98.0,16.0,3.00,Strong Perf.
1924,1892,75.0,98.0,16.0,3.00,Strong Perf.
1910,1885,75.0,98.0,16.0,3.00,Strong Perf.
1897,1878,75.0,98.0,16.0,3.00,Strong Perf.
1887,1875,75.0,98.0,16.0,3.00,Strong Perf.
1875,1869,75.0,98.0,16.0,3.00,Strong Perf.
1867,1864,75.0,98.0,16.0,3.00,Strong Perf.
1883,1873,75.0,98.0,16.0,3.00,Strong Perf.
1899,1880,75.0,98.0,16.0,3.00,Strong Perf.
1904,1883,75.0,98.0,16.0,3.00,Strong Perf.
1907,1884,75.0,98.0,16.0,3.00,Strong Perf.
1906,1884,75.0,98.0,16.0,3.00,Strong Perf.
1904,1883,75.0,98.0,16.0,3.00,Strong Perf.
1899,1880,75.0,98.0,16.0,3.00,Strong Perf.
1893,1878,75.0,98.0,16.0,3.00,Strong Perf.
1887,1875,75.0,98.0,16.0,3.00,Strong Perf.
1882,1872,75.0,98.0,16.0,3.00,Strong Perf.
1876,1870,75.0,98.0,16.0,3.00,Strong Perf.
1872,1868,75.0,98.0,16.0,3.00,Strong Perf.
1870,1867,75.0,98.0,16.0,3.00,Strong Perf.
1868,1866,75.0,98.0,16.0,3.00,Strong Perf.
1867,1866,75.0,98.0,16.0,3.00,Strong Perf.
1866,1865,75.0,98.0,16.0,3.00,Strong Perf.
1866,1865,75.0,98.0,16.0,3.00,Strong Perf.
1865,1865,75.0,98.0,16.0,3.00,Strong Perf.
1865,1865,75.0,98.0,16.0,3.00,Strong Perf.
1865,1865,75.0,98.0,16.0,3.00,Strong Perf.
1865,1865,75.0,98.0,16.0,3.00,Strong Perf.
1866,1866,75.0,98.0,16.0,3.00,Strong Perf.
1866,1866,75.0,98.0,16.0,3.00,Strong Perf.
1866,1866,75.0,98.0,16.0,3.00,Strong Perf.
1866,1866,75.0,98.0,16.0,3.00,Strong Perf.
1866,1866,75.0,98.0,16.0,3.00,Strong Perf.
1866,1866,75.0,98.0,16.0,3.00,Strong Perf.
1866,1866,75.0,98.0,16.0,3.00,Strong Perf.
1866,1866,75.0,98.0,16.0,3.00,Strong Perf.
1870,1868,75.0,98.0,16.0,3.00,Strong Perf.
1876,1871,75.0,98.0,16.0,3.00,Strong Perf.
1887,1876,75.0,98.0,16.0,3.00,Strong Perf.
1906,1885,75.0,98.0,16.0,3.00,Strong Perf.
1927,1895,75.0,98.0,16.0,3.00,Strong Perf.
1945,1903,75.0,98.0,16.0,3.00,Strong Perf.
1954,1908,75.0,98.0,16.0,3.00,Strong Perf.
1950,1906,75.0,98.0,16.0,3.00,Strong Perf.
1935,1899,75.0,98.0,16.0,3.00,Strong Perf.
1918,1891,75.0,98.0,16.0,3.00,Strong Perf.
1904,1884,75.0,98.0,16.0,3.00,Strong Perf.
1892,1878,75.0,98.0,16.0,3.00,Strong Perf.
1876,1870,75.0,98.0,16.0,3.00,Strong Perf.
1872,1869,75.0,98.0,16.0,3.00,Strong Perf.
1895,1879,75.0,98.0,16.0,3.00,Strong Perf.
1911,1887,75.0,98.0,16.0,3.00,Strong Perf.
1916,1890,75.0,98.0,16.0,3.00,Strong Perf.
1918,1891,75.0,98.0,16.0,3.00,Strong Perf.
1917,1890,75.0,98.0,16.0,3.00,Strong Perf.
1914,1889,75.0,98.0,16.0,3.00,Strong Perf.
1908,1886,75.0,98.0,16.0,3.00,Strong Perf.
1902,1882,75.0,98.0,16.0,3.00,Strong Perf.
1895,1880,75.0,98.0,16.0,3.00,Strong Perf.
1888,1876,75.0,98.0,16.0,3.00,Strong Perf.
1881,1872,75.0,98.0,16.0,3.00,Strong Perf.
1877,1871,75.0,98.0,16.0,3.00,Strong Perf.
1872,1868,75.0,98.0,16.0,3.00,Strong Perf.
1869,1867,75.0,98.0,16.0,3.00,Strong Perf.
1867,1866,75.0,98.0,16.0,3.00,Strong Perf.
1866,1865,75.0,98.0,16.0,3.00,Strong Perf.
1865,1865,75.0,98.0,16.0,3.00,Strong Perf.
1865,1865,75.0,98.0,16.0,3.00,Strong Perf.
1865,1865,75.0,98.0,16.0,3.00,Strong Perf.
1864,1864,75.0,98.0,16.0,3.00,Strong Perf.
1864,1864,75.0,98.0,16.0,3.00,Strong Perf.
1864,1864,75.0,98.0,16.0,3.00,Strong Perf.
1864,1864,75.0,98.0,16.0,3.00,Strong Perf.
1864,1864,75.0,98.0,16.0,3.00,Strong Perf.
1864,1864,75.0,98.0,16.0,3.00,Strong Perf.
1864,1864,75.0,98.0,16.0,3.00,Strong Perf.
1864,1864,75.0,98.0,16.0,3.00,Strong Perf.
1863,1863,75.0,98.0,16.0,3.00,Strong Perf.
1863,1863,75.0,98.0,16.0,3.00,Strong Perf.
1863,1863,75.0,98.0,16.0,3.00,Strong Perf.
1864,1863,75.0,98.0,16.0,3.00,Strong Perf.
1869,1865,75.0,98.0,16.0,3.00,Strong Perf.
1877,1869,75.0,98.0,16.0,3.00,Strong Perf.
1890,1876,75.0,98.0,16.0,3.00,Strong Perf.
1909,1885,75.0,98.0,16.0,3.00,Strong Perf.
1928,1894,75.0,98.0,16.0,3.00,Strong Perf.
1942,1900,75.0,98.0,16.0,3.00,Strong Perf.
1946,1902,75.0,98.0,16.0,3.00,Strong Perf.
1937,1898,75.0,98.0,16.0,3.00,Strong Perf.
1922,1891,75.0,98.0,16.0,3.00,Strong Perf.
1905,1882,75.0,98.0,16.0,3.00,Strong Perf.
1894,1877,75.0,98.0,16.0,3.00,Strong Perf.
1883,1872,75.0,98.0,16.0,3.00,Strong Perf.
1868,1864,75.0,98.0,16.0,3.00,Strong Perf.
1870,1866,75.0,98.0,16.0,3.00,Strong Perf.
1890,1875,75.0,98.0,16.0,3.00,Strong Perf.
1902,1881,75.0,98.0,16.0,3.00,Strong Perf.
1906,1883,75.0,98.0,16.0,3.00,Strong Perf.
1907,1883,75.0,98.0,16.0,3.00,Strong Perf.
1905,1882,75.0,98.0,16.0,3.00,Strong Perf.
1902,1880,75.0,98.0,16.0,3.00,Strong Perf.
1897,1878,75.0,98.0,16.0,3.00,Strong Perf.
1891,1875,75.0,98.0,16.0,3.00,Strong Perf.
1885,1872,75.0,98.0,16.0,3.00,Strong Perf.
1879,1869,75.0,98.0,16.0,3.00,Strong Perf.
1873,1866,75.0,98.0,16.0,3.00,Strong Perf.
1870,1864,75.0,98.0,16.0,3.00,Strong Perf.
1866,1862,75.0,98.0,16.0,3.00,Strong Perf.
1863,1861,75.0,98.0,16.0,3.00,Strong Perf.
1862,1861,75.0,98.0,16.0,3.00,Strong Perf.
1861,1860,75.0,98.0,16.0,3.00,Strong Perf.
1860,1860,75.0,98.0,16.0,3.00,Strong Perf.
1860,1859,75.0,98.0,16.0,3.00,Strong Perf.
1859,1859,75.0,98.0,16.0,3.00,Strong Perf.
1859,1859,75.0,98.0,16.0,3.00,Strong Perf.
1859,1859,75.0,98.0,16.0,3.00,Strong Perf.
1859,1859,75.0,98.0,16.0,3.00,Strong Perf.
1859,1859,75.0,98.0,16.0,3.00,Strong Perf.
1859,1859,75.0,98.0,16.0,3.00,Strong Perf.
1858,1858,75.0,98.0,16.0,3.00,Strong Perf.
1858,1858,75.0,98.0,16.0,3.00,Strong Perf.
1858,1858,75.0,98.0,16.0,3.00,Strong Perf.
1858,1858,75.0,98.0,16.0,3.00,Strong Perf.
1858,1858,75.0,98.0,16.0,3.00,Strong Perf.
1858,1858,75.0,98.0,16.0,3.00,Strong Perf.
1858,1858,75.0,98.0,16.0,3.00,Strong Perf.
1861,1859,75.0,98.0,16.0,3.00,Strong Perf.
1865,1861,75.0,98.0,16.0,3.00,Strong Perf.
1874,1865,75.0,98.0,16.0,3.00,Strong Perf.
1887,1872,75.0,98.0,16.0,3.00,Strong Perf.
1903,1879,75.0,98.0,16.0,3.00,Strong Perf.
1914,1884,75.0,98.0,16.0,3.00,Strong Perf.
1918,1886,75.0,98.0,16.0,3.00,Strong Perf.
1913,1884,75.0,98.0,16.0,3.00,Strong Perf.
1900,1878,75.0,98.0,16.0,3.00,Strong Perf.
1887,1871,75.0,98.0,16.0,3.00,Strong Perf.
1879,1868,75.0,98.0,16.0,3.00,Strong Perf.
1869,1862,75.0,98.0,16.0,3.00,Strong Perf.
1860,1858,75.0,98.0,16.0,3.00,Strong Perf.
1869,1863,75.0,98.0,16.0,3.00,Strong Perf.
1884,1869,75.0,98.0,16.0,3.00,Strong Perf.
1888,1872,75.0,98.0,16.0,3.00,Strong Perf.
1890,1873,75.0,98.0,16.0,3.00,Strong Perf.
1890,1873,75.0,98.0,16.0,3.00,Strong Perf.
1888,1871,75.0,98.0,16.0,3.00,Strong Perf.
1884,1869,75.0,98.0,16.0,3.00,Strong Perf.
1880,1868,75.0,98.0,16.0,3.00,Strong Perf.
1875,1866,149.3,98.0,16.0,3.00,Strong Perf.
1871,1863,149.3,98.0,16.0,3.00,Strong Perf.
1867,1861,149.3,98.0,16.0,3.00,Strong Perf.
1863,1860,149.3,98.0,16.0,3.00,Strong Perf.
1861,1859,149.3,98.0,16.0,3.00,Strong Perf.
1859,1858,149.3,98.0,16.0,3.00,Strong Perf.
1858,1858,149.3,98.0,16.0,3.00,Strong Perf.
1858,1857,149.3,98.0,16.0,3.00,Strong Perf.
1857,1857,149.3,98.0,16.0,3.00,Strong Perf.
1857,1857,149.3,98.0,16.0,3.00,Strong Perf.
1857,1857,149.3,98.0,16.0,3.00,Strong Perf.
1857,1857,149.3,98.0,16.0,3.00,Strong Perf.
1857,1857,149.3,98.0,16.0,3.00,Strong Perf.
1857,1857,149.3,98.0,16.0,3.00,Strong Perf.
1857,1857,149.3,98.0,16.0,3.00,Strong Perf.
1857,1857,149.3,98.0,16.0,3.00,Strong Perf.
1857,1857,149.3,98.0,16.0,3.00,Strong Perf.
1857,1857,149.3,98.0,16.0,3.00,Strong Perf.
1857,1857,150.7,98.0,16.0,3.00,Strong Perf.
1857,1857,150.7,98.0,16.0,3.00,Strong Perf.
1857,1857,150.7,98.0,16.0,3.00,Strong Perf.
1863,1860,150.7,98.0,16.0,3.00,Strong Perf.
1879,1867,152.0,98.0,16.0,3.00,Strong Perf.
1897,1876,156.0,98.0,16.0,3.00,Strong Perf.
1892,1874,157.3,98.0,16.0,3.00,Strong Perf.
1876,1866,158.7,98.0,16.0,3.00,Strong Perf.
1863,1860,160.0,98.0,16.0,3.00,Strong Perf.
1871,1864,162.7,98.0,16.0,3.00,Strong Perf.
1882,1869,164.0,98.0,16.0,3.00,Strong Perf.
1881,1869,165.3,98.0,16.0,3.00,Strong Perf.
1876,1866,166.7,98.0,16.0,3.00,Strong Perf.
1870,1863,168.0,98.0,16.0,3.00,Strong Perf.
1863,1860,168.0,98.0,16.0,3.00,Strong Perf.
1859,1859,168.0,98.0,16.0,3.00,Strong Perf.
1859,1858,170.7,98.0,16.0,3.00,Strong Perf.
1858,1858,172.0,98.0,16.0,3.00,Strong Perf.
1858,1858,172.0,98.0,16.0,3.00,Strong Perf.
1858,1858,172.0,98.0,16.0,3.00,Strong Perf.
1858,1858,172.0,98.0,16.0,3.00,Strong Perf.
1858,1858,172.0,98.0,16.0,3.00,Strong Perf.
1859,1859,173.3,98.0,16.0,3.00,Strong Perf.
1859,1859,173.3,98.0,16.0,3.00,Strong Perf.
1867,1863,174.7,98.0,16.0,3.00,Strong Perf.
1885,1872,176.0,98.0,16.0,3.00,Strong Perf.
1903,1880,176.0,98.0,16.0,3.00,Strong Perf.
1897,1877,176.0,98.0,16.0,3.00,Strong Perf.
1878,1868,176.0,98.0,16.0,3.00,Strong Perf.
1864,1861,176.0,98.0,16.0,3.00,Strong Perf.
1875,1866,176.0,98.0,16.0,3.00,Strong Perf.
1886,1872,176.0,98.0,16.0,3.00,Strong Perf.
1885,1871,176.0,98.0,16.0,3.00,Strong Perf.
1880,1869,176.0,98.0,16.0,3.00,Strong Perf.
1872,1865,176.0,98.0,16.0,3.00,Strong Perf.
1865,1862,176.0,98.0,16.0,3.00,Strong Perf.
1861,1861,176.0,98.0,16.0,3.00,Strong Perf.
1860,1860,176.0,98.0,16.0,3.00,Strong Perf.
1860,1860,176.0,98.0,16.0,3.00,Strong Perf.
1860,1860,176.0,98.0,16.0,3.00,Strong Perf.
1860,1860,176.0,98.0,16.0,3.00,Strong Perf.
1860,1860,176.0,98.0,16.0,3.00,Strong Perf.
1860,1860,176.0,98.0,16.0,3.00,Strong Perf.
1861,1860,176.0,98.0,16.0,3.00,Strong Perf.
1871,1865,176.0,98.0,16.0,3.00,Strong Perf.
1897,1878,176.0,98.0,16.0,3.00,Strong Perf.
1914,1886,176.0,98.0,16.0,3.00,Strong Perf.
1894,1877,176.0,98.0,16.0,3.00,Strong Perf.
1874,1867,176.0,98.0,16.0,3.00,Strong Perf.
1873,1866,176.0,98.0,16.0,3.00,Strong Perf.
1891,1875,176.0,98.0,16.0,3.00,Strong Perf.
1892,1875,176.0,98.0,16.0,3.00,Strong Perf.
1885,1873,176.0,98.0,16.0,3.00,Strong Perf.
1875,1868,176.0,98.0,16.0,3.00,Strong Perf.
1867,1864,176.0,98.0,16.0,3.00,Strong Perf.
1863,1862,176.0,98.0,16.0,3.00,Strong Perf.
1862,1862,176.0,98.0,16.0,3.00,Strong Perf.
1862,1862,176.0,98.0,16.0,3.00,Strong Perf.
1862,1862,176.0,98.0,16.0,3.00,Strong Perf.
1862,1862,176.0,98.0,16.0,3.00,Strong Perf.
1862,1862,176.0,98.0,16.0,3.00,Strong Perf.
1862,1862,176.0,98.0,16.0,3.00,Strong Perf.
1866,1864,176.0,98.0,16.0,3.00,Strong Perf.
1883,1872,176.0,98.0,16.0,3.00,Strong Perf.
1915,1888,176.0,98.0,16.0,3.00,Strong Perf.
1916,1888,176.0,98.0,16.0,3.00,Strong Perf.
1892,1876,176.0,98.0,16.0,3.00,Strong Perf.
1871,1867,176.0,98.0,16.0,3.00,Strong Perf.
1884,1873,176.0,98.0,16.0,3.00,Strong Perf.
1898,1880,176.0,98.0,16.0,3.00,Strong Perf.
1897,1879,176.0,98.0,16.0,3.00,Strong Perf.
1887,1874,176.0,98.0,16.0,3.00,Strong Perf.
1875,1869,176.0,98.0,16.0,3.00,Strong Perf.
1868,1866,176.0,98.0,16.0,3.00,Strong Perf.
1864,1864,176.0,98.0,16.0,3.00,Strong Perf.
1864,1864,176.0,98.0,16.0,3.00,Strong Perf.
1864,1864,176.0,98.0,16.0,3.00,Strong Perf.
1864,1864,176.0,98.0,16.0,3.00,Strong Perf.
1864,1864,176.0,98.0,16.0,3.00,Strong Perf.
1864,1864,176.0,98.0,16.0,3.00,Strong Perf.
1864,1864,176.0,98.0,16.0,3.00,Strong Perf.
1868,1865,176.0,98.0,16.0,3.00,Strong Perf.
1889,1875,176.0,98.0,16.0,3.00,Strong Perf.
1922,1892,176.0,98.0,16.0,3.00,Strong Perf.
1921,1891,176.0,98.0,16.0,3.00,Strong Perf.
1896,1879,176.0,98.0,16.0,3.00,Strong Perf.
1873,1868,176.0,98.0,16.0,3.00,Strong Perf.
1887,1875,176.0,98.0,16.0,3.00,Strong Perf.
1902,1882,176.0,98.0,16.0,3.00,Strong Perf.
1901,1882,176.0,98.0,16.0,3.00,Strong Perf.
1891,1877,176.0,98.0,16.0,3.00,Strong Perf.
1879,1871,176.0,98.0,16.0,3.00,Strong Perf.
1871,1867,176.0,98.0,16.0,3.00,Strong Perf.
1866,1865,176.0,98.0,16.0,3.00,Strong Perf.
1865,1865,176.0,98.0,16.0,3.00,Strong Perf.
1865,1865,176.0,98.0,16.0,3.00,Strong Perf.
1865,1865,176.0,98.0,16.0,3.00,Strong Perf.
1865,1865,176.0,98.0,16.0,3.00,Strong Perf.
1865,1865,176.0,98.0,16.0,3.00,Strong Perf.
1865,1865,176.0,98.0,16.0,3.00,Strong Perf.
1866,1865,176.0,98.0,16.0,3.00,Strong Perf.
1878,1871,176.0,98.0,16.0,3.00,Strong Perf.
1912,1887,176.0,98.0,16.0,3.00,Strong Perf.
1929,1896,176.0,98.0,16.0,3.00,Strong Perf.
1909,1886,176.0,98.0,16.0,3.00,Strong Perf.
1884,1874,176.0,98.0,16.0,3.00,Strong Perf.
1872,1868,176.0,98.0,16.0,3.00,Strong Perf.
1900,1882,176.0,98.0,16.0,3.00,Strong Perf.
1903,1883,176.0,98.0,16.0,3.00,Strong Perf.
1896,1879,176.0,98.0,16.0,3.00,Strong Perf.
1884,1874,176.0,98.0,16.0,3.00,Strong Perf.
1874,1869,176.0,98.0,16.0,3.00,Strong Perf.
1868,1866,176.0,98.0,16.0,3.00,Strong Perf.
1865,1865,176.0,98.0,16.0,3.00,Strong Perf.
1865,1865,176.0,98.0,16.0,3.00,Strong Perf.
1865,1865,176.0,98.0,16.0,3.00,Strong Perf.
1865,1865,176.0,98.0,16.0,3.00,Strong Perf.
1865,1865,176.0,98.0,16.0,3.00,Strong Perf.
1865,1865,176.0,98.0,16.0,3.00,Strong Perf.
1865,1865,176.0,98.0,16.0,3.00,Strong Perf.
1869,1866,176.0,98.0,16.0,3.00,Strong Perf.
1891,1877,176.0,98.0,16.0,3.00,Strong Perf.
1922,1892,176.0,98.0,16.0,3.00,Strong Perf.
1918,1890,176.0,98.0,16.0,3.00,Strong Perf.
1893,1878,176.0,98.0,16.0,3.00,Strong Perf.
1870,1867,176.0,98.0,16.0,3.00,Strong Perf.
1891,1877,176.0,98.0,16.0,3.00,Strong Perf.
1899,1881,176.0,98.0,16.0,3.00,Strong Perf.
1896,1879,176.0,98.0,16.0,3.00,Strong Perf.
1886,1874,176.0,98.0,16.0,3.00,Strong Perf.
1876,1869,176.0,98.0,16.0,3.00,Strong Perf.
1868,1865,176.0,98.0,16.0,3.00,Strong Perf.
1865,1865,176.0,98.0,16.0,3.00,Strong Perf.
1864,1864,176.0,98.0,16.0,3.00,Strong Perf.
1864,1864,176.0,98.0,16.0,3.00,Strong Perf.
1864,1864,176.0,98.0,16.0,3.00,Strong Perf.
1864,1864,176.0,98.0,16.0,3.00,Strong Perf.
1863,1863,176.0,98.0,16.0,3.00,Strong Perf.
1863,1863,176.0,98.0,16.0,3.00,Strong Perf.
1866,1864,176.0,98.0,16.0,3.00,Strong Perf.
1883,1872,176.0,98.0,16.0,3.00,Strong Perf.
1910,1886,176.0,98.0,16.0,3.00,Strong Perf.
1914,1888,176.0,98.0,16.0,3.00,Strong Perf.
1892,1877,176.0,98.0,16.0,3.00,Strong Perf.
1872,1867,176.0,98.0,16.0,3.00,Strong Perf.
1882,1872,176.0,98.0,16.0,3.00,Strong Perf.
1893,1877,176.0,98.0,16.0,3.00,Strong Perf.
1892,1877,176.0,98.0,16.0,3.00,Strong Perf.
1884,1872,176.0,98.0,16.0,3.00,Strong Perf.
1874,1868,176.0,98.0,16.0,3.00,Strong Perf.
1867,1865,176.0,98.0,16.0,3.00,Strong Perf.
1864,1863,176.0,98.0,16.0,3.00,Strong Perf.
1862,1862,176.0,98.0,16.0,3.00,Strong Perf.
1862,1862,176.0,98.0,16.0,3.00,Strong Perf.
1862,1862,176.0,98.0,16.0,3.00,Strong Perf.
1862,1862,176.0,98.0,16.0,3.00,Strong Perf.
1862,1862,176.0,98.0,16.0,3.00,Strong Perf.
1861,1861,176.0,98.0,16.0,3.00,Strong Perf.
1863,1862,176.0,98.0,16.0,3.00,Strong Perf.
1875,1868,176.0,98.0,16.0,3.00,Strong Perf.
1900,1879,176.0,98.0,16.0,3.00,Strong Perf.
1905,1882,176.0,98.0,16.0,3.00,Strong Perf.
1885,1872,176.0,98.0,16.0,3.00,Strong Perf.
1866,1863,176.0,98.0,16.0,3.00,Strong Perf.
1879,1869,176.0,98.0,16.0,3.00,Strong Perf.
1886,1873,176.0,98.0,16.0,3.00,Strong Perf.
1879,1869,176.0,98.0,16.0,3.00,Strong Perf.
1870,1865,176.0,98.0,16.0,3.00,Strong Perf.
1863,1861,176.0,98.0,16.0,3.00,Strong Perf.
1860,1860,176.0,98.0,16.0,3.00,Strong Perf.
1860,1860,176.0,98.0,16.0,3.00,Strong Perf.
1860,1860,176.0,98.0,16.0,3.00,Strong Perf.
1859,1859,176.0,98.0,16.0,3.00,Strong Perf.
1859,1859,176.0,98.0,16.0,3.00,Strong Perf.
1859,1859,176.0,98.0,16.0,3.00,Strong Perf.
1859,1859,176.0,98.0,16.0,3.00,Strong Perf.
1865,1862,176.0,98.0,16.0,3.00,Strong Perf.
1885,1871,176.0,98.0,16.0,3.00,Strong Perf.
1900,1878,176.0,98.0,16.0,3.00,Strong Perf.
1886,1872,176.0,98.0,16.0,3.00,Strong Perf.
1869,1863,176.0,98.0,16.0,3.00,Strong Perf.
1866,1862,176.0,98.0,16.0,3.00,Strong Perf.
1882,1870,176.0,98.0,16.0,3.00,Strong Perf.
1881,1869,176.0,98.0,16.0,3.00,Strong Perf.
1874,1865,176.0,98.0,16.0,3.00,Strong Perf.
1867,1862,176.0,98.0,16.0,3.00,Strong Perf.
1861,1859,176.0,98.0,16.0,3.00,Strong Perf.
1858,1858,176.0,98.0,16.0,3.00,Strong Perf.
1858,1858,176.0,98.0,16.0,3.00,Strong Perf.
1857,1857,176.0,98.0,16.0,3.00,Strong Perf.
1857,1857,176.0,98.0,16.0,3.00,Strong Perf.
1857,1857,176.0,98.0,16.0,3.00,Strong Perf.
1857,1857,176.0,98.0,16.0,3.00,Strong Perf.
1857,1857,176.0,98.0,16.0,3.00,Strong Perf.
1864,1860,176.0,98.0,16.0,3.00,Strong Perf.
1884,1869,176.0,98.0,16.0,3.00,Strong Perf.
1895,1875,176.0,98.0,16.0,3.00,Strong Perf.
1880,1867,176.0,98.0,16.0,3.00,Strong Perf.
1864,1860,176.0,98.0,16.0,3.00,Strong Perf.
1870,1863,176.0,98.0,16.0,3.00,Strong Perf.
1879,1867,176.0,98.0,16.0,3.00,Strong Perf.
1877,1866,176.0,98.0,16.0,3.00,Strong Perf.
1870,1862,176.0,98.0,16.0,3.00,Strong Perf.
1862,1859,176.0,98.0,16.0,3.00,Strong Perf.
1858,1857,176.0,98.0,16.0,3.00,Strong Perf.
1856,1856,176.0,98.0,16.0,3.00,Strong Perf.
1856,1856,176.0,98.0,16.0,3.00,Strong Perf.
1856,1856,176.0,98.0,16.0,3.00,Strong Perf.
1856,1856,176.0,98.0,16.0,3.00,Strong Perf.
1856,1856,176.0,98.0,16.0,3.00,Strong Perf.
1856,1856,176.0,98.0,16.0,3.00,Strong Perf.
1858,1857,176.0,98.0,16.0,3.00,Strong Perf.
1873,1864,176.0,98.0,16.0,3.00,Strong Perf.
1894,1874,176.0,98.0,16.0,3.00,Strong Perf.
1888,1871,176.0,98.0,16.0,3.00,Strong Perf.
1871,1863,176.0,98.0,16.0,3.00,Strong Perf.
1860,1858,176.0,98.0,16.0,3.00,Strong Perf.
1878,1867,176.0,98.0,16.0,3.00,Strong Perf.
1880,1867,176.0,98.0,16.0,3.00,Strong Perf.
1873,1864,176.0,98.0,16.0,3.00,Strong Perf.
1865,1860,176.0,98.0,16.0,3.00,Strong Perf.
1860,1857,176.0,98.0,16.0,3.00,Strong Perf.
1856,1856,176.0,98.0,16.0,3.00,Strong Perf.
1856,1856,176.0,98.0,16.0,3.00,Strong Perf.
1856,1856,176.0,98.0,16.0,3.00,Strong Perf.
1856,1856,176.0,98.0,16.0,3.00,Strong Perf.
1856,1856,176.0,98.0,16.0,3.00,Strong Perf.
1856,1856,176.0,98.0,16.0,3.00,Strong Perf.
1856,1856,176.0,98.0,16.0,3.00,Strong Perf.
1866,1860,176.0,98.0,16.0,3.00,Strong Perf.
1893,1874,176.0,98.0,16.0,3.00,Strong Perf.
1898,1876,176.0,98.0,16.0,3.00,Strong Perf.
1879,1867,176.0,98.0,16.0,3.00,Strong Perf.
1863,1859,176.0,98.0,16.0,3.00,Strong Perf.
1877,1866,176.0,98.0,16.0,3.00,Strong Perf.
1883,1869,176.0,98.0,16.0,3.00,Strong Perf.
1880,1868,176.0,98.0,16.0,3.00,Strong Perf.
1871,1863,176.0,98.0,16.0,3.00,Strong Perf.
1863,1859,176.0,98.0,16.0,3.00,Strong Perf.
1859,1858,176.0,98.0,16.0,3.00,Strong Perf.
1857,1857,176.0,98.0,16.0,3.00,Strong Perf.
1857,1857,176.0,98.0,16.0,3.00,Strong Perf.
1857,1857,176.0,98.0,16.0,3.00,Strong Perf.
1857,1857,176.0,98.0,16.0,3.00,Strong Perf.
1857,1857,176.0,98.0,16.0,3.00,Strong Perf.
1857,1857,176.0,98.0,16.0,3.00,Strong Perf.
1863,1860,176.0,98.0,16.0,3.00,Strong Perf.
1882,1869,176.0,98.0,16.0,3.00,Strong Perf.
1907,1881,176.0,98.0,16.0,3.00,Strong Perf.
1899,1878,176.0,98.0,16.0,3.00,Strong Perf.
1879,1868,176.0,98.0,16.0,3.00,Strong Perf.
1864,1861,176.0,98.0,16.0,3.00,Strong Perf.
1885,1871,176.0,98.0,16.0,3.00,Strong Perf.
1889,1873,176.0,98.0,16.0,3.00,Strong Perf.
1885,1872,176.0,98.0,16.0,3.00,Strong Perf.
1876,1867,176.0,98.0,16.0,3.00,Strong Perf.
1867,1862,176.0,98.0,16.0,3.00,Strong Perf.
1862,1860,176.0,98.0,16.0,3.00,Strong Perf.
1860,1860,176.0,98.0,16.0,3.00,Strong Perf.
1860,1860,176.0,98.0,16.0,3.00,Strong Perf.
1860,1860,176.0,98.0,16.0,3.00,Strong Perf.
1860,1860,176.0,98.0,16.0,3.00,Strong Perf.
1860,1860,176.0,98.0,16.0,3.00,Strong Perf.
1860,1860,176.0,98.0,16.0,3.00,Strong Perf.
1860,1860,176.0,98.0,16.0,3.00,Strong Perf.
1871,1865,176.0,98.0,16.0,3.00,Strong Perf.
1898,1879,176.0,98.0,16.0,3.00,Strong Perf.
1919,1889,176.0,98.0,16.0,3.00,Strong Perf.
1902,1881,176.0,98.0,16.0,3.00,Strong Perf.
1880,1870,176.0,98.0,16.0,3.00,Strong Perf.
1868,1864,176.0,98.0,16.0,3.00,Strong Perf.
1894,1877,176.0,98.0,16.0,3.00,Strong Perf.
1897,1879,176.0,98.0,16.0,3.00,Strong Perf.
1890,1875,176.0,98.0,16.0,3.00,Strong Perf.
1879,1870,176.0,98.0,16.0,3.00,Strong Perf.
1871,1866,176.0,98.0,16.0,3.00,Strong Perf.
1865,1863,176.0,98.0,16.0,3.00,Strong Perf.
1863,1863,176.0,98.0,16.0,3.00,Strong Perf.
1863,1863,176.0,98.0,16.0,3.00,Strong Perf.
1863,1863,176.0,98.0,16.0,3.00,Strong Perf.
1863,1863,176.0,98.0,16.0,3.00,Strong Perf.
1863,1863,176.0,98.0,16.0,3.00,Strong Perf.
1863,1863,176.0,98.0,16.0,3.00,Strong Perf.
1864,1864,176.0,98.0,16.0,3.00,Strong Perf.
1874,1868,176.0,98.0,16.0,3.00,Strong Perf.
1905,1883,176.0,98.0,16.0,3.00,Strong Perf.
1927,1894,176.0,98.0,16.0,3.00,Strong Perf.
1909,1886,176.0,98.0,16.0,3.00,Strong Perf.
1885,1874,176.0,98.0,16.0,3.00,Strong Perf.
1871,1868,176.0,98.0,16.0,3.00,Strong Perf.
1900,1882,176.0,98.0,16.0,3.00,Strong Perf.
1903,1883,176.0,98.0,16.0,3.00,Strong Perf.
1896,1879,176.0,98.0,16.0,3.00,Strong Perf.
1885,1874,176.0,98.0,16.0,3.00,Strong Perf.
1874,1870,176.0,98.0,16.0,3.00,Strong Perf.
1868,1866,176.0,98.0,16.0,3.00,Strong Perf.
1866,1866,176.0,98.0,16.0,3.00,Strong Perf.
1866,1866,176.0,98.0,16.0,3.00,Strong Perf.
1866,1866,176.0,98.0,16.0,3.00,Strong Perf.
1866,1866,176.0,98.0,16.0,3.00,Strong Perf.
1866,1866,176.0,98.0,16.0,3.00,Strong Perf.
1866,1866,176.0,98.0,16.0,3.00,Strong Perf.
1869,1867,176.0,98.0,16.0,3.00,Strong Perf.
1886,1875,176.0,98.0,16.0,3.00,Strong Perf.
1919,1891,176.0,98.0,16.0,3.00,Strong Perf.
1929,1897,176.0,98.0,16.0,3.00,Strong Perf.
1905,1884,176.0,98.0,16.0,3.00,Strong Perf.
1909,1884,176.0,98.0,16.0,3.00,Strong Perf.
1891,1876,176.0,98.0,16.0,3.00,Strong Perf.
1873,1867,176.0,98.0,16.0,3.00,Strong Perf.
1875,1868,176.0,98.0,16.0,3.00,Strong Perf.
1888,1874,176.0,98.0,16.0,3.00,Strong Perf.
1887,1873,176.0,98.0,16.0,3.00,Strong Perf.
1879,1870,176.0,98.0,16.0,3.00,Strong Perf.
1870,1865,176.0,98.0,16.0,3.00,Strong Perf.
1864,1862,176.0,98.0,16.0,3.00,Strong Perf.
1861,1861,176.0,98.0,16.0,3.00,Strong Perf.
1860,1860,176.0,98.0,16.0,3.00,Strong Perf.
1860,1860,176.0,98.0,16.0,3.00,Strong Perf.
1860,1860,176.0,98.0,16.0,3.00,Strong Perf.
1859,1859,176.0,98.0,16.0,3.00,Strong Perf.
1859,1859,176.0,98.0,16.0,3.00,Strong Perf.
1859,1859,176.0,98.0,16.0,3.00,Strong Perf.
1864,1861,176.0,98.0,16.0,3.00,Strong Perf.
1883,1870,176.0,98.0,16.0,3.00,Strong Perf.
1900,1878,176.0,98.0,16.0,3.00,Strong Perf.
1888,1872,176.0,98.0,16.0,3.00,Strong Perf.
1871,1864,176.0,98.0,16.0,3.00,Strong Perf.
1864,1861,176.0,98.0,16.0,3.00,Strong Perf.
1880,1868,176.0,98.0,16.0,3.00,Strong Perf.
1880,1868,176.0,98.0,16.0,3.00,Strong Perf.
1875,1866,176.0,98.0,16.0,3.00,Strong Perf.
1866,1861,176.0,98.0,16.0,3.00,Strong Perf.
1860,1858,176.0,98.0,16.0,3.00,Strong Perf.
1858,1857,176.0,98.0,16.0,3.00,Strong Perf.
1857,1856,176.0,98.0,16.0,3.00,Strong Perf.
1856,1856,176.0,98.0,16.0,3.00,Strong Perf.
1856,1856,176.0,98.0,16.0,3.00,Strong Perf.
1856,1856,176.0,98.0,16.0,3.00,Strong Perf.
1855,1855,176.0,98.0,16.0,3.00,Strong Perf.
1855,1855,176.0,98.0,16.0,3.00,Strong Perf.
1859,1857,176.0,98.0,16.0,3.00,Strong Perf.
1875,1865,176.0,98.0,16.0,3.00,Strong Perf.
1893,1873,176.0,98.0,16.0,3.00,Strong Perf.
1883,1868,176.0,98.0,16.0,3.00,Strong Perf.
1867,1860,176.0,98.0,16.0,3.00,Strong Perf.
1862,1858,176.0,98.0,16.0,3.00,Strong Perf.
1876,1864,176.0,98.0,16.0,3.00,Strong Perf.
1876,1865,176.0,98.0,16.0,3.00,Strong Perf.
1870,1862,176.0,98.0,16.0,3.00,Strong Perf.
1862,1858,176.0,98.0,16.0,3.00,Strong Perf.
1856,1855,176.0,98.0,16.0,3.00,Strong Perf.
1855,1854,176.0,98.0,16.0,3.00,Strong Perf.
1854,1854,176.0,98.0,16.0,3.00,Strong Perf.
1854,1854,176.0,98.0,16.0,3.00,Strong Perf.
1853,1853,176.0,98.0,16.0,3.00,Strong Perf.
1853,1853,176.0,98.0,16.0,3.00,Strong Perf.
1853,1853,176.0,98.0,16.0,3.00,Strong Perf.
1854,1854,176.0,98.0,16.0,3.00,Strong Perf.
1863,1858,176.0,98.0,16.0,3.00,Strong Perf.
1885,1868,176.0,98.0,16.0,3.00,Strong Perf.
1890,1871,176.0,98.0,16.0,3.00,Strong Perf.
1872,1862,176.0,98.0,16.0,3.00,Strong Perf.
1857,1855,176.0,98.0,16.0,3.00,Strong Perf.
1872,1862,176.0,98.0,16.0,3.00,Strong Perf.
1877,1864,176.0,98.0,16.0,3.00,Strong Perf.
1873,1862,176.0,98.0,16.0,3.00,Strong Perf.
1865,1859,176.0,98.0,16.0,3.00,Strong Perf.
1858,1855,176.0,98.0,16.0,3.00,Strong Perf.
1854,1853,176.0,98.0,16.0,3.00,Strong Perf.
1853,1853,176.0,98.0,16.0,3.00,Strong Perf.
1853,1853,176.0,98.0,16.0,3.00,Strong Perf.
1853,1853,176.0,98.0,16.0,3.00,Strong Perf.
1853,1853,176.0,98.0,16.0,3.00,Strong Perf.
1853,1853,176.0,98.0,16.0,3.00,Strong Perf.
1853,1853,176.0,98.0,16.0,3.00,Strong Perf.
1859,1856,176.0,98.0,16.0,3.00,Strong Perf.
1882,1866,176.0,98.0,16.0,3.00,Strong Perf.
1897,1874,176.0,98.0,16.0,3.00,Strong Perf.
1881,1867,176.0,98.0,16.0,3.00,Strong Perf.
1863,1859,176.0,98.0,16.0,3.00,Strong Perf.
1869,1861,176.0,98.0,16.0,3.00,Strong Perf.
1880,1866,176.0,98.0,16.0,3.00,Strong Perf.
1878,1866,176.0,98.0,16.0,3.00,Strong Perf.
1870,1861,176.0,98.0,16.0,3.00,Strong Perf.
1862,1858,176.0,98.0,16.0,3.00,Strong Perf.
1857,1855,176.0,98.0,16.0,3.00,Strong Perf.
1855,1855,176.0,98.0,16.0,3.00,Strong Perf.
1855,1855,176.0,98.0,16.0,3.00,Strong Perf.
1855,1855,176.0,98.0,16.0,3.00,Strong Perf.
1855,1855,176.0,98.0,16.0,3.00,Strong Perf.
1855,1855,176.0,98.0,16.0,3.00,Strong Perf.
1856,1856,176.0,98.0,16.0,3.00,Strong Perf.
1859,1857,176.0,98.0,16.0,3.00,Strong Perf.
1876,1866,176.0,98.0,16.0,3.00,Strong Perf.
1903,1878,176.0,98.0,16.0,3.00,Strong Perf.
1900,1877,176.0,98.0,16.0,3.00,Strong Perf.
1878,1867,176.0,98.0,16.0,3.00,Strong Perf.
1861,1858,176.0,98.0,16.0,3.00,Strong Perf.
1883,1870,176.0,98.0,16.0,3.00,Strong Perf.
1888,1872,176.0,98.0,16.0,3.00,Strong Perf.
1884,1870,176.0,98.0,16.0,3.00,Strong Perf.
1874,1866,176.0,98.0,16.0,3.00,Strong Perf.
1866,1861,176.0,98.0,16.0,3.00,Strong Perf.
1860,1859,176.0,98.0,16.0,3.00,Strong Perf.
1859,1859,176.0,98.0,16.0,3.00,Strong Perf.
1859,1859,176.0,98.0,16.0,3.00,Strong Perf.
1859,1859,176.0,98.0,16.0,3.00,Strong Perf.
1859,1859,176.0,98.0,16.0,3.00,Strong Perf.
1859,1859,176.0,98.0,16.0,3.00,Strong Perf.
1860,1860,176.0,98.0,16.0,3.00,Strong Perf.
1862,1861,176.0,98.0,16.0,3.00,Strong Perf.
1876,1868,176.0,98.0,16.0,3.00,Strong Perf.
1906,1882,176.0,98.0,16.0,3.00,Strong Perf.
1916,1887,176.0,98.0,16.0,3.00,Strong Perf.
1893,1876,176.0,98.0,16.0,3.00,Strong Perf.
1873,1866,176.0,98.0,16.0,3.00,Strong Perf.
1881,1871,176.0,98.0,16.0,3.00,Strong Perf.
1896,1878,176.0,98.0,16.0,3.00,Strong Perf.
1895,1878,176.0,98.0,16.0,3.00,Strong Perf.
1887,1874,176.0,98.0,16.0,3.00,Strong Perf.
1876,1869,176.0,98.0,16.0,3.00,Strong Perf.
1868,1865,176.0,98.0,16.0,3.00,Strong Perf.
1865,1864,176.0,98.0,16.0,3.00,Strong Perf.
1864,1864,176.0,98.0,16.0,3.00,Strong Perf.
1864,1864,176.0,98.0,16.0,3.00,Strong Perf.
1864,1864,176.0,98.0,16.0,3.00,Strong Perf.
1864,1864,176.0,98.0,16.0,3.00,Strong Perf.
1864,1864,176.0,98.0,16.0,3.00,Strong Perf.
1865,1865,176.0,98.0,16.0,3.00,Strong Perf.
1869,1866,176.0,98.0,16.0,3.00,Strong Perf.
1890,1876,176.0,98.0,16.0,3.00,Strong Perf.
1922,1892,176.0,98.0,16.0,3.00,Strong Perf.
1925,1894,176.0,98.0,16.0,3.00,Strong Perf.
1898,1881,176.0,98.0,16.0,3.00,Strong Perf.
1876,1871,176.0,98.0,16.0,3.00,Strong Perf.
1888,1877,176.0,98.0,16.0,3.00,Strong Perf.
1903,1884,176.0,98.0,16.0,3.00,Strong Perf.
1902,1884,176.0,98.0,16.0,3.00,Strong Perf.
1893,1880,176.0,98.0,16.0,3.00,Strong Perf.
1882,1874,176.0,98.0,16.0,3.00,Strong Perf.
1874,1871,176.0,98.0,16.0,3.00,Strong Perf.
1870,1869,176.0,98.0,16.0,3.00,Strong Perf.
1868,1868,176.0,98.0,16.0,3.00,Strong Perf.
1868,1868,176.0,98.0,16.0,3.00,Strong Perf.
1868,1868,176.0,98.0,16.0,3.00,Strong Perf.
1868,1868,176.0,98.0,16.0,3.00,Strong Perf.
1868,1868,176.0,98.0,16.0,3.00,Strong Perf.
1869,1869,176.0,98.0,16.0,3.00,Strong Perf.
1870,1869,176.0,98.0,16.0,3.00,Strong Perf.
1881,1874,176.0,98.0,16.0,3.00,Strong Perf.
1910,1888,176.0,98.0,16.0,3.00,Strong Perf.
1935,1900,176.0,98.0,16.0,3.00,Strong Perf.
1918,1892,176.0,98.0,16.0,3.00,Strong Perf.
1894,1881,176.0,98.0,16.0,3.00,Strong Perf.
1876,1873,176.0,98.0,16.0,3.00,Strong Perf.
1901,1884,176.0,98.0,16.0,3.00,Strong Perf.
1908,1888,176.0,98.0,16.0,3.00,Strong Perf.
1904,1886,176.0,98.0,16.0,3.00,Strong Perf.
1893,1880,176.0,98.0,16.0,3.00,Strong Perf.
1882,1875,176.0,98.0,16.0,3.00,Strong Perf.
1875,1872,176.0,98.0,16.0,3.00,Strong Perf.
1871,1870,176.0,98.0,16.0,3.00,Strong Perf.
1870,1870,176.0,98.0,16.0,3.00,Strong Perf.
1870,1870,176.0,98.0,16.0,3.00,Strong Perf.
1870,1870,176.0,98.0,16.0,3.00,Strong Perf.
1870,1870,176.0,98.0,16.0,3.00,Strong Perf.
1870,1870,176.0,98.0,16.0,3.00,Strong Perf.
1870,1870,176.0,98.0,16.0,3.00,Strong Perf.
1872,1871,176.0,98.0,16.0,3.00,Strong Perf.
1885,1877,176.0,98.0,16.0,3.00,Strong Perf.
1916,1892,176.0,98.0,16.0,3.00,Strong Perf.
1931,1899,176.0,98.0,16.0,3.00,Strong Perf.
1911,1889,176.0,98.0,16.0,3.00,Strong Perf.
1887,1877,176.0,98.0,16.0,3.00,Strong Perf.
1879,1874,176.0,98.0,16.0,3.00,Strong Perf.
1903,1885,176.0,98.0,16.0,3.00,Strong Perf.
1905,1886,176.0,98.0,16.0,3.00,Strong Perf.
1898,1883,176.0,98.0,16.0,3.00,Strong Perf.
1887,1877,176.0,98.0,16.0,3.00,Strong Perf.
1877,1872,176.0,98.0,16.0,3.00,Strong Perf.
1872,1870,176.0,98.0,16.0,3.00,Strong Perf.
1869,1869,176.0,98.0,16.0,3.00,Strong Perf.
1869,1869,176.0,98.0,16.0,3.00,Strong Perf.
1868,1868,176.0,98.0,16.0,3.00,Strong Perf.
1868,1868,176.0,98.0,16.0,3.00,Strong Perf.
1868,1868,176.0,98.0,16.0,3.00,Strong Perf.
1868,1868,176.0,98.0,16.0,3.00,Strong Perf.
1868,1868,176.0,98.0,16.0,3.00,Strong Perf.
1875,1871,176.0,98.0,16.0,3.00,Strong Perf.
1900,1883,176.0,98.0,16.0,3.00,Strong Perf.
1923,1894,176.0,98.0,16.0,3.00,Strong Perf.
1910,1888,176.0,98.0,16.0,3.00,Strong Perf.
1888,1877,176.0,98.0,16.0,3.00,Strong Perf.
1871,1868,176.0,98.0,16.0,3.00,Strong Perf.
1893,1879,176.0,98.0,16.0,3.00,Strong Perf.
1898,1881,176.0,98.0,16.0,3.00,Strong Perf.
1893,1879,176.0,98.0,16.0,3.00,Strong Perf.
1883,1873,176.0,98.0,16.0,3.00,Strong Perf.
1874,1869,176.0,98.0,16.0,3.00,Strong Perf.
1868,1866,176.0,98.0,16.0,3.00,Strong Perf.
1865,1865,176.0,98.0,16.0,3.00,Strong Perf.
1864,1864,176.0,98.0,16.0,3.00,Strong Perf.
1864,1864,176.0,98.0,16.0,3.00,Strong Perf.
1864,1864,176.0,98.0,16.0,3.00,Strong Perf.
1863,1863,176.0,98.0,16.0,3.00,Strong Perf.
1863,1863,176.0,98.0,16.0,3.00,Strong Perf.
1863,1863,176.0,98.0,16.0,3.00,Strong Perf.
1867,1864,176.0,98.0,16.0,3.00,Strong Perf.
1884,1873,176.0,98.0,16.0,3.00,Strong Perf.
1909,1884,176.0,98.0,16.0,3.00,Strong Perf.
1903,1882,176.0,98.0,16.0,3.00,Strong Perf.
1884,1872,176.0,98.0,16.0,3.00,Strong Perf.
1866,1863,176.0,98.0,16.0,3.00,Strong Perf.
1880,1870,176.0,98.0,16.0,3.00,Strong Perf.
1888,1874,176.0,98.0,16.0,3.00,Strong Perf.
1885,1872,176.0,98.0,16.0,3.71,Strong Perf.
1877,1868,176.0,98.0,16.0,3.71,Strong Perf.
1869,1864,176.0,98.0,16.0,3.71,Strong Perf.
1863,1861,176.0,98.0,16.0,3.90,Strong Perf.
1860,1859,176.0,98.0,16.0,4.10,Strong Perf.
1859,1859,176.0,98.0,16.0,4.29,Strong Perf.
1858,1858,176.0,98.0,16.0,4.38,Strong Perf.
1858,1858,176.0,98.0,16.0,4.57,Strong Perf.
1858,1858,176.0,98.0,16.0,4.76,Strong Perf.
1857,1857,176.0,98.0,16.0,4.76,Strong Perf.
1857,1857,176.0,98.0,16.0,4.86,Strong Perf.
1858,1858,176.0,98.0,16.0,4.86,Strong Perf.
1871,1863,176.0,98.0,16.0,4.86,Strong Perf.
1894,1874,176.0,98.0,16.0,4.86,Strong Perf.
1893,1874,176.0,98.0,16.0,4.86,Strong Perf.
1874,1865,176.0,98.0,16.0,4.86,Strong Perf.
1860,1857,176.0,98.0,16.0,4.86,Strong Perf.
1876,1865,176.0,98.0,16.0,4.95,Strong Perf.
1880,1867,176.0,98.0,16.0,4.95,Strong Perf.
1874,1864,176.0,98.0,16.0,4.95,Strong Perf.
1866,1859,176.0,98.0,16.0,5.05,Strong Perf.
1859,1856,176.0,98.0,16.0,5.24,Strong Perf.
1855,1854,176.0,98.0,16.0,5.43,Strong Perf.
1854,1854,176.0,98.0,16.0,5.71,Strong Perf.
1854,1854,176.0,98.0,16.0,5.90,Strong Perf.
1853,1853,176.0,98.0,16.0,6.10,Strong Perf.
1853,1853,176.0,98.0,16.0,6.10,Strong Perf.
1853,1853,176.0,98.0,16.0,6.19,Strong Perf.
1859,1855,176.0,98.0,16.0,6.19,Strong Perf.
1876,1864,176.0,98.0,16.0,6.19,Strong Perf.
1883,1867,176.0,98.0,16.0,6.19,Strong Perf.
1870,1861,176.0,98.0,16.0,6.19,Strong Perf.
1857,1854,176.0,98.0,16.0,6.19,Strong Perf.
1864,1858,176.0,98.0,16.0,6.19,Strong Perf.
1871,1861,176.0,98.0,16.0,6.19,Strong Perf.
1869,1860,176.0,98.0,16.0,6.19,Strong Perf.
1863,1857,176.0,98.0,16.0,6.19,Strong Perf.
1857,1853,176.0,98.0,16.0,6.19,Strong Perf.
1852,1852,176.0,98.0,16.0,6.19,Strong Perf.
1852,1851,176.0,98.0,16.0,6.19,Strong Perf.
1851,1851,176.0,98.0,16.0,6.19,Strong Perf.
1851,1851,176.0,98.0,16.0,6.19,Strong Perf.
1851,1851,176.0,98.0,16.0,6.19,Strong Perf.
1851,1851,176.0,98.0,16.0,6.29,Strong Perf.
1851,1851,176.0,98.0,16.0,6.29,Strong Perf.
1851,1851,176.0,98.0,16.0,6.29,Strong Perf.
1864,1857,176.0,98.0,16.0,6.29,Strong Perf.
1885,1868,176.0,98.0,16.0,6.29,Strong Perf.
1887,1868,176.0,98.0,16.0,6.29,Strong Perf.
1868,1859,176.0,98.0,16.0,6.29,Strong Perf.
1853,1852,176.0,98.0,16.0,6.29,Strong Perf.
1874,1862,176.0,98.0,16.0,6.29,Strong Perf.
1877,1863,176.0,98.0,16.0,6.29,Strong Perf.
1871,1861,176.0,98.0,16.0,6.29,Strong Perf.
1862,1856,176.0,98.0,16.0,6.29,Strong Perf.
1855,1853,176.0,98.0,16.0,6.29,Strong Perf.
1852,1852,176.0,98.0,16.0,6.29,Strong Perf.
1852,1851,176.0,98.0,16.0,6.38,Strong Perf.
1851,1851,176.0,98.0,16.0,6.38,Strong Perf.
1852,1852,176.0,98.0,16.0,6.38,Strong Perf.
1852,1852,176.0,98.0,16.0,6.38,Strong Perf.
1852,1852,176.0,98.0,16.0,6.38,Strong Perf.
1852,1852,176.0,98.0,16.0,6.38,Strong Perf.
1862,1857,176.0,98.0,16.0,6.38,Strong Perf.
1887,1869,176.0,98.0,16.0,6.38,Strong Perf.
1897,1874,176.0,98.0,16.0,6.38,Strong Perf.
1879,1865,176.0,98.0,16.0,6.38,Strong Perf.
1861,1857,176.0,98.0,16.0,6.38,Strong Perf.
1872,1862,176.0,98.0,16.0,6.38,Strong Perf.
1881,1866,176.0,98.0,16.0,6.38,Strong Perf.
1879,1866,176.0,98.0,16.0,6.38,Strong Perf.
1871,1862,176.0,98.0,16.0,6.38,Strong Perf.
1863,1858,176.0,98.0,16.0,6.48,Strong Perf.
1857,1855,176.0,98.0,16.0,6.48,Strong Perf.
1855,1855,176.0,98.0,16.0,6.57,Strong Perf.
1855,1855,176.0,98.0,16.0,6.67,Strong Perf.
1855,1855,176.0,98.0,16.0,6.67,Strong Perf.
1855,1855,176.0,98.0,16.0,6.76,Strong Perf.
1855,1855,176.0,98.0,16.0,6.86,Strong Perf.
1856,1856,176.0,98.0,16.0,6.95,Strong Perf.
1856,1856,176.0,98.0,16.0,6.95,Strong Perf.
1868,1862,176.0,98.0,16.0,6.95,Strong Perf.
1896,1875,176.0,98.0,16.0,6.95,Strong Perf.
1911,1883,176.0,98.0,16.0,6.95,Strong Perf.
1891,1873,176.0,98.0,16.0,6.95,Strong Perf.
1870,1863,176.0,98.0,16.0,6.95,Strong Perf.
1875,1866,176.0,98.0,16.0,6.95,Strong Perf.
1892,1874,176.0,98.0,16.0,6.95,Strong Perf.
1891,1874,176.0,98.0,16.0,6.95,Strong Perf.
1883,1870,176.0,98.0,16.0,6.95,Strong Perf.
1872,1865,176.0,98.0,16.0,7.05,Strong Perf.
1864,1861,176.0,98.0,16.0,7.14,Strong Perf.
1861,1861,176.0,98.0,16.0,7.14,Strong Perf.
1861,1860,176.0,98.0,16.0,7.14,Strong Perf.
1860,1860,176.0,98.0,16.0,7.14,Strong Perf.
1861,1861,176.0,98.0,16.0,7.14,Strong Perf.
1861,1861,176.0,98.0,16.0,7.14,Strong Perf.
1861,1861,176.0,98.0,16.0,7.14,Strong Perf.
1862,1862,176.0,98.0,16.0,7.14,Strong Perf.
1868,1865,176.0,98.0,16.0,7.14,Strong Perf.
1893,1877,176.0,98.0,16.0,7.14,Strong Perf.
1923,1892,176.0,98.0,16.0,7.14,Strong Perf.
1914,1887,176.0,98.0,16.0,7.14,Strong Perf.
1890,1876,176.0,98.0,16.0,7.14,Strong Perf.
1866,1865,176.0,98.0,16.0,7.14,Strong Perf.
1898,1881,176.0,98.0,16.0,7.24,Strong Perf.
1905,1884,176.0,98.0,16.0,7.33,Strong Perf.
1901,1882,176.0,98.0,16.0,7.33,Strong Perf.
1888,1876,176.0,98.0,16.0,7.33,Strong Perf.
1877,1870,176.0,98.0,16.0,7.33,Strong Perf.
1870,1868,176.0,98.0,16.0,7.33,Strong Perf.
1867,1867,176.0,98.0,16.0,7.33,Strong Perf.
1867,1866,176.0,98.0,16.0,7.33,Strong Perf.
1867,1867,176.0,98.0,16.0,7.43,Strong Perf.
1867,1867,176.0,98.0,16.0,7.52,Strong Perf.
1867,1867,176.0,98.0,16.0,7.52,Strong Perf.
1867,1867,176.0,98.0,16.0,7.52,Strong Perf.
1868,1868,176.0,98.0,16.0,7.52,Strong Perf.
1880,1874,176.0,98.0,16.0,7.52,Strong Perf.
1917,1892,176.0,98.0,16.0,7.62,Strong Perf.
1951,1908,176.0,98.0,16.0,7.62,Strong Perf.
1932,1899,176.0,98.0,16.0,7.71,Strong Perf.
1897,1883,176.0,98.0,16.0,7.81,Strong Perf.
1877,1873,176.0,98.0,16.0,7.81,Strong Perf.
1911,1889,176.0,98.0,16.0,7.81,Strong Perf.
1917,1892,176.0,98.0,16.0,7.90,Strong Perf.
1909,1889,176.0,98.0,16.0,8.00,Strong Perf.
1895,1882,176.0,98.0,16.0,8.00,Strong Perf.
1882,1876,176.0,98.0,16.0,8.10,Strong Perf.
1874,1872,176.0,98.0,16.0,8.10,Strong Perf.
1871,1871,176.0,98.0,16.0,8.19,Strong Perf.
1871,1871,176.0,98.0,16.0,8.38,Strong Perf.
1871,1871,176.0,98.0,16.0,8.38,Strong Perf.
1871,1871,176.0,98.0,16.0,8.38,Strong Perf.
1871,1871,176.0,98.0,16.0,8.38,Strong Perf.
1871,1871,176.0,98.0,16.0,8.48,Strong Perf.
1871,1871,176.0,98.0,16.0,8.57,Strong Perf.
1883,1877,176.0,98.0,16.0,8.57,Strong Perf.
1917,1893,176.0,98.0,16.0,8.57,Strong Perf.
1954,1911,176.0,98.0,16.0,8.67,Strong Perf.
1939,1903,176.0,98.0,16.0,8.67,Strong Perf.
1907,1888,176.0,98.0,16.0,8.67,Strong Perf.
1880,1875,176.0,98.0,16.0,8.67,Strong Perf.
1911,1890,176.0,98.0,16.0,8.67,Strong Perf.
1922,1896,176.0,98.0,16.0,8.67,Strong Perf.
1917,1893,176.0,98.0,16.0,8.67,Strong Perf.
1903,1886,176.0,98.0,16.0,8.67,Strong Perf.
1889,1879,176.0,98.0,16.0,8.67,Strong Perf.
1878,1874,176.0,98.0,16.0,8.67,Strong Perf.
1874,1872,176.0,98.0,16.0,8.67,Strong Perf.
1872,1872,176.0,98.0,16.0,8.67,Strong Perf.
1872,1871,176.0,98.0,16.0,8.67,Strong Perf.
1871,1871,176.0,98.0,16.0,8.67,Strong Perf.
1871,1871,176.0,98.0,16.0,8.67,Strong Perf.
1871,1871,176.0,98.0,16.0,8.67,Strong Perf.
1871,1871,176.0,98.0,16.0,8.67,Strong Perf.
1871,1871,176.0,98.0,16.0,8.67,Strong Perf.
1890,1880,176.0,98.0,16.0,8.67,Strong Perf.
1936,1902,176.0,98.0,16.0,8.67,Strong Perf.
1955,1911,176.0,98.0,16.0,8.67,Strong Perf.
1924,1896,176.0,98.0,16.0,8.67,Strong Perf.
1890,1879,176.0,98.0,16.0,8.67,Strong Perf.
1892,1880,176.0,98.0,16.0,8.67,Strong Perf.
1920,1893,176.0,98.0,16.0,8.67,Strong Perf.
1919,1893,176.0,98.0,16.0,8.67,Strong Perf.
1905,1886,176.0,98.0,16.0,8.67,Strong Perf.
1889,1879,176.0,98.0,16.0,8.67,Strong Perf.
1877,1873,176.0,98.0,16.0,8.67,Strong Perf.
1871,1869,176.0,98.0,16.0,8.67,Strong Perf.
1869,1869,176.0,98.0,16.0,8.95,Strong Perf.
1868,1868,176.0,98.0,16.0,9.05,Strong Perf.
1868,1868,176.0,98.0,16.0,9.14,Strong Perf.
1868,1868,176.0,98.0,16.0,9.14,Strong Perf.
1867,1867,176.0,98.0,16.0,9.14,Strong Perf.
1867,1867,176.0,98.0,16.0,9.14,Strong Perf.
1874,1870,176.0,98.0,16.0,9.14,Strong Perf.
1902,1884,176.0,98.0,16.0,9.14,Strong Perf.
1945,1904,176.0,98.0,16.0,9.14,Strong Perf.
1944,1903,176.0,98.0,16.0,9.14,Strong Perf.
1909,1886,176.0,98.0,16.0,9.14,Strong Perf.
1876,1870,176.0,98.0,16.0,9.14,Strong Perf.
1900,1881,176.0,98.0,16.0,9.14,Strong Perf.
1915,1888,176.0,98.0,16.0,9.14,Strong Perf.
1911,1886,176.0,98.0,16.0,9.14,Strong Perf.
1897,1880,176.0,98.0,16.0,9.14,Strong Perf.
1881,1872,176.0,98.0,16.0,9.14,Strong Perf.
1870,1866,176.0,98.0,16.0,9.14,Strong Perf.
1865,1864,176.0,98.0,16.0,9.14,Strong Perf.
1863,1863,176.0,98.0,16.0,9.14,Strong Perf.
1862,1862,176.0,98.0,16.0,9.14,Strong Perf.
1862,1862,176.0,98.0,16.0,9.24,Strong Perf.
1862,1862,176.0,98.0,16.0,9.33,Strong Perf.
1861,1861,176.0,98.0,16.0,9.33,Strong Perf.
1861,1861,176.0,98.0,16.0,9.43,Strong Perf.
1864,1862,176.0,98.0,16.0,9.43,Strong Perf.
1887,1873,176.0,98.0,16.0,9.43,Strong Perf.
1929,1893,176.0,98.0,16.0,9.52,Strong Perf.
1936,1896,176.0,98.0,16.0,9.62,Strong Perf.
1898,1878,176.0,98.0,16.0,9.71,Strong Perf.
1869,1863,176.0,98.0,16.0,10.00,Strong Perf.
1888,1873,176.0,98.0,16.0,10.19,Strong Perf.
1904,1880,176.0,98.0,16.0,10.29,Strong Perf.
1898,1877,176.0,98.0,16.0,10.48,Strong Perf.
1885,1871,176.0,98.0,16.0,10.48,Strong Perf.
1871,1863,176.0,98.0,16.0,10.48,Strong Perf.
1862,1859,176.0,98.0,16.0,10.48,Strong Perf.
1858,1857,176.0,98.0,16.0,10.57,Strong Perf.
1856,1856,176.0,98.0,16.0,10.67,Strong Perf.
1856,1856,176.0,98.0,16.0,10.67,Strong Perf.
1856,1856,176.0,98.0,16.0,10.67,Strong Perf.
1855,1855,176.0,98.0,16.0,10.67,Strong Perf.
1855,1855,176.0,98.0,16.0,10.67,Strong Perf.
1856,1855,176.0,98.0,16.0,10.67,Strong Perf.
1867,1860,176.0,98.0,16.0,10.67,Strong Perf.
1903,1877,176.0,98.0,16.0,10.67,Strong Perf.
1925,1888,176.0,98.0,16.0,10.67,Strong Perf.
1893,1872,176.0,98.0,16.0,10.67,Strong Perf.
1862,1857,176.0,98.0,16.0,10.67,Strong Perf.
1880,1866,176.0,98.0,16.0,10.67,Strong Perf.
1893,1872,176.0,98.0,16.0,10.67,Strong Perf.
1887,1869,176.0,98.0,16.0,10.76,Strong Perf.
1874,1863,176.0,98.0,16.0,10.76,Strong Perf.
1862,1856,176.0,98.0,16.0,10.76,Strong Perf.
1854,1853,176.0,98.0,16.0,10.86,Strong Perf.
1852,1852,176.0,98.0,16.0,10.86,Strong Perf.
1852,1851,176.0,98.0,16.0,10.95,Strong Perf.
1851,1851,176.0,98.0,16.0,10.95,Strong Perf.
1851,1851,176.0,98.0,16.0,11.05,Strong Perf.
1851,1851,176.0,98.0,16.0,11.05,Strong Perf.
1851,1851,176.0,98.0,16.0,11.05,Strong Perf.
1860,1855,176.0,98.0,16.0,11.05,Strong Perf.
1891,1870,176.0,98.0,16.0,11.05,Strong Perf.
1916,1882,176.0,98.0,16.0,11.05,Strong Perf.
1895,1872,176.0,98.0,16.0,11.05,Strong Perf.
1867,1858,176.0,98.0,16.0,11.05,Strong Perf.
1867,1858,176.0,98.0,16.0,11.05,Strong Perf.
1887,1868,176.0,98.0,16.0,11.05,Strong Perf.
1886,1867,176.0,98.0,16.0,11.05,Strong Perf.
1875,1862,176.0,98.0,16.0,11.05,Strong Perf.
1863,1856,176.0,98.0,16.0,11.05,Strong Perf.
1854,1852,176.0,98.0,16.0,11.05,Strong Perf.
1851,1850,176.0,98.0,16.0,11.05,Strong Perf.
1850,1850,176.0,98.0,16.0,11.05,Strong Perf.
1850,1850,176.0,98.0,16.0,11.05,Strong Perf.
1850,1850,176.0,98.0,16.0,11.05,Strong Perf.
1850,1850,176.0,98.0,16.0,11.05,Strong Perf.
1850,1850,176.0,98.0,16.0,11.05,Strong Perf.
1852,1850,176.0,98.0,16.0,11.05,Strong Perf.
1869,1859,176.0,98.0,16.0,11.05,Strong Perf.
1909,1878,176.0,98.0,16.0,11.05,Strong Perf.
1920,1883,176.0,98.0,16.0,11.05,Strong Perf.
1887,1868,176.0,98.0,16.0,11.05,Strong Perf.
1858,1854,176.0,98.0,16.0,11.05,Strong Perf.
1883,1866,176.0,98.0,16.0,11.05,Strong Perf.
1896,1872,176.0,98.0,16.0,11.05,Strong Perf.
1889,1869,176.0,98.0,16.0,11.05,Strong Perf.
1875,1862,176.0,98.0,16.0,11.05,Strong Perf.
1861,1855,176.0,98.0,16.0,11.05,Strong Perf.
1854,1853,176.0,98.0,16.0,11.05,Strong Perf.
1852,1852,176.0,98.0,16.0,10.95,Strong Perf.
1851,1851,176.0,98.0,16.0,10.57,Strong Perf.
1852,1852,176.0,98.0,16.0,10.38,Strong Perf.
1852,1852,176.0,98.0,16.0,10.10,Strong Perf.
1852,1852,176.0,98.0,16.0,10.00,Strong Perf.
1852,1852,176.0,98.0,16.0,9.90,Strong Perf.
1858,1855,176.0,98.0,16.0,9.71,Strong Perf.
1884,1867,176.0,98.0,16.0,9.71,Strong Perf.
1924,1887,176.0,98.0,16.0,9.71,Strong Perf.
1925,1888,176.0,98.0,16.0,9.71,Strong Perf.
1891,1872,176.0,98.0,16.0,9.71,Strong Perf.
1861,1857,176.0,98.0,16.0,9.62,Strong Perf.
1902,1877,176.0,98.0,16.0,9.33,Strong Perf.
1904,1878,176.0,98.0,16.0,9.24,Strong Perf.
1895,1873,176.0,98.0,16.0,9.05,Strong Perf.
1878,1866,176.0,98.0,16.0,8.95,Strong Perf.
1865,1860,176.0,98.0,16.0,8.76,Strong Perf.
1859,1857,176.0,98.0,16.0,8.57,Strong Perf.
1857,1856,176.0,98.0,16.0,8.48,Strong Perf.
1856,1856,176.0,98.0,16.0,8.29,Strong Perf.
1856,1856,176.0,98.0,16.0,8.19,Strong Perf.
1857,1857,176.0,98.0,16.0,8.10,Strong Perf.
1857,1857,176.0,98.0,16.0,8.10,Strong Perf.
1857,1857,176.0,98.0,16.0,8.00,Strong Perf.
1858,1858,176.0,98.0,16.0,8.00,Strong Perf.
1873,1864,176.0,98.0,16.0,7.90,Strong Perf.
1917,1886,176.0,98.0,16.0,7.90,Strong Perf.
1959,1906,176.0,98.0,16.0,7.81,Strong Perf.
1923,1896,176.0,98.0,16.0,7.71,Strong Perf.
1955,1911,176.0,98.0,16.0,7.62,Strong Perf.
1952,1911,176.0,98.0,16.0,7.52,Strong Perf.
1916,1893,176.0,98.0,16.0,7.33,Strong Perf.
1884,1877,176.0,98.0,16.0,7.33,Strong Perf.
1899,1884,176.0,98.0,16.0,7.33,Strong Perf.
1921,1895,176.0,98.0,16.0,7.24,Strong Perf.
1920,1894,176.0,98.0,16.0,7.24,Strong Perf.
1908,1888,176.0,98.0,16.0,7.24,Strong Perf.
1893,1882,176.0,98.0,16.0,7.14,Strong Perf.
1881,1875,176.0,98.0,16.0,7.14,Strong Perf.
1874,1872,176.0,98.0,16.0,7.14,Strong Perf.
1872,1871,176.0,98.0,16.0,7.14,Strong Perf.
1871,1871,176.0,98.0,16.0,7.14,Strong Perf.
1871,1871,176.0,98.0,16.0,7.14,Strong Perf.
1870,1870,176.0,98.0,16.0,7.14,Strong Perf.
1870,1870,176.0,98.0,16.0,7.14,Strong Perf.
1870,1870,176.0,98.0,16.0,7.14,Strong Perf.
1870,1870,176.0,98.0,16.0,7.14,Strong Perf.
1878,1873,176.0,98.0,16.0,7.14,Strong Perf.
1908,1888,176.0,98.0,16.0,7.14,Strong Perf.
1949,1907,176.0,98.0,16.0,7.14,Strong Perf.
1937,1901,176.0,98.0,16.0,7.14,Strong Perf.
1904,1885,176.0,98.0,16.0,7.14,Strong Perf.
1878,1873,176.0,98.0,16.0,7.14,Strong Perf.
1906,1886,176.0,98.0,16.0,7.14,Strong Perf.
1915,1890,176.0,98.0,16.0,7.14,Strong Perf.
1910,1888,176.0,98.0,16.0,7.14,Strong Perf.
1896,1881,176.0,98.0,16.0,7.14,Strong Perf.
1881,1874,176.0,98.0,16.0,7.14,Strong Perf.
1872,1869,176.0,98.0,16.0,7.14,Strong Perf.
1867,1867,176.0,98.0,16.0,7.14,Strong Perf.
1866,1866,176.0,98.0,16.0,7.14,Strong Perf.
1866,1866,176.0,98.0,16.0,7.14,Strong Perf.
1866,1866,176.0,98.0,16.0,7.14,Strong Perf.
1865,1865,176.0,98.0,16.0,7.14,Strong Perf.
1865,1865,176.0,98.0,16.0,7.14,Strong Perf.
1864,1864,176.0,98.0,16.0,7.14,Strong Perf.
1872,1868,176.0,98.0,16.0,7.14,Strong Perf.
1897,1880,176.0,98.0,16.0,7.14,Strong Perf.
1931,1895,176.0,98.0,16.0,7.14,Strong Perf.
1922,1891,176.0,98.0,16.0,7.14,Strong Perf.
1893,1878,176.0,98.0,16.0,7.14,Strong Perf.
1870,1866,176.0,98.0,16.0,7.14,Strong Perf.
1894,1877,176.0,98.0,16.0,7.14,Strong Perf.
1903,1881,176.0,98.0,16.0,7.14,Strong Perf.
1897,1878,176.0,98.0,16.0,7.14,Strong Perf.
1885,1872,176.0,98.0,16.0,7.14,Strong Perf.
1873,1866,176.0,98.0,16.0,7.14,Strong Perf.
1865,1862,176.0,98.0,16.0,7.14,Strong Perf.
1861,1860,176.0,98.0,16.0,7.14,Strong Perf.
1860,1860,176.0,98.0,16.0,7.14,Strong Perf.
1859,1859,176.0,98.0,16.0,7.14,Strong Perf.
1859,1859,176.0,98.0,16.0,7.14,Strong Perf.
1859,1859,176.0,98.0,16.0,7.14,Strong Perf.
1858,1858,176.0,98.0,16.0,7.14,Strong Perf.
1858,1858,176.0,98.0,16.0,7.14,Strong Perf.
1862,1860,176.0,98.0,16.0,7.14,Strong Perf.
1885,1871,176.0,98.0,16.0,7.14,Strong Perf.
1918,1886,176.0,98.0,16.0,7.14,Strong Perf.
1910,1882,176.0,98.0,16.0,7.14,Strong Perf.
1882,1869,176.0,98.0,16.0,7.14,Strong Perf.
1862,1859,176.0,98.0,16.0,7.14,Strong Perf.
1887,1871,176.0,98.0,16.0,7.14,Strong Perf.
1892,1873,176.0,98.0,16.0,7.14,Strong Perf.
1885,1869,176.0,98.0,16.0,7.14,Strong Perf.
1873,1864,176.0,98.0,16.0,7.14,Strong Perf.
1863,1859,176.0,98.0,16.0,7.14,Strong Perf.
1857,1855,176.0,98.0,16.0,7.14,Strong Perf.
1854,1854,176.0,98.0,16.0,7.14,Strong Perf.
1854,1854,176.0,98.0,16.0,7.14,Strong Perf.
1853,1853,176.0,98.0,16.0,7.14,Strong Perf.
1853,1853,176.0,98.0,16.0,7.14,Strong Perf.
1853,1853,176.0,98.0,16.0,7.14,Strong Perf.
1853,1853,176.0,98.0,16.0,7.14,Strong Perf.
1853,1853,176.0,98.0,16.0,7.14,Strong Perf.
1865,1858,176.0,98.0,16.0,7.14,Strong Perf.
1892,1871,176.0,98.0,16.0,7.14,Strong Perf.
1903,1876,176.0,98.0,16.0,7.14,Strong Perf.
1882,1866,176.0,98.0,16.0,7.14,Strong Perf.
1862,1856,176.0,98.0,16.0,7.14,Strong Perf.
1870,1860,176.0,98.0,16.0,7.14,Strong Perf.
1881,1865,176.0,98.0,16.0,7.14,Strong Perf.
1879,1864,176.0,98.0,16.0,7.14,Strong Perf.
1870,1860,176.0,98.0,16.0,7.14,Strong Perf.
1860,1855,176.0,98.0,16.0,7.14,Strong Perf.
1854,1852,176.0,98.0,16.0,7.14,Strong Perf.
1851,1851,176.0,98.0,16.0,7.14,Strong Perf.
1851,1851,176.0,98.0,16.0,7.14,Strong Perf.
1850,1850,176.0,98.0,16.0,7.14,Strong Perf.
1850,1850,176.0,98.0,16.0,7.14,Strong Perf.
1850,1850,176.0,98.0,16.0,7.14,Strong Perf.
1850,1850,176.0,98.0,16.0,7.14,Strong Perf.
1850,1850,176.0,98.0,16.0,7.14,Strong Perf.
1860,1855,176.0,98.0,16.0,7.14,Strong Perf.
1886,1867,176.0,98.0,16.0,7.14,Strong Perf.
1899,1873,176.0,98.0,16.0,7.14,Strong Perf.
1879,1864,176.0,98.0,16.0,7.14,Strong Perf.
1859,1854,176.0,98.0,16.0,7.14,Strong Perf.
1868,1858,176.0,98.0,16.0,7.14,Strong Perf.
1880,1864,176.0,98.0,16.0,7.14,Strong Perf.
1876,1863,176.0,98.0,16.0,7.14,Strong Perf.
1868,1858,176.0,98.0,16.0,7.14,Strong Perf.
1859,1854,176.0,98.0,16.0,7.14,Strong Perf.
1853,1851,176.0,98.0,16.0,7.14,Strong Perf.
1851,1851,176.0,98.0,16.0,7.14,Strong Perf.
1851,1851,176.0,98.0,16.0,7.14,Strong Perf.
1851,1851,176.0,98.0,16.0,7.14,Strong Perf.
1851,1851,176.0,98.0,16.0,7.14,Strong Perf.
1851,1851,176.0,98.0,16.0,7.14,Strong Perf.
1851,1851,176.0,98.0,16.0,7.14,Strong Perf.
1853,1852,176.0,98.0,16.0,7.14,Strong Perf.
1867,1859,176.0,98.0,16.0,7.14,Strong Perf.
1894,1871,176.0,98.0,16.0,7.14,Strong Perf.
1895,1872,176.0,98.0,16.0,7.14,Strong Perf.
1874,1863,176.0,98.0,16.0,7.14,Strong Perf.
1858,1855,176.0,98.0,16.0,7.14,Strong Perf.
1877,1864,176.0,98.0,16.0,7.14,Strong Perf.
1882,1867,176.0,98.0,16.0,7.14,Strong Perf.
1877,1864,176.0,98.0,16.0,7.14,Strong Perf.
1867,1859,176.0,98.0,16.0,7.14,Strong Perf.
1860,1856,176.0,98.0,16.0,7.14,Strong Perf.
1855,1854,176.0,98.0,16.0,7.14,Strong Perf.
1854,1854,176.0,98.0,16.0,7.14,Strong Perf.
1854,1854,176.0,98.0,16.0,7.14,Strong Perf.
1854,1854,176.0,98.0,16.0,7.14,Strong Perf.
1854,1854,176.0,98.0,16.0,7.14,Strong Perf.
1855,1855,176.0,98.0,16.0,7.14,Strong Perf.
1855,1855,176.0,98.0,16.0,7.14,Strong Perf.
1860,1857,176.0,98.0,16.0,7.14,Strong Perf.
1882,1868,176.0,98.0,16.0,7.14,Strong Perf.
1911,1883,176.0,98.0,16.0,7.14,Strong Perf.
1902,1878,176.0,98.0,16.0,7.14,Strong Perf.
1880,1868,176.0,98.0,16.0,7.14,Strong Perf.
1864,1860,176.0,98.0,16.0,7.14,Strong Perf.
1888,1871,176.0,98.0,16.0,7.14,Strong Perf.
1893,1875,176.0,98.0,16.0,7.14,Strong Perf.
1887,1872,176.0,98.0,16.0,7.14,Strong Perf.
1876,1866,176.0,98.0,16.0,7.14,Strong Perf.
1867,1862,176.0,98.0,16.0,7.14,Strong Perf.
1862,1860,176.0,98.0,16.0,7.14,Strong Perf.
1860,1860,176.0,98.0,16.0,7.14,Strong Perf.
1860,1860,176.0,98.0,16.0,7.14,Strong Perf.
1860,1860,176.0,98.0,16.0,7.14,Strong Perf.
1860,1860,176.0,98.0,16.0,7.14,Strong Perf.
1860,1860,176.0,98.0,16.0,7.14,Strong Perf.
1861,1861,176.0,98.0,16.0,7.14,Strong Perf.
1862,1861,176.0,98.0,16.0,7.14,Strong Perf.
1877,1869,176.0,98.0,16.0,7.14,Strong Perf.
1913,1887,176.0,98.0,16.0,7.14,Strong Perf.
1922,1890,176.0,98.0,16.0,7.14,Strong Perf.
1895,1877,176.0,98.0,16.0,7.14,Strong Perf.
1872,1867,176.0,98.0,16.0,7.14,Strong Perf.
1892,1877,176.0,98.0,16.0,7.14,Strong Perf.
1903,1882,176.0,98.0,16.0,7.14,Strong Perf.
1898,1880,176.0,98.0,16.0,7.14,Strong Perf.
1886,1874,176.0,98.0,16.0,7.14,Strong Perf.
1874,1869,176.0,98.0,16.0,7.14,Strong Perf.
1868,1866,176.0,98.0,16.0,7.14,Strong Perf.
1866,1865,176.0,98.0,16.0,7.14,Strong Perf.
1865,1865,176.0,98.0,16.0,7.14,Strong Perf.
1866,1866,176.0,98.0,16.0,7.14,Strong Perf.
1866,1866,176.0,98.0,16.0,7.14,Strong Perf.
1866,1866,176.0,98.0,16.0,7.14,Strong Perf.
1866,1866,176.0,98.0,16.0,7.14,Strong Perf.
1872,1869,176.0,98.0,16.0,7.14,Strong Perf.
1895,1880,176.0,98.0,16.0,7.14,Strong Perf.
1933,1899,176.0,98.0,16.0,7.14,Strong Perf.
1936,1900,176.0,98.0,16.0,7.14,Strong Perf.
1905,1885,176.0,98.0,16.0,7.14,Strong Perf.
1880,1873,176.0,98.0,16.0,7.14,Strong Perf.
1896,1881,176.0,98.0,16.0,7.14,Strong Perf.
1913,1890,176.0,98.0,16.0,7.14,Strong Perf.
1911,1889,176.0,98.0,16.0,7.14,Strong Perf.
1898,1882,176.0,98.0,16.0,7.14,Strong Perf.
1885,1877,176.0,98.0,16.0,7.14,Strong Perf.
1876,1872,176.0,98.0,16.0,7.14,Strong Perf.
1871,1870,176.0,98.0,16.0,7.14,Strong Perf.
1870,1870,176.0,98.0,16.0,7.14,Strong Perf.
1870,1870,176.0,98.0,16.0,7.14,Strong Perf.
1870,1870,176.0,98.0,16.0,7.14,Strong Perf.
1870,1870,176.0,98.0,16.0,7.14,Strong Perf.
1870,1870,176.0,98.0,16.0,7.14,Strong Perf.
1870,1870,176.0,98.0,16.0,7.14,Strong Perf.
1875,1872,176.0,98.0,16.0,7.14,Strong Perf.
1897,1883,176.0,98.0,16.0,7.14,Strong Perf.
1935,1902,176.0,98.0,16.0,7.14,Strong Perf.
1943,1905,176.0,98.0,16.0,7.14,Strong Perf.
1913,1891,176.0,98.0,16.0,7.14,Strong Perf.
1887,1878,176.0,98.0,16.0,7.14,Strong Perf.
1892,1881,176.0,98.0,16.0,7.14,Strong Perf.
1916,1893,176.0,98.0,16.0,7.14,Strong Perf.
1916,1892,176.0,98.0,16.0,7.14,Strong Perf.
1905,1888,176.0,98.0,16.0,7.14,Strong Perf.
1892,1881,176.0,98.0,16.0,7.14,Strong Perf.
1880,1875,176.0,98.0,16.0,7.14,Strong Perf.
1874,1872,176.0,98.0,16.0,7.14,Strong Perf.
1872,1871,176.0,98.0,16.0,7.14,Strong Perf.
1871,1871,176.0,98.0,16.0,7.14,Strong Perf.
1871,1871,176.0,98.0,16.0,7.14,Strong Perf.
1871,1871,176.0,98.0,16.0,7.14,Strong Perf.
1871,1871,176.0,98.0,16.0,7.14,Strong Perf.
1871,1871,176.0,98.0,16.0,7.14,Strong Perf.
1871,1871,176.0,98.0,16.0,7.14,Strong Perf.
1880,1875,176.0,98.0,16.0,7.14,Strong Perf.
1913,1891,176.0,98.0,16.0,7.14,Strong Perf.
1952,1909,176.0,98.0,16.0,7.14,Strong Perf.
1943,1905,176.0,98.0,16.0,7.14,Strong Perf.
1908,1888,176.0,98.0,16.0,7.14,Strong Perf.
1875,1872,176.0,98.0,16.0,7.14,Strong Perf.
1906,1887,176.0,98.0,16.0,7.14,Strong Perf.
1920,1893,176.0,98.0,16.0,7.14,Strong Perf.
1916,1891,176.0,98.0,16.0,7.14,Strong Perf.
1902,1885,176.0,98.0,16.0,7.14,Strong Perf.
1888,1877,176.0,98.0,16.0,7.14,Strong Perf.
1877,1873,176.0,98.0,16.0,7.14,Strong Perf.
1871,1870,176.0,98.0,16.0,7.14,Strong Perf.
1869,1869,176.0,98.0,16.0,7.14,Strong Perf.
1868,1868,176.0,98.0,16.0,7.14,Strong Perf.
1868,1868,176.0,98.0,16.0,7.14,Strong Perf.
1868,1868,176.0,98.0,16.0,7.14,Strong Perf.
1868,1868,176.0,98.0,16.0,7.14,Strong Perf.
1867,1867,176.0,98.0,16.0,7.14,Strong Perf.
1868,1867,176.0,98.0,16.0,7.14,Strong Perf.
1882,1874,176.0,98.0,16.0,7.14,Strong Perf.
1916,1890,176.0,98.0,16.0,7.14,Strong Perf.
1944,1903,176.0,98.0,16.0,7.14,Strong Perf.
1924,1894,176.0,98.0,16.0,7.14,Strong Perf.
1895,1880,176.0,98.0,16.0,7.14,Strong Perf.
1873,1869,176.0,98.0,16.0,7.14,Strong Perf.
1902,1883,176.0,98.0,16.0,7.14,Strong Perf.
1910,1886,176.0,98.0,16.0,7.14,Strong Perf.
1905,1883,176.0,98.0,16.0,7.14,Strong Perf.
1892,1878,176.0,98.0,16.0,7.14,Strong Perf.
1879,1871,176.0,98.0,16.0,7.14,Strong Perf.
1870,1866,176.0,98.0,16.0,7.14,Strong Perf.
1865,1864,176.0,98.0,16.0,7.14,Strong Perf.
1863,1863,176.0,98.0,16.0,7.14,Strong Perf.
1863,1863,176.0,98.0,16.0,7.14,Strong Perf.
1863,1863,176.0,98.0,16.0,7.14,Strong Perf.
1862,1862,176.0,98.0,16.0,7.14,Strong Perf.
1862,1862,176.0,98.0,16.0,7.14,Strong Perf.
1862,1862,176.0,98.0,16.0,7.14,Strong Perf.
1862,1861,176.0,98.0,16.0,6.76,Strong Perf.
1873,1866,176.0,98.0,16.0,6.76,Strong Perf.
1908,1883,176.0,98.0,16.0,6.76,Strong Perf.
1929,1893,176.0,98.0,16.0,6.76,Strong Perf.
1908,1883,176.0,98.0,16.0,6.76,Strong Perf.
1881,1870,176.0,98.0,16.0,6.76,Strong Perf.
1868,1863,176.0,98.0,16.0,6.67,Strong Perf.
1895,1877,176.0,98.0,16.0,6.48,Strong Perf.
1898,1878,176.0,98.0,16.0,6.29,Strong Perf.
1889,1873,176.0,98.0,16.0,5.90,Strong Perf.
1878,1867,176.0,98.0,16.0,5.81,Strong Perf.
1867,1862,176.0,98.0,16.0,5.81,Strong Perf.
1861,1859,176.0,98.0,16.0,5.81,Strong Perf.
1858,1858,176.0,98.0,16.0,5.81,Strong Perf.
1857,1857,176.0,98.0,16.0,5.81,Strong Perf.
1857,1857,176.0,98.0,16.0,5.81,Strong Perf.
1857,1857,176.0,98.0,16.0,5.81,Strong Perf.
1856,1856,176.0,98.0,16.0,5.81,Strong Perf.
1856,1856,176.0,98.0,16.0,5.81,Strong Perf.
1856,1856,176.0,98.0,16.0,5.81,Strong Perf.
1864,1860,176.0,98.0,16.0,5.81,Strong Perf.
1894,1874,176.0,98.0,16.0,5.81,Strong Perf.
1919,1886,176.0,98.0,16.0,5.81,Strong Perf.
1900,1876,176.0,98.0,16.0,5.81,Strong Perf.
1874,1864,176.0,98.0,16.0,5.81,Strong Perf.
1865,1860,176.0,98.0,16.0,5.81,Strong Perf.
1890,1871,176.0,98.0,16.0,5.81,Strong Perf.
1887,1869,176.0,98.0,16.0,5.81,Strong Perf.
1877,1865,176.0,98.0,16.0,5.81,Strong Perf.
1867,1859,176.0,98.0,16.0,5.81,Strong Perf.
1858,1855,176.0,98.0,16.0,5.81,Strong Perf.
1854,1854,176.0,98.0,16.0,5.81,Strong Perf.
1853,1853,176.0,98.0,16.0,5.81,Strong Perf.
1853,1853,176.0,98.0,16.0,5.81,Strong Perf.
1853,1853,176.0,98.0,16.0,5.81,Strong Perf.
1853,1853,176.0,98.0,16.0,5.81,Strong Perf.
1853,1853,176.0,98.0,16.0,5.81,Strong Perf.
1853,1853,176.0,98.0,16.0,5.81,Strong Perf.
1858,1854,176.0,98.0,16.0,5.81,Strong Perf.
1878,1864,176.0,98.0,16.0,5.81,Strong Perf.
1895,1873,176.0,98.0,16.0,5.81,Strong Perf.
1885,1868,176.0,98.0,16.0,5.81,Strong Perf.
1867,1859,176.0,98.0,16.0,5.81,Strong Perf.
1854,1853,176.0,98.0,16.0,5.81,Strong Perf.
1875,1862,176.0,98.0,16.0,5.81,Strong Perf.
1877,1864,176.0,98.0,16.0,5.81,Strong Perf.
1872,1861,176.0,98.0,16.0,5.81,Strong Perf.
1864,1858,176.0,98.0,16.0,5.81,Strong Perf.
1857,1854,176.0,98.0,16.0,5.81,Strong Perf.
1853,1852,176.0,98.0,16.0,5.81,Strong Perf.
1852,1852,176.0,98.0,16.0,5.81,Strong Perf.
1852,1852,176.0,98.0,16.0,5.81,Strong Perf.
1852,1852,176.0,98.0,16.0,5.81,Strong Perf.
1852,1852,176.0,98.0,16.0,5.81,Strong Perf.
1852,1852,176.0,98.0,16.0,5.81,Strong Perf.
1852,1852,176.0,98.0,16.0,5.81,Strong Perf.
1852,1852,176.0,98.0,16.0,5.81,Strong Perf.
1864,1857,176.0,98.0,16.0,5.81,Strong Perf.
1886,1868,176.0,98.0,16.0,5.81,Strong Perf.
1889,1870,176.0,98.0,16.0,5.81,Strong Perf.
1871,1861,176.0,98.0,16.0,5.81,Strong Perf.
1856,1854,176.0,98.0,16.0,5.81,Strong Perf.
1873,1862,176.0,98.0,16.0,5.81,Strong Perf.
1876,1864,176.0,98.0,16.0,5.81,Strong Perf.
1872,1862,176.0,98.0,16.0,5.81,Strong Perf.
1865,1858,176.0,98.0,16.0,5.81,Strong Perf.
1858,1855,176.0,98.0,16.0,5.81,Strong Perf.
1854,1854,176.0,98.0,16.0,5.81,Strong Perf.
1854,1853,176.0,98.0,16.0,5.81,Strong Perf.
1853,1853,176.0,98.0,16.0,5.81,Strong Perf.
1853,1853,176.0,98.0,16.0,5.81,Strong Perf.
1854,1854,176.0,98.0,16.0,5.81,Strong Perf.
1854,1854,176.0,98.0,16.0,5.81,Strong Perf.
1854,1854,176.0,98.0,16.0,5.81,Strong Perf.
1859,1857,176.0,98.0,16.0,5.81,Strong Perf.
1879,1866,176.0,98.0,16.0,5.81,Strong Perf.
1896,1874,176.0,98.0,16.0,5.81,Strong Perf.
1881,1867,176.0,98.0,16.0,5.81,Strong Perf.
1864,1859,176.0,98.0,16.0,5.81,Strong Perf.
1869,1861,176.0,98.0,16.0,5.81,Strong Perf.
1881,1868,176.0,98.0,16.0,5.81,Strong Perf.
1878,1866,176.0,98.0,16.0,5.81,Strong Perf.
1870,1862,176.0,98.0,16.0,5.81,Strong Perf.
1862,1859,176.0,98.0,16.0,5.81,Strong Perf.
1858,1857,176.0,98.0,16.0,5.81,Strong Perf.
1857,1857,176.0,98.0,16.0,5.81,Strong Perf.
1857,1857,176.0,98.0,16.0,5.81,Strong Perf.
1857,1857,176.0,98.0,16.0,5.81,Strong Perf.
1857,1857,176.0,98.0,16.0,5.81,Strong Perf.
1858,1858,176.0,98.0,16.0,5.81,Strong Perf.
1858,1858,176.0,98.0,16.0,5.81,Strong Perf.
1864,1861,176.0,98.0,16.0,5.81,Strong Perf.
1885,1871,176.0,98.0,16.0,5.81,Strong Perf.
1904,1880,176.0,98.0,16.0,5.81,Strong Perf.
1890,1874,176.0,98.0,16.0,5.81,Strong Perf.
1872,1865,176.0,98.0,16.0,5.81,Strong Perf.
1868,1863,176.0,98.0,16.0,5.81,Strong Perf.
1885,1872,176.0,98.0,16.0,5.81,Strong Perf.
1886,1872,176.0,98.0,16.0,5.81,Strong Perf.
1881,1870,176.0,98.0,16.0,5.81,Strong Perf.
1872,1866,176.0,98.0,20.3,5.81,Strong Perf.
1866,1863,176.0,98.0,20.3,5.81,Strong Perf.
1862,1862,176.0,98.0,20.3,5.81,Strong Perf.
1862,1862,176.0,98.0,20.3,5.81,Strong Perf.
1862,1862,176.0,98.0,20.3,5.81,Strong Perf.
1862,1862,176.0,98.0,20.3,5.81,Strong Perf.
1862,1862,176.0,98.0,20.5,5.81,Strong Perf.
1862,1862,176.0,98.0,21.1,5.81,Strong Perf.
1863,1863,176.0,98.0,21.6,5.81,Strong Perf.
1867,1864,176.0,98.0,22.1,5.81,Strong Perf.
1886,1874,176.0,98.0,22.7,5.81,Strong Perf.
1913,1887,176.0,98.0,23.2,5.81,Strong Perf.
1906,1883,176.0,98.0,24.3,5.81,Strong Perf.
1884,1874,176.0,98.0,24.5,5.81,Strong Perf.
1871,1868,176.0,98.0,24.8,5.81,Strong Perf.
1892,1878,176.0,98.0,25.1,5.81,Strong Perf.
1897,1880,176.0,98.0,25.1,5.81,Strong Perf.
1890,1877,176.0,98.0,25.3,5.81,Strong Perf.
1880,1872,176.0,98.0,25.6,5.81,Strong Perf.
1872,1868,176.0,98.0,26.1,5.81,Strong Perf.
1867,1866,176.0,98.0,26.4,5.81,Strong Perf.
1866,1866,176.0,98.0,27.2,5.81,Strong Perf.
1866,1866,176.0,98.0,27.5,5.81,Strong Perf.
1866,1866,176.0,98.0,28.3,5.81,Strong Perf.
1866,1866,176.0,98.0,28.5,5.81,Strong Perf.
1866,1866,176.0,98.0,28.8,5.81,Strong Perf.
1867,1867,176.0,98.0,29.3,5.81,Strong Perf.
1871,1869,176.0,98.0,29.9,5.81,Strong Perf.
1890,1878,176.0,98.0,30.7,5.81,Strong Perf.
1920,1892,176.0,98.0,31.2,5.81,Strong Perf.
1918,1892,176.0,98.0,31.5,5.81,Strong Perf.
1895,1880,176.0,98.0,31.7,5.81,Strong Perf.
1874,1870,176.0,98.0,31.7,5.81,Strong Perf.
1896,1881,176.0,98.0,32.5,5.81,Strong Perf.
1902,1884,176.0,98.0,33.6,5.81,Strong Perf.
1899,1882,176.0,98.0,34.4,5.81,Strong Perf.
1889,1878,176.0,98.0,34.9,5.81,Strong Perf.
1879,1873,176.0,98.0,35.2,5.81,Strong Perf.
1873,1870,176.0,98.0,35.5,5.81,Strong Perf.
1870,1869,176.0,98.0,35.7,5.81,Strong Perf.
1869,1869,176.0,98.0,35.7,5.81,Strong Perf.
1869,1869,176.0,98.0,36.0,5.81,Strong Perf.
1869,1869,176.0,98.0,36.8,5.81,Strong Perf.
1869,1869,176.0,98.0,37.3,5.81,Strong Perf.
1869,1869,176.0,98.0,37.9,5.81,Strong Perf.
1869,1869,176.0,98.0,38.1,5.81,Strong Perf.
1876,1872,176.0,98.0,38.1,5.81,Strong Perf.
1901,1884,176.0,98.0,38.4,5.81,Strong Perf.
1932,1899,176.0,98.0,38.9,5.81,Strong Perf.
1930,1898,176.0,98.0,39.7,5.81,Strong Perf.
1902,1884,176.0,98.0,40.0,5.81,Strong Perf.
1878,1873,176.0,98.0,40.8,5.81,Strong Perf.
1894,1881,176.0,98.0,41.1,5.81,Strong Perf.
1909,1888,176.0,98.0,41.3,5.81,Strong Perf.
1908,1887,176.0,98.0,41.9,5.81,Strong Perf.
1898,1882,176.0,98.0,42.1,5.81,Strong Perf.
1885,1877,176.0,98.0,42.9,5.81,Strong Perf.
1876,1872,176.0,98.0,43.2,5.81,Strong Perf.
1871,1870,176.0,98.0,44.0,5.81,Strong Perf.
1869,1869,176.0,98.0,44.5,5.81,Strong Perf.
1868,1868,176.0,98.0,45.3,5.81,Strong Perf.
1868,1868,176.0,98.0,46.7,5.81,Strong Perf.
1868,1868,176.0,98.0,48.0,5.81,Strong Perf.
1868,1868,176.0,98.0,48.8,5.81,Strong Perf.
1868,1868,176.0,98.0,49.1,5.81,Strong Perf.
1867,1867,176.0,98.0,49.6,5.81,Strong Perf.
1876,1872,176.0,98.0,49.6,5.81,Strong Perf.
1903,1884,176.0,98.0,49.9,5.81,Strong Perf.
1932,1898,176.0,98.0,50.4,5.81,Strong Perf.
1921,1892,176.0,98.0,50.4,5.81,Strong Perf.
1893,1879,176.0,98.0,50.7,5.81,Strong Perf.
1872,1869,176.0,98.0,50.7,5.81,Strong Perf.
1895,1879,176.0,98.0,50.9,5.81,Strong Perf.
1902,1883,176.0,98.0,51.5,5.81,Strong Perf.
1899,1880,176.0,98.0,52.0,5.81,Strong Perf.
1888,1875,176.0,98.0,53.3,5.81,Strong Perf.
1876,1869,176.0,98.0,54.1,5.81,Strong Perf.
1868,1865,176.0,98.0,54.7,5.81,Strong Perf.
1864,1863,176.0,98.0,54.7,5.81,Strong Perf.
1862,1862,176.0,98.0,54.7,5.81,Strong Perf.
1861,1861,176.0,98.0,54.7,5.81,Strong Perf.
1860,1860,176.0,98.0,54.7,5.81,Strong Perf.
1860,1860,176.0,98.0,54.7,5.81,Strong Perf.
1859,1859,176.0,98.0,54.7,5.81,Strong Perf.
1859,1859,176.0,98.0,55.2,5.81,Strong Perf.
1859,1858,176.0,98.0,56.0,5.81,Strong Perf.
1872,1864,176.0,98.0,56.5,5.81,Strong Perf.
1898,1876,176.0,98.0,56.5,5.81,Strong Perf.
1908,1881,176.0,98.0,56.5,5.81,Strong Perf.
1884,1869,176.0,98.0,56.5,5.81,Strong Perf.
1864,1859,176.0,98.0,56.5,5.81,Strong Perf.
1872,1863,176.0,98.0,56.5,5.81,Strong Perf.
1882,1867,176.0,98.0,56.5,5.81,Strong Perf.
1879,1866,176.0,98.0,56.5,5.81,Strong Perf.
1871,1861,176.0,98.0,56.5,5.81,Strong Perf.
1861,1856,176.0,98.0,56.5,5.81,Strong Perf.
1855,1854,176.0,98.0,56.5,5.81,Strong Perf.
1852,1852,176.0,98.0,56.5,5.81,Strong Perf.
1851,1851,176.0,98.0,56.5,5.81,Strong Perf.
1851,1851,176.0,98.0,56.5,5.81,Strong Perf.
1850,1850,176.0,98.0,56.5,5.81,Strong Perf.
1850,1850,176.0,98.0,56.5,5.81,Strong Perf.
1850,1850,176.0,98.0,56.5,5.81,Strong Perf.
1850,1850,176.0,98.0,56.5,5.81,Strong Perf.
1854,1852,176.0,98.0,56.5,5.81,Strong Perf.
1871,1860,176.0,98.0,56.5,5.81,Strong Perf.
1891,1870,176.0,98.0,56.5,5.81,Strong Perf.
1883,1866,176.0,98.0,56.5,5.81,Strong Perf.
1866,1858,176.0,98.0,56.5,5.81,Strong Perf.
1855,1852,176.0,98.0,56.5,5.81,Strong Perf.
1873,1861,176.0,98.0,56.5,5.81,Strong Perf.
1877,1863,176.0,98.0,56.5,5.81,Strong Perf.
1873,1861,176.0,98.0,56.5,5.81,Strong Perf.
1865,1857,176.0,98.0,56.5,5.81,Strong Perf.
1858,1855,176.0,98.0,56.5,5.81,Strong Perf.
1855,1854,176.0,98.0,56.5,5.81,Strong Perf.
1854,1854,176.0,98.0,56.5,5.81,Strong Perf.
1854,1854,176.0,98.0,56.5,5.81,Strong Perf.
1855,1855,176.0,98.0,56.5,5.81,Strong Perf.
1856,1856,176.0,98.0,56.5,5.81,Strong Perf.
1856,1856,176.0,98.0,56.5,5.81,Strong Perf.
1857,1857,176.0,98.0,56.5,5.81,Strong Perf.
1860,1859,176.0,98.0,56.5,5.81,Strong Perf.
1877,1867,176.0,98.0,56.5,5.81,Strong Perf.
1907,1882,176.0,98.0,56.5,5.81,Strong Perf.
1914,1886,176.0,98.0,56.5,5.81,Strong Perf.
1889,1875,176.0,98.0,56.5,5.81,Strong Perf.
1867,1865,176.0,98.0,56.5,5.81,Strong Perf.
1889,1875,176.0,98.0,56.5,5.81,Strong Perf.
1899,1881,176.0,98.0,56.5,5.81,Strong Perf.
1896,1879,176.0,98.0,56.5,5.81,Strong Perf.
1885,1874,176.0,98.0,56.5,5.81,Strong Perf.
1875,1870,176.0,98.0,56.5,5.81,Strong Perf.
1867,1867,176.0,98.0,56.5,5.81,Strong Perf.
1866,1866,176.0,98.0,56.5,5.81,Strong Perf.
1866,1866,176.0,98.0,56.5,5.81,Strong Perf.
1866,1866,176.0,98.0,56.5,5.81,Strong Perf.
1866,1866,176.0,98.0,56.5,5.81,Strong Perf.
1866,1866,176.0,98.0,56.5,5.81,Strong Perf.
1866,1866,176.0,98.0,56.5,5.81,Strong Perf.
1873,1870,176.0,98.0,56.5,5.81,Strong Perf.
1898,1881,176.0,98.0,56.5,5.81,Strong Perf.
1927,1894,176.0,98.0,56.5,5.81,Strong Perf.
1919,1891,176.0,98.0,56.5,5.81,Strong Perf.
1891,1877,176.0,98.0,56.5,5.81,Strong Perf.
1868,1866,176.0,98.0,56.5,5.81,Strong Perf.
1891,1877,176.0,98.0,56.5,5.81,Strong Perf.
1897,1879,176.0,98.0,56.5,5.81,Strong Perf.
1892,1877,176.0,98.0,56.5,5.81,Strong Perf.
1880,1871,176.0,98.0,56.5,5.81,Strong Perf.
1871,1866,176.0,98.0,56.5,5.81,Strong Perf.
1863,1862,176.0,98.0,56.5,5.81,Strong Perf.
1860,1860,176.0,98.0,56.5,5.81,Strong Perf.
1859,1859,176.0,98.0,56.5,5.81,Strong Perf.
1858,1858,176.0,98.0,56.5,5.81,Strong Perf.
1857,1857,176.0,98.0,56.5,5.81,Strong Perf.
1861,1861,176.0,98.0,56.5,5.81,Strong Perf.
1860,1860,176.0,98.0,56.5,5.81,Strong Perf.
1860,1860,176.0,98.0,56.5,5.81,Strong Perf.
1859,1859,176.0,98.0,56.5,5.81,Strong Perf.
1861,1859,176.0,98.0,56.5,5.81,Strong Perf.
1877,1867,176.0,98.0,56.5,5.81,Strong Perf.
1899,1877,176.0,98.0,56.5,5.81,Strong Perf.
1893,1874,176.0,98.0,56.5,5.81,Strong Perf.
1873,1864,176.0,98.0,56.5,5.81,Strong Perf.
1859,1857,176.0,98.0,56.5,5.81,Strong Perf.
1879,1866,176.0,98.0,56.5,5.81,Strong Perf.
1881,1868,176.0,98.0,56.5,5.81,Strong Perf.
1875,1864,176.0,98.0,56.5,5.81,Strong Perf.
1867,1861,176.0,98.0,56.5,5.81,Strong Perf.
1860,1857,176.0,98.0,56.5,5.81,Strong Perf.
1857,1856,176.0,98.0,56.5,5.81,Strong Perf.
1857,1856,176.0,98.0,56.5,5.81,Strong Perf.
1857,1857,176.0,98.0,56.5,5.81,Strong Perf.
1857,1857,176.0,98.0,56.5,5.81,Strong Perf.
1857,1857,176.0,98.0,56.5,5.81,Strong Perf.
1858,1858,176.0,98.0,56.5,5.81,Strong Perf.
1859,1859,176.0,98.0,56.5,5.81,Strong Perf.
1864,1861,176.0,98.0,56.5,5.81,Strong Perf.
1886,1872,176.0,98.0,56.5,5.81,Strong Perf.
1911,1884,176.0,98.0,56.5,5.81,Strong Perf.
1901,1880,176.0,98.0,56.5,5.81,Strong Perf.
1880,1871,176.0,98.0,56.5,5.81,Strong Perf.
1866,1864,176.0,98.0,56.5,5.81,Strong Perf.
1895,1878,176.0,98.0,56.5,5.81,Strong Perf.
1898,1880,176.0,98.0,56.5,5.81,Strong Perf.
1892,1878,176.0,98.0,56.5,5.81,Strong Perf.
1881,1872,176.0,98.0,56.5,5.81,Strong Perf.
1872,1868,176.0,98.0,55.7,5.81,Strong Perf.
1868,1867,176.0,98.0,54.7,5.81,Strong Perf.
1867,1867,176.0,98.0,53.3,5.81,Strong Perf.
1867,1867,176.0,98.0,52.3,5.81,Strong Perf.
1867,1867,176.0,98.0,51.2,5.81,Strong Perf.
1867,1867,176.0,98.0,50.4,5.81,Strong Perf.
1867,1867,176.0,98.0,49.3,5.81,Strong Perf.
1867,1867,176.0,98.0,48.3,5.81,Strong Perf.
1870,1868,176.0,98.0,46.9,5.81,Strong Perf.
1888,1877,176.0,98.0,45.1,5.81,Strong Perf.
1920,1892,176.0,98.0,43.7,5.81,Strong Perf.
1930,1897,176.0,98.0,42.7,5.81,Strong Perf.
1903,1884,176.0,98.0,41.3,5.81,Strong Perf.
1880,1873,176.0,98.0,40.3,5.81,Strong Perf.
1881,1873,176.0,98.0,39.2,5.81,Strong Perf.
1900,1882,176.0,98.0,38.4,5.81,Strong Perf.
1901,1882,176.0,98.0,38.1,5.81,Strong Perf.
1892,1877,176.0,98.0,37.9,5.81,Strong Perf.
1880,1872,176.0,98.0,37.3,5.81,Strong Perf.
1871,1866,176.0,98.0,36.5,5.81,Strong Perf.
1866,1864,176.0,98.0,36.0,5.81,Strong Perf.
1862,1862,176.0,98.0,35.2,5.81,Strong Perf.
1861,1861,176.0,98.0,34.9,5.81,Strong Perf.
1861,1861,176.0,98.0,34.1,5.81,Strong Perf.
1860,1860,176.0,98.0,33.9,5.81,Strong Perf.
1860,1860,176.0,98.0,33.1,5.81,Strong Perf.
1859,1859,176.0,98.0,32.8,5.81,Strong Perf.
1858,1858,176.0,98.0,32.3,5.81,Strong Perf.
1862,1860,176.0,98.0,31.7,5.81,Strong Perf.
1880,1868,176.0,98.0,31.2,5.81,Strong Perf.
1904,1879,176.0,98.0,30.7,5.81,Strong Perf.
1900,1877,176.0,98.0,30.7,5.81,Strong Perf.
1877,1865,176.0,98.0,30.7,5.81,Strong Perf.
1859,1857,176.0,98.0,30.7,5.81,Strong Perf.
1876,1865,176.0,98.0,30.7,5.81,Strong Perf.
1882,1868,176.0,98.0,30.7,5.81,Strong Perf.
1878,1865,176.0,98.0,30.7,5.81,Strong Perf.
1870,1861,176.0,98.0,30.7,5.81,Strong Perf.
1861,1856,176.0,98.0,30.7,5.81,Strong Perf.
1855,1853,176.0,98.0,30.7,5.81,Strong Perf.
1853,1853,176.0,98.0,30.7,5.81,Strong Perf.
1852,1852,176.0,98.0,30.7,5.81,Strong Perf.
1852,1852,176.0,98.0,30.7,5.81,Strong Perf.
1851,1851,176.0,98.0,30.7,5.81,Strong Perf.
1851,1851,176.0,98.0,30.7,5.81,Strong Perf.
1851,1851,176.0,98.0,30.7,5.81,Strong Perf.
1851,1851,176.0,98.0,30.7,5.81,Strong Perf.
1857,1853,176.0,98.0,30.7,5.81,Strong Perf.
1877,1863,176.0,98.0,30.7,5.81,Strong Perf.
1892,1870,176.0,98.0,30.7,5.81,Strong Perf.
1875,1862,176.0,98.0,30.7,5.81,Strong Perf.
1859,1854,176.0,98.0,30.7,5.81,Strong Perf.
1867,1858,176.0,98.0,30.7,5.81,Strong Perf.
1874,1861,176.0,98.0,30.7,5.81,Strong Perf.
1872,1860,176.0,98.0,30.7,5.81,Strong Perf.
1863,1856,176.0,98.0,30.7,5.81,Strong Perf.
1856,1852,176.0,98.0,30.7,5.81,Strong Perf.
1851,1851,176.0,98.0,30.7,5.81,Strong Perf.
1851,1850,176.0,98.0,30.7,5.81,Strong Perf.
1850,1850,176.0,98.0,30.7,5.81,Strong Perf.
1851,1851,176.0,98.0,30.7,5.81,Strong Perf.
1851,1851,176.0,98.0,30.7,5.81,Strong Perf.
1851,1851,176.0,98.0,30.7,5.81,Strong Perf.
1851,1851,176.0,98.0,30.7,5.81,Strong Perf.
1857,1854,176.0,98.0,30.7,5.81,Strong Perf.
1880,1865,176.0,98.0,30.7,5.81,Strong Perf.
1896,1873,176.0,98.0,30.7,5.81,Strong Perf.
1882,1867,176.0,98.0,30.7,5.81,Strong Perf.
1863,1858,176.0,98.0,30.7,5.81,Strong Perf.
1867,1860,176.0,98.0,30.7,5.81,Strong Perf.
1881,1866,176.0,98.0,30.7,5.81,Strong Perf.
1880,1867,176.0,98.0,30.7,5.81,Strong Perf.
1872,1863,176.0,98.0,30.7,5.81,Strong Perf.
1864,1859,176.0,98.0,30.7,5.81,Strong Perf.
1858,1857,176.0,98.0,30.7,5.81,Strong Perf.
1857,1857,176.0,98.0,30.7,5.81,Strong Perf.
1857,1857,176.0,98.0,30.7,5.81,Strong Perf.
1857,1857,176.0,98.0,30.7,5.81,Strong Perf.
1858,1858,176.0,98.0,30.7,5.81,Strong Perf.
1858,1858,176.0,98.0,30.7,5.81,Strong Perf.
1859,1859,176.0,98.0,30.7,5.81,Strong Perf.
1862,1861,176.0,98.0,30.7,5.81,Strong Perf.
1884,1871,176.0,98.0,30.7,5.81,Strong Perf.
1915,1886,176.0,98.0,30.7,5.81,Strong Perf.
1911,1885,176.0,98.0,30.7,5.81,Strong Perf.
1887,1873,176.0,98.0,30.7,5.81,Strong Perf.
1869,1865,176.0,98.0,30.7,5.81,Strong Perf.
1893,1877,176.0,98.0,30.7,5.81,Strong Perf.
1899,1880,176.0,98.0,30.7,5.81,Strong Perf.
1894,1878,176.0,98.0,30.7,5.81,Strong Perf.
1883,1874,176.0,98.0,30.7,5.81,Strong Perf.
1874,1869,176.0,98.0,30.7,5.81,Strong Perf.
1868,1867,176.0,98.0,30.7,5.81,Strong Perf.
1867,1866,176.0,98.0,30.7,5.81,Strong Perf.
1867,1866,176.0,98.0,30.7,5.81,Strong Perf.
1867,1867,176.0,98.0,30.7,5.81,Strong Perf.
1867,1867,176.0,98.0,30.7,5.81,Strong Perf.
1868,1868,176.0,98.0,30.7,5.81,Strong Perf.
1868,1868,176.0,98.0,30.7,5.81,Strong Perf.
1871,1870,176.0,98.0,30.7,5.81,Strong Perf.
1890,1879,176.0,98.0,30.7,5.81,Strong Perf.
1930,1898,176.0,98.0,30.7,5.81,Strong Perf.
1935,1901,176.0,98.0,30.7,5.81,Strong Perf.
1906,1887,176.0,98.0,30.7,5.81,Strong Perf.
1881,1875,176.0,98.0,30.7,5.81,Strong Perf.
1900,1884,176.0,98.0,30.7,5.81,Strong Perf.
1912,1890,176.0,98.0,30.7,5.81,Strong Perf.
1909,1888,176.0,98.0,30.7,5.81,Strong Perf.
1896,1882,176.0,98.0,30.7,5.81,Strong Perf.
1884,1876,176.0,98.0,30.7,5.81,Strong Perf.
1875,1872,176.0,98.0,30.7,5.81,Strong Perf.
1871,1871,176.0,98.0,30.7,5.81,Strong Perf.
1871,1871,176.0,98.0,30.7,5.81,Strong Perf.
1871,1871,176.0,98.0,30.7,5.81,Strong Perf.
1871,1871,176.0,98.0,30.7,5.81,Strong Perf.
1870,1870,176.0,98.0,30.7,5.81,Strong Perf.
1870,1870,176.0,98.0,30.7,5.81,Strong Perf.
1870,1870,176.0,98.0,30.7,5.81,Strong Perf.
1878,1874,176.0,98.0,30.7,5.81,Strong Perf.
1903,1886,176.0,98.0,30.7,5.81,Strong Perf.
1930,1898,176.0,98.0,30.7,5.81,Strong Perf.
1922,1894,176.0,98.0,30.7,5.81,Strong Perf.
1897,1882,176.0,98.0,30.7,5.81,Strong Perf.
1874,1871,176.0,98.0,30.7,5.81,Strong Perf.
1894,1881,176.0,98.0,30.7,5.81,Strong Perf.
1903,1885,176.0,98.0,30.7,5.81,Strong Perf.
1901,1884,176.0,98.0,30.7,5.81,Strong Perf.
1891,1878,176.0,98.0,30.7,5.81,Strong Perf.
1881,1873,176.0,98.0,30.7,5.81,Strong Perf.
1873,1870,176.0,98.0,30.7,5.81,Strong Perf.
1868,1867,176.0,98.0,30.7,5.81,Strong Perf.
1866,1866,176.0,98.0,30.7,5.81,Strong Perf.
1866,1866,176.0,98.0,30.7,5.81,Strong Perf.
1865,1865,176.0,98.0,30.7,5.81,Strong Perf.
1865,1865,176.0,98.0,30.7,5.81,Strong Perf.
1864,1864,176.0,98.0,30.7,5.81,Strong Perf.
1864,1864,176.0,98.0,30.7,5.81,Strong Perf.
1863,1863,176.0,98.0,30.7,5.81,Strong Perf.
1869,1866,176.0,98.0,30.7,5.81,Strong Perf.
1888,1875,176.0,98.0,30.7,5.81,Strong Perf.
1910,1885,176.0,98.0,30.7,5.81,Strong Perf.
1899,1879,176.0,98.0,30.7,5.81,Strong Perf.
1878,1869,176.0,98.0,30.7,5.81,Strong Perf.
1868,1864,176.0,98.0,30.7,5.81,Strong Perf.
1885,1872,176.0,98.0,30.7,5.81,Strong Perf.
1886,1872,176.0,98.0,30.7,5.81,Strong Perf.
1880,1869,176.0,98.0,30.7,5.81,Strong Perf.
1871,1865,176.0,98.0,30.7,5.81,Strong Perf.
1864,1861,176.0,98.0,30.7,5.81,Strong Perf.
1860,1859,176.0,98.0,30.7,5.81,Strong Perf.
1858,1858,176.0,98.0,30.7,5.81,Strong Perf.
1858,1858,176.0,98.0,30.7,5.81,Strong Perf.
1858,1858,176.0,98.0,30.7,5.81,Strong Perf.
1857,1857,176.0,98.0,30.7,5.81,Strong Perf.
1857,1857,176.0,98.0,30.7,5.81,Strong Perf.
1857,1857,176.0,98.0,30.7,5.81,Strong Perf.
1859,1858,176.0,98.0,30.7,5.81,Strong Perf.
1874,1865,176.0,98.0,30.7,5.81,Strong Perf.
1894,1875,176.0,98.0,30.7,5.81,Strong Perf.
1891,1873,176.0,98.0,30.7,5.81,Strong Perf.
1871,1863,176.0,98.0,30.7,5.81,Strong Perf.
1860,1858,176.0,98.0,30.7,5.81,Strong Perf.
1877,1866,176.0,98.0,30.7,5.81,Strong Perf.
1879,1867,176.0,98.0,30.7,5.81,Strong Perf.
1875,1864,176.0,98.0,30.7,5.81,Strong Perf.
1867,1861,176.0,98.0,30.7,5.81,Strong Perf.
1860,1858,176.0,98.0,30.7,5.81,Strong Perf.
1857,1856,176.0,98.0,30.7,5.81,Strong Perf.
1856,1856,176.0,98.0,30.7,5.81,Strong Perf.
1856,1856,176.0,98.0,30.7,5.81,Strong Perf.
1856,1856,176.0,98.0,30.7,5.81,Strong Perf.
1856,1856,176.0,98.0,30.7,5.81,Strong Perf.
1856,1856,176.0,98.0,30.7,5.81,Strong Perf.
1856,1856,176.0,98.0,30.7,5.81,Strong Perf.
1861,1858,176.0,98.0,30.7,5.81,Strong Perf.
1882,1869,176.0,98.0,30.7,5.81,Strong Perf.
1902,1878,176.0,98.0,30.7,5.81,Strong Perf.
1888,1872,176.0,98.0,30.7,5.81,Strong Perf.
1870,1863,176.0,98.0,30.7,5.81,Strong Perf.
1870,1863,176.0,98.0,30.7,5.81,Strong Perf.
1886,1871,176.0,98.0,30.7,5.81,Strong Perf.
1885,1871,176.0,98.0,30.7,5.81,Strong Perf.
1877,1867,176.0,98.0,30.7,5.81,Strong Perf.
1868,1863,176.0,98.0,30.7,5.81,Strong Perf.
1862,1860,176.0,98.0,30.7,5.81,Strong Perf.
1860,1859,176.0,98.0,30.7,5.81,Strong Perf.
1860,1859,176.0,98.0,30.7,5.81,Strong Perf.
1860,1860,176.0,98.0,30.7,5.81,Strong Perf.
1860,1860,176.0,98.0,30.7,5.81,Strong Perf.
1860,1860,176.0,98.0,30.7,5.81,Strong Perf.
1861,1861,176.0,98.0,30.7,5.81,Strong Perf.
1863,1862,176.0,98.0,30.7,5.81,Strong Perf.
1880,1870,176.0,98.0,30.7,5.81,Strong Perf.
1909,1884,176.0,98.0,30.7,5.81,Strong Perf.
1916,1888,176.0,98.0,30.7,5.81,Strong Perf.
1893,1877,176.0,98.0,30.7,5.81,Strong Perf.
1872,1867,176.0,98.0,30.7,5.81,Strong Perf.
1881,1872,176.0,98.0,30.7,5.81,Strong Perf.
1897,1879,176.0,98.0,30.7,5.81,Strong Perf.
1897,1879,176.0,98.0,30.7,5.81,Strong Perf.
1889,1875,176.0,98.0,30.7,5.81,Strong Perf.
1878,1871,176.0,98.0,30.7,5.81,Strong Perf.
1869,1867,176.0,98.0,30.7,5.81,Strong Perf.
1866,1865,176.0,98.0,30.7,5.81,Strong Perf.
1865,1864,176.0,98.0,30.7,5.81,Strong Perf.
1865,1864,176.0,98.0,30.7,5.81,Strong Perf.
1865,1865,176.0,98.0,30.7,5.81,Strong Perf.
1865,1865,176.0,98.0,30.7,5.81,Strong Perf.
1865,1865,176.0,98.0,30.7,5.81,Strong Perf.
1865,1865,176.0,98.0,30.7,5.81,Strong Perf.
1867,1865,176.0,98.0,30.7,5.81,Strong Perf.
1883,1874,176.0,98.0,30.7,5.81,Strong Perf.
1917,1890,176.0,98.0,30.7,5.81,Strong Perf.
1932,1897,176.0,98.0,30.7,5.81,Strong Perf.
1906,1884,176.0,98.0,30.7,5.81,Strong Perf.
1883,1873,176.0,98.0,30.7,5.81,Strong Perf.
1878,1871,176.0,98.0,30.7,5.81,Strong Perf.
1902,1882,176.0,98.0,30.7,5.81,Strong Perf.
1904,1883,176.0,98.0,30.7,5.81,Strong Perf.
1896,1880,176.0,98.0,30.7,5.81,Strong Perf.
1884,1873,176.0,98.0,30.7,5.81,Strong Perf.
1873,1868,176.0,98.0,30.7,5.81,Strong Perf.
1867,1865,176.0,98.0,30.7,5.81,Strong Perf.
1864,1864,176.0,98.0,30.7,5.81,Strong Perf.
1863,1863,176.0,98.0,30.7,5.81,Strong Perf.
1863,1863,176.0,98.0,30.7,5.81,Strong Perf.
1863,1863,176.0,98.0,30.7,5.81,Strong Perf.
1863,1863,176.0,98.0,30.7,5.81,Strong Perf.
1862,1862,176.0,98.0,30.7,5.81,Strong Perf.
1862,1862,176.0,98.0,30.7,5.81,Strong Perf.
1867,1864,176.0,98.0,30.7,5.81,Strong Perf.
1890,1875,176.0,98.0,30.7,5.81,Strong Perf.
1918,1888,176.0,98.0,30.7,5.81,Strong Perf.
1908,1883,176.0,98.0,30.7,5.81,Strong Perf.
1885,1872,176.0,98.0,30.7,5.81,Strong Perf.
1866,1863,176.0,98.0,30.7,5.81,Strong Perf.
1887,1872,176.0,98.0,30.7,5.81,Strong Perf.
1892,1875,176.0,98.0,30.7,5.81,Strong Perf.
1886,1872,176.0,98.0,30.7,5.81,Strong Perf.
1876,1866,176.0,98.0,30.7,5.81,Strong Perf.
1867,1862,176.0,98.0,30.7,5.81,Strong Perf.
1861,1859,176.0,98.0,30.7,5.81,Strong Perf.
1858,1857,176.0,98.0,30.7,5.81,Strong Perf.
1857,1857,176.0,98.0,30.7,5.81,Strong Perf.
1857,1857,176.0,98.0,30.7,5.81,Strong Perf.
1856,1856,176.0,98.0,30.7,5.81,Strong Perf.
1856,1856,176.0,98.0,30.7,5.81,Strong Perf.
1855,1855,176.0,98.0,30.7,5.81,Strong Perf.
1855,1855,176.0,98.0,30.7,5.81,Strong Perf.
1861,1858,176.0,98.0,30.7,5.81,Strong Perf.
1882,1867,176.0,98.0,30.7,5.81,Strong Perf.
1903,1877,176.0,98.0,30.7,5.81,Strong Perf.
1891,1872,176.0,98.0,30.7,5.81,Strong Perf.
1871,1862,176.0,98.0,30.7,5.81,Strong Perf.
1856,1854,176.0,98.0,30.7,5.81,Strong Perf.
1879,1866,176.0,98.0,30.7,5.81,Strong Perf.
1880,1866,176.0,98.0,30.7,5.81,Strong Perf.
1875,1863,176.0,98.0,30.7,5.81,Strong Perf.
1866,1859,176.0,98.0,30.7,5.81,Strong Perf.
1859,1855,176.0,98.0,30.7,5.81,Strong Perf.
1854,1853,176.0,98.0,30.7,5.81,Strong Perf.
1853,1853,176.0,98.0,30.7,5.81,Strong Perf.
1853,1853,176.0,98.0,30.7,5.81,Strong Perf.
1853,1853,176.0,98.0,30.7,5.81,Strong Perf.
1853,1853,176.0,98.0,30.7,5.81,Strong Perf.
1853,1853,176.0,98.0,30.7,5.81,Strong Perf.
1853,1853,176.0,98.0,30.7,5.81,Strong Perf.
1854,1853,176.0,98.0,30.7,5.81,Strong Perf.
1863,1857,176.0,98.0,30.7,5.81,Strong Perf.
1886,1869,176.0,98.0,30.7,5.81,Strong Perf.
1892,1871,176.0,98.0,30.7,5.81,Strong Perf.
1874,1863,176.0,98.0,30.7,5.81,Strong Perf.
1859,1856,176.0,98.0,30.7,5.81,Strong Perf.
1873,1863,176.0,98.0,30.7,5.81,Strong Perf.
1878,1866,176.0,98.0,30.7,5.81,Strong Perf.
1875,1864,176.0,98.0,30.7,5.81,Strong Perf.
1868,1860,176.0,98.0,30.7,5.81,Strong Perf.
1861,1858,176.0,98.0,30.7,5.81,Strong Perf.
1857,1856,176.0,98.0,30.7,5.81,Strong Perf.
1856,1856,176.0,98.0,30.7,5.81,Strong Perf.
1856,1856,176.0,98.0,30.7,5.81,Strong Perf.
1856,1856,176.0,98.0,30.7,5.81,Strong Perf.
1857,1857,176.0,98.0,30.7,5.81,Strong Perf.
1857,1857,176.0,98.0,30.7,5.81,Strong Perf.
1858,1858,176.0,98.0,30.7,5.81,Strong Perf.
1862,1860,176.0,98.0,30.7,5.81,Strong Perf.
1880,1869,176.0,98.0,30.7,5.81,Strong Perf.
1907,1882,176.0,98.0,30.7,5.81,Strong Perf.
1903,1881,176.0,98.0,30.7,5.81,Strong Perf.
1882,1870,176.0,98.0,30.7,5.81,Strong Perf.
1866,1863,176.0,98.0,30.7,5.81,Strong Perf.
1889,1875,176.0,98.0,30.7,5.81,Strong Perf.
1894,1877,176.0,98.0,30.7,5.81,Strong Perf.
1890,1875,176.0,98.0,30.7,5.81,Strong Perf.
1880,1871,176.0,98.0,30.7,5.81,Strong Perf.
1871,1867,176.0,98.0,30.7,5.81,Strong Perf.
1866,1865,176.0,98.0,30.7,5.81,Strong Perf.
1865,1865,176.0,98.0,30.7,5.81,Strong Perf.
1865,1865,176.0,98.0,30.7,5.81,Strong Perf.
1866,1866,176.0,98.0,30.7,5.81,Strong Perf.
1866,1866,176.0,98.0,30.7,5.81,Strong Perf.
1867,1867,176.0,98.0,30.7,5.81,Strong Perf.
1867,1867,176.0,98.0,30.7,5.81,Strong Perf.
1870,1869,176.0,98.0,30.7,5.81,Strong Perf.
1884,1876,176.0,98.0,30.7,5.81,Strong Perf.
1916,1891,176.0,98.0,30.7,5.81,Strong Perf.
1927,1897,176.0,98.0,30.7,5.81,Strong Perf.
1906,1887,176.0,98.0,30.7,5.81,Strong Perf.
1886,1877,176.0,98.0,30.7,5.81,Strong Perf.
1883,1876,176.0,98.0,30.7,5.81,Strong Perf.
1905,1887,176.0,98.0,30.7,5.81,Strong Perf.
1907,1888,176.0,98.0,30.7,5.81,Strong Perf.
1900,1884,176.0,98.0,30.7,5.81,Strong Perf.
1889,1879,176.0,98.0,30.7,5.81,Strong Perf.
1879,1874,176.0,98.0,30.7,5.81,Strong Perf.
1874,1873,176.0,98.0,30.7,5.81,Strong Perf.
1872,1872,176.0,98.0,30.7,5.81,Strong Perf.
1872,1872,176.0,98.0,30.7,5.81,Strong Perf.
1872,1872,176.0,98.0,30.7,5.81,Strong Perf.
1872,1872,176.0,98.0,30.7,5.81,Strong Perf.
1872,1872,176.0,98.0,30.7,5.81,Strong Perf.
1872,1872,176.0,98.0,30.7,5.81,Strong Perf.
1872,1872,176.0,98.0,30.7,5.81,Strong Perf.
1882,1877,176.0,98.0,30.7,5.81,Strong Perf.
1913,1892,176.0,98.0,30.7,5.81,Strong Perf.
1940,1905,176.0,98.0,30.7,5.81,Strong Perf.
1925,1897,176.0,98.0,30.7,5.81,Strong Perf.
1897,1884,176.0,98.0,30.7,5.81,Strong Perf.
1877,1874,176.0,98.0,30.7,5.81,Strong Perf.
1905,1887,176.0,98.0,30.7,5.81,Strong Perf.
1910,1890,176.0,98.0,30.7,5.81,Strong Perf.
1904,1887,176.0,98.0,30.7,5.81,Strong Perf.
1892,1880,176.0,98.0,30.7,5.81,Strong Perf.
1881,1875,176.0,98.0,30.7,5.81,Strong Perf.
1873,1871,176.0,98.0,30.7,5.81,Strong Perf.
1870,1869,176.0,98.0,30.7,5.81,Strong Perf.
1869,1869,176.0,98.0,30.7,5.81,Strong Perf.
1868,1868,176.0,98.0,30.7,5.81,Strong Perf.
1868,1868,176.0,98.0,30.7,5.81,Strong Perf.
1867,1867,176.0,98.0,30.7,5.81,Strong Perf.
1867,1867,176.0,98.0,30.7,5.81,Strong Perf.
1866,1866,176.0,98.0,30.7,5.81,Strong Perf.
1872,1869,176.0,98.0,30.7,5.81,Strong Perf.
1893,1878,176.0,98.0,30.7,5.81,Strong Perf.
1921,1892,176.0,98.0,30.7,5.81,Strong Perf.
1916,1889,176.0,98.0,30.7,5.81,Strong Perf.
1890,1877,176.0,98.0,30.7,5.81,Strong Perf.
1868,1865,176.0,98.0,30.7,5.81,Strong Perf.
1885,1873,176.0,98.0,30.7,5.81,Strong Perf.
1895,1878,176.0,98.0,30.7,5.81,Strong Perf.
1891,1875,176.0,98.0,30.7,5.81,Strong Perf.
1882,1871,176.0,98.0,30.7,5.81,Strong Perf.
1872,1866,176.0,98.0,30.7,5.81,Strong Perf.
1865,1862,176.0,98.0,30.7,5.81,Strong Perf.
1861,1860,176.0,98.0,30.7,5.81,Strong Perf.
1859,1859,176.0,98.0,30.7,5.81,Strong Perf.
1859,1859,176.0,98.0,30.7,5.81,Strong Perf.
1858,1858,176.0,98.0,30.7,5.81,Strong Perf.
1857,1857,176.0,98.0,30.7,5.81,Strong Perf.
1857,1857,176.0,98.0,30.7,5.81,Strong Perf.
1856,1856,176.0,98.0,30.7,5.81,Strong Perf.
1856,1856,176.0,98.0,30.7,5.81,Strong Perf.
1864,1860,176.0,98.0,30.7,5.81,Strong Perf.
1887,1870,176.0,98.0,30.7,5.81,Strong Perf.
1898,1875,176.0,98.0,30.7,5.81,Strong Perf.
1881,1867,176.0,98.0,30.7,5.81,Strong Perf.
1863,1858,176.0,98.0,30.7,5.81,Strong Perf.
1866,1859,176.0,98.0,30.7,5.81,Strong Perf.
1877,1864,176.0,98.0,30.7,5.81,Strong Perf.
1876,1864,176.0,98.0,30.7,5.81,Strong Perf.
1869,1860,176.0,98.0,30.7,5.81,Strong Perf.
1861,1857,176.0,98.0,30.7,5.81,Strong Perf.
1855,1853,176.0,98.0,30.7,5.81,Strong Perf.
1853,1852,176.0,98.0,30.7,5.81,Strong Perf.
1852,1852,176.0,98.0,30.7,5.81,Strong Perf.
1852,1852,176.0,98.0,30.7,5.81,Strong Perf.
1852,1852,176.0,98.0,30.7,5.81,Strong Perf.
1852,1852,176.0,98.0,30.7,5.81,Strong Perf.
1852,1852,176.0,98.0,30.7,5.81,Strong Perf.
1852,1852,176.0,98.0,30.7,5.81,Strong Perf.
1859,1855,176.0,98.0,30.7,5.81,Strong Perf.
1884,1866,176.0,98.0,30.7,5.81,Strong Perf.
1894,1872,176.0,98.0,30.7,5.81,Strong Perf.
1877,1864,176.0,98.0,30.7,5.81,Strong Perf.
1859,1855,176.0,98.0,30.7,5.81,Strong Perf.
1870,1861,176.0,98.0,30.7,5.81,Strong Perf.
1875,1866,176.0,98.0,30.7,5.81,Strong Perf.
1877,1861,176.0,98.0,30.7,5.81,Strong Perf.
1866,1861,176.0,98.0,30.7,5.81,Strong Perf.
1862,1855,176.0,98.0,30.7,5.81,Strong Perf.
1858,1853,176.0,98.0,30.7,5.81,Strong Perf.
1859,1854,176.0,98.0,30.7,5.81,Strong Perf.
1851,1855,176.0,98.0,30.7,5.81,Strong Perf.
1853,1856,176.0,98.0,30.7,5.81,Strong Perf.
1851,1853,176.0,98.0,30.7,5.81,Strong Perf.
1854,1851,176.0,98.0,30.7,5.81,Strong Perf.
1858,1850,176.0,98.0,30.7,5.81,Strong Perf.
1864,1863,176.0,98.0,30.7,5.81,Strong Perf.
1878,1871,176.0,98.0,30.7,5.81,Strong Perf.
1901,1881,176.0,98.0,30.7,5.81,Strong Perf.
1891,1878,176.0,98.0,30.7,5.81,Strong Perf.
1882,1865,176.0,98.0,30.7,5.81,Strong Perf.
1865,1861,176.0,98.0,30.7,5.81,Strong Perf.
1893,1870,176.0,98.0,30.7,5.81,Strong Perf.
1888,1880,176.0,98.0,30.7,5.81,Strong Perf.
1883,1871,176.0,98.0,30.7,5.81,Strong Perf.
1869,1873,176.0,98.0,30.7,5.81,Strong Perf.
1871,1870,176.0,98.0,30.7,5.81,Strong Perf.
1856,1866,176.0,98.0,30.7,5.81,Strong Perf.
1874,1859,176.0,98.0,30.7,5.81,Strong Perf.
1859,1858,176.0,98.0,30.7,5.81,Strong Perf.
1859,1859,176.0,98.0,30.7,5.81,Strong Perf.
1857,1863,176.0,98.0,30.7,5.81,Strong Perf.
1860,1867,176.0,98.0,30.7,5.81,Strong Perf.
1860,1859,176.0,98.0,30.7,5.81,Strong Perf.
1853,1862,176.0,98.0,30.7,5.81,Strong Perf.
1885,1870,176.0,98.0,30.7,5.81,Strong Perf.
1910,1889,176.0,98.0,30.7,5.81,Strong Perf.
1916,1897,176.0,98.0,30.7,5.81,Strong Perf.
1900,1883,176.0,98.0,30.7,5.81,Strong Perf.
1888,1876,176.0,98.0,30.7,5.81,Strong Perf.
1866,1866,176.0,98.0,30.7,5.81,Strong Perf.
1910,1881,176.0,98.0,30.7,5.81,Strong Perf.
1900,1884,176.0,98.0,30.7,5.81,Strong Perf.
1894,1876,176.0,98.0,30.7,5.81,Strong Perf.
1891,1879,176.0,98.0,30.7,5.81,Strong Perf.
1875,1868,176.0,98.0,30.7,5.81,Strong Perf.
1870,1864,176.0,98.0,30.7,5.81,Strong Perf.
1867,1871,176.0,98.0,30.7,5.81,Strong Perf.
1867,1865,176.0,98.0,30.7,5.81,Strong Perf.
1864,1864,176.0,98.0,30.7,5.81,Strong Perf.
1866,1868,176.0,98.0,30.7,5.81,Strong Perf.
1869,1871,176.0,98.0,30.7,5.81,Strong Perf.
1878,1863,176.0,98.0,30.7,5.81,Strong Perf.
1870,1871,176.0,98.0,30.7,5.81,Strong Perf.
1863,1866,176.0,98.0,30.7,5.81,Strong Perf.
1897,1880,176.0,98.0,30.7,5.81,Strong Perf.
1941,1898,176.0,98.0,30.7,5.81,Strong Perf.
1924,1881,176.0,98.0,30.7,5.81,Strong Perf.
1900,1870,176.0,98.0,30.7,5.81,Strong Perf.
1854,1859,176.0,98.0,30.7,5.81,Strong Perf.
1898,1881,176.0,98.0,30.7,5.81,Strong Perf.
1894,1881,176.0,98.0,30.7,5.81,Strong Perf.
1892,1878,176.0,98.0,30.7,5.81,Strong Perf.
1883,1873,176.0,98.0,30.7,5.81,Strong Perf.
1875,1874,176.0,98.0,30.7,5.81,Strong Perf.
1865,1857,176.0,98.0,30.7,5.81,Strong Perf.
1872,1866,176.0,98.0,30.7,5.81,Strong Perf.
1866,1865,176.0,98.0,30.7,5.81,Strong Perf.
1859,1862,176.0,98.0,30.7,5.81,Strong Perf.
1853,1861,176.0,98.0,30.7,5.81,Strong Perf.
1871,1856,176.0,98.0,30.7,5.81,Strong Perf.
1858,1860,176.0,98.0,30.7,5.81,Strong Perf.
1856,1866,176.0,98.0,30.7,5.81,Strong Perf.
1860,1868,176.0,98.0,30.7,5.81,Strong Perf.
1907,1881,176.0,98.0,30.7,5.81,Strong Perf.
1901,1887,176.0,98.0,30.7,5.81,Strong Perf.
1889,1875,176.0,98.0,30.7,5.81,Strong Perf.
1864,1874,176.0,98.0,30.7,5.81,Strong Perf.
1862,1868,176.0,98.0,30.7,5.81,Strong Perf.
1901,1870,176.0,98.0,30.7,5.81,Strong Perf.
1893,1876,176.0,98.0,30.7,5.81,Strong Perf.
1875,1862,176.0,98.0,30.7,5.81,Strong Perf.
1862,1867,176.0,98.0,30.7,5.81,Strong Perf.
1871,1853,176.0,98.0,30.7,5.81,Strong Perf.
1860,1852,176.0,98.0,30.7,5.81,Strong Perf.
1850,1853,176.0,98.0,30.7,5.81,Strong Perf.
1865,1854,176.0,98.0,30.7,5.81,Strong Perf.
1871,1854,176.0,98.0,30.7,5.81,Strong Perf.
1854,1871,176.0,98.0,30.7,5.81,Strong Perf.
1866,1872,176.0,98.0,30.7,5.81,Strong Perf.
1883,1878,176.0,98.0,30.7,5.81,Strong Perf.
1913,1883,176.0,98.0,30.7,5.81,Strong Perf.
1935,1909,176.0,98.0,30.7,5.81,Strong Perf.
1925,1895,176.0,98.0,30.7,5.81,Strong Perf.
1905,1886,176.0,98.0,30.7,5.81,Strong Perf.
1889,1878,176.0,98.0,30.7,5.81,Strong Perf.
1912,1886,176.0,98.0,30.7,5.81,Strong Perf.
1912,1893,176.0,98.0,30.7,5.81,Strong Perf.
1888,1880,176.0,98.0,30.7,5.81,Strong Perf.
1890,1875,176.0,98.0,30.7,5.81,Strong Perf.
1880,1870,176.0,98.0,30.7,5.81,Strong Perf.
1859,1868,176.0,98.0,30.7,5.81,Strong Perf.
1874,1873,176.0,98.0,30.7,5.81,Strong Perf.
1878,1866,176.0,98.0,30.7,5.81,Strong Perf.
1883,1872,176.0,98.0,30.7,5.81,Strong Perf.
1853,1874,176.0,98.0,30.7,5.81,Strong Perf.
1864,1875,176.0,98.0,30.7,5.81,Strong Perf.
1876,1866,176.0,98.0,30.7,5.81,Strong Perf.
1870,1861,176.0,98.0,30.7,5.81,Strong Perf.
1860,1873,176.0,98.0,30.7,5.81,Strong Perf.
1898,1874,176.0,98.0,30.7,5.81,Strong Perf.
1926,1891,176.0,98.0,30.7,5.81,Strong Perf.
1932,1891,176.0,98.0,30.7,5.81,Strong Perf.
1888,1884,176.0,98.0,30.7,5.81,Strong Perf.
1875,1867,176.0,98.0,30.7,5.81,Strong Perf.
1891,1877,176.0,98.0,30.7,5.81,Strong Perf.
1898,1875,176.0,98.0,30.7,5.81,Strong Perf.
1884,1881,176.0,98.0,30.7,5.81,Strong Perf.
1898,1879,176.0,98.0,30.7,5.81,Strong Perf.
1877,1868,176.0,98.0,30.7,5.81,Strong Perf.
1877,1864,176.0,98.0,30.7,5.81,Strong Perf.
1865,1858,176.0,98.0,30.7,5.81,Strong Perf.
1858,1865,176.0,98.0,30.7,5.81,Strong Perf.
1854,1866,176.0,98.0,30.7,5.81,Strong Perf.
1853,1861,176.0,98.0,30.7,5.81,Strong Perf.
1850,1861,176.0,98.0,30.7,5.81,Strong Perf.
1850,1859,176.0,98.0,30.7,5.81,Strong Perf.
1873,1862,176.0,98.0,30.7,5.81,Strong Perf.
1875,1862,176.0,98.0,30.7,5.81,Strong Perf.
1855,1852,176.0,98.0,30.7,5.81,Strong Perf.
1879,1862,176.0,98.0,30.7,5.81,Strong Perf.
1902,1876,176.0,98.0,30.7,5.81,Strong Perf.
1907,1874,176.0,98.0,30.7,5.81,Strong Perf.
1882,1866,176.0,98.0,30.7,5.81,Strong Perf.
1844,1857,176.0,98.0,30.7,5.81,Strong Perf.
1864,1860,176.0,98.0,30.7,5.81,Strong Perf.
1882,1864,176.0,98.0,30.7,5.81,Strong Perf.
1878,1869,176.0,98.0,30.7,5.81,Strong Perf.
1865,1859,176.0,98.0,30.7,5.81,Strong Perf.
1873,1858,176.0,98.0,30.7,5.81,Strong Perf.
1869,1856,176.0,98.0,30.7,5.81,Strong Perf.
1866,1859,176.0,98.0,30.7,5.81,Strong Perf.
1842,1852,176.0,98.0,30.7,5.81,Strong Perf.
1844,1849,176.0,98.0,30.7,5.81,Strong Perf.
1855,1850,176.0,98.0,30.7,5.81,Strong Perf.
1840,1852,176.0,98.0,30.7,5.81,Strong Perf.
1851,1846,176.0,98.0,30.7,5.81,Strong Perf.
1866,1845,176.0,98.0,30.7,5.81,Strong Perf.
1861,1860,176.0,98.0,30.7,5.81,Strong Perf.
1882,1874,176.0,98.0,30.7,5.81,Strong Perf.
1894,1865,176.0,98.0,30.7,5.81,Strong Perf.
1854,1859,176.0,98.0,30.7,5.81,Strong Perf.
1862,1856,176.0,98.0,30.7,5.81,Strong Perf.
1862,1854,176.0,98.0,30.7,5.81,Strong Perf.
1868,1854,176.0,98.0,30.7,5.81,Strong Perf.
1861,1865,176.0,98.0,30.7,5.81,Strong Perf.
1867,1859,176.0,98.0,30.7,5.81,Strong Perf.
1849,1849,176.0,98.0,30.7,5.81,Strong Perf.
1855,1854,176.0,98.0,30.7,5.81,Strong Perf.
1842,1845,176.0,98.0,30.7,5.81,Strong Perf.
1848,1845,176.0,98.0,30.7,5.81,Strong Perf.
1851,1850,176.0,98.0,30.7,5.81,Strong Perf.
1844,1852,176.0,98.0,30.7,5.81,Strong Perf.
1860,1855,176.0,98.0,30.7,5.81,Strong Perf.
1858,1851,176.0,98.0,30.7,5.81,Strong Perf.
1855,1852,176.0,98.0,30.7,5.81,Strong Perf.
1893,1872,176.0,98.0,30.7,5.81,Strong Perf.
1886,1874,176.0,98.0,30.7,5.81,Strong Perf.
1880,1865,176.0,98.0,30.7,5.81,Strong Perf.
1857,1861,176.0,98.0,30.7,5.81,Strong Perf.
1865,1861,176.0,98.0,30.7,5.81,Strong Perf.
1879,1869,176.0,98.0,30.7,5.81,Strong Perf.
1882,1862,176.0,98.0,30.7,5.81,Strong Perf.
1878,1859,176.0,98.0,30.7,5.81,Strong Perf.
1856,1865,176.0,98.0,30.7,5.81,Strong Perf.
1864,1856,176.0,98.0,30.7,5.81,Strong Perf.
1860,1855,176.0,98.0,30.7,5.81,Strong Perf.
1850,1861,176.0,98.0,30.7,5.81,Strong Perf.
1864,1855,176.0,98.0,30.7,5.81,Strong Perf.
1849,1859,176.0,98.0,30.7,5.81,Strong Perf.
1865,1859,176.0,98.0,30.7,5.81,Strong Perf.
1861,1863,176.0,98.0,30.7,5.81,Strong Perf.
1860,1858,176.0,98.0,30.7,5.81,Strong Perf.
1891,1870,176.0,98.0,30.7,5.81,Strong Perf.
1909,1881,176.0,98.0,30.7,5.81,Strong Perf.
1920,1886,176.0,98.0,30.7,5.81,Strong Perf.
1894,1872,176.0,98.0,30.7,5.81,Strong Perf.
1877,1864,176.0,98.0,30.7,5.81,Strong Perf.
1872,1869,176.0,98.0,30.7,5.81,Strong Perf.
1892,1878,176.0,98.0,30.7,5.81,Strong Perf.
1899,1883,176.0,98.0,30.7,5.81,Strong Perf.
1881,1872,176.0,98.0,30.7,5.81,Strong Perf.
1879,1873,176.0,98.0,30.7,5.81,Strong Perf.
1866,1866,176.0,98.0,30.7,5.81,Strong Perf.
1871,1871,176.0,98.0,30.7,5.81,Strong Perf.
1856,1861,176.0,98.0,30.7,5.81,Strong Perf.
1861,1871,176.0,98.0,30.7,5.81,Strong Perf.
1867,1867,176.0,98.0,30.7,5.81,Strong Perf.
1859,1865,176.0,98.0,30.7,5.81,Strong Perf.
1874,1868,176.0,98.0,30.7,5.81,Strong Perf.
1880,1872,176.0,98.0,30.7,5.81,Strong Perf.
1874,1865,176.0,98.0,30.7,5.81,Strong Perf.
1893,1877,176.0,98.0,30.7,5.81,Strong Perf.
1926,1898,176.0,98.0,30.7,5.81,Strong Perf.
1939,1901,176.0,98.0,30.7,5.81,Strong Perf.
1924,1892,176.0,98.0,30.7,5.81,Strong Perf.
1901,1884,176.0,98.0,30.7,5.81,Strong Perf.
1883,1872,176.0,98.0,30.7,5.81,Strong Perf.
1907,1885,176.0,98.0,30.7,5.81,Strong Perf.
1917,1885,176.0,98.0,30.7,5.81,Strong Perf.
1905,1886,176.0,98.0,30.7,5.81,Strong Perf.
1896,1883,176.0,98.0,30.7,5.81,Strong Perf.
1885,1875,176.0,98.0,30.7,5.81,Strong Perf.
1870,1871,176.0,98.0,30.7,5.81,Strong Perf.
1869,1871,176.0,98.0,30.7,5.81,Strong Perf.
1862,1868,176.0,98.0,30.7,5.81,Strong Perf.
1876,1868,176.0,98.0,30.7,5.81,Strong Perf.
1862,1865,176.0,98.0,30.7,5.81,Strong Perf.
1874,1867,176.0,98.0,30.7,5.81,Strong Perf.
1866,1871,176.0,98.0,30.7,5.81,Strong Perf.
1872,1870,176.0,98.0,30.7,5.81,Strong Perf.
1868,1867,176.0,98.0,30.7,5.81,Strong Perf.
1884,1880,176.0,98.0,30.7,5.81,Strong Perf.
1925,1896,176.0,98.0,30.7,5.81,Strong Perf.
1925,1896,176.0,98.0,30.7,5.81,Strong Perf.
1905,1883,176.0,98.0,30.7,5.81,Strong Perf.
1885,1871,176.0,98.0,30.7,5.81,Strong Perf.
1878,1877,176.0,98.0,30.7,5.81,Strong Perf.
1896,1879,176.0,98.0,30.7,5.81,Strong Perf.
1895,1884,176.0,98.0,30.7,5.81,Strong Perf.
1885,1877,176.0,98.0,30.7,5.81,Strong Perf.
1883,1868,176.0,98.0,30.7,5.81,Strong Perf.
1875,1865,176.0,98.0,30.7,5.81,Strong Perf.
1872,1863,176.0,98.0,30.7,5.81,Strong Perf.
1868,1866,176.0,98.0,30.7,5.81,Strong Perf.
1858,1863,176.0,98.0,30.7,5.81,Strong Perf.
1869,1861,176.0,98.0,30.7,5.81,Strong Perf.
1863,1861,176.0,98.0,30.7,5.81,Strong Perf.
1862,1859,176.0,98.0,30.7,5.81,Strong Perf.
1855,1863,176.0,98.0,30.7,5.81,Strong Perf.
1855,1861,176.0,98.0,30.7,5.81,Strong Perf.
1876,1864,176.0,98.0,30.7,5.81,Strong Perf.
1898,1874,176.0,98.0,30.7,5.81,Strong Perf.
1903,1880,176.0,98.0,30.7,5.81,Strong Perf.
1883,1872,176.0,98.0,30.7,5.81,Strong Perf.
1865,1866,176.0,98.0,30.7,5.81,Strong Perf.
1878,1866,176.0,98.0,30.7,5.81,Strong Perf.
1879,1871,176.0,98.0,30.7,5.81,Strong Perf.
1888,1870,176.0,98.0,30.7,5.81,Strong Perf.
1874,1866,176.0,98.0,30.7,5.81,Strong Perf.
1862,1863,176.0,98.0,30.7,5.81,Strong Perf.
1855,1857,176.0,98.0,30.7,5.81,Strong Perf.
1866,1860,176.0,98.0,30.7,5.81,Strong Perf.
1856,1856,176.0,98.0,30.7,5.81,Strong Perf.
1863,1860,176.0,98.0,30.7,5.81,Strong Perf.
1862,1858,176.0,98.0,30.7,5.81,Strong Perf.
1855,1859,176.0,98.0,30.7,5.81,Strong Perf.
1861,1860,176.0,98.0,30.7,5.81,Strong Perf.
1855,1860,176.0,98.0,30.7,5.81,Strong Perf.
1863,1861,176.0,98.0,30.7,5.81,Strong Perf.
1878,1867,176.0,98.0,30.7,5.81,Strong Perf.
1897,1874,176.0,98.0,30.7,5.81,Strong Perf.
1888,1869,176.0,98.0,30.7,5.81,Strong Perf.
1864,1860,176.0,98.0,30.7,5.81,Strong Perf.
1865,1860,176.0,98.0,30.7,5.81,Strong Perf.
1883,1867,176.0,98.0,30.7,5.81,Strong Perf.
1878,1867,176.0,98.0,30.7,5.81,Strong Perf.
1872,1864,176.0,98.0,30.7,5.81,Strong Perf.
1865,1861,176.0,98.0,30.7,5.81,Strong Perf.
1864,1857,176.0,98.0,30.7,5.81,Strong Perf.
1855,1856,176.0,98.0,30.7,5.81,Strong Perf.
1859,1858,176.0,98.0,30.7,5.81,Strong Perf.
1860,1858,176.0,98.0,30.7,5.81,Strong Perf.
1858,1858,176.0,98.0,30.7,5.81,Strong Perf.
1858,1858,176.0,98.0,30.7,5.81,Strong Perf.
1854,1858,176.0,98.0,30.7,5.81,Strong Perf.
1858,1856,176.0,98.0,30.7,5.81,Strong Perf.
1872,1865,176.0,98.0,30.7,5.81,Strong Perf.
1899,1876,176.0,98.0,30.7,5.81,Strong Perf.
1909,1882,176.0,98.0,30.7,5.81,Strong Perf.
1891,1872,176.0,98.0,30.7,5.81,Strong Perf.
1869,1864,176.0,98.0,30.7,5.81,Strong Perf.
1878,1870,176.0,98.0,30.7,5.81,Strong Perf.
1888,1876,176.0,98.0,30.7,5.81,Strong Perf.
1886,1875,176.0,98.0,30.7,5.81,Strong Perf.
1883,1869,176.0,98.0,30.7,5.81,Strong Perf.
1872,1867,176.0,98.0,30.7,5.81,Strong Perf.
1863,1862,176.0,98.0,30.7,5.81,Strong Perf.
1861,1863,176.0,98.0,30.7,5.81,Strong Perf.
1862,1860,176.0,98.0,30.7,5.81,Strong Perf.
1861,1861,176.0,98.0,30.7,5.81,Strong Perf.
1864,1864,176.0,98.0,30.7,5.81,Strong Perf.
1860,1861,176.0,98.0,30.7,5.81,Strong Perf.
1859,1863,176.0,98.0,30.7,5.81,Strong Perf.
1862,1863,176.0,98.0,30.7,5.81,Strong Perf.
1881,1868,176.0,98.0,30.7,5.81,Strong Perf.
1908,1887,176.0,98.0,30.7,5.81,Strong Perf.
1925,1891,176.0,98.0,30.7,5.81,Strong Perf.
1897,1883,176.0,98.0,30.7,5.81,Strong Perf.
1876,1870,176.0,98.0,30.7,5.81,Strong Perf.
1889,1874,176.0,98.0,30.7,5.81,Strong Perf.
1898,1884,176.0,98.0,30.7,5.81,Strong Perf.
1902,1880,176.0,98.0,30.7,5.81,Strong Perf.
1890,1879,176.0,98.0,30.7,5.81,Strong Perf.
1874,1873,176.0,98.0,30.7,5.81,Strong Perf.
1870,1865,176.0,98.0,30.7,5.81,Strong Perf.
1868,1866,176.0,98.0,30.7,5.81,Strong Perf.
1867,1866,176.0,98.0,30.7,5.81,Strong Perf.
1865,1864,176.0,98.0,30.7,5.81,Strong Perf.
1867,1864,176.0,98.0,30.7,5.81,Strong Perf.
1867,1865,176.0,98.0,30.7,5.81,Strong Perf.
1864,1866,176.0,98.0,30.7,5.81,Strong Perf.
1870,1865,176.0,98.0,30.7,5.81,Strong Perf.
1876,1874,176.0,98.0,30.7,5.81,Strong Perf.
1911,1889,176.0,98.0,30.7,5.81,Strong Perf.
1940,1900,176.0,98.0,30.7,5.81,Strong Perf.
1918,1889,176.0,98.0,30.7,5.81,Strong Perf.
1883,1876,176.0,98.0,30.7,5.81,Strong Perf.
1868,1871,176.0,98.0,30.7,5.81,Strong Perf.
1904,1884,176.0,98.0,30.7,5.81,Strong Perf.
1908,1882,176.0,98.0,30.7,5.81,Strong Perf.
1896,1878,176.0,98.0,30.7,5.81,Strong Perf.
1881,1873,176.0,98.0,30.7,5.81,Strong Perf.
1878,1866,176.0,98.0,30.7,5.81,Strong Perf.
1864,1865,176.0,98.0,30.7,5.81,Strong Perf.
1862,1864,176.0,98.0,30.7,5.81,Strong Perf.
1862,1863,176.0,98.0,30.7,5.81,Strong Perf.
1865,1863,176.0,98.0,30.7,5.81,Strong Perf.
1861,1862,176.0,98.0,30.7,5.81,Strong Perf.
1857,1863,176.0,98.0,30.7,5.81,Strong Perf.
1865,1862,176.0,98.0,30.7,5.81,Strong Perf.
1858,1858,176.0,98.0,30.7,5.81,Strong Perf.
1873,1865,176.0,98.0,30.7,5.81,Strong Perf.
1888,1875,176.0,98.0,30.7,5.81,Strong Perf.
1917,1888,176.0,98.0,30.7,5.81,Strong Perf.
1904,1882,176.0,98.0,30.7,5.81,Strong Perf.
1883,1868,176.0,98.0,30.7,5.81,Strong Perf.
1863,1859,176.0,98.0,30.7,5.81,Strong Perf.
1883,1869,176.0,98.0,30.7,5.81,Strong Perf.
1891,1871,176.0,98.0,30.7,5.81,Strong Perf.
1881,1871,176.0,98.0,30.7,5.81,Strong Perf.
1877,1867,176.0,98.0,30.7,5.81,Strong Perf.
1868,1862,176.0,98.0,30.7,5.81,Strong Perf.
1861,1858,176.0,98.0,30.7,5.81,Strong Perf.
1856,1854,176.0,98.0,30.7,5.81,Strong Perf.
1854,1856,176.0,98.0,30.7,5.81,Strong Perf.
1852,1853,176.0,98.0,30.7,5.81,Strong Perf.
1853,1855,176.0,98.0,30.7,5.81,Strong Perf.
1850,1852,176.0,96.3,30.7,5.81,Strong Perf.
1849,1852,176.0,96.3,30.7,5.81,Strong Perf.
1851,1854,176.0,96.3,30.7,5.81,Strong Perf.
1858,1854,176.0,96.3,30.7,5.81,Strong Perf.
1862,1860,176.0,96.3,30.7,5.81,Strong Perf.
1892,1871,176.0,96.3,30.7,5.81,Strong Perf.
1898,1870,176.0,96.3,30.7,5.81,Strong Perf.
1875,1862,176.0,96.3,30.7,5.81,Strong Perf.
1861,1855,176.0,96.3,30.7,5.81,Strong Perf.
1869,1859,176.0,96.1,30.7,5.81,Strong Perf.
1878,1863,176.0,96.0,30.7,5.81,Strong Perf.
1879,1860,176.0,96.0,30.7,5.81,Strong Perf.
1861,1859,176.0,96.0,30.7,5.81,Strong Perf.
1858,1856,176.0,96.0,30.7,5.81,Strong Perf.
1854,1854,176.0,96.0,30.7,5.81,Strong Perf.
1852,1852,176.0,96.0,30.7,5.81,Strong Perf.
1847,1851,176.0,96.0,30.7,5.81,Strong Perf.
1848,1849,176.0,96.0,30.7,5.81,Strong Perf.
1852,1851,176.0,96.0,30.7,5.81,Strong Perf.
1851,1851,176.0,96.0,30.7,5.81,Strong Perf.
1856,1850,176.0,96.0,30.7,5.81,Strong Perf.
1855,1853,176.0,96.0,30.7,5.81,Strong Perf.
1866,1857,176.0,96.0,30.7,5.81,Strong Perf.
1886,1869,176.0,96.0,30.7,5.81,Strong Perf.
1896,1872,176.0,96.0,30.7,5.81,Strong Perf.
1874,1863,176.0,96.0,30.7,5.81,Strong Perf.
1858,1856,176.0,96.0,30.7,5.81,Strong Perf.
1871,1864,176.0,96.0,30.7,5.81,Strong Perf.
1877,1868,176.0,96.0,30.7,5.81,Strong Perf.
1873,1866,176.0,96.0,30.7,5.81,Strong Perf.
1869,1861,176.0,96.0,30.7,5.81,Strong Perf.
1857,1857,176.0,96.0,30.7,5.81,Strong Perf.
1857,1858,176.0,96.0,30.7,5.81,Strong Perf.
1857,1854,176.0,96.0,30.7,5.81,Strong Perf.
1858,1859,176.0,96.0,30.7,5.81,Strong Perf.
1854,1858,176.0,96.0,30.7,5.81,Strong Perf.
1856,1858,176.0,96.0,30.7,5.81,Strong Perf.
1861,1858,176.0,96.0,30.7,5.81,Strong Perf.
1859,1858,176.0,96.0,30.7,5.81,Strong Perf.
1864,1861,176.0,96.1,30.7,5.81,Strong Perf.
1876,1871,176.0,96.4,30.7,5.81,Strong Perf.
1901,1886,176.0,96.4,30.7,5.81,Strong Perf.
1905,1887,176.0,96.6,30.7,5.81,Strong Perf.
1886,1876,176.0,96.6,30.7,5.81,Strong Perf.
1871,1866,176.0,96.6,30.7,5.81,Strong Perf.
1884,1875,176.0,96.6,30.7,5.81,Strong Perf.
1893,1881,176.0,96.6,30.7,5.81,Strong Perf.
1893,1880,176.0,96.6,30.7,5.81,Strong Perf.
1881,1877,176.0,96.6,30.7,5.81,Strong Perf.
1872,1870,176.0,96.6,30.7,5.81,Strong Perf.
1874,1865,176.0,96.6,30.7,5.81,Strong Perf.
1866,1866,176.0,96.6,30.7,5.81,Strong Perf.
1865,1865,176.0,96.6,30.7,5.81,Strong Perf.
1864,1870,176.0,96.6,30.7,5.81,Strong Perf.
1867,1867,176.0,96.6,30.7,5.81,Strong Perf.
1871,1867,176.0,96.6,30.7,5.81,Strong Perf.
1868,1866,176.0,96.6,30.7,5.81,Strong Perf.
1865,1870,176.0,96.6,30.7,5.81,Strong Perf.
1876,1872,176.0,96.6,30.7,5.81,Strong Perf.
1902,1888,176.0,96.6,30.7,5.81,Strong Perf.
1936,1906,176.0,96.6,30.7,5.81,Strong Perf.
1927,1900,176.0,96.6,30.7,5.81,Strong Perf.
1899,1886,176.0,96.6,30.7,5.81,Strong Perf.
1878,1874,176.0,96.6,30.7,5.81,Strong Perf.
1900,1892,176.0,96.6,30.7,5.81,Strong Perf.
1917,1893,176.0,96.6,30.7,5.81,Strong Perf.
1905,1889,176.0,96.6,30.7,5.81,Strong Perf.
1896,1888,176.0,96.6,30.7,5.81,Strong Perf.
1883,1879,176.0,96.6,30.7,5.81,Strong Perf.
1875,1873,176.0,96.6,30.7,5.81,Strong Perf.
1873,1874,176.0,96.6,30.7,5.81,Strong Perf.
1872,1870,176.0,96.6,30.7,5.81,Strong Perf.
1873,1870,176.0,96.6,30.7,5.81,Strong Perf.
1872,1873,176.0,96.6,30.7,5.81,Strong Perf.
1874,1871,176.0,96.6,30.7,5.81,Strong Perf.
1867,1873,176.0,96.6,30.7,5.81,Strong Perf.
1876,1870,176.0,96.6,30.7,5.81,Strong Perf.
1872,1872,176.0,96.6,30.7,5.81,Strong Perf.
1891,1878,176.0,96.6,30.7,5.81,Strong Perf.
1917,1896,176.0,96.6,30.7,5.81,Strong Perf.
1936,1904,176.0,96.6,30.7,5.81,Strong Perf.
1913,1897,176.0,96.6,30.7,5.81,Strong Perf.
1891,1879,176.0,96.6,30.7,5.81,Strong Perf.
1880,1874,176.0,96.6,30.7,5.81,Strong Perf.
1903,1889,176.0,96.3,30.7,5.81,Strong Perf.
1905,1889,176.0,96.0,30.7,5.81,Strong Perf.
1900,1887,176.0,95.4,30.7,5.81,Strong Perf.
1891,1878,176.0,95.0,30.7,5.81,Strong Perf.
1881,1873,176.0,94.9,30.7,5.81,Strong Perf.
1874,1870,176.0,94.7,30.7,5.81,Strong Perf.
1873,1868,176.0,94.7,30.7,5.81,Strong Perf.
1863,1867,176.0,94.7,30.7,5.81,Strong Perf.
1865,1864,176.0,94.7,30.7,5.81,Strong Perf.
1866,1864,176.0,94.7,30.7,5.81,Strong Perf.
1864,1867,176.0,94.7,30.7,5.81,Strong Perf.
1866,1867,176.0,94.7,30.7,5.81,Strong Perf.
1866,1866,176.0,94.7,30.7,5.81,Strong Perf.
1873,1868,176.0,94.7,30.7,5.81,Strong Perf.
1890,1876,176.0,94.7,30.7,5.81,Strong Perf.
1909,1894,176.0,94.7,30.7,5.81,Strong Perf.
1906,1885,176.0,94.6,30.7,5.81,Strong Perf.
1881,1875,176.0,94.6,30.7,5.81,Strong Perf.
1862,1864,176.0,94.6,30.7,5.81,Strong Perf.
1888,1873,176.0,94.6,30.7,5.81,Strong Perf.
1893,1874,176.0,94.6,30.7,5.81,Strong Perf.
1888,1873,176.0,94.6,30.7,5.81,Strong Perf.
1871,1867,176.0,94.6,30.7,5.81,Strong Perf.
1864,1861,176.0,94.6,30.7,5.81,Strong Perf.
1863,1861,176.0,94.6,30.7,5.81,Strong Perf.
1859,1857,176.0,94.6,30.7,5.81,Strong Perf.
1855,1857,176.0,94.6,30.7,5.81,Strong Perf.
1854,1859,176.0,94.6,30.7,5.81,Strong Perf.
1853,1858,176.0,94.6,30.7,5.81,Strong Perf.
1854,1855,176.0,94.6,30.7,5.81,Strong Perf.
1858,1856,176.0,94.6,30.7,5.81,Strong Perf.
1860,1855,176.0,94.6,30.7,5.81,Strong Perf.
1868,1860,176.0,94.6,30.7,5.81,Strong Perf.
1884,1871,176.0,94.6,30.7,5.81,Strong Perf.
1900,1875,176.0,94.6,30.7,5.81,Strong Perf.
1878,1867,176.0,94.6,30.7,5.81,Strong Perf.
1857,1854,176.0,94.6,30.7,5.81,Strong Perf.
1868,1861,176.0,94.6,30.7,5.81,Strong Perf.
1874,1868,176.0,94.6,30.7,5.81,Strong Perf.
1877,1863,176.0,94.6,30.7,5.81,Strong Perf.
1868,1859,176.0,94.6,30.7,5.81,Strong Perf.
1853,1855,176.0,94.6,30.7,5.81,Strong Perf.
1859,1855,176.0,94.6,30.7,5.81,Strong Perf.
1850,1852,176.0,94.6,30.7,5.81,Strong Perf.
1854,1851,176.0,94.6,30.7,5.81,Strong Perf.
1857,1854,176.0,94.6,30.7,5.81,Strong Perf.
1851,1854,176.0,94.6,30.7,5.81,Strong Perf.
1855,1853,176.0,94.6,30.7,5.81,Strong Perf.
1856,1855,176.0,94.6,30.7,5.81,Strong Perf.
1862,1859,176.0,94.6,30.7,5.81,Strong Perf.
1881,1870,176.0,94.6,30.7,5.81,Strong Perf.
1900,1880,176.0,94.6,30.7,5.81,Strong Perf.
1880,1870,176.0,94.6,30.7,5.81,Strong Perf.
1860,1856,176.0,94.6,30.7,5.81,Strong Perf.
1870,1862,176.0,94.6,30.7,5.81,Strong Perf.
1879,1870,176.0,94.6,30.7,5.81,Strong Perf.
1874,1869,176.0,94.6,30.7,5.81,Strong Perf.
1875,1864,176.0,94.6,30.7,5.81,Strong Perf.
1861,1862,176.0,94.6,30.7,5.81,Strong Perf.
1859,1857,176.0,94.6,30.7,5.81,Strong Perf.
1859,1854,176.0,94.6,30.7,5.81,Strong Perf.
1859,1856,176.0,94.6,30.7,5.81,Strong Perf.
1856,1855,176.0,94.6,30.7,5.81,Strong Perf.
1858,1855,176.0,94.6,30.7,5.81,Strong Perf.
1860,1857,176.0,94.6,30.7,5.81,Strong Perf.
1854,1854,176.0,94.6,30.7,5.81,Strong Perf.
1862,1862,176.0,94.6,30.7,5.81,Strong Perf.
1895,1878,176.0,94.6,30.7,5.81,Strong Perf.
1913,1895,176.0,94.6,30.7,5.81,Strong Perf.
1903,1881,176.0,94.6,30.7,5.81,Strong Perf.
1874,1870,176.0,94.6,30.7,5.81,Strong Perf.
1864,1866,176.0,94.6,30.7,5.81,Strong Perf.
1890,1879,176.0,94.6,30.7,5.81,Strong Perf.
1896,1878,176.0,94.6,30.7,5.81,Strong Perf.
1887,1875,176.0,94.6,30.7,5.81,Strong Perf.
1878,1869,176.0,94.6,30.7,5.81,Strong Perf.
1865,1866,176.0,94.6,30.7,5.81,Strong Perf.
1863,1861,176.0,94.6,30.7,5.81,Strong Perf.
1862,1862,176.0,94.9,30.7,5.81,Strong Perf.
1860,1864,176.0,95.0,30.7,5.81,Strong Perf.
1864,1861,176.0,95.1,30.7,5.81,Strong Perf.
1862,1863,176.0,95.3,30.7,5.81,Strong Perf.
1862,1860,176.0,95.6,30.7,5.81,Strong Perf.
1858,1866,176.0,95.9,30.7,5.81,Strong Perf.
1862,1866,176.0,96.1,30.7,5.81,Strong Perf.
1886,1877,176.0,96.7,30.7,5.81,Strong Perf.
1918,1899,176.0,96.9,30.7,5.81,Strong Perf.
1924,1901,176.0,97.0,30.7,5.81,Strong Perf.
1898,1881,176.0,97.4,30.7,5.81,Strong Perf.
1874,1871,176.0,97.6,30.7,5.81,Strong Perf.
1892,1880,176.0,97.7,30.7,5.81,Strong Perf.
1898,1887,176.0,98.0,30.7,5.81,Strong Perf.
1900,1886,176.0,98.1,30.7,5.81,Strong Perf.
1890,1879,176.0,98.4,30.7,5.81,Strong Perf.
1882,1876,176.0,98.4,30.7,5.81,Strong Perf.
1872,1868,176.0,98.4,30.7,5.81,Strong Perf.
1865,1866,176.0,98.4,30.7,5.81,Strong Perf.
1862,1865,176.0,98.4,30.7,5.81,Strong Perf.
1865,1867,176.0,98.4,30.7,5.81,Strong Perf.
1862,1864,176.0,98.4,30.7,5.81,Strong Perf.
1859,1861,176.0,98.4,30.7,5.81,Strong Perf.
1865,1866,176.0,98.4,30.7,5.81,Strong Perf.
1865,1865,176.0,98.4,30.7,5.81,Strong Perf.
1867,1866,176.0,98.4,30.7,5.81,Strong Perf.
1883,1876,176.0,98.6,30.7,5.81,Strong Perf.
1917,1894,176.0,98.6,30.7,5.81,Strong Perf.
1927,1906,176.0,98.6,30.7,5.81,Strong Perf.
1901,1891,176.0,98.6,30.7,5.81,Strong Perf.
1883,1877,176.0,98.6,30.7,5.81,Strong Perf.
1880,1871,176.0,98.6,30.7,5.81,Strong Perf.
1896,1884,176.0,98.6,30.7,5.81,Strong Perf.
1901,1887,176.0,98.6,30.7,5.81,Strong Perf.
1887,1881,176.0,98.6,30.7,5.81,Strong Perf.
1879,1875,176.0,98.6,30.7,5.81,Strong Perf.
1869,1869,176.0,98.6,30.7,5.81,Strong Perf.
1863,1864,176.0,98.6,30.7,5.81,Strong Perf.
1862,1862,176.0,98.6,30.7,5.81,Strong Perf.
1863,1859,176.0,98.6,30.7,5.81,Strong Perf.
1861,1860,176.0,98.6,30.7,5.81,Strong Perf.
1862,1860,176.0,98.6,30.7,5.81,Strong Perf.
1857,1857,176.0,98.6,30.7,5.81,Strong Perf.
1859,1861,176.0,98.6,30.7,5.81,Strong Perf.
1859,1860,176.0,98.6,30.7,5.81,Strong Perf.
1869,1862,176.0,98.6,30.7,5.81,Strong Perf.
1889,1875,176.0,98.6,30.7,5.81,Strong Perf.
1910,1891,176.0,98.6,30.7,5.81,Strong Perf.
1897,1884,176.0,98.6,30.7,5.81,Strong Perf.
1875,1866,176.0,98.6,30.7,5.81,Strong Perf.
1867,1861,176.0,98.6,30.7,5.81,Strong Perf.
1884,1869,176.0,98.6,30.7,5.81,Strong Perf.
1883,1870,176.0,98.6,30.7,5.81,Strong Perf.
1879,1868,176.0,98.6,30.7,5.81,Strong Perf.
1869,1865,176.0,98.6,30.7,5.81,Strong Perf.
1859,1858,176.0,98.6,30.7,5.81,Strong Perf.
1856,1856,176.0,98.6,30.7,5.81,Strong Perf.
1858,1856,176.0,98.6,30.7,5.81,Strong Perf.
1855,1857,176.0,98.6,30.7,5.81,Strong Perf.
1854,1857,176.0,98.6,30.7,5.81,Strong Perf.
1852,1856,176.0,98.6,30.7,5.81,Strong Perf.
1860,1854,176.0,98.6,30.7,5.81,Strong Perf.
1858,1853,176.0,98.6,30.7,5.81,Strong Perf.
1858,1854,176.0,98.6,30.7,5.81,Strong Perf.
1873,1860,176.0,98.6,30.7,5.81,Strong Perf.
1889,1871,176.0,98.6,30.7,5.81,Strong Perf.
1892,1870,176.0,98.6,30.7,5.81,Strong Perf.
1869,1863,176.0,98.6,30.7,5.81,Strong Perf.
1860,1858,176.0,98.6,30.7,5.81,Strong Perf.
1873,1865,176.0,98.6,30.7,5.81,Strong Perf.
1880,1866,176.0,98.6,30.7,5.81,Strong Perf.
1877,1866,176.0,98.6,30.7,5.81,Strong Perf.
1864,1860,176.0,98.6,30.7,5.81,Strong Perf.
1858,1857,176.0,98.6,30.7,5.81,Strong Perf.
1856,1857,176.0,98.6,30.7,5.81,Strong Perf.
1855,1855,176.0,98.6,30.7,5.81,Strong Perf.
1871,1869,176.0,98.6,30.7,5.81,Strong Perf.
1871,1869,176.0,98.6,30.7,5.81,Strong Perf.
1868,1869,176.0,98.6,30.7,5.81,Strong Perf.
1864,1868,176.0,98.6,30.7,5.81,Strong Perf.
1872,1868,176.0,98.6,30.7,5.81,Strong Perf.
1871,1868,176.0,98.6,30.7,5.81,Strong Perf.
1874,1872,176.0,98.6,30.7,5.81,Strong Perf.
1905,1886,176.0,98.6,30.7,5.81,Strong Perf.
1930,1893,176.0,98.6,30.7,5.81,Strong Perf.
1914,1887,176.0,98.6,30.7,5.81,Strong Perf.
1883,1875,176.0,98.6,30.7,5.81,Strong Perf.
1870,1867,176.0,98.6,30.7,5.81,Strong Perf.
1887,1874,176.0,98.6,30.7,5.81,Strong Perf.
1894,1877,176.0,98.6,30.7,5.81,Strong Perf.
1899,1878,176.0,98.6,30.7,5.81,Strong Perf.
1884,1870,176.0,98.6,30.7,5.81,Strong Perf.
1875,1869,176.0,98.6,30.7,5.81,Strong Perf.
1869,1863,176.0,98.6,30.7,5.81,Strong Perf.
1863,1859,176.0,98.6,30.7,5.81,Strong Perf.
1862,1862,176.0,98.6,30.7,5.81,Strong Perf.
1863,1859,176.0,98.6,30.7,5.81,Strong Perf.
1858,1857,176.0,98.6,30.7,5.81,Strong Perf.
1857,1855,176.0,98.6,30.7,5.81,Strong Perf.
1852,1857,176.0,98.6,30.7,5.81,Strong Perf.
1860,1856,176.0,98.6,30.7,5.81,Strong Perf.
1856,1859,176.0,98.6,30.7,5.81,Strong Perf.
1873,1861,176.0,98.6,30.7,5.81,Strong Perf.
1895,1872,176.0,98.6,30.7,5.81,Strong Perf.
1900,1874,176.0,98.6,30.7,5.81,Strong Perf.
1880,1864,176.0,98.6,30.7,5.81,Strong Perf.
1864,1857,176.0,98.6,30.7,5.81,Strong Perf.
1868,1860,176.0,98.6,30.7,5.81,Strong Perf.
1876,1864,176.0,98.6,30.7,5.81,Strong Perf.
1879,1864,176.0,98.6,30.7,5.81,Strong Perf.
1868,1858,176.0,98.6,30.7,5.81,Strong Perf.
1859,1854,176.0,98.6,30.7,5.81,Strong Perf.
1853,1853,176.0,98.6,30.7,5.81,Strong Perf.
1852,1850,176.0,98.6,30.7,5.81,Strong Perf.
1852,1852,176.0,98.6,30.7,5.81,Strong Perf.
1846,1850,176.0,98.6,30.7,5.81,Strong Perf.
1855,1849,176.0,98.6,30.7,5.81,Strong Perf.
1847,1850,176.0,98.6,30.7,5.81,Strong Perf.
1853,1849,176.0,98.6,30.7,5.81,Strong Perf.
1847,1849,176.0,98.6,30.7,5.81,Strong Perf.
1862,1854,176.0,98.6,30.7,5.81,Strong Perf.
1885,1866,176.0,98.6,30.7,5.81,Strong Perf.
1893,1868,176.0,98.6,30.7,5.81,Strong Perf.
1875,1858,176.0,98.6,30.7,5.81,Strong Perf.
1858,1851,176.0,98.6,30.7,5.81,Strong Perf.
1872,1861,176.0,98.6,30.7,5.81,Strong Perf.
1879,1861,176.0,98.6,30.7,5.81,Strong Perf.
1868,1859,176.0,98.6,30.7,5.81,Strong Perf.
1863,1856,176.0,98.6,30.7,5.81,Strong Perf.
1858,1852,176.0,98.6,30.7,5.81,Strong Perf.
1851,1851,176.0,98.6,30.7,5.81,Strong Perf.
1854,1853,176.0,98.6,30.7,5.81,Strong Perf.
1847,1854,176.0,98.6,30.7,5.81,Strong Perf.
1854,1850,176.0,98.6,30.7,5.81,Strong Perf.
1851,1852,176.0,98.6,30.7,5.81,Strong Perf.
1849,1852,176.0,98.6,30.7,5.81,Strong Perf.
1856,1853,176.0,98.6,30.7,5.81,Strong Perf.
1861,1856,176.0,98.6,30.7,5.81,Strong Perf.
1878,1868,176.0,98.6,30.7,5.81,Strong Perf.
1902,1875,176.0,98.6,30.7,5.81,Strong Perf.
1891,1870,176.0,98.6,30.7,5.81,Strong Perf.
1865,1861,176.0,98.6,30.7,5.81,Strong Perf.
1864,1858,176.0,98.6,30.7,5.81,Strong Perf.
1885,1867,176.0,98.6,30.7,5.81,Strong Perf.
1881,1868,176.0,98.6,30.7,5.81,Strong Perf.
1874,1866,176.0,98.6,30.7,5.81,Strong Perf.
1871,1862,176.0,98.6,30.7,5.81,Strong Perf.
1863,1859,176.0,98.6,30.7,5.81,Strong Perf.
1856,1859,176.0,98.6,30.7,5.81,Strong Perf.
1858,1856,176.0,98.6,30.7,5.81,Strong Perf.
1862,1857,176.0,98.6,30.7,5.81,Strong Perf.
1860,1860,176.0,98.6,30.7,5.81,Strong Perf.
1863,1859,176.0,98.6,30.7,5.81,Strong Perf.
1860,1859,176.0,98.6,30.7,5.81,Strong Perf.
1859,1861,176.0,98.6,30.7,5.81,Strong Perf.
1871,1863,176.0,98.6,30.7,5.81,Strong Perf.
1901,1878,176.0,98.6,30.7,5.81,Strong Perf.
1922,1891,176.0,98.6,30.7,5.81,Strong Perf.
1902,1882,176.0,98.6,30.7,5.81,Strong Perf.
1885,1873,176.0,98.6,30.7,5.81,Strong Perf.
1866,1864,176.0,98.6,30.7,5.81,Strong Perf.
1897,1878,176.0,98.6,30.7,5.81,Strong Perf.
1898,1880,176.0,98.6,30.7,5.81,Strong Perf.
1892,1878,176.0,98.6,30.7,5.81,Strong Perf.
1886,1876,176.0,98.6,30.7,5.81,Strong Perf.
1875,1869,176.0,98.6,30.7,5.81,Strong Perf.
1865,1865,176.0,98.6,30.7,5.81,Strong Perf.
1862,1868,176.0,98.6,30.7,5.81,Strong Perf.
1867,1866,176.0,98.6,30.7,5.81,Strong Perf.
1868,1867,176.0,98.6,30.7,5.81,Strong Perf.
1868,1866,176.0,98.6,30.7,5.81,Strong Perf.
1863,1868,176.0,98.6,30.7,5.81,Strong Perf.
1871,1867,176.0,98.6,30.7,5.81,Strong Perf.
1871,1867,176.0,98.6,30.7,5.81,Strong Perf.
1883,1875,176.0,98.6,30.7,5.81,Strong Perf.
1917,1891,176.0,98.6,30.7,5.81,Strong Perf.
1935,1899,176.0,98.6,30.7,5.81,Strong Perf.
1912,1888,176.0,98.6,30.7,5.81,Strong Perf.
1894,1879,176.0,98.6,30.7,5.81,Strong Perf.
1875,1870,176.0,98.6,30.7,5.81,Strong Perf.
1906,1885,176.0,98.6,30.7,5.81,Strong Perf.
1908,1885,176.0,98.6,30.7,5.81,Strong Perf.
1897,1884,176.0,98.6,30.7,5.81,Strong Perf.
1887,1877,176.0,98.6,30.7,5.81,Strong Perf.
1883,1872,176.0,98.6,30.7,5.81,Strong Perf.
1869,1869,176.0,98.6,30.7,5.81,Strong Perf.
1868,1867,176.0,98.6,30.7,5.81,Strong Perf.
1865,1867,176.0,98.6,30.7,5.81,Strong Perf.
1864,1867,176.0,98.6,30.7,5.81,Strong Perf.
1868,1867,176.0,98.6,30.7,5.81,Strong Perf.
1863,1866,176.0,98.6,30.7,5.81,Strong Perf.
1866,1866,176.0,98.6,30.7,5.81,Strong Perf.
1868,1867,176.0,98.6,30.7,5.81,Strong Perf.
1870,1868,176.0,98.6,30.7,5.81,Strong Perf.
1890,1875,176.0,98.6,30.7,5.81,Strong Perf.
1920,1887,176.0,98.6,30.7,5.81,Strong Perf.
1920,1887,176.0,98.6,30.7,5.81,Strong Perf.
1890,1874,176.0,98.6,30.7,5.81,Strong Perf.
1870,1867,176.0,98.6,30.7,5.81,Strong Perf.
1888,1876,176.0,98.6,30.7,5.81,Strong Perf.
1894,1878,176.0,98.6,30.7,5.81,Strong Perf.
1885,1876,176.0,98.6,30.7,5.81,Strong Perf.
1879,1868,176.0,98.6,30.7,5.81,Strong Perf.
1871,1864,176.0,98.6,30.7,5.81,Strong Perf.
1865,1863,176.0,98.6,30.7,5.81,Strong Perf.
1864,1862,176.0,98.6,30.7,5.81,Strong Perf.
1856,1862,176.0,98.6,30.7,5.81,Strong Perf.
1865,1860,176.0,98.6,30.7,5.81,Strong Perf.
1861,1859,176.0,98.6,30.7,5.81,Strong Perf.
1855,1861,176.0,98.6,30.7,5.81,Strong Perf.
1864,1859,176.0,98.6,30.7,5.81,Strong Perf.
1862,1861,176.0,98.6,30.7,5.81,Strong Perf.
1865,1865,75.0,98.0,16.0,3.00,Normal
1863,1862,75.0,98.0,16.0,3.00,Normal
1868,1865,75.0,98.0,16.0,3.00,Normal
1876,1868,75.0,98.0,16.0,3.00,Normal
1887,1874,75.0,98.0,16.0,3.00,Normal
1897,1879,75.0,98.0,16.0,3.00,Normal
1900,1880,75.0,98.0,16.0,3.00,Normal
1895,1878,75.0,98.0,16.0,3.00,Normal
1887,1875,75.0,98.0,16.0,3.00,Normal
1878,1871,75.0,98.0,16.0,3.00,Normal
1873,1868,75.0,98.0,16.0,3.00,Normal
1867,1866,75.0,98.0,16.0,3.00,Normal
1868,1866,75.0,98.0,16.0,3.00,Normal
1876,1870,75.0,98.0,16.0,3.00,Normal
1880,1872,75.0,98.0,16.0,3.00,Normal
1881,1873,75.0,98.0,16.0,3.00,Normal
1881,1874,75.0,98.0,16.0,3.00,Normal
1881,1873,75.0,98.0,16.0,3.00,Normal
1879,1873,75.0,98.0,16.0,3.00,Normal
1877,1872,75.0,98.0,16.0,3.00,Normal
1874,1871,75.0,98.0,16.0,3.00,Normal
1872,1870,75.0,98.0,16.0,3.00,Normal
1871,1869,75.0,98.0,16.0,3.00,Normal
1870,1869,75.0,98.0,16.0,3.00,Normal
1870,1869,75.0,98.0,16.0,3.00,Normal
1869,1869,75.0,98.0,16.0,3.00,Normal
1869,1869,75.0,98.0,16.0,3.00,Normal
1869,1869,75.0,98.0,16.0,3.00,Normal
1870,1869,75.0,98.0,16.0,3.00,Normal
1870,1870,75.0,98.0,16.0,3.00,Normal
1870,1870,75.0,98.0,16.0,3.00,Normal
1870,1870,75.0,98.0,16.0,3.00,Normal
1870,1870,75.0,98.0,16.0,3.00,Normal
1870,1870,75.0,98.0,16.0,3.00,Normal
1871,1871,75.0,98.0,16.0,3.00,Normal
1871,1871,75.0,98.0,16.0,3.00,Normal
1871,1871,75.0,98.0,16.0,3.00,Normal
1871,1871,75.0,98.0,16.0,3.00,Normal
1871,1871,75.0,98.0,16.0,3.00,Normal
1873,1872,75.0,98.0,16.0,3.00,Normal
1877,1874,75.0,98.0,16.0,3.00,Normal
1883,1877,75.0,98.0,16.0,3.00,Normal
1892,1881,75.0,98.0,16.0,3.00,Normal
1903,1886,75.0,98.0,16.0,3.00,Normal
1913,1891,75.0,98.0,16.0,3.00,Normal
1917,1893,75.0,98.0,16.0,3.00,Normal
1915,1893,75.0,98.0,16.0,3.00,Normal
1908,1889,75.0,98.0,16.0,3.00,Normal
1899,1885,75.0,98.0,16.0,3.00,Normal
1890,1880,75.0,98.0,16.0,3.00,Normal
1884,1877,75.0,98.0,16.0,3.00,Normal
1877,1875,75.0,98.0,16.0,3.00,Normal
1873,1872,75.0,98.0,16.0,3.00,Normal
1879,1875,75.0,98.0,16.0,3.00,Normal
1885,1878,75.0,98.0,16.0,3.00,Normal
1889,1880,75.0,98.0,16.0,3.00,Normal
1890,1880,75.0,98.0,16.0,3.00,Normal
1890,1880,75.0,98.0,16.0,3.00,Normal
1889,1880,75.0,98.0,16.0,3.00,Normal
1887,1879,75.0,98.0,16.0,3.00,Normal
1885,1878,75.0,98.0,16.0,3.00,Normal
1882,1876,75.0,98.0,16.0,3.00,Normal
1880,1875,75.0,98.0,16.0,3.00,Normal
1878,1874,75.0,98.0,16.0,3.00,Normal
1875,1873,75.0,98.0,16.0,3.00,Normal
1874,1872,75.0,98.0,16.0,3.00,Normal
1872,1871,75.0,98.0,16.0,3.00,Normal
1871,1871,75.0,98.0,16.0,3.00,Normal
1871,1870,75.0,98.0,16.0,3.00,Normal
1870,1870,75.0,98.0,16.0,3.00,Normal
1870,1870,75.0,98.0,16.0,3.00,Normal
1869,1869,75.0,98.0,16.0,3.00,Normal
1869,1869,75.0,98.0,16.0,3.00,Normal
1869,1869,75.0,98.0,16.0,3.00,Normal
1869,1869,75.0,98.0,16.0,3.00,Normal
1868,1868,75.0,98.0,16.0,3.00,Normal
1868,1868,75.0,98.0,16.0,3.00,Normal
1868,1868,75.0,98.0,16.0,3.00,Normal
1868,1868,75.0,98.0,16.0,3.00,Normal
1867,1867,75.0,98.0,16.0,3.00,Normal
1867,1867,75.0,98.0,16.0,3.00,Normal
1867,1867,75.0,98.0,16.0,3.00,Normal
1866,1866,75.0,98.0,16.0,3.00,Normal
1866,1866,75.0,98.0,16.0,3.00,Normal
1866,1866,75.0,98.0,16.0,3.00,Normal
1868,1867,75.0,98.0,16.0,3.00,Normal
1871,1868,75.0,98.0,16.0,3.00,Normal
1878,1871,75.0,98.0,16.0,3.00,Normal
1886,1875,75.0,98.0,16.0,3.00,Normal
1897,1880,75.0,98.0,16.0,3.00,Normal
1904,1883,75.0,98.0,16.0,3.00,Normal
1907,1884,75.0,98.0,16.0,3.00,Normal
1904,1882,75.0,98.0,16.0,3.00,Normal
1896,1879,75.0,98.0,16.0,3.00,Normal
1886,1873,75.0,98.0,16.0,3.00,Normal
1878,1869,75.0,98.0,16.0,3.00,Normal
1872,1867,75.0,98.0,16.0,3.00,Normal
1865,1863,75.0,98.0,16.0,3.00,Normal
1862,1862,75.0,98.0,16.0,3.00,Normal
1868,1864,75.0,98.0,16.0,3.00,Normal
1873,1866,75.0,98.0,16.0,3.00,Normal
1875,1867,75.0,98.0,16.0,3.00,Normal
1876,1867,75.0,98.0,16.0,3.00,Normal
1875,1867,75.0,98.0,16.0,3.00,Normal
1873,1866,75.0,98.0,16.0,3.00,Normal
1872,1865,75.0,98.0,16.0,3.00,Normal
1869,1864,75.0,98.0,16.0,3.00,Normal
1867,1862,75.0,98.0,16.0,3.00,Normal
1864,1861,75.0,98.0,16.0,3.00,Normal
1862,1859,75.0,98.0,16.0,3.00,Normal
1860,1858,75.0,98.0,16.0,3.00,Normal
1859,1858,75.0,98.0,16.0,3.00,Normal
1858,1857,75.0,98.0,16.0,3.00,Normal
1857,1856,75.0,98.0,16.0,3.00,Normal
1856,1856,75.0,98.0,16.0,3.00,Normal
1855,1855,75.0,98.0,16.0,3.00,Normal
1855,1855,75.0,98.0,16.0,3.00,Normal
1855,1855,75.0,98.0,16.0,3.00,Normal
1854,1854,75.0,98.0,16.0,3.00,Normal
1854,1854,75.0,98.0,16.0,3.00,Normal
1854,1854,75.0,98.0,16.0,3.00,Normal
1854,1854,75.0,98.0,16.0,3.00,Normal
1853,1853,75.0,98.0,16.0,3.00,Normal
1853,1853,75.0,98.0,16.0,3.00,Normal
1853,1853,75.0,98.0,16.0,3.00,Normal
1853,1853,75.0,98.0,16.0,3.00,Normal
1852,1852,75.0,98.0,16.0,3.00,Normal
1852,1852,75.0,98.0,16.0,3.00,Normal
1852,1852,75.0,98.0,16.0,3.00,Normal
1852,1852,75.0,98.0,16.0,3.00,Normal
1852,1852,75.0,98.0,16.0,3.00,Normal
1854,1853,75.0,98.0,16.0,3.00,Normal
1859,1854,75.0,98.0,16.0,3.00,Normal
1865,1857,75.0,98.0,16.0,3.00,Normal
1873,1861,75.0,98.0,16.0,3.00,Normal
1879,1864,75.0,98.0,16.0,3.00,Normal
1881,1865,75.0,98.0,16.0,3.00,Normal
1877,1863,75.0,98.0,16.0,3.00,Normal
1871,1860,75.0,98.0,16.0,3.00,Normal
1864,1856,75.0,98.0,16.0,3.00,Normal
1858,1854,75.0,98.0,16.0,3.00,Normal
1854,1852,75.0,98.0,16.0,3.00,Normal
1851,1851,75.0,98.0,16.0,3.00,Normal
1855,1853,75.0,98.0,16.0,3.00,Normal
1860,1855,75.0,98.0,16.0,3.00,Normal
1861,1855,75.0,98.0,16.0,3.00,Normal
1862,1856,75.0,98.0,16.0,3.00,Normal
1861,1855,75.0,98.0,16.0,3.00,Normal
1860,1855,75.0,98.0,16.0,3.00,Normal
1859,1854,75.0,98.0,16.0,3.00,Normal
1857,1853,75.0,98.0,16.0,3.00,Normal
1855,1853,75.0,98.0,16.0,3.00,Normal
1854,1852,75.0,98.0,16.0,3.00,Normal
1853,1852,75.0,98.0,16.0,3.00,Normal
1852,1851,75.0,98.0,16.0,3.00,Normal
1851,1851,75.0,98.0,16.0,3.00,Normal
1851,1851,75.0,98.0,16.0,3.00,Normal
1851,1851,75.0,98.0,16.0,3.00,Normal
1851,1851,75.0,98.0,16.0,3.00,Normal
1851,1851,75.0,98.0,16.0,3.00,Normal
1851,1851,75.0,98.0,16.0,3.00,Normal
1851,1851,75.0,98.0,16.0,3.00,Normal
1851,1851,75.0,98.0,16.0,3.00,Normal
1851,1851,75.0,98.0,16.0,3.00,Normal
1852,1852,75.0,98.0,16.0,3.00,Normal
1852,1852,75.0,98.0,16.0,3.00,Normal
1852,1852,75.0,98.0,16.0,3.00,Normal
1852,1852,75.0,98.0,16.0,3.00,Normal
1852,1852,75.0,98.0,16.0,3.00,Normal
1853,1853,75.0,98.0,16.0,3.00,Normal
1853,1853,75.0,98.0,16.0,3.00,Normal
1854,1854,75.0,98.0,16.0,3.00,Normal
1856,1854,75.0,98.0,16.0,3.00,Normal
1860,1856,75.0,98.0,16.0,3.00,Normal
1867,1860,75.0,98.0,16.0,3.00,Normal
1875,1863,75.0,98.0,16.0,3.00,Normal
1882,1867,75.0,98.0,16.0,3.00,Normal
1885,1869,75.0,98.0,16.0,3.00,Normal
1882,1868,75.0,98.0,16.0,3.00,Normal
1876,1865,75.0,98.0,16.0,3.00,Normal
1869,1862,75.0,98.0,16.0,3.00,Normal
1865,1860,75.0,98.0,16.0,3.00,Normal
1860,1858,75.0,98.0,16.0,3.00,Normal
1857,1857,75.0,98.0,16.0,3.00,Normal
1861,1858,75.0,98.0,16.0,3.00,Normal
1867,1861,75.0,98.0,16.0,3.00,Normal
1869,1863,75.0,98.0,16.0,3.00,Normal
1870,1864,75.0,98.0,16.0,3.00,Normal
1870,1864,75.0,98.0,16.0,3.00,Normal
1870,1864,75.0,98.0,16.0,3.00,Normal
1869,1864,75.0,98.0,16.0,3.00,Normal
1867,1863,75.0,98.0,16.0,3.00,Normal
1866,1862,75.0,98.0,16.0,3.00,Normal
1864,1862,75.0,98.0,16.0,3.00,Normal
1863,1862,75.0,98.0,16.0,3.00,Normal
1863,1861,75.0,98.0,16.0,3.00,Normal
1862,1861,75.0,98.0,16.0,3.00,Normal
1862,1861,75.0,98.0,16.0,3.00,Normal
1862,1861,75.0,98.0,16.0,3.00,Normal
1862,1862,75.0,98.0,16.0,3.00,Normal
1862,1862,75.0,98.0,16.0,3.00,Normal
1862,1862,75.0,98.0,16.0,3.00,Normal
1862,1862,75.0,98.0,16.0,3.00,Normal
1863,1863,75.0,98.0,16.0,3.00,Normal
1863,1863,75.0,98.0,16.0,3.00,Normal
1863,1863,75.0,98.0,16.0,3.00,Normal
1864,1864,75.0,98.0,16.0,3.00,Normal
1864,1864,75.0,98.0,16.0,3.00,Normal
1864,1864,75.0,98.0,16.0,3.00,Normal
1865,1865,75.0,98.0,16.0,3.00,Normal
1865,1865,75.0,98.0,16.0,3.00,Normal
1865,1865,75.0,98.0,16.0,3.00,Normal
1866,1866,75.0,98.0,16.0,3.00,Normal
1868,1867,75.0,98.0,16.0,3.00,Normal
1871,1868,75.0,98.0,16.0,3.00,Normal
1878,1872,75.0,98.0,16.0,3.00,Normal
1888,1877,75.0,98.0,16.0,3.00,Normal
1899,1882,75.0,98.0,16.0,3.00,Normal
1906,1886,75.0,98.0,16.0,3.00,Normal
1909,1888,75.0,98.0,16.0,3.00,Normal
1905,1886,75.0,98.0,16.0,3.00,Normal
1896,1881,75.0,98.0,16.0,3.00,Normal
1889,1878,75.0,98.0,16.0,3.00,Normal
1882,1875,75.0,98.0,16.0,3.00,Normal
1876,1872,75.0,98.0,16.0,3.00,Normal
1870,1869,75.0,98.0,16.0,3.00,Normal
1874,1871,75.0,98.0,16.0,3.00,Normal
1881,1875,75.0,98.0,16.0,3.00,Normal
1885,1877,75.0,98.0,16.0,3.00,Normal
1887,1878,75.0,98.0,16.0,3.00,Normal
1887,1878,75.0,98.0,16.0,3.00,Normal
1887,1878,75.0,98.0,16.0,3.00,Normal
1885,1877,75.0,98.0,16.0,3.00,Normal
1883,1876,75.0,98.0,16.0,3.00,Normal
1881,1875,75.0,98.0,16.0,3.00,Normal
1878,1874,75.0,98.0,16.0,3.00,Normal
1876,1873,75.0,98.0,16.0,3.00,Normal
1875,1873,75.0,98.0,16.0,3.00,Normal
1873,1872,75.0,98.0,16.0,3.00,Normal
1872,1872,75.0,98.0,16.0,3.00,Normal
1872,1871,75.0,98.0,16.0,3.00,Normal
1871,1871,75.0,98.0,16.0,3.00,Normal
1871,1871,75.0,98.0,16.0,3.00,Normal
1871,1871,75.0,98.0,16.0,3.00,Normal
1871,1871,75.0,98.0,16.0,3.00,Normal
1871,1871,75.0,98.0,16.0,3.00,Normal
1871,1871,75.0,98.0,16.0,3.00,Normal
1871,1871,75.0,98.0,16.0,3.00,Normal
1871,1871,75.0,98.0,16.0,3.00,Normal
1871,1871,75.0,98.0,16.0,3.00,Normal
1871,1871,75.0,98.0,16.0,3.00,Normal
1871,1871,75.0,98.0,16.0,3.00,Normal
1871,1871,75.0,98.0,16.0,3.00,Normal
1871,1871,75.0,98.0,16.0,3.00,Normal
1871,1871,75.0,98.0,16.0,3.00,Normal
1870,1870,75.0,98.0,16.0,3.00,Normal
1871,1870,75.0,98.0,16.0,3.00,Normal
1874,1872,75.0,98.0,16.0,3.00,Normal
1879,1874,75.0,98.0,16.0,3.00,Normal
1887,1878,75.0,98.0,16.0,3.00,Normal
1898,1883,75.0,98.0,16.0,3.00,Normal
1909,1889,75.0,98.0,16.0,3.00,Normal
1917,1892,75.0,98.0,16.0,3.00,Normal
1919,1893,75.0,98.0,16.0,3.00,Normal
1914,1890,75.0,98.0,16.0,3.00,Normal
1904,1886,75.0,98.0,16.0,3.00,Normal
1894,1881,75.0,98.0,16.0,3.00,Normal
1886,1876,75.0,98.0,16.0,3.00,Normal
1879,1874,75.0,98.0,16.0,3.00,Normal
1871,1869,75.0,98.0,16.0,3.00,Normal
1870,1869,75.0,98.0,16.0,3.00,Normal
1879,1873,75.0,98.0,16.0,3.00,Normal
1884,1875,75.0,98.0,16.0,3.00,Normal
1886,1876,75.0,98.0,16.0,3.00,Normal
1886,1876,75.0,98.0,16.0,3.00,Normal
1886,1876,75.0,98.0,16.0,3.00,Normal
1884,1875,75.0,98.0,16.0,3.00,Normal
1882,1874,75.0,98.0,16.0,3.00,Normal
1879,1872,75.0,98.0,16.0,3.00,Normal
1876,1871,75.0,98.0,16.0,3.00,Normal
1874,1870,75.0,98.0,16.0,3.00,Normal
1872,1868,75.0,98.0,16.0,3.00,Normal
1869,1867,75.0,98.0,16.0,3.00,Normal
1867,1866,75.0,98.0,16.0,3.00,Normal
1866,1865,75.0,98.0,16.0,3.00,Normal
1865,1864,75.0,98.0,16.0,3.00,Normal
1864,1864,75.0,98.0,16.0,3.00,Normal
1864,1864,75.0,98.0,16.0,3.00,Normal
1863,1863,75.0,98.0,16.0,3.00,Normal
1863,1863,75.0,98.0,16.0,3.00,Normal
1862,1862,75.0,98.0,16.0,3.00,Normal
1862,1862,75.0,98.0,16.0,3.00,Normal
1862,1862,75.0,98.0,16.0,3.00,Normal
1862,1862,75.0,98.0,16.0,3.00,Normal
1861,1861,75.0,98.0,16.0,3.00,Normal
1861,1861,75.0,98.0,16.0,3.00,Normal
1861,1861,75.0,98.0,16.0,3.00,Normal
1860,1860,75.0,98.0,16.0,3.00,Normal
1860,1860,75.0,98.0,16.0,3.00,Normal
1860,1860,75.0,98.0,16.0,3.00,Normal
1859,1859,75.0,98.0,16.0,3.00,Normal
1859,1859,75.0,98.0,16.0,3.00,Normal
1859,1859,75.0,98.0,16.0,3.00,Normal
1861,1860,75.0,98.0,16.0,3.00,Normal
1864,1861,75.0,98.0,16.0,3.00,Normal
1869,1863,75.0,98.0,16.0,3.00,Normal
1878,1867,75.0,98.0,16.0,3.00,Normal
1887,1872,75.0,98.0,16.0,3.00,Normal
1894,1875,75.0,98.0,16.0,3.00,Normal
1896,1875,75.0,98.0,16.0,3.00,Normal
1893,1874,75.0,98.0,16.0,3.00,Normal
1885,1870,75.0,98.0,16.0,3.00,Normal
1876,1865,75.0,98.0,16.0,3.00,Normal
1869,1862,75.0,98.0,16.0,3.00,Normal
1863,1859,75.0,98.0,16.0,3.00,Normal
1858,1856,75.0,98.0,16.0,3.00,Normal
1857,1856,75.0,98.0,16.0,3.00,Normal
1863,1858,75.0,98.0,16.0,3.00,Normal
1867,1860,75.0,98.0,16.0,3.00,Normal
1868,1861,75.0,98.0,16.0,3.00,Normal
1868,1861,75.0,98.0,16.0,3.00,Normal
1868,1861,75.0,98.0,16.0,3.00,Normal
1867,1860,75.0,98.0,16.0,3.00,Normal
1865,1859,75.0,98.0,16.0,3.00,Normal
1863,1858,75.0,98.0,16.0,3.00,Normal
1861,1857,75.0,98.0,16.0,3.00,Normal
1859,1856,75.0,98.0,16.0,3.00,Normal
1857,1855,75.0,98.0,16.0,3.00,Normal
1856,1854,75.0,98.0,16.0,3.00,Normal
1855,1854,75.0,98.0,16.0,3.00,Normal
1854,1853,75.0,98.0,16.0,3.00,Normal
1853,1853,75.0,98.0,16.0,3.00,Normal
1853,1853,75.0,98.0,16.0,3.00,Normal
1852,1852,75.0,98.0,16.0,3.00,Normal
1852,1852,75.0,98.0,16.0,3.00,Normal
1852,1852,75.0,98.0,16.0,3.00,Normal
1852,1852,75.0,98.0,16.0,3.00,Normal
1852,1852,75.0,98.0,16.0,3.00,Normal
1852,1852,75.0,98.0,16.0,3.00,Normal
1852,1852,75.0,98.0,16.0,3.00,Normal
1852,1852,75.0,98.0,16.0,3.00,Normal
1852,1852,75.0,98.0,16.0,3.00,Normal
1852,1852,75.0,98.0,16.0,3.00,Normal
1852,1852,75.0,98.0,16.0,3.00,Normal
1852,1852,75.0,98.0,16.0,3.00,Normal
1852,1852,75.0,98.0,16.0,3.00,Normal
1852,1852,75.0,98.0,16.0,3.00,Normal
1852,1852,75.0,98.0,16.0,3.00,Normal
1853,1852,75.0,98.0,16.0,3.00,Normal
1856,1853,75.0,98.0,16.0,3.00,Normal
1860,1855,75.0,98.0,16.0,3.00,Normal
1866,1859,75.0,98.0,16.0,3.00,Normal
1874,1862,75.0,98.0,16.0,3.00,Normal
1878,1864,75.0,98.0,16.0,3.00,Normal
1880,1866,75.0,98.0,16.0,3.00,Normal
1877,1864,75.0,98.0,16.0,3.00,Normal
1871,1861,75.0,98.0,16.0,3.00,Normal
1865,1858,75.0,98.0,16.0,3.00,Normal
1861,1857,75.0,98.0,16.0,3.00,Normal
1857,1855,75.0,98.0,16.0,3.00,Normal
1854,1853,75.0,98.0,16.0,3.00,Normal
1857,1855,75.0,98.0,16.0,3.00,Normal
1862,1857,75.0,98.0,16.0,3.00,Normal
1864,1858,75.0,98.0,16.0,3.00,Normal
1865,1859,75.0,98.0,16.0,3.00,Normal
1865,1859,75.0,98.0,16.0,3.00,Normal
1864,1859,75.0,98.0,16.0,3.00,Normal
1863,1858,75.0,98.0,16.0,3.00,Normal
1862,1858,75.0,98.0,16.0,3.00,Normal
1860,1857,75.0,98.0,16.0,3.00,Normal
1859,1857,75.0,98.0,16.0,3.00,Normal
1858,1857,75.0,98.0,16.0,3.00,Normal
1857,1856,75.0,98.0,16.0,3.00,Normal
1857,1856,75.0,98.0,16.0,3.00,Normal
1856,1856,75.0,98.0,16.0,3.00,Normal
1856,1856,75.0,98.0,16.0,3.00,Normal
1856,1856,75.0,98.0,16.0,3.00,Normal
1856,1856,75.0,98.0,16.0,3.00,Normal
1857,1856,75.0,98.0,16.0,3.00,Normal
1857,1857,75.0,98.0,16.0,3.00,Normal
1857,1857,75.0,98.0,16.0,3.00,Normal
1857,1857,75.0,98.0,16.0,3.00,Normal
1858,1858,75.0,98.0,16.0,3.00,Normal
1858,1858,75.0,98.0,16.0,3.00,Normal
1858,1858,75.0,98.0,16.0,3.00,Normal
1858,1858,75.0,98.0,16.0,3.00,Normal
1859,1859,75.0,98.0,16.0,3.00,Normal
1859,1859,75.0,98.0,16.0,3.00,Normal
1859,1859,75.0,98.0,16.0,3.00,Normal
1859,1859,75.0,98.0,16.0,3.00,Normal
1860,1860,75.0,98.0,16.0,3.00,Normal
1862,1861,75.0,98.0,16.0,3.00,Normal
1867,1863,75.0,98.0,16.0,3.00,Normal
1874,1867,75.0,98.0,16.0,3.00,Normal
1884,1872,75.0,98.0,16.0,3.00,Normal
1892,1876,75.0,98.0,16.0,3.00,Normal
1896,1878,75.0,98.0,16.0,3.00,Normal
1895,1877,75.0,98.0,16.0,3.00,Normal
1888,1874,75.0,98.0,16.0,3.00,Normal
1880,1870,75.0,98.0,16.0,3.00,Normal
1874,1867,75.0,98.0,16.0,3.00,Normal
1869,1866,75.0,98.0,16.0,3.00,Normal
1863,1863,75.0,98.0,16.0,3.00,Normal
1869,1865,75.0,98.0,16.0,3.00,Normal
1875,1869,75.0,98.0,16.0,3.00,Normal
1878,1870,75.0,98.0,16.0,3.00,Normal
1879,1871,169.3,98.0,16.0,3.00,Normal
1879,1871,169.3,98.0,16.0,3.00,Normal
1878,1871,169.3,98.0,16.0,3.00,Normal
1877,1870,169.3,98.0,16.0,3.00,Normal
1875,1870,169.3,98.0,16.0,3.00,Normal
1872,1869,169.3,98.0,16.0,3.00,Normal
1870,1868,169.3,98.0,16.0,3.00,Normal
1870,1867,169.3,98.0,16.0,3.00,Normal
1868,1867,168.0,98.0,16.0,3.00,Normal
1867,1867,161.3,98.0,16.0,3.00,Normal
1867,1866,154.7,98.0,16.0,3.00,Normal
1867,1866,148.0,98.0,16.0,3.00,Normal
1867,1867,141.3,98.0,16.0,3.00,Normal
1867,1867,132.0,98.0,16.0,3.00,Normal
1867,1867,120.0,98.0,16.0,3.00,Normal
1867,1867,112.0,98.0,16.0,3.00,Normal
1867,1867,108.0,98.0,16.0,3.00,Normal
1867,1867,104.0,98.0,16.0,3.00,Normal
1867,1867,104.0,98.0,16.0,3.00,Normal
1867,1867,102.7,98.0,16.0,3.00,Normal
1868,1868,101.3,98.0,16.0,3.00,Normal
1868,1868,100.0,98.0,16.0,3.00,Normal
1868,1868,100.0,98.0,16.0,3.00,Normal
1868,1868,100.0,98.0,16.0,3.00,Normal
1868,1868,100.0,98.0,16.0,3.00,Normal
1869,1868,100.0,98.0,16.0,3.00,Normal
1872,1869,100.0,98.0,16.0,3.00,Normal
1877,1872,100.0,98.0,16.0,3.00,Normal
1885,1876,100.0,98.0,16.0,3.00,Normal
1896,1881,100.0,98.0,16.0,3.00,Normal
1908,1888,100.0,98.0,16.0,3.00,Normal
1915,1890,100.0,98.0,16.0,3.00,Normal
1916,1891,100.0,98.0,16.0,3.00,Normal
1910,1888,100.0,98.0,16.0,3.00,Normal
1899,1883,100.0,98.0,16.0,3.00,Normal
1890,1878,100.0,98.0,16.0,3.00,Normal
1882,1875,100.0,98.0,16.0,3.00,Normal
1875,1872,100.0,98.0,16.0,3.00,Normal
1870,1869,100.0,98.0,16.0,3.00,Normal
1876,1872,100.0,98.0,16.0,3.00,Normal
1884,1876,100.0,98.0,16.0,3.00,Normal
1887,1877,100.0,98.0,16.0,3.00,Normal
1888,1878,100.0,98.0,16.0,3.00,Normal
1888,1878,100.0,98.0,16.0,3.00,Normal
1887,1877,100.0,98.0,16.0,3.00,Normal
1881,1875,100.0,98.0,16.0,3.00,Normal
1875,1871,100.0,98.0,16.0,3.00,Normal
1871,1869,100.0,98.0,16.0,3.00,Normal
1869,1869,100.0,98.0,16.0,3.00,Normal
1868,1868,100.0,98.0,16.0,3.00,Normal
1868,1868,100.0,98.0,16.0,3.00,Normal
1868,1868,100.0,98.0,16.0,3.00,Normal
1868,1868,100.0,98.0,16.0,3.00,Normal
1868,1868,102.7,98.0,16.0,3.00,Normal
1868,1868,104.0,98.0,16.0,3.00,Normal
1867,1867,105.3,98.0,16.0,3.00,Normal
1871,1868,106.7,98.0,16.0,3.00,Normal
1882,1874,108.0,98.0,16.0,3.00,Normal
1897,1882,110.7,98.0,16.0,3.00,Normal
1900,1883,112.0,98.0,16.0,3.00,Normal
1888,1876,112.0,98.0,16.0,3.00,Normal
1878,1872,112.0,98.0,16.0,3.00,Normal
1869,1867,112.0,98.0,16.0,3.00,Normal
1872,1869,112.0,98.0,16.0,3.00,Normal
1880,1873,112.0,98.0,16.0,3.00,Normal
1882,1874,112.0,98.0,16.0,3.00,Normal
1881,1873,112.0,98.0,16.0,3.00,Normal
1880,1872,112.0,98.0,16.0,3.00,Normal
1877,1871,112.0,98.0,16.0,3.00,Normal
1873,1869,112.0,98.0,16.0,3.00,Normal
1871,1867,112.0,98.0,16.0,3.00,Normal
1868,1866,112.0,98.0,16.0,3.00,Normal
1867,1866,112.0,98.0,16.0,3.00,Normal
1865,1865,112.0,98.0,16.0,3.00,Normal
1865,1864,112.0,98.0,16.0,3.00,Normal
1864,1864,112.0,98.0,16.0,3.00,Normal
1864,1864,112.0,98.0,16.0,3.00,Normal
1863,1863,112.0,98.0,16.0,3.00,Normal
1863,1863,112.0,98.0,16.0,3.00,Normal
1863,1863,112.0,98.0,16.0,3.00,Normal
1863,1863,112.0,98.0,16.0,3.00,Normal
1863,1863,112.0,98.0,16.0,3.00,Normal
1862,1862,112.0,98.0,16.0,3.00,Normal
1862,1862,112.0,98.0,16.0,3.00,Normal
1862,1862,112.0,98.0,16.0,3.00,Normal
1862,1862,112.0,98.0,16.0,3.00,Normal
1865,1863,112.0,98.0,16.0,3.00,Normal
1871,1866,112.0,98.0,16.0,3.00,Normal
1882,1871,112.0,98.0,16.0,3.00,Normal
1894,1876,112.0,98.0,16.0,3.00,Normal
1901,1880,112.0,98.0,16.0,3.00,Normal
1856,1855,112.0,98.0,16.0,3.00,Normal
1862,1858,112.0,98.0,16.0,3.00,Normal
1871,1863,112.0,98.0,16.0,3.00,Normal
1878,1865,112.0,98.0,16.0,3.00,Normal
1876,1865,112.0,98.0,16.0,3.00,Normal
1869,1862,112.0,98.0,16.0,3.00,Normal
1863,1858,112.0,98.0,16.0,3.00,Normal
1857,1855,112.0,98.0,16.0,3.00,Normal
1858,1857,112.0,98.0,16.0,3.00,Normal
1863,1859,112.0,98.0,16.0,3.00,Normal
1865,1860,112.0,98.0,16.0,3.00,Normal
1864,1860,112.0,98.0,16.0,3.00,Normal
1863,1859,112.0,98.0,16.0,3.00,Normal
1861,1858,112.0,98.0,16.0,3.00,Normal
1860,1858,112.0,98.0,16.0,3.00,Normal
1858,1857,112.0,98.0,16.0,3.00,Normal
1857,1857,112.0,98.0,16.0,3.00,Normal
1857,1857,112.0,98.0,16.0,3.00,Normal
1857,1857,112.0,98.0,16.0,3.00,Normal
1857,1857,112.0,98.0,16.0,3.00,Normal
1857,1857,112.0,98.0,16.0,3.00,Normal
1857,1857,112.0,98.0,16.0,3.00,Normal
1857,1857,112.0,98.0,16.0,3.00,Normal
1857,1857,112.0,98.0,16.0,3.00,Normal
1857,1857,112.0,98.0,16.0,3.00,Normal
1857,1857,112.0,98.0,16.0,3.00,Normal
1858,1858,112.0,98.0,16.0,3.00,Normal
1858,1858,112.0,98.0,16.0,3.00,Normal
1862,1859,112.0,98.0,16.0,3.00,Normal
1869,1863,112.0,98.0,16.0,3.00,Normal
1879,1868,112.0,98.0,16.0,3.00,Normal
1886,1872,112.0,98.0,16.0,3.00,Normal
1883,1870,112.0,98.0,16.0,3.00,Normal
1874,1866,112.0,98.0,16.0,3.00,Normal
1866,1862,112.0,98.0,16.0,3.00,Normal
1861,1859,112.0,98.0,16.0,3.00,Normal
1865,1861,112.0,98.0,16.0,3.00,Normal
1870,1865,112.0,98.0,16.0,3.00,Normal
1871,1865,112.0,98.0,16.0,3.00,Normal
1871,1865,112.0,98.0,16.0,3.00,Normal
1869,1864,112.0,98.0,16.0,3.00,Normal
1866,1863,112.0,98.0,16.0,3.00,Normal
1864,1862,112.0,98.0,16.0,3.00,Normal
1862,1861,112.0,98.0,16.0,3.00,Normal
1862,1861,112.0,98.0,16.0,3.00,Normal
1861,1861,112.0,98.0,16.0,3.00,Normal
1861,1861,112.0,98.0,16.0,3.00,Normal
1861,1861,112.0,98.0,16.0,3.00,Normal
1861,1861,112.0,98.0,16.0,3.00,Normal
1862,1862,112.0,98.0,16.0,3.00,Normal
1862,1862,112.0,98.0,16.0,3.00,Normal
1862,1862,112.0,98.0,16.0,3.00,Normal
1862,1862,112.0,98.0,16.0,3.00,Normal
1862,1862,112.0,98.0,16.0,3.00,Normal
1862,1862,112.0,98.0,16.0,3.00,Normal
1864,1863,112.0,98.0,16.0,3.00,Normal
1868,1865,112.0,98.0,16.0,3.00,Normal
1879,1870,112.0,98.0,16.0,3.00,Normal
1890,1876,112.0,98.0,16.0,3.00,Normal
1896,1879,112.0,98.0,16.0,3.00,Normal
1891,1876,112.0,98.0,16.0,3.00,Normal
1880,1871,112.0,98.0,16.0,3.00,Normal
1872,1867,112.0,98.0,16.0,3.00,Normal
1865,1864,112.0,98.0,16.0,3.00,Normal
1870,1867,112.0,98.0,16.0,3.00,Normal
1876,1869,112.0,98.0,16.0,3.00,Normal
1878,1871,112.0,98.0,16.0,3.00,Normal
1877,1870,112.0,98.0,16.0,3.00,Normal
1875,1869,112.0,98.0,16.0,3.00,Normal
1873,1869,112.0,98.0,16.0,3.00,Normal
1870,1867,112.0,98.0,16.0,3.00,Normal
1868,1866,112.0,98.0,16.0,3.00,Normal
1866,1866,112.0,98.0,16.0,3.00,Normal
1866,1865,112.0,98.0,16.0,3.00,Normal
1865,1865,112.0,98.0,16.0,3.00,Normal
1865,1865,112.0,98.0,16.0,3.00,Normal
1865,1865,112.0,98.0,16.0,3.00,Normal
1865,1865,112.0,98.0,16.0,3.00,Normal
1865,1865,112.0,98.0,16.0,3.00,Normal
1865,1865,112.0,98.0,16.0,3.00,Normal
1865,1865,112.0,98.0,32.3,3.00,Normal
1865,1865,112.0,98.0,32.3,3.00,Normal
1866,1866,112.0,98.0,32.3,3.00,Normal
1866,1866,112.0,98.0,32.3,3.00,Normal
1868,1866,112.0,98.0,32.3,3.00,Normal
1874,1869,112.0,98.0,32.3,3.00,Normal
1885,1875,112.0,98.0,32.0,3.00,Normal
1900,1882,112.0,98.0,31.5,3.00,Normal
1905,1885,112.0,98.0,31.2,3.00,Normal
1900,1882,112.0,98.0,30.7,3.00,Normal
1888,1876,112.0,98.0,30.4,3.00,Normal
1879,1872,112.0,98.0,29.9,3.00,Normal
1869,1867,112.0,98.0,29.6,3.00,Normal
1871,1868,112.0,98.0,28.5,3.00,Normal
1880,1873,112.0,98.0,28.3,3.00,Normal
1883,1874,112.0,98.0,28.0,3.00,Normal
1883,1874,112.0,98.0,28.0,3.00,Normal
1881,1873,112.0,98.0,28.0,3.00,Normal
1879,1872,112.0,98.0,28.0,3.00,Normal
1875,1871,112.0,98.0,27.7,3.00,Normal
1872,1869,112.0,98.0,27.7,3.00,Normal
1869,1868,112.0,98.0,27.7,3.00,Normal
1867,1867,112.0,98.0,27.7,3.00,Normal
1866,1866,112.0,98.0,27.7,3.00,Normal
1866,1866,112.0,98.0,27.7,3.00,Normal
1866,1866,112.0,98.0,27.7,3.00,Normal
1865,1865,112.0,98.0,27.7,3.00,Normal
1865,1865,112.0,98.0,27.7,3.00,Normal
1865,1865,112.0,98.0,27.7,3.00,Normal
1865,1865,112.0,98.0,27.7,3.00,Normal
1864,1864,112.0,98.0,27.7,3.00,Normal
1864,1864,112.0,98.0,27.7,3.00,Normal
1864,1864,112.0,98.0,27.7,3.00,Normal
1863,1863,112.0,98.0,27.7,3.00,Normal
1865,1864,112.0,98.0,27.7,3.00,Normal
1869,1866,112.0,98.0,27.7,3.00,Normal
1879,1870,112.0,98.0,27.7,3.00,Normal
1892,1876,112.0,98.0,27.7,3.00,Normal
1898,1879,112.0,98.0,27.7,3.00,Normal
1894,1877,112.0,98.0,27.7,3.00,Normal
1882,1871,112.0,98.0,27.7,3.00,Normal
1872,1866,112.0,98.0,27.7,3.00,Normal
1864,1861,112.0,98.0,27.7,3.00,Normal
1862,1860,112.0,98.0,27.7,3.00,Normal
1870,1864,112.0,98.0,27.7,3.00,Normal
1872,1865,112.0,98.0,27.7,3.00,Normal
1872,1865,112.0,98.0,27.7,3.00,Normal
1870,1863,112.0,98.0,27.7,3.00,Normal
1867,1862,112.0,98.0,27.7,3.00,Normal
1864,1861,112.0,98.0,27.7,3.00,Normal
1861,1859,112.0,98.0,27.7,3.00,Normal
1859,1858,112.0,98.0,27.7,3.00,Normal
1857,1857,112.0,98.0,27.7,3.00,Normal
1856,1856,112.0,98.0,27.7,3.00,Normal
1855,1855,112.0,98.0,27.7,3.00,Normal
1855,1855,112.0,98.0,27.7,3.00,Normal
1855,1855,112.0,98.0,27.7,3.00,Normal
1854,1854,112.0,98.0,27.7,3.00,Normal
1854,1854,112.0,98.0,27.7,3.00,Normal
1854,1854,112.0,98.0,27.7,3.00,Normal
1853,1853,112.0,98.0,27.7,3.00,Normal
1853,1853,112.0,98.0,27.7,3.00,Normal
1853,1853,112.0,98.0,27.7,3.00,Normal
1853,1853,112.0,98.0,27.7,3.00,Normal
1853,1853,112.0,98.0,27.7,3.00,Normal
1856,1854,112.0,98.0,27.7,3.00,Normal
1863,1857,112.0,98.0,27.7,3.00,Normal
1873,1861,112.0,98.0,27.7,3.00,Normal
1877,1864,112.0,98.0,27.7,3.00,Normal
1872,1861,112.0,98.0,27.7,3.00,Normal
1864,1857,112.0,98.0,27.7,3.00,Normal
1858,1854,112.0,98.0,27.7,3.00,Normal
1852,1852,112.0,98.0,27.7,3.00,Normal
1856,1853,112.0,98.0,27.7,3.00,Normal
1860,1855,112.0,98.0,27.7,3.00,Normal
1861,1856,112.0,98.0,27.7,3.00,Normal
1860,1855,112.0,98.0,27.7,3.00,Normal
1858,1854,112.0,98.0,27.7,3.00,Normal
1857,1854,112.0,98.0,27.7,3.00,Normal
1855,1853,112.0,98.0,27.7,3.00,Normal
1853,1852,112.0,98.0,27.7,3.00,Normal
1853,1852,112.0,98.0,27.7,3.00,Normal
1852,1852,112.0,98.0,27.7,3.00,Normal
1852,1852,112.0,98.0,27.7,3.00,Normal
1852,1852,112.0,98.0,27.7,3.00,Normal
1852,1852,112.0,98.0,27.7,3.00,Normal
1853,1853,112.0,98.0,27.7,3.00,Normal
1853,1853,112.0,98.0,27.7,3.00,Normal
1853,1853,112.0,98.0,27.7,3.00,Normal
1854,1854,112.0,98.0,27.7,3.00,Normal
1854,1854,112.0,98.0,27.7,3.00,Normal
1854,1854,112.0,98.0,27.7,3.00,Normal
1855,1855,112.0,98.0,27.7,3.00,Normal
1859,1857,112.0,98.0,27.7,3.00,Normal
1866,1860,112.0,98.0,27.7,3.00,Normal
1878,1866,112.0,98.0,27.7,3.00,Normal
1884,1869,112.0,98.0,27.7,3.00,Normal
1879,1867,112.0,98.0,27.7,3.00,Normal
1871,1863,112.0,98.0,27.7,3.00,Normal
1864,1861,112.0,98.0,27.7,3.00,Normal
1859,1859,112.0,98.0,27.7,3.00,Normal
1865,1862,112.0,98.0,27.7,3.00,Normal
1870,1864,112.0,98.0,27.7,3.00,Normal
1871,1865,112.0,98.0,27.7,3.00,Normal
1871,1865,112.0,98.0,27.7,3.00,Normal
1869,1865,112.0,98.0,27.7,3.00,Normal
1867,1864,112.0,98.0,27.7,3.00,Normal
1865,1864,112.0,98.0,27.7,3.00,Normal
1865,1863,112.0,98.0,27.7,3.00,Normal
1864,1863,112.0,98.0,27.7,3.00,Normal
1864,1863,112.0,98.0,27.7,3.00,Normal
1864,1864,112.0,98.0,27.7,3.00,Normal
1864,1864,112.0,98.0,27.7,3.00,Normal
1865,1865,112.0,98.0,27.7,3.00,Normal
1865,1865,112.0,98.0,27.7,3.00,Normal
1865,1865,112.0,98.0,27.7,3.00,Normal
1866,1866,112.0,98.0,27.7,3.00,Normal
1866,1866,112.0,98.0,27.7,3.00,Normal
1867,1867,112.0,98.0,27.7,3.00,Normal
1867,1867,112.0,98.0,27.7,3.00,Normal
1870,1869,112.0,98.0,27.7,3.00,Normal
1874,1871,112.0,98.0,27.7,3.00,Normal
1885,1876,112.0,98.0,27.7,3.00,Normal
1899,1883,112.0,98.0,27.7,3.00,Normal
1908,1888,112.0,98.0,27.7,3.00,Normal
1906,1887,112.0,98.0,27.7,3.00,Normal
1865,1860,75.0,98.0,16.0,3.00,Arrhythmia
1863,1862,75.0,98.0,16.0,3.00,Arrhythmia
1871,1865,75.0,98.0,16.0,3.00,Arrhythmia
1882,1872,75.0,98.0,16.0,3.00,Arrhythmia
1892,1876,75.0,98.0,16.0,3.00,Arrhythmia
1889,1875,75.0,98.0,16.0,3.00,Arrhythmia
1880,1871,75.0,98.0,16.0,3.00,Arrhythmia
1872,1867,75.0,98.0,16.0,3.00,Arrhythmia
1866,1865,75.0,98.0,16.0,3.00,Arrhythmia
1871,1867,75.0,98.0,16.0,3.00,Arrhythmia
1875,1869,75.0,98.0,16.0,3.00,Arrhythmia
1877,1871,75.0,98.0,16.0,3.00,Arrhythmia
1876,1870,75.0,98.0,16.0,3.00,Arrhythmia
1874,1869,75.0,98.0,16.0,3.00,Arrhythmia
1872,1868,75.0,98.0,16.0,3.00,Arrhythmia
1870,1868,75.0,98.0,16.0,3.00,Arrhythmia
1868,1867,75.0,98.0,16.0,3.00,Arrhythmia
1867,1867,75.0,98.0,16.0,3.00,Arrhythmia
1867,1867,75.0,98.0,16.0,3.00,Arrhythmia
1867,1867,75.0,98.0,16.0,3.00,Arrhythmia
1867,1867,75.0,98.0,16.0,3.00,Arrhythmia
1868,1868,75.0,98.0,16.0,3.00,Arrhythmia
1868,1868,75.0,98.0,16.0,3.00,Arrhythmia
1868,1868,75.0,98.0,16.0,3.00,Arrhythmia
1868,1868,75.0,98.0,16.0,3.00,Arrhythmia
1869,1869,75.0,98.0,16.0,3.00,Arrhythmia
1869,1869,75.0,98.0,16.0,3.00,Arrhythmia
1870,1870,75.0,98.0,16.0,3.00,Arrhythmia
1873,1871,75.0,98.0,16.0,3.00,Arrhythmia
1880,1874,75.0,98.0,16.0,3.00,Arrhythmia
1890,1880,75.0,98.0,16.0,3.00,Arrhythmia
1903,1885,75.0,98.0,16.0,3.00,Arrhythmia
1912,1890,75.0,98.0,16.0,3.00,Arrhythmia
1912,1890,75.0,98.0,16.0,3.00,Arrhythmia
1902,1886,75.0,98.0,16.0,3.00,Arrhythmia
1891,1880,75.0,98.0,16.0,3.00,Arrhythmia
1884,1877,75.0,98.0,16.0,3.00,Arrhythmia
1877,1874,75.0,98.0,16.0,3.00,Arrhythmia
1874,1873,75.0,98.0,16.0,3.00,Arrhythmia
1883,1877,75.0,98.0,16.0,3.00,Arrhythmia
1887,1878,75.0,98.0,16.0,3.00,Arrhythmia
1888,1880,75.0,98.0,16.0,3.00,Arrhythmia
1889,1880,75.0,98.0,16.0,3.00,Arrhythmia
1887,1879,75.0,98.0,16.0,3.00,Arrhythmia
1885,1878,75.0,98.0,16.0,3.00,Arrhythmia
1883,1877,75.0,98.0,16.0,3.00,Arrhythmia
1880,1876,75.0,98.0,16.0,3.00,Arrhythmia
1877,1874,75.0,98.0,16.0,3.00,Arrhythmia
1875,1873,75.0,98.0,16.0,3.00,Arrhythmia
1874,1873,75.0,98.0,16.0,3.00,Arrhythmia
1873,1872,75.0,98.0,16.0,3.00,Arrhythmia
1873,1872,75.0,98.0,16.0,3.00,Arrhythmia
1872,1872,75.0,98.0,16.0,3.00,Arrhythmia
1872,1872,75.0,98.0,16.0,3.00,Arrhythmia
1872,1872,75.0,98.0,16.0,3.00,Arrhythmia
1872,1872,75.0,98.0,16.0,3.00,Arrhythmia
1872,1872,75.0,98.0,16.0,3.00,Arrhythmia
1872,1872,75.0,98.0,16.0,3.00,Arrhythmia
1872,1872,75.0,98.0,16.0,3.00,Arrhythmia
1871,1871,75.0,98.0,16.0,3.00,Arrhythmia
1871,1871,75.0,98.0,16.0,3.00,Arrhythmia
1871,1871,75.0,98.0,16.0,3.00,Arrhythmia
1871,1871,75.0,98.0,16.0,3.00,Arrhythmia
1871,1871,75.0,98.0,16.0,3.00,Arrhythmia
1873,1872,75.0,98.0,16.0,3.00,Arrhythmia
1878,1874,75.0,98.0,16.0,3.00,Arrhythmia
1887,1878,75.0,98.0,16.0,3.00,Arrhythmia
1900,1884,75.0,98.0,16.0,3.00,Arrhythmia
1914,1891,75.0,98.0,16.0,3.00,Arrhythmia
1921,1894,75.0,98.0,16.0,3.00,Arrhythmia
1918,1892,75.0,98.0,16.0,3.00,Arrhythmia
1907,1888,75.0,98.0,16.0,3.00,Arrhythmia
1894,1881,75.0,98.0,16.0,3.00,Arrhythmia
1885,1876,75.0,98.0,16.0,3.00,Arrhythmia
1877,1872,75.0,98.0,16.0,3.00,Arrhythmia
1872,1870,75.0,98.0,16.0,3.00,Arrhythmia
1878,1873,75.0,98.0,16.0,3.00,Arrhythmia
1885,1876,75.0,98.0,16.0,3.00,Arrhythmia
1887,1877,75.0,98.0,16.0,3.00,Arrhythmia
1887,1877,75.0,98.0,16.0,3.00,Arrhythmia
1885,1876,75.0,98.0,16.0,3.00,Arrhythmia
1884,1875,75.0,98.0,16.0,3.00,Arrhythmia
1880,1873,75.0,98.0,16.0,3.00,Arrhythmia
1877,1871,75.0,98.0,16.0,3.00,Arrhythmia
1874,1869,75.0,98.0,16.0,3.00,Arrhythmia
1871,1868,75.0,98.0,16.0,3.00,Arrhythmia
1868,1866,75.0,98.0,16.0,3.00,Arrhythmia
1867,1866,75.0,98.0,16.0,3.00,Arrhythmia
1866,1865,75.0,98.0,16.0,3.00,Arrhythmia
1865,1864,75.0,98.0,16.0,3.00,Arrhythmia
1864,1864,75.0,98.0,16.0,3.00,Arrhythmia
1863,1863,75.0,98.0,16.0,3.00,Arrhythmia
1863,1863,75.0,98.0,16.0,3.00,Arrhythmia
1863,1863,75.0,98.0,16.0,3.00,Arrhythmia
1862,1862,75.0,98.0,16.0,3.00,Arrhythmia
1862,1862,75.0,98.0,16.0,3.00,Arrhythmia
1862,1862,75.0,98.0,16.0,3.00,Arrhythmia
1861,1861,75.0,98.0,16.0,3.00,Arrhythmia
1861,1861,75.0,98.0,16.0,3.00,Arrhythmia
1861,1861,75.0,98.0,16.0,3.00,Arrhythmia
1860,1860,75.0,98.0,16.0,3.00,Arrhythmia
1860,1860,75.0,98.0,16.0,3.00,Arrhythmia
1860,1860,75.0,98.0,16.0,3.00,Arrhythmia
1861,1860,75.0,98.0,16.0,3.00,Arrhythmia
1863,1861,75.0,98.0,16.0,3.00,Arrhythmia
1868,1863,75.0,98.0,16.0,3.00,Arrhythmia
1874,1865,75.0,98.0,16.0,3.00,Arrhythmia
1882,1869,75.0,98.0,16.0,3.00,Arrhythmia
1889,1873,75.0,98.0,16.0,3.00,Arrhythmia
1893,1875,75.0,98.0,16.0,3.00,Arrhythmia
1893,1874,75.0,98.0,16.0,3.00,Arrhythmia
2011,2010,75.0,98.0,16.0,3.00,Weak Perf.
1864,1863,75.0,98.0,16.0,3.00,Weak Perf.
1868,1864,75.0,98.0,16.0,3.00,Weak Perf.
1875,1868,75.0,98.0,16.0,3.00,Weak Perf.
1884,1873,75.0,98.0,16.0,3.00,Weak Perf.
1893,1877,75.0,98.0,16.0,3.00,Weak Perf.
1895,1879,75.0,98.0,16.0,3.00,Weak Perf.
1893,1877,75.0,98.0,16.0,3.00,Weak Perf.
1885,1874,75.0,98.0,16.0,3.00,Weak Perf.
1877,1870,75.0,98.0,16.0,3.00,Weak Perf.
1873,1868,75.0,98.0,16.0,3.00,Weak Perf.
1870,1867,75.0,98.0,16.0,3.00,Weak Perf.
1870,1868,75.0,98.0,16.0,3.00,Weak Perf.
1873,1869,75.0,98.0,16.0,3.00,Weak Perf.
1874,1870,75.0,98.0,16.0,3.00,Weak Perf.
1876,1871,75.0,98.0,16.0,3.00,Weak Perf.
1877,1871,75.0,98.0,16.0,3.00,Weak Perf.
1876,1871,75.0,98.0,16.0,3.00,Weak Perf.
1875,1871,75.0,98.0,16.0,3.00,Weak Perf.
1875,1871,75.0,98.0,16.0,3.00,Weak Perf.
1873,1870,75.0,98.0,16.0,3.00,Weak Perf.
1872,1870,75.0,98.0,16.0,3.00,Weak Perf.
1871,1869,75.0,98.0,16.0,3.00,Weak Perf.
1870,1869,75.0,98.0,16.0,3.00,Weak Perf.
1870,1869,75.0,98.0,16.0,3.00,Weak Perf.
1870,1869,75.0,98.0,16.0,3.00,Weak Perf.
1870,1869,75.0,98.0,16.0,3.00,Weak Perf.
1870,1869,75.0,98.0,16.0,3.00,Weak Perf.
1870,1870,75.0,98.0,16.0,3.00,Weak Perf.
1870,1870,75.0,98.0,16.0,3.00,Weak Perf.
1870,1870,75.0,98.0,16.0,3.00,Weak Perf.
1870,1870,75.0,98.0,16.0,3.00,Weak Perf.
1870,1870,75.0,98.0,16.0,3.00,Weak Perf.
1871,1871,75.0,98.0,16.0,3.00,Weak Perf.
1871,1871,75.0,98.0,16.0,3.00,Weak Perf.
1871,1871,75.0,98.0,16.0,3.00,Weak Perf.
1871,1871,75.0,98.0,16.0,3.00,Weak Perf.
1871,1871,75.0,98.0,16.0,3.00,Weak Perf.
1871,1871,75.0,98.0,16.0,3.00,Weak Perf.
1871,1871,75.0,98.0,16.0,3.00,Weak Perf.
1873,1872,75.0,98.0,16.0,3.00,Weak Perf.
1875,1873,75.0,98.0,16.0,3.00,Weak Perf.
1881,1876,75.0,98.0,16.0,3.00,Weak Perf.
1888,1879,75.0,98.0,16.0,3.00,Weak Perf.
1898,1884,75.0,98.0,16.0,3.00,Weak Perf.
1907,1889,75.0,98.0,16.0,3.00,Weak Perf.
1911,1891,75.0,98.0,16.0,3.00,Weak Perf.
1910,1890,75.0,98.0,16.0,3.00,Weak Perf.
1905,1888,75.0,98.0,16.0,3.00,Weak Perf.
1895,1883,75.0,98.0,16.0,3.00,Weak Perf.
1888,1879,75.0,98.0,16.0,3.00,Weak Perf.
1883,1877,75.0,98.0,16.0,3.00,Weak Perf.
1879,1875,75.0,98.0,16.0,3.00,Weak Perf.
1883,1877,75.0,98.0,16.0,3.00,Vasocnstr.
1862,1861,75.0,98.0,16.0,3.00,Vasocnstr.
1864,1862,75.0,98.0,16.0,3.00,Vasocnstr.
1866,1863,75.0,98.0,16.0,3.00,Vasocnstr.
1871,1866,75.0,98.0,16.0,3.00,Vasocnstr.
1873,1868,75.0,98.0,16.0,3.00,Vasocnstr.
1873,1868,75.0,98.0,16.0,3.00,Vasocnstr.
1871,1867,75.0,98.0,16.0,3.00,Vasocnstr.
1868,1866,75.0,98.0,16.0,3.00,Vasocnstr.
1866,1865,75.0,98.0,16.0,3.00,Vasocnstr.
1866,1865,75.0,98.0,16.0,3.00,Vasocnstr.
1866,1865,75.0,98.0,16.0,3.00,Vasocnstr.
1868,1866,75.0,98.0,16.0,3.00,Vasocnstr.
1868,1867,75.0,98.0,16.0,3.00,Vasocnstr.
1869,1867,75.0,98.0,16.0,3.00,Vasocnstr.
1869,1867,75.0,98.0,16.0,3.00,Vasocnstr.
1868,1867,75.0,98.0,16.0,3.00,Vasocnstr.
1868,1867,75.0,98.0,16.0,3.00,Vasocnstr.
1868,1867,75.0,98.0,16.0,3.00,Vasocnstr.
1868,1868,75.0,98.0,16.0,3.00,Vasocnstr.
1868,1868,75.0,98.0,16.0,3.00,Vasocnstr.
1868,1868,75.0,98.0,16.0,3.00,Vasocnstr.
1868,1868,75.0,98.0,16.0,3.00,Vasocnstr.
1868,1868,75.0,98.0,16.0,3.00,Vasocnstr.
1869,1869,75.0,98.0,16.0,3.00,Vasocnstr.
1869,1869,75.0,98.0,16.0,3.00,Vasocnstr.
1869,1869,75.0,98.0,16.0,3.00,Vasocnstr.
1869,1869,75.0,98.0,16.0,3.00,Vasocnstr.
1870,1870,75.0,98.0,16.0,3.00,Vasocnstr.
1870,1870,75.0,98.0,16.0,3.00,Vasocnstr.
1870,1870,75.0,98.0,16.0,3.00,Vasocnstr.
1870,1870,75.0,98.0,16.0,3.00,Vasocnstr.
1870,1870,75.0,98.0,16.0,3.00,Vasocnstr.
1871,1871,75.0,98.0,16.0,3.00,Vasocnstr.
1871,1871,75.0,98.0,16.0,3.00,Vasocnstr.
1873,1872,75.0,98.0,16.0,3.00,Vasocnstr.
1875,1873,75.0,98.0,16.0,3.00,Vasocnstr.
1879,1875,75.0,98.0,16.0,3.00,Vasocnstr.
1882,1876,75.0,98.0,16.0,3.00,Vasocnstr.
1885,1878,75.0,98.0,16.0,3.00,Vasocnstr.
1887,1879,75.0,98.0,16.0,3.00,Vasocnstr.
1885,1878,75.0,98.0,16.0,3.00,Vasocnstr.
1882,1876,75.0,98.0,16.0,3.00,Vasocnstr.
1879,1875,75.0,98.0,16.0,3.00,Vasocnstr.
1876,1874,75.0,98.0,16.0,3.00,Vasocnstr.
1875,1873,75.0,98.0,16.0,3.00,Vasocnstr.
1874,1873,75.0,98.0,16.0,3.00,Vasocnstr.
1874,1873,75.0,98.0,16.0,3.00,Vasocnstr.
1875,1873,75.0,98.0,16.0,3.00,Vasocnstr.
1875,1874,75.0,98.0,16.0,3.00,Vasocnstr.
1876,1874,75.0,98.0,16.0,3.00,Vasocnstr.
1876,1874,75.0,98.0,16.0,3.00,Vasocnstr.
1876,1874,75.0,98.0,16.0,3.00,Vasocnstr.
1875,1873,75.0,98.0,16.0,3.00,Vasocnstr.
1875,1873,75.0,98.0,16.0,3.00,Vasocnstr.
1874,1873,75.0,98.0,16.0,3.00,Vasocnstr.
1874,1873,75.0,98.0,16.0,3.00,Vasocnstr.
1873,1872,75.0,98.0,16.0,3.00,Vasocnstr.
1872,1872,75.0,98.0,16.0,3.00,Vasocnstr.
1872,1872,75.0,98.0,16.0,3.00,Vasocnstr.
1872,1872,75.0,98.0,16.0,3.00,Vasocnstr.
1871,1871,75.0,98.0,16.0,3.00,Vasocnstr.
1871,1871,75.0,98.0,16.0,3.00,Vasocnstr.
1871,1871,75.0,98.0,16.0,3.00,Vasocnstr.
1871,1871,75.0,98.0,16.0,3.00,Vasocnstr.
1870,1870,75.0,98.0,16.0,3.00,Vasocnstr.
1870,1870,75.0,98.0,16.0,3.00,Vasocnstr.
1870,1870,75.0,98.0,16.0,3.00,Vasocnstr.
1870,1870,75.0,98.0,16.0,3.00,Vasocnstr.
1870,1870,75.0,98.0,16.0,3.00,Vasocnstr.
1869,1869,75.0,98.0,16.0,3.00,Vasocnstr.
1869,1869,75.0,98.0,16.0,3.00,Vasocnstr.
1869,1869,75.0,98.0,16.0,3.00,Vasocnstr.
1869,1869,75.0,98.0,16.0,3.00,Vasocnstr.
1869,1869,75.0,98.0,16.0,3.00,Vasocnstr.
1868,1868,75.0,98.0,16.0,3.00,Vasocnstr.
1868,1868,75.0,98.0,16.0,3.00,Vasocnstr.
1868,1868,75.0,98.0,16.0,3.00,Vasocnstr.
1868,1868,75.0,98.0,16.0,3.00,Vasocnstr.
1868,1868,75.0,98.0,16.0,3.00,Vasocnstr.
1869,1868,75.0,98.0,16.0,3.00,Vasocnstr.
1872,1869,75.0,98.0,16.0,3.00,Vasocnstr.
1874,1870,75.0,98.0,16.0,3.00,Vasocnstr.
1878,1872,75.0,98.0,16.0,3.00,Vasocnstr.
1879,1872,75.0,98.0,16.0,3.00,Vasocnstr.
1879,1872,75.0,98.0,16.0,3.00,Vasocnstr.
1876,1870,75.0,98.0,16.0,3.00,Vasocnstr.
1872,1868,75.0,98.0,16.0,3.00,Vasocnstr.
1870,1867,75.0,98.0,16.0,3.00,Vasocnstr.
1867,1865,75.0,98.0,16.0,3.00,Vasocnstr.
1865,1864,75.0,98.0,16.0,3.00,Vasocnstr.
1865,1864,75.0,98.0,16.0,3.00,Vasocnstr.
1865,1864,75.0,98.0,16.0,3.00,Vasocnstr.
1865,1864,75.0,98.0,16.0,3.00,Vasocnstr.
1865,1864,75.0,98.0,16.0,3.00,Vasocnstr.
1865,1863,75.0,98.0,16.0,3.00,Vasocnstr.
1865,1863,75.0,98.0,16.0,3.00,Vasocnstr.
1864,1863,75.0,98.0,16.0,3.00,Vasocnstr.
1864,1862,75.0,98.0,16.0,3.00,Vasocnstr.
1863,1862,75.0,98.0,16.0,3.00,Vasocnstr.
1862,1861,75.0,98.0,16.0,3.00,Vasocnstr.
1861,1860,75.0,98.0,16.0,3.00,Vasocnstr.
1860,1860,75.0,98.0,16.0,3.00,Vasocnstr.
1860,1860,75.0,98.0,16.0,3.00,Vasocnstr.
1859,1859,75.0,98.0,16.0,3.00,Vasocnstr.
1859,1859,75.0,98.0,16.0,3.00,Vasocnstr.
1858,1858,75.0,98.0,16.0,3.00,Vasocnstr.
1858,1858,75.0,98.0,16.0,3.00,Vasocnstr.
1857,1857,75.0,98.0,16.0,3.00,Vasocnstr.
1857,1857,75.0,98.0,16.0,3.00,Vasocnstr.
1857,1857,75.0,98.0,16.0,3.00,Vasocnstr.
1856,1856,75.0,98.0,16.0,3.00,Vasocnstr.
1856,1856,75.0,98.0,16.0,3.00,Vasocnstr.
1856,1856,75.0,98.0,16.0,3.00,Vasocnstr.
1855,1855,75.0,98.0,16.0,3.00,Vasocnstr.
1855,1855,75.0,98.0,16.0,3.00,Vasocnstr.
1855,1855,75.0,98.0,16.0,3.00,Vasocnstr.
1855,1855,75.0,98.0,16.0,3.00,Vasocnstr.
1854,1854,75.0,98.0,16.0,3.00,Vasocnstr.
1854,1854,75.0,98.0,16.0,3.00,Vasocnstr.
1854,1854,75.0,98.0,16.0,3.00,Vasocnstr.
1854,1854,75.0,98.0,16.0,3.00,Vasocnstr.
1853,1853,75.0,98.0,16.0,3.00,Vasocnstr.
1853,1853,75.0,98.0,16.0,3.00,Vasocnstr.
1854,1853,75.0,98.0,16.0,3.00,Vasocnstr.
1855,1854,75.0,98.0,16.0,3.00,Vasocnstr.
1856,1854,75.0,98.0,16.0,3.00,Vasocnstr.
1858,1855,75.0,98.0,16.0,3.00,Vasocnstr.
1860,1856,75.0,98.0,16.0,3.00,Vasocnstr.
1862,1857,75.0,98.0,16.0,3.00,Vasocnstr.
1861,1856,75.0,98.0,16.0,3.00,Vasocnstr.
1858,1855,75.0,98.0,16.0,3.00,Vasocnstr.
1856,1853,75.0,98.0,16.0,3.00,Vasocnstr.
1854,1853,75.0,98.0,16.0,3.00,Vasocnstr.
1853,1852,75.0,98.0,16.0,3.00,Vasocnstr.
1852,1851,75.0,98.0,16.0,3.00,Vasocnstr.
1852,1851,75.0,98.0,16.0,3.00,Vasocnstr.
1852,1851,75.0,98.0,16.0,3.00,Vasocnstr.
1853,1852,75.0,98.0,16.0,3.00,Vasocnstr.
1853,1852,75.0,98.0,16.0,3.00,Vasocnstr.
1853,1851,75.0,98.0,16.0,3.00,Vasocnstr.
1852,1851,75.0,98.0,16.0,3.00,Vasocnstr.
1852,1851,75.0,98.0,16.0,3.00,Vasocnstr.
1852,1851,75.0,98.0,16.0,3.00,Vasocnstr.
1852,1851,75.0,98.0,16.0,3.00,Vasocnstr.
1851,1851,75.0,98.0,16.0,3.00,Vasocnstr.
1851,1850,75.0,98.0,16.0,3.00,Vasocnstr.
1851,1850,75.0,98.0,16.0,3.00,Vasocnstr.
1850,1850,75.0,98.0,16.0,3.00,Vasocnstr.
1850,1850,75.0,98.0,16.0,3.00,Vasocnstr.
1850,1850,75.0,98.0,16.0,3.00,Vasocnstr.
1850,1850,75.0,98.0,16.0,3.00,Vasocnstr.
1850,1850,75.0,98.0,16.0,3.00,Vasocnstr.
1850,1850,75.0,98.0,16.0,3.00,Vasocnstr.
1850,1850,75.0,98.0,16.0,3.00,Vasocnstr.
1850,1850,75.0,98.0,16.0,3.00,Vasocnstr.
1851,1851,75.0,98.0,16.0,3.00,Vasocnstr.
1851,1851,75.0,98.0,16.0,3.00,Vasocnstr.
1851,1851,75.0,98.0,16.0,3.00,Vasocnstr.
1851,1851,75.0,98.0,16.0,3.00,Vasocnstr.
1851,1851,75.0,98.0,16.0,3.00,Vasocnstr.
1851,1851,75.0,98.0,16.0,3.00,Vasocnstr.
1851,1851,75.0,98.0,16.0,3.00,Vasocnstr.
1851,1851,75.0,98.0,16.0,3.00,Vasocnstr.
1852,1852,75.0,98.0,16.0,3.00,Vasocnstr.
1852,1852,75.0,98.0,16.0,3.00,Vasocnstr.
1852,1852,75.0,98.0,16.0,3.00,Vasocnstr.
1853,1853,75.0,98.0,16.0,3.00,Vasocnstr.
1854,1853,75.0,98.0,16.0,3.00,Vasocnstr.
1856,1854,75.0,98.0,16.0,3.00,Vasocnstr.
1859,1855,75.0,98.0,16.0,3.00,Vasocnstr.
1861,1857,75.0,98.0,16.0,3.00,Vasocnstr.
1863,1858,75.0,98.0,16.0,3.00,Vasocnstr.
1862,1858,75.0,98.0,16.0,3.00,Vasocnstr.
1860,1857,75.0,98.0,16.0,3.00,Vasocnstr.
1859,1856,75.0,98.0,16.0,3.00,Vasocnstr.
1857,1856,75.0,98.0,16.0,3.00,Vasocnstr.
1856,1856,75.0,98.0,16.0,3.00,Vasocnstr.
1856,1856,75.0,98.0,16.0,3.00,Vasocnstr.
1857,1856,75.0,98.0,16.0,3.00,Vasocnstr.
1858,1857,75.0,98.0,16.0,3.00,Vasocnstr.
1858,1857,75.0,98.0,16.0,3.00,Vasocnstr.
1859,1857,75.0,98.0,16.0,3.00,Vasocnstr.
1859,1858,75.0,98.0,16.0,3.00,Vasocnstr.
1859,1858,75.0,98.0,16.0,3.00,Vasocnstr.
1859,1858,75.0,98.0,16.0,3.00,Vasocnstr.
1859,1858,75.0,98.0,16.0,3.00,Vasocnstr.
1859,1858,75.0,98.0,16.0,3.00,Vasocnstr.
1859,1859,75.0,98.0,16.0,3.00,Vasocnstr.
1859,1859,75.0,98.0,16.0,3.00,Vasocnstr.
1859,1859,75.0,98.0,16.0,3.00,Vasocnstr.
1859,1859,75.0,98.0,16.0,3.00,Vasocnstr.
1860,1859,75.0,98.0,16.0,3.00,Vasocnstr.
1860,1860,75.0,98.0,16.0,3.00,Vasocnstr.
1860,1860,75.0,98.0,16.0,3.00,Vasocnstr.
1860,1860,75.0,98.0,16.0,3.00,Vasocnstr.
1861,1861,75.0,98.0,16.0,3.00,Vasocnstr.
1861,1861,75.0,98.0,16.0,3.00,Vasocnstr.
1861,1861,75.0,98.0,16.0,3.00,Vasocnstr.
1862,1862,75.0,98.0,16.0,3.00,Vasocnstr.
1862,1862,75.0,98.0,16.0,3.00,Vasocnstr.
1862,1862,75.0,98.0,16.0,3.00,Vasocnstr.
1863,1863,75.0,98.0,16.0,3.00,Vasocnstr.
1863,1863,75.0,98.0,16.0,3.00,Vasocnstr.
1863,1863,75.0,98.0,16.0,3.00,Vasocnstr.
1863,1863,75.0,98.0,16.0,3.00,Vasocnstr.
1864,1864,75.0,98.0,16.0,3.00,Vasocnstr.
1864,1864,75.0,98.0,16.0,3.00,Vasocnstr.
1865,1865,75.0,98.0,16.0,3.00,Vasocnstr.
1866,1865,75.0,98.0,16.0,3.00,Vasocnstr.
1867,1866,75.0,98.0,16.0,3.00,Vasocnstr.
1870,1867,75.0,98.0,16.0,3.00,Vasocnstr.
1873,1869,75.0,98.0,16.0,3.00,Vasocnstr.
1876,1871,75.0,98.0,16.0,3.00,Vasocnstr.
1879,1872,75.0,98.0,16.0,3.00,Vasocnstr.
1879,1873,75.0,98.0,16.0,3.00,Vasocnstr.
1878,1872,75.0,98.0,16.0,3.00,Vasocnstr.
1876,1871,75.0,98.0,16.0,3.00,Vasocnstr.
1873,1870,75.0,98.0,16.0,3.00,Vasocnstr.
1871,1869,75.0,98.0,16.0,3.00,Vasocnstr.
1870,1869,75.0,98.0,16.0,3.00,Vasocnstr.
1870,1869,75.0,98.0,16.0,3.00,Vasocnstr.
1870,1869,75.0,98.0,16.0,3.00,Vasocnstr.
1871,1870,75.0,98.0,16.0,3.00,Vasocnstr.
1872,1870,75.0,98.0,16.0,3.00,Vasocnstr.
1872,1871,75.0,98.0,16.0,3.00,Vasocnstr.
1873,1871,75.0,98.0,16.0,3.00,Vasocnstr.
1873,1871,75.0,98.0,16.0,3.00,Vasocnstr.
1873,1871,75.0,98.0,16.0,3.00,Vasocnstr.
1873,1871,75.0,98.0,16.0,3.00,Vasocnstr.
1872,1871,75.0,98.0,16.0,3.00,Vasocnstr.
1872,1871,75.0,98.0,16.0,3.00,Vasocnstr.
1872,1871,75.0,98.0,16.0,3.00,Vasocnstr.
