IR_Raw,RED_Raw,HR_BPM,SpO2_%,RR_BPM,PI_%,Condition
7,6,92.0,98.0,16.0,3.00,Strong Perf.
6,6,92.0,98.0,16.0,3.00,Strong Perf.
5,5,92.0,98.0,16.0,3.00,Strong Perf.
5,5,92.0,98.0,16.0,3.00,Strong Perf.
5,5,92.0,98.0,16.0,3.00,Strong Perf.
5,5,92.0,98.0,16.0,3.00,Strong Perf.
4,4,92.0,98.0,16.0,3.00,Strong Perf.
4,4,92.0,98.0,16.0,3.00,Strong Perf.
4,4,92.0,98.0,16.0,3.00,Strong Perf.
4,4,92.0,98.0,16.0,3.00,Strong Perf.
4,4,92.0,98.0,16.0,3.00,Strong Perf.
7,5,92.0,98.0,16.0,3.00,Strong Perf.
16,9,92.0,98.0,16.0,3.00,Strong Perf.
34,18,92.0,98.0,16.0,3.00,Strong Perf.
60,30,92.0,98.0,16.0,3.00,Strong Perf.
80,40,92.0,98.0,16.0,3.00,Strong Perf.
83,41,92.0,98.0,16.0,3.00,Strong Perf.
67,33,92.0,98.0,16.0,3.00,Strong Perf.
45,23,92.0,98.0,16.0,3.00,Strong Perf.
30,15,92.0,98.0,16.0,3.00,Strong Perf.
12,6,92.0,98.0,16.0,3.00,Strong Perf.
9,5,92.0,98.0,16.0,3.00,Strong Perf.
36,18,92.0,98.0,16.0,3.00,Strong Perf.
45,22,92.0,98.0,16.0,3.00,Strong Perf.
46,22,92.0,98.0,16.0,3.00,Strong Perf.
44,21,92.0,98.0,16.0,3.00,Strong Perf.
38,18,92.0,98.0,16.0,3.00,Strong Perf.
30,14,92.0,98.0,16.0,3.00,Strong Perf.
22,10,92.0,98.0,16.0,3.00,Strong Perf.
14,6,92.0,98.0,16.0,3.00,Strong Perf.
8,3,92.0,98.0,16.0,3.00,Strong Perf.
4,1,92.0,98.0,16.0,3.00,Strong Perf.
1,0,92.0,98.0,16.0,3.00,Strong Perf.
0,0,92.0,98.0,16.0,3.00,Strong Perf.
0,-1,92.0,98.0,16.0,3.00,Strong Perf.
-1,-1,92.0,98.0,16.0,3.00,Strong Perf.
-1,-1,92.0,98.0,16.0,3.00,Strong Perf.
-2,-2,92.0,98.0,16.0,3.00,Strong Perf.
-2,-2,92.0,98.0,16.0,3.00,Strong Perf.
-2,-2,92.0,98.0,16.0,3.00,Strong Perf.
-2,-2,92.0,98.0,16.0,3.00,Strong Perf.
-3,-3,92.0,98.0,16.0,3.00,Strong Perf.
-3,-3,92.0,98.0,16.0,3.00,Strong Perf.
-3,-3,92.0,98.0,16.0,3.00,Strong Perf.
-3,-3,92.0,98.0,16.0,3.00,Strong Perf.
0,-2,92.0,98.0,16.0,3.00,Strong Perf.
8,1,92.0,98.0,16.0,3.00,Strong Perf.
35,14,92.0,98.0,16.0,3.00,Strong Perf.
54,23,92.0,98.0,16.0,3.00,Strong Perf.
59,26,92.0,98.0,16.0,3.00,Strong Perf.
48,20,92.0,98.0,16.0,3.00,Strong Perf.
30,12,92.0,98.0,16.0,3.00,Strong Perf.
17,5,92.0,98.0,16.0,3.00,Strong Perf.
2,-1,92.0,98.0,16.0,3.00,Strong Perf.
2,-1,92.0,98.0,16.0,3.00,Strong Perf.
22,8,92.0,98.0,16.0,3.00,Strong Perf.
28,10,92.0,98.0,16.0,3.00,Strong Perf.
29,11,92.0,98.0,16.0,3.00,Strong Perf.
27,10,92.0,98.0,16.0,3.00,Strong Perf.
22,7,92.0,98.0,16.0,3.00,Strong Perf.
15,4,92.0,98.0,16.0,3.00,Strong Perf.
9,1,92.0,98.0,16.0,3.00,Strong Perf.
3,-1,92.0,98.0,16.0,3.00,Strong Perf.
0,-3,92.0,98.0,16.0,3.00,Strong Perf.
-3,-4,92.0,98.0,16.0,3.00,Strong Perf.
-4,-5,92.0,98.0,16.0,3.00,Strong Perf.
-5,-6,92.0,98.0,16.0,3.00,Strong Perf.
-6,-6,92.0,98.0,16.0,3.00,Strong Perf.
-6,-6,92.0,98.0,16.0,3.00,Strong Perf.
-6,-6,92.0,98.0,16.0,3.00,Strong Perf.
-6,-6,92.0,98.0,16.0,3.00,Strong Perf.
-6,-6,92.0,98.0,16.0,3.00,Strong Perf.
-6,-6,92.0,98.0,16.0,3.00,Strong Perf.
-6,-6,92.0,98.0,16.0,3.00,Strong Perf.
-6,-6,92.0,98.0,16.0,3.00,Strong Perf.
-6,-6,92.0,98.0,16.0,3.00,Strong Perf.
-6,-6,92.0,98.0,16.0,3.00,Strong Perf.
-3,-4,92.0,98.0,16.0,3.00,Strong Perf.
4,-1,92.0,98.0,16.0,3.00,Strong Perf.
18,5,92.0,98.0,16.0,3.00,Strong Perf.
36,14,92.0,98.0,16.0,3.00,Strong Perf.
45,18,92.0,98.0,16.0,3.00,Strong Perf.
40,16,92.0,98.0,16.0,3.00,Strong Perf.
19,6,92.0,98.0,16.0,3.00,Strong Perf.
10,1,92.0,98.0,16.0,3.00,Strong Perf.
-3,-4,92.0,98.0,16.0,3.00,Strong Perf.
8,0,92.0,98.0,16.0,3.00,Strong Perf.
21,7,92.0,98.0,16.0,3.00,Strong Perf.
24,8,92.0,98.0,16.0,3.00,Strong Perf.
24,8,92.0,98.0,16.0,3.00,Strong Perf.
21,7,92.0,98.0,16.0,3.00,Strong Perf.
16,5,92.0,98.0,16.0,3.00,Strong Perf.
10,2,92.0,98.0,16.0,3.00,Strong Perf.
5,0,92.0,98.0,16.0,3.00,Strong Perf.
1,-1,92.0,98.0,16.0,3.00,Strong Perf.
-1,-2,92.0,98.0,16.0,3.00,Strong Perf.
-2,-3,92.0,98.0,16.0,3.00,Strong Perf.
-3,-3,92.0,98.0,16.0,3.00,Strong Perf.
-3,-3,92.0,98.0,16.0,3.00,Strong Perf.
-3,-3,92.0,98.0,16.0,3.00,Strong Perf.
-3,-3,92.0,98.0,16.0,3.00,Strong Perf.
-3,-3,92.0,98.0,16.0,3.00,Strong Perf.
-3,-3,92.0,98.0,16.0,3.00,Strong Perf.
-3,-3,92.0,98.0,16.0,3.00,Strong Perf.
-3,-3,92.0,98.0,16.0,3.00,Strong Perf.
-2,-2,92.0,98.0,16.0,3.00,Strong Perf.
-2,-2,92.0,98.0,16.0,3.00,Strong Perf.
-2,-2,92.0,98.0,16.0,3.00,Strong Perf.
1,0,92.0,98.0,16.0,3.00,Strong Perf.
10,4,92.0,98.0,16.0,3.00,Strong Perf.
27,12,92.0,98.0,16.0,3.00,Strong Perf.
46,21,92.0,98.0,16.0,3.00,Strong Perf.
54,25,92.0,98.0,16.0,3.00,Strong Perf.
39,18,92.0,98.0,16.0,3.00,Strong Perf.
25,11,92.0,98.0,16.0,3.00,Strong Perf.
15,6,92.0,98.0,16.0,3.00,Strong Perf.
1,0,92.0,98.0,16.0,3.00,Strong Perf.
18,8,92.0,98.0,16.0,3.00,Strong Perf.
31,14,92.0,98.0,16.0,3.00,Strong Perf.
34,16,92.0,98.0,16.0,3.00,Strong Perf.
34,16,92.0,98.0,16.0,3.00,Strong Perf.
30,14,92.0,98.0,16.0,3.00,Strong Perf.
25,12,92.0,98.0,16.0,3.00,Strong Perf.
18,9,92.0,98.0,16.0,3.00,Strong Perf.
12,6,92.0,98.0,16.0,3.00,Strong Perf.
8,4,92.0,98.0,16.0,3.00,Strong Perf.
4,2,92.0,98.0,16.0,3.00,Strong Perf.
3,2,92.0,98.0,16.0,3.00,Strong Perf.
2,1,92.0,98.0,16.0,3.00,Strong Perf.
1,1,92.0,98.0,16.0,3.00,Strong Perf.
1,1,92.0,98.0,16.0,3.00,Strong Perf.
2,2,92.0,98.0,16.0,3.00,Strong Perf.
2,2,92.0,98.0,16.0,3.00,Strong Perf.
2,2,92.0,98.0,16.0,3.00,Strong Perf.
2,2,92.0,98.0,16.0,3.00,Strong Perf.
2,2,92.0,98.0,16.0,3.00,Strong Perf.
2,2,92.0,98.0,16.0,3.00,Strong Perf.
2,2,92.0,98.0,16.0,3.00,Strong Perf.
3,3,92.0,98.0,16.0,3.00,Strong Perf.
8,5,92.0,98.0,16.0,3.00,Strong Perf.
20,11,92.0,98.0,16.0,3.00,Strong Perf.
41,21,92.0,98.0,16.0,3.00,Strong Perf.
64,32,92.0,98.0,16.0,3.00,Strong Perf.
76,38,92.0,98.0,16.0,3.00,Strong Perf.
69,35,92.0,98.0,16.0,3.00,Strong Perf.
50,26,92.0,98.0,16.0,3.00,Strong Perf.
28,15,92.0,98.0,16.0,3.00,Strong Perf.
9,6,92.0,98.0,16.0,3.00,Strong Perf.
20,12,92.0,98.0,16.0,3.00,Strong Perf.
42,22,92.0,98.0,16.0,3.00,Strong Perf.
48,25,92.0,98.0,16.0,3.00,Strong Perf.
49,26,92.0,98.0,16.0,3.00,Strong Perf.
46,24,92.0,98.0,16.0,3.00,Strong Perf.
39,21,92.0,98.0,16.0,3.00,Strong Perf.
31,17,92.0,98.0,16.0,3.00,Strong Perf.
23,13,92.0,98.0,16.0,3.00,Strong Perf.
16,10,92.0,98.0,16.0,3.00,Strong Perf.
11,8,92.0,98.0,16.0,3.00,Strong Perf.
8,6,92.0,98.0,16.0,3.00,Strong Perf.
6,5,92.0,98.0,16.0,3.00,Strong Perf.
5,5,92.0,98.0,16.0,3.00,Strong Perf.
5,5,92.0,98.0,16.0,3.00,Strong Perf.
5,5,92.0,98.0,16.0,3.00,Strong Perf.
5,5,92.0,98.0,16.0,3.00,Strong Perf.
5,5,92.0,98.0,16.0,3.00,Strong Perf.
5,5,92.0,98.0,16.0,3.00,Strong Perf.
5,5,92.0,98.0,16.0,3.00,Strong Perf.
5,5,92.0,98.0,16.0,3.00,Strong Perf.
4,4,92.0,98.0,16.0,3.00,Strong Perf.
4,4,92.0,98.0,16.0,3.00,Strong Perf.
4,4,92.0,98.0,16.0,3.00,Strong Perf.
11,8,92.0,98.0,16.0,3.00,Strong Perf.
23,14,92.0,98.0,16.0,3.00,Strong Perf.
46,24,92.0,98.0,16.0,3.00,Strong Perf.
72,37,92.0,98.0,16.0,3.00,Strong Perf.
89,45,92.0,98.0,16.0,3.00,Strong Perf.
84,43,92.0,98.0,16.0,3.00,Strong Perf.
64,33,92.0,98.0,16.0,3.00,Strong Perf.
44,23,92.0,98.0,16.0,3.00,Strong Perf.
30,16,92.0,98.0,16.0,3.00,Strong Perf.
9,6,92.0,98.0,16.0,3.00,Strong Perf.
23,13,92.0,98.0,16.0,3.00,Strong Perf.
47,24,92.0,98.0,16.0,3.00,Strong Perf.
53,27,92.0,98.0,16.0,3.00,Strong Perf.
54,28,92.0,98.0,16.0,3.00,Strong Perf.
50,26,92.0,98.0,16.0,3.00,Strong Perf.
43,23,92.0,98.0,16.0,3.00,Strong Perf.
35,18,92.0,98.0,16.0,3.00,Strong Perf.
22,12,92.0,98.0,16.0,3.00,Strong Perf.
15,9,92.0,98.0,16.0,3.00,Strong Perf.
10,6,92.0,98.0,16.0,3.00,Strong Perf.
7,5,92.0,98.0,16.0,3.00,Strong Perf.
5,4,92.0,98.0,16.0,3.00,Strong Perf.
3,3,92.0,98.0,16.0,3.00,Strong Perf.
3,3,92.0,98.0,16.0,3.00,Strong Perf.
3,2,92.0,98.0,16.0,3.00,Strong Perf.
2,2,92.0,98.0,16.0,3.00,Strong Perf.
2,2,92.0,98.0,16.0,3.00,Strong Perf.
2,2,92.0,98.0,16.0,3.00,Strong Perf.
2,2,92.0,98.0,16.0,3.00,Strong Perf.
2,2,92.0,98.0,16.0,3.00,Strong Perf.
2,2,92.0,98.0,16.0,3.00,Strong Perf.
2,2,92.0,98.0,16.0,3.00,Strong Perf.
1,1,92.0,98.0,16.0,3.00,Strong Perf.
4,3,92.0,98.0,16.0,3.00,Strong Perf.
11,6,92.0,98.0,16.0,3.00,Strong Perf.
26,13,92.0,98.0,16.0,3.00,Strong Perf.
49,24,92.0,98.0,16.0,3.00,Strong Perf.
71,34,92.0,98.0,16.0,3.00,Strong Perf.
79,38,92.0,98.0,16.0,3.00,Strong Perf.
69,33,92.0,98.0,16.0,3.00,Strong Perf.
50,24,92.0,98.0,16.0,3.00,Strong Perf.
33,16,92.0,98.0,16.0,3.00,Strong Perf.
20,9,92.0,98.0,16.0,3.00,Strong Perf.
3,1,92.0,98.0,16.0,3.00,Strong Perf.
21,10,92.0,98.0,16.0,3.00,Strong Perf.
38,18,92.0,98.0,16.0,3.00,Strong Perf.
42,20,92.0,98.0,16.0,3.00,Strong Perf.
42,20,92.0,98.0,16.0,3.00,Strong Perf.
39,18,92.0,98.0,16.0,3.00,Strong Perf.
33,15,92.0,98.0,16.0,3.00,Strong Perf.
26,12,92.0,98.0,16.0,3.00,Strong Perf.
15,6,92.0,98.0,16.0,3.00,Strong Perf.
9,4,92.0,98.0,16.0,3.00,Strong Perf.
5,1,92.0,98.0,16.0,3.00,Strong Perf.
2,0,92.0,98.0,16.0,3.00,Strong Perf.
0,0,92.0,98.0,16.0,3.00,Strong Perf.
0,-1,92.0,98.0,16.0,3.00,Strong Perf.
-1,-1,92.0,98.0,16.0,3.00,Strong Perf.
-1,-1,92.0,98.0,16.0,3.00,Strong Perf.
-1,-1,92.0,98.0,16.0,3.00,Strong Perf.
-1,-1,92.0,98.0,16.0,3.00,Strong Perf.
-1,-1,92.0,98.0,16.0,3.00,Strong Perf.
-2,-2,92.0,98.0,16.0,3.00,Strong Perf.
-2,-2,92.0,98.0,16.0,3.00,Strong Perf.
-2,-2,92.0,98.0,16.0,3.00,Strong Perf.
-2,-2,92.0,98.0,16.0,3.00,Strong Perf.
-2,-2,92.0,98.0,16.0,3.00,Strong Perf.
-2,-2,92.0,98.0,16.0,3.00,Strong Perf.
1,0,92.0,98.0,16.0,3.00,Strong Perf.
11,3,92.0,98.0,16.0,3.00,Strong Perf.
28,12,92.0,98.0,16.0,3.00,Strong Perf.
47,21,92.0,98.0,16.0,3.00,Strong Perf.
56,25,92.0,98.0,16.0,3.00,Strong Perf.
49,22,92.0,98.0,16.0,3.00,Strong Perf.
32,14,92.0,98.0,16.0,3.00,Strong Perf.
19,7,92.0,98.0,16.0,3.00,Strong Perf.
7,1,92.0,98.0,16.0,3.00,Strong Perf.
0,-1,92.0,98.0,16.0,3.00,Strong Perf.
20,8,92.0,98.0,16.0,3.00,Strong Perf.
28,11,92.0,98.0,16.0,3.00,Strong Perf.
29,12,92.0,98.0,16.0,3.00,Strong Perf.
25,10,92.0,98.0,16.0,3.00,Strong Perf.
20,7,92.0,98.0,16.0,3.00,Strong Perf.
13,4,92.0,98.0,16.0,3.00,Strong Perf.
8,1,92.0,98.0,16.0,3.00,Strong Perf.
3,0,92.0,98.0,16.0,3.00,Strong Perf.
0,-1,92.0,98.0,16.0,3.00,Strong Perf.
-1,-2,92.0,98.0,16.0,3.00,Strong Perf.
-2,-3,92.0,98.0,16.0,3.00,Strong Perf.
-3,-3,92.0,98.0,16.0,3.00,Strong Perf.
-3,-3,92.0,98.0,16.0,3.00,Strong Perf.
-3,-3,92.0,98.0,16.0,3.00,Strong Perf.
-3,-3,92.0,98.0,16.0,3.00,Strong Perf.
-3,-3,92.0,98.0,16.0,3.00,Strong Perf.
-3,-3,92.0,98.0,16.0,3.00,Strong Perf.
-3,-3,92.0,98.0,16.0,3.00,Strong Perf.
-3,-3,92.0,98.0,16.0,3.00,Strong Perf.
-3,-3,92.0,98.0,16.0,3.00,Strong Perf.
-3,-3,92.0,98.0,16.0,3.00,Strong Perf.
-1,-2,92.0,98.0,16.0,3.00,Strong Perf.
3,0,92.0,98.0,16.0,3.00,Strong Perf.
15,5,92.0,98.0,16.0,3.00,Strong Perf.
32,13,92.0,98.0,16.0,3.00,Strong Perf.
45,20,92.0,98.0,16.0,3.00,Strong Perf.
45,19,92.0,98.0,16.0,3.00,Strong Perf.
33,13,92.0,98.0,16.0,3.00,Strong Perf.
19,7,92.0,98.0,16.0,3.00,Strong Perf.
10,3,92.0,98.0,16.0,3.00,Strong Perf.
-1,-2,92.0,98.0,16.0,3.00,Strong Perf.
13,4,92.0,98.0,16.0,3.00,Strong Perf.
24,9,92.0,98.0,16.0,3.00,Strong Perf.
26,11,92.0,98.0,16.0,3.00,Strong Perf.
26,10,92.0,98.0,16.0,3.00,Strong Perf.
22,9,92.0,98.0,16.0,3.00,Strong Perf.
17,6,92.0,98.0,16.0,3.00,Strong Perf.
9,2,92.0,98.0,16.0,3.00,Strong Perf.
4,0,92.0,98.0,16.0,3.00,Strong Perf.
1,0,92.0,98.0,16.0,3.00,Strong Perf.
0,-1,92.0,98.0,16.0,3.00,Strong Perf.
-1,-2,92.0,98.0,16.0,3.00,Strong Perf.
-2,-2,92.0,98.0,16.0,3.00,Strong Perf.
-2,-2,92.0,98.0,16.0,3.00,Strong Perf.
-2,-2,92.0,98.0,16.0,3.00,Strong Perf.
-2,-2,92.0,98.0,16.0,3.00,Strong Perf.
-2,-2,92.0,98.0,16.0,3.00,Strong Perf.
-2,-2,92.0,98.0,16.0,3.00,Strong Perf.
-2,-2,92.0,98.0,16.0,3.00,Strong Perf.
-2,-2,92.0,98.0,16.0,3.00,Strong Perf.
-2,-2,92.0,98.0,16.0,3.00,Strong Perf.
-2,-2,92.0,98.0,16.0,3.00,Strong Perf.
0,0,92.0,98.0,16.0,3.00,Strong Perf.
7,2,92.0,98.0,16.0,3.00,Strong Perf.
21,9,92.0,98.0,16.0,3.00,Strong Perf.
42,19,92.0,98.0,16.0,3.00,Strong Perf.
57,26,92.0,98.0,16.0,3.00,Strong Perf.
55,25,92.0,98.0,16.0,3.00,Strong Perf.
40,18,92.0,98.0,16.0,3.00,Strong Perf.
25,11,92.0,98.0,16.0,3.00,Strong Perf.
13,6,92.0,98.0,16.0,3.00,Strong Perf.
1,0,92.0,98.0,16.0,3.00,Strong Perf.
23,10,92.0,98.0,16.0,3.00,Strong Perf.
34,16,92.0,98.0,16.0,3.00,Strong Perf.
36,17,92.0,98.0,16.0,3.00,Strong Perf.
35,16,92.0,98.0,16.0,3.00,Strong Perf.
31,14,92.0,98.0,16.0,3.00,Strong Perf.
24,11,92.0,98.0,16.0,3.00,Strong Perf.
17,8,92.0,98.0,16.0,3.00,Strong Perf.
11,5,92.0,98.0,16.0,3.00,Strong Perf.
6,3,92.0,98.0,16.0,3.00,Strong Perf.
2,1,92.0,98.0,16.0,3.00,Strong Perf.
1,0,92.0,98.0,16.0,3.00,Strong Perf.
0,0,92.0,98.0,16.0,3.00,Strong Perf.
0,0,92.0,98.0,16.0,3.00,Strong Perf.
0,0,92.0,98.0,16.0,3.00,Strong Perf.
0,0,92.0,98.0,16.0,3.00,Strong Perf.
0,0,92.0,98.0,16.0,3.00,Strong Perf.
0,0,92.0,98.0,16.0,3.00,Strong Perf.
0,0,92.0,98.0,16.0,3.00,Strong Perf.
1,1,92.0,98.0,16.0,3.00,Strong Perf.
1,1,92.0,98.0,16.0,3.00,Strong Perf.
1,1,92.0,98.0,16.0,3.00,Strong Perf.
6,3,92.0,98.0,16.0,3.00,Strong Perf.
16,8,92.0,98.0,16.0,3.00,Strong Perf.
35,17,92.0,98.0,16.0,3.00,Strong Perf.
60,29,92.0,98.0,16.0,3.00,Strong Perf.
77,38,92.0,98.0,16.0,3.00,Strong Perf.
76,37,92.0,98.0,16.0,3.00,Strong Perf.
59,29,92.0,98.0,16.0,3.00,Strong Perf.
40,20,92.0,98.0,16.0,3.00,Strong Perf.
27,14,92.0,98.0,16.0,3.00,Strong Perf.
8,5,92.0,98.0,16.0,3.00,Strong Perf.
16,9,92.0,98.0,16.0,3.00,Strong Perf.
41,21,92.0,98.0,16.0,3.00,Strong Perf.
48,24,92.0,98.0,16.0,3.00,Strong Perf.
50,25,92.0,98.0,16.0,3.00,Strong Perf.
47,24,92.0,98.0,16.0,3.00,Strong Perf.
42,21,92.0,98.0,16.0,3.00,Strong Perf.
34,17,92.0,98.0,16.0,3.00,Strong Perf.
25,13,92.0,98.0,16.0,3.00,Strong Perf.
18,10,92.0,98.0,16.0,3.00,Strong Perf.
12,7,92.0,98.0,16.0,3.00,Strong Perf.
8,5,92.0,98.0,16.0,3.00,Strong Perf.
5,4,92.0,98.0,16.0,3.00,Strong Perf.
4,3,92.0,98.0,16.0,3.00,Strong Perf.
3,3,92.0,98.0,16.0,3.00,Strong Perf.
3,3,92.0,98.0,16.0,3.00,Strong Perf.
3,3,92.0,98.0,16.0,3.00,Strong Perf.
3,3,92.0,98.0,16.0,3.00,Strong Perf.
3,3,92.0,98.0,16.0,3.00,Strong Perf.
3,3,92.0,98.0,16.0,3.00,Strong Perf.
3,3,92.0,98.0,16.0,3.00,Strong Perf.
3,3,92.0,98.0,16.0,3.00,Strong Perf.
3,3,92.0,98.0,16.0,3.00,Strong Perf.
3,3,92.0,98.0,16.0,3.00,Strong Perf.
6,5,92.0,98.0,16.0,3.00,Strong Perf.
13,8,92.0,98.0,16.0,3.00,Strong Perf.
30,16,92.0,98.0,16.0,3.00,Strong Perf.
55,28,92.0,98.0,16.0,3.00,Strong Perf.
80,40,92.0,98.0,16.0,3.00,Strong Perf.
89,44,92.0,98.0,16.0,3.00,Strong Perf.
77,39,92.0,98.0,16.0,3.00,Strong Perf.
55,28,92.0,98.0,16.0,3.00,Strong Perf.
37,20,92.0,98.0,16.0,3.00,Strong Perf.
21,12,92.0,98.0,16.0,3.00,Strong Perf.
7,5,92.0,98.0,16.0,3.00,Strong Perf.
35,18,92.0,98.0,16.0,3.00,Strong Perf.
49,25,92.0,98.0,16.0,3.00,Strong Perf.
52,27,92.0,98.0,16.0,3.00,Strong Perf.
52,26,92.0,98.0,16.0,3.00,Strong Perf.
47,24,92.0,98.0,16.0,3.00,Strong Perf.
39,20,92.0,98.0,16.0,3.00,Strong Perf.
30,16,92.0,98.0,16.0,3.00,Strong Perf.
22,12,92.0,98.0,16.0,3.00,Strong Perf.
15,9,92.0,98.0,16.0,3.00,Strong Perf.
10,7,92.0,98.0,16.0,3.00,Strong Perf.
7,5,92.0,98.0,16.0,3.00,Strong Perf.
5,4,92.0,98.0,16.0,3.00,Strong Perf.
4,3,92.0,98.0,16.0,3.00,Strong Perf.
3,3,92.0,98.0,16.0,3.00,Strong Perf.
3,3,92.0,98.0,16.0,3.00,Strong Perf.
3,3,92.0,98.0,16.0,3.00,Strong Perf.
3,3,92.0,98.0,16.0,3.00,Strong Perf.
3,3,92.0,98.0,16.0,3.00,Strong Perf.
3,3,92.0,98.0,16.0,3.00,Strong Perf.
3,3,92.0,98.0,16.0,3.00,Strong Perf.
3,3,92.0,98.0,16.0,3.00,Strong Perf.
2,2,92.0,98.0,16.0,3.00,Strong Perf.
2,2,92.0,98.0,16.0,3.00,Strong Perf.
8,5,92.0,98.0,16.0,3.00,Strong Perf.
19,10,92.0,98.0,16.0,3.00,Strong Perf.
40,20,92.0,98.0,16.0,3.00,Strong Perf.
63,31,92.0,98.0,16.0,3.00,Strong Perf.
76,37,92.0,98.0,16.0,3.00,Strong Perf.
68,34,92.0,98.0,16.0,3.00,Strong Perf.
49,24,92.0,98.0,16.0,3.00,Strong Perf.
32,16,92.0,98.0,16.0,3.00,Strong Perf.
19,10,92.0,98.0,16.0,3.00,Strong Perf.
4,3,92.0,98.0,16.0,3.00,Strong Perf.
26,13,92.0,98.0,16.0,3.00,Strong Perf.
39,19,92.0,98.0,16.0,3.00,Strong Perf.
41,20,92.0,98.0,16.0,3.00,Strong Perf.
40,20,92.0,98.0,16.0,3.00,Strong Perf.
36,18,92.0,98.0,16.0,3.00,Strong Perf.
29,14,92.0,98.0,16.0,3.00,Strong Perf.
22,11,92.0,98.0,16.0,3.00,Strong Perf.
15,7,92.0,98.0,16.0,3.00,Strong Perf.
9,4,92.0,98.0,16.0,3.00,Strong Perf.
5,3,92.0,98.0,16.0,3.00,Strong Perf.
3,1,92.0,98.0,16.0,3.00,Strong Perf.
1,0,92.0,98.0,16.0,3.00,Strong Perf.
0,0,92.0,98.0,16.0,3.00,Strong Perf.
0,0,92.0,98.0,16.0,3.00,Strong Perf.
0,0,92.0,98.0,16.0,3.00,Strong Perf.
0,0,92.0,98.0,16.0,3.00,Strong Perf.
0,0,92.0,98.0,16.0,3.00,Strong Perf.
0,0,92.0,98.0,16.0,3.00,Strong Perf.
0,0,92.0,98.0,16.0,3.00,Strong Perf.
0,0,92.0,98.0,16.0,3.00,Strong Perf.
0,0,92.0,98.0,16.0,3.00,Strong Perf.
0,0,92.0,98.0,16.0,3.00,Strong Perf.
-1,-1,92.0,98.0,16.0,3.00,Strong Perf.
3,1,92.0,98.0,16.0,3.00,Strong Perf.
13,5,92.0,98.0,16.0,3.00,Strong Perf.
29,13,92.0,98.0,16.0,3.00,Strong Perf.
46,21,92.0,98.0,16.0,3.00,Strong Perf.
54,25,92.0,98.0,16.0,3.00,Strong Perf.
47,21,92.0,98.0,16.0,3.00,Strong Perf.
32,14,92.0,98.0,16.0,3.00,Strong Perf.
19,8,92.0,98.0,16.0,3.00,Strong Perf.
8,3,92.0,98.0,16.0,3.00,Strong Perf.
0,-1,92.0,98.0,16.0,3.00,Strong Perf.
18,7,92.0,98.0,16.0,3.00,Strong Perf.
28,12,92.0,98.0,16.0,3.00,Strong Perf.
28,12,92.0,98.0,16.0,3.00,Strong Perf.
25,10,92.0,98.0,16.0,3.00,Strong Perf.
20,8,92.0,98.0,16.0,3.00,Strong Perf.
15,5,92.0,98.0,16.0,3.00,Strong Perf.
9,2,92.0,98.0,16.0,3.00,Strong Perf.
4,0,92.0,98.0,16.0,3.00,Strong Perf.
1,-1,92.0,98.0,16.0,3.00,Strong Perf.
-1,-2,92.0,98.0,16.0,3.00,Strong Perf.
-2,-3,92.0,98.0,16.0,3.00,Strong Perf.
-3,-3,92.0,98.0,16.0,3.00,Strong Perf.
-3,-3,92.0,98.0,16.0,3.00,Strong Perf.
-3,-4,92.0,98.0,16.0,3.00,Strong Perf.
-4,-4,92.0,98.0,16.0,3.00,Strong Perf.
-4,-4,92.0,98.0,16.0,3.00,Strong Perf.
-4,-4,92.0,98.0,16.0,3.00,Strong Perf.
-4,-4,92.0,98.0,16.0,3.00,Strong Perf.
-4,-4,92.0,98.0,16.0,3.00,Strong Perf.
-4,-4,92.0,98.0,16.0,3.00,Strong Perf.
-4,-4,92.0,98.0,16.0,3.00,Strong Perf.
-4,-4,92.0,98.0,16.0,3.00,Strong Perf.
-1,-3,92.0,98.0,16.0,3.00,Strong Perf.
6,0,92.0,98.0,16.0,3.00,Strong Perf.
20,7,92.0,98.0,16.0,3.00,Strong Perf.
38,15,92.0,98.0,16.0,3.00,Strong Perf.
47,20,92.0,98.0,16.0,3.00,Strong Perf.
41,17,92.0,98.0,16.0,3.00,Strong Perf.
27,10,92.0,98.0,16.0,3.00,Strong Perf.
16,5,92.0,98.0,16.0,3.00,Strong Perf.
5,0,92.0,98.0,16.0,3.00,Strong Perf.
-1,-3,92.0,98.0,16.0,3.00,Strong Perf.
17,5,92.0,98.0,16.0,3.00,Strong Perf.
24,9,92.0,98.0,16.0,3.00,Strong Perf.
26,10,92.0,98.0,16.0,3.00,Strong Perf.
25,9,92.0,98.0,16.0,3.00,Strong Perf.
21,7,92.0,98.0,16.0,3.00,Strong Perf.
15,5,92.0,98.0,16.0,3.00,Strong Perf.
9,2,92.0,98.0,16.0,3.00,Strong Perf.
4,0,92.0,98.0,16.0,3.00,Strong Perf.
0,-2,92.0,98.0,16.0,3.00,Strong Perf.
-2,-3,92.0,98.0,16.0,3.00,Strong Perf.
-3,-4,92.0,98.0,16.0,3.00,Strong Perf.
-4,-4,92.0,98.0,16.0,3.00,Strong Perf.
-4,-4,92.0,98.0,16.0,3.00,Strong Perf.
-4,-4,92.0,98.0,16.0,3.00,Strong Perf.
-4,-4,92.0,98.0,16.0,3.00,Strong Perf.
-4,-4,92.0,98.0,16.0,3.00,Strong Perf.
-4,-4,92.0,98.0,16.0,3.00,Strong Perf.
-4,-4,92.0,98.0,16.0,3.00,Strong Perf.
-4,-4,92.0,98.0,16.0,3.00,Strong Perf.
-4,-4,92.0,98.0,16.0,3.00,Strong Perf.
-4,-4,92.0,98.0,16.0,3.00,Strong Perf.
-1,-2,92.0,98.0,16.0,3.00,Strong Perf.
5,0,92.0,98.0,16.0,3.00,Strong Perf.
19,7,92.0,98.0,16.0,3.00,Strong Perf.
40,17,92.0,98.0,16.0,3.00,Strong Perf.
58,26,92.0,98.0,16.0,3.00,Strong Perf.
61,27,92.0,98.0,16.0,3.00,Strong Perf.
48,21,92.0,98.0,16.0,3.00,Strong Perf.
30,13,92.0,98.0,16.0,3.00,Strong Perf.
19,7,92.0,98.0,16.0,3.00,Strong Perf.
2,0,92.0,98.0,16.0,3.00,Strong Perf.
10,3,92.0,98.0,16.0,3.00,Strong Perf.
31,13,92.0,98.0,16.0,3.00,Strong Perf.
37,16,92.0,98.0,16.0,3.00,Strong Perf.
38,17,92.0,98.0,16.0,3.00,Strong Perf.
36,16,92.0,98.0,16.0,3.00,Strong Perf.
30,13,92.0,98.0,16.0,3.00,Strong Perf.
23,10,92.0,98.0,16.0,3.00,Strong Perf.
16,7,92.0,98.0,16.0,3.00,Strong Perf.
10,4,92.0,98.0,16.0,3.00,Strong Perf.
5,2,92.0,98.0,16.0,3.00,Strong Perf.
2,0,92.0,98.0,16.0,3.00,Strong Perf.
0,0,92.0,98.0,16.0,3.00,Strong Perf.
0,0,92.0,98.0,16.0,3.00,Strong Perf.
0,0,92.0,98.0,16.0,3.00,Strong Perf.
0,0,92.0,98.0,16.0,3.00,Strong Perf.
0,0,92.0,98.0,16.0,3.00,Strong Perf.
0,0,92.0,98.0,16.0,3.00,Strong Perf.
0,0,92.0,98.0,16.0,3.00,Strong Perf.
0,0,92.0,98.0,16.0,3.00,Strong Perf.
0,0,92.0,98.0,16.0,3.00,Strong Perf.
0,0,92.0,98.0,16.0,3.00,Strong Perf.
1,1,92.0,98.0,16.0,3.00,Strong Perf.
3,2,92.0,98.0,16.0,3.00,Strong Perf.
10,5,92.0,98.0,16.0,3.00,Strong Perf.
25,13,92.0,98.0,16.0,3.00,Strong Perf.
50,25,92.0,98.0,16.0,3.00,Strong Perf.
74,37,92.0,98.0,16.0,3.00,Strong Perf.
84,41,92.0,98.0,16.0,3.00,Strong Perf.
73,36,92.0,98.0,16.0,3.00,Strong Perf.
52,26,92.0,98.0,16.0,3.00,Strong Perf.
35,18,92.0,98.0,16.0,3.00,Strong Perf.
19,11,92.0,98.0,16.0,3.00,Strong Perf.
7,5,92.0,98.0,16.0,3.00,Strong Perf.
35,18,92.0,98.0,16.0,3.00,Strong Perf.
49,25,92.0,98.0,16.0,3.00,Strong Perf.
53,27,92.0,98.0,16.0,3.00,Strong Perf.
52,27,92.0,98.0,16.0,3.00,Strong Perf.
47,24,92.0,98.0,16.0,3.00,Strong Perf.
39,21,92.0,98.0,16.0,3.00,Strong Perf.
31,17,92.0,98.0,16.0,3.00,Strong Perf.
22,13,92.0,98.0,16.0,3.00,Strong Perf.
16,10,92.0,98.0,16.0,3.00,Strong Perf.
11,8,92.0,98.0,16.0,3.00,Strong Perf.
8,6,92.0,98.0,16.0,3.00,Strong Perf.
6,5,92.0,98.0,16.0,3.00,Strong Perf.
5,5,92.0,98.0,16.0,3.00,Strong Perf.
5,5,92.0,98.0,16.0,3.00,Strong Perf.
5,5,92.0,98.0,16.0,3.00,Strong Perf.
5,5,92.0,98.0,16.0,3.00,Strong Perf.
5,5,92.0,98.0,16.0,3.00,Strong Perf.
5,5,92.0,98.0,16.0,3.00,Strong Perf.
5,5,92.0,98.0,16.0,3.00,Strong Perf.
5,5,92.0,98.0,16.0,3.00,Strong Perf.
6,6,92.0,98.0,16.0,3.00,Strong Perf.
6,6,92.0,98.0,16.0,3.00,Strong Perf.
8,7,92.0,98.0,16.0,3.00,Strong Perf.
14,10,92.0,98.0,16.0,3.00,Strong Perf.
27,16,92.0,98.0,16.0,3.00,Strong Perf.
50,27,92.0,98.0,16.0,3.00,Strong Perf.
75,39,92.0,98.0,16.0,3.00,Strong Perf.
89,46,92.0,98.0,16.0,3.00,Strong Perf.
84,43,92.0,98.0,16.0,3.00,Strong Perf.
65,34,92.0,98.0,16.0,3.00,Strong Perf.
45,25,92.0,98.0,16.0,3.00,Strong Perf.
32,18,92.0,98.0,16.0,3.00,Strong Perf.
12,9,92.0,98.0,16.0,3.00,Strong Perf.
20,13,92.0,98.0,16.0,3.00,Strong Perf.
44,24,92.0,98.0,16.0,3.00,Strong Perf.
52,28,92.0,98.0,16.0,3.00,Strong Perf.
53,29,92.0,98.0,16.0,3.00,Strong Perf.
51,27,92.0,98.0,16.0,3.00,Strong Perf.
45,25,92.0,98.0,16.0,3.00,Strong Perf.
38,21,92.0,98.0,16.0,3.00,Strong Perf.
30,17,92.0,98.0,16.0,3.00,Strong Perf.
22,14,92.0,98.0,16.0,3.00,Strong Perf.
16,11,92.0,98.0,16.0,3.00,Strong Perf.
12,8,92.0,98.0,16.0,3.00,Strong Perf.
9,7,92.0,98.0,16.0,3.00,Strong Perf.
7,6,92.0,98.0,16.0,3.00,Strong Perf.
6,5,92.0,98.0,16.0,3.00,Strong Perf.
5,5,92.0,98.0,16.0,3.00,Strong Perf.
5,5,92.0,98.0,16.0,3.00,Strong Perf.
5,5,92.0,98.0,16.0,3.00,Strong Perf.
5,5,92.0,98.0,16.0,3.00,Strong Perf.
4,4,92.0,98.0,16.0,3.00,Strong Perf.
4,4,92.0,98.0,16.0,3.00,Strong Perf.
4,4,92.0,98.0,16.0,3.00,Strong Perf.
4,4,92.0,98.0,16.0,3.00,Strong Perf.
4,4,92.0,98.0,16.0,3.00,Strong Perf.
4,4,92.0,98.0,16.0,3.00,Strong Perf.
6,5,92.0,98.0,16.0,3.00,Strong Perf.
13,8,92.0,98.0,16.0,3.00,Strong Perf.
28,15,92.0,98.0,16.0,3.00,Strong Perf.
50,25,92.0,98.0,16.0,3.00,Strong Perf.
67,34,92.0,98.0,16.0,3.00,Strong Perf.
68,34,92.0,98.0,16.0,3.00,Strong Perf.
53,26,92.0,98.0,16.0,3.00,Strong Perf.
35,18,92.0,98.0,16.0,3.00,Strong Perf.
23,12,92.0,98.0,16.0,3.00,Strong Perf.
6,4,92.0,98.0,16.0,3.00,Strong Perf.
15,8,92.0,98.0,16.0,3.00,Strong Perf.
33,16,92.0,98.0,16.0,3.00,Strong Perf.
37,18,92.0,98.0,16.0,3.00,Strong Perf.
37,18,92.0,98.0,16.0,3.00,Strong Perf.
34,16,92.0,98.0,16.0,3.00,Strong Perf.
28,13,92.0,98.0,16.0,3.00,Strong Perf.
21,10,92.0,98.0,16.0,3.00,Strong Perf.
14,7,92.0,98.0,16.0,3.00,Strong Perf.
8,4,92.0,98.0,16.0,3.00,Strong Perf.
4,2,92.0,98.0,16.0,3.00,Strong Perf.
2,0,92.0,98.0,16.0,3.00,Strong Perf.
0,0,92.0,98.0,16.0,3.00,Strong Perf.
0,0,92.0,98.0,16.0,3.00,Strong Perf.
-1,-1,92.0,98.0,16.0,3.00,Strong Perf.
-1,-1,92.0,98.0,16.0,3.00,Strong Perf.
-1,-1,92.0,98.0,16.0,3.00,Strong Perf.
-2,-2,92.0,98.0,16.0,3.00,Strong Perf.
-2,-2,92.0,98.0,16.0,3.00,Strong Perf.
-2,-2,92.0,98.0,16.0,3.00,Strong Perf.
-2,-2,92.0,98.0,16.0,3.00,Strong Perf.
-3,-3,92.0,98.0,16.0,3.00,Strong Perf.
-3,-3,92.0,98.0,16.0,3.00,Strong Perf.
-1,-2,92.0,98.0,16.0,3.00,Strong Perf.
3,0,92.0,98.0,16.0,3.00,Strong Perf.
16,5,92.0,98.0,16.0,3.00,Strong Perf.
33,13,92.0,98.0,16.0,3.00,Strong Perf.
46,20,92.0,98.0,16.0,3.00,Strong Perf.
45,19,92.0,98.0,16.0,3.00,Strong Perf.
32,13,92.0,98.0,16.0,3.00,Strong Perf.
18,6,92.0,98.0,16.0,3.00,Strong Perf.
8,1,92.0,98.0,16.0,3.00,Strong Perf.
-3,-4,92.0,98.0,16.0,3.00,Strong Perf.
11,2,92.0,98.0,16.0,3.00,Strong Perf.
22,7,92.0,98.0,16.0,3.00,Strong Perf.
24,8,92.0,98.0,16.0,3.00,Strong Perf.
23,7,92.0,98.0,16.0,3.00,Strong Perf.
19,6,92.0,98.0,16.0,3.00,Strong Perf.
13,3,92.0,98.0,16.0,3.00,Strong Perf.
8,0,92.0,98.0,16.0,3.00,Strong Perf.
2,-2,92.0,98.0,16.0,3.00,Strong Perf.
-1,-4,92.0,98.0,16.0,3.00,Strong Perf.
-4,-5,92.0,98.0,16.0,3.00,Strong Perf.
-5,-6,92.0,98.0,16.0,3.00,Strong Perf.
-6,-6,92.0,98.0,16.0,3.00,Strong Perf.
-7,-7,92.0,98.0,16.0,3.00,Strong Perf.
-7,-7,92.0,98.0,16.0,3.00,Strong Perf.
-7,-7,92.0,98.0,16.0,3.00,Strong Perf.
-7,-7,92.0,98.0,16.0,3.00,Strong Perf.
-7,-7,92.0,98.0,16.0,3.00,Strong Perf.
-7,-7,92.0,98.0,16.0,3.00,Strong Perf.
-7,-7,92.0,98.0,16.0,3.00,Strong Perf.
-7,-7,92.0,98.0,16.0,3.00,Strong Perf.
-7,-7,92.0,98.0,16.0,3.00,Strong Perf.
-7,-7,92.0,98.0,16.0,3.00,Strong Perf.
-2,-5,92.0,98.0,16.0,3.00,Strong Perf.
7,0,92.0,98.0,16.0,3.00,Strong Perf.
24,7,92.0,98.0,16.0,3.00,Strong Perf.
41,15,92.0,98.0,16.0,3.00,Strong Perf.
46,18,92.0,98.0,16.0,3.00,Strong Perf.
36,13,92.0,98.0,16.0,3.00,Strong Perf.
21,6,92.0,98.0,16.0,3.00,Strong Perf.
4,-1,92.0,98.0,16.0,3.00,Strong Perf.
-4,-6,92.0,98.0,16.0,3.00,Strong Perf.
16,3,92.0,98.0,16.0,3.00,Strong Perf.
24,7,92.0,98.0,16.0,3.00,Strong Perf.
26,8,92.0,98.0,16.0,3.00,Strong Perf.
25,8,92.0,98.0,16.0,3.00,Strong Perf.
20,6,92.0,98.0,16.0,3.00,Strong Perf.
14,3,92.0,98.0,16.0,3.00,Strong Perf.
8,0,92.0,98.0,16.0,3.00,Strong Perf.
2,-2,92.0,98.0,16.0,3.00,Strong Perf.
-1,-4,92.0,98.0,16.0,3.00,Strong Perf.
-3,-5,92.0,98.0,16.0,3.00,Strong Perf.
-5,-5,92.0,98.0,16.0,3.00,Strong Perf.
-5,-5,92.0,98.0,16.0,3.00,Strong Perf.
-5,-5,92.0,98.0,16.0,3.00,Strong Perf.
-5,-5,92.0,98.0,16.0,3.00,Strong Perf.
-5,-5,92.0,98.0,16.0,3.00,Strong Perf.
-5,-5,92.0,98.0,16.0,3.00,Strong Perf.
-5,-5,92.0,98.0,16.0,3.00,Strong Perf.
-4,-4,92.0,98.0,16.0,3.00,Strong Perf.
-4,-4,92.0,98.0,16.0,3.00,Strong Perf.
-4,-4,92.0,98.0,16.0,3.00,Strong Perf.
-4,-4,92.0,98.0,16.0,3.00,Strong Perf.
0,-2,92.0,98.0,16.0,3.00,Strong Perf.
6,1,92.0,98.0,16.0,3.00,Strong Perf.
23,9,92.0,98.0,16.0,3.00,Strong Perf.
45,20,92.0,98.0,16.0,3.00,Strong Perf.
64,29,92.0,98.0,16.0,3.00,Strong Perf.
66,30,92.0,98.0,16.0,3.00,Strong Perf.
52,23,92.0,98.0,16.0,3.00,Strong Perf.
34,15,92.0,98.0,16.0,3.00,Strong Perf.
22,9,92.0,98.0,16.0,3.00,Strong Perf.
4,1,92.0,98.0,16.0,3.00,Strong Perf.
11,4,92.0,98.0,16.0,3.00,Strong Perf.
34,16,92.0,98.0,16.0,3.00,Strong Perf.
41,19,92.0,98.0,16.0,3.00,Strong Perf.
43,20,92.0,98.0,16.0,3.00,Strong Perf.
41,19,92.0,98.0,16.0,3.00,Strong Perf.
35,17,92.0,98.0,16.0,3.00,Strong Perf.
28,13,92.0,98.0,16.0,3.00,Strong Perf.
20,10,92.0,98.0,16.0,3.00,Strong Perf.
14,7,92.0,98.0,16.0,3.00,Strong Perf.
9,5,92.0,98.0,16.0,3.00,Strong Perf.
5,3,92.0,98.0,16.0,3.00,Strong Perf.
4,2,92.0,98.0,16.0,3.00,Strong Perf.
3,2,92.0,98.0,16.0,3.00,Strong Perf.
2,2,92.0,98.0,16.0,3.00,Strong Perf.
2,2,92.0,98.0,16.0,3.00,Strong Perf.
3,3,92.0,98.0,16.0,3.00,Strong Perf.
3,3,92.0,98.0,16.0,3.00,Strong Perf.
3,3,92.0,98.0,16.0,3.00,Strong Perf.
4,4,92.0,98.0,16.0,3.00,Strong Perf.
4,4,92.0,98.0,16.0,3.00,Strong Perf.
4,4,92.0,98.0,16.0,3.00,Strong Perf.
4,4,92.0,98.0,16.0,3.00,Strong Perf.
5,5,92.0,98.0,16.0,3.00,Strong Perf.
11,8,92.0,98.0,16.0,3.00,Strong Perf.
22,13,92.0,98.0,16.0,3.00,Strong Perf.
44,24,92.0,98.0,16.0,3.00,Strong Perf.
70,36,92.0,98.0,16.0,3.00,Strong Perf.
88,45,92.0,98.0,16.0,3.00,Strong Perf.
88,45,92.0,98.0,16.0,3.00,Strong Perf.
70,37,92.0,98.0,16.0,3.00,Strong Perf.
50,27,92.0,98.0,16.0,3.00,Strong Perf.
35,20,92.0,98.0,16.0,3.00,Strong Perf.
16,11,92.0,98.0,16.0,3.00,Strong Perf.
18,12,92.0,98.0,16.0,3.00,Strong Perf.
46,26,92.0,98.0,16.0,3.00,Strong Perf.
55,30,92.0,98.0,16.0,3.00,Strong Perf.
58,32,92.0,98.0,16.0,3.00,Strong Perf.
56,31,92.0,98.0,16.0,3.00,Strong Perf.
51,28,92.0,98.0,16.0,3.00,Strong Perf.
43,25,92.0,98.0,16.0,3.00,Strong Perf.
34,21,92.0,98.0,16.0,3.00,Strong Perf.
26,17,92.0,98.0,16.0,3.00,Strong Perf.
20,14,92.0,98.0,16.0,3.00,Strong Perf.
15,12,92.0,98.0,16.0,3.00,Strong Perf.
12,10,92.0,98.0,16.0,3.00,Strong Perf.
10,9,92.0,98.0,16.0,3.00,Strong Perf.
9,9,92.0,98.0,16.0,3.00,Strong Perf.
9,9,92.0,98.0,16.0,3.00,Strong Perf.
9,9,92.0,98.0,16.0,3.00,Strong Perf.
9,9,92.0,98.0,16.0,3.00,Strong Perf.
9,9,92.0,98.0,16.0,3.00,Strong Perf.
9,9,92.0,98.0,16.0,3.00,Strong Perf.
9,9,92.0,98.0,16.0,3.00,Strong Perf.
9,9,92.0,98.0,16.0,3.00,Strong Perf.
9,9,92.0,98.0,16.0,3.00,Strong Perf.
9,9,92.0,98.0,16.0,3.00,Strong Perf.
8,8,92.0,98.0,16.0,3.00,Strong Perf.
11,9,92.0,98.0,16.0,3.00,Strong Perf.
17,12,92.0,98.0,16.0,3.00,Strong Perf.
32,20,92.0,98.0,16.0,3.00,Strong Perf.
56,31,92.0,98.0,16.0,3.00,Strong Perf.
80,43,92.0,98.0,16.0,3.00,Strong Perf.
84,44,92.0,98.0,16.0,3.00,Strong Perf.
64,35,92.0,98.0,16.0,3.00,Strong Perf.
44,25,92.0,98.0,16.0,3.00,Strong Perf.
30,18,92.0,98.0,16.0,3.00,Strong Perf.
11,9,92.0,98.0,16.0,3.00,Strong Perf.
28,17,92.0,98.0,16.0,3.00,Strong Perf.
47,26,92.0,98.0,16.0,3.00,Strong Perf.
51,28,92.0,98.0,16.0,3.00,Strong Perf.
51,28,92.0,98.0,16.0,3.00,Strong Perf.
46,25,92.0,98.0,16.0,3.00,Strong Perf.
39,22,92.0,98.0,16.0,3.00,Strong Perf.
31,18,92.0,98.0,16.0,3.00,Strong Perf.
23,14,92.0,98.0,16.0,3.00,Strong Perf.
16,10,92.0,98.0,16.0,3.00,Strong Perf.
11,8,92.0,98.0,16.0,3.00,Strong Perf.
8,6,92.0,98.0,16.0,3.00,Strong Perf.
6,5,92.0,98.0,16.0,3.00,Strong Perf.
5,5,92.0,98.0,16.0,3.00,Strong Perf.
4,4,92.0,98.0,16.0,3.00,Strong Perf.
4,4,92.0,98.0,16.0,3.00,Strong Perf.
3,3,92.0,98.0,16.0,3.00,Strong Perf.
3,3,92.0,98.0,16.0,3.00,Strong Perf.
3,3,92.0,98.0,16.0,3.00,Strong Perf.
3,3,92.0,98.0,16.0,3.00,Strong Perf.
2,2,92.0,98.0,16.0,3.00,Strong Perf.
2,2,92.0,98.0,16.0,3.00,Strong Perf.
2,2,92.0,98.0,16.0,3.00,Strong Perf.
1,1,92.0,98.0,16.0,3.00,Strong Perf.
6,3,92.0,98.0,16.0,3.00,Strong Perf.
15,7,92.0,98.0,16.0,3.00,Strong Perf.
32,16,92.0,98.0,16.0,3.00,Strong Perf.
52,25,92.0,98.0,16.0,3.00,Strong Perf.
62,30,92.0,98.0,16.0,3.00,Strong Perf.
55,26,92.0,98.0,16.0,3.00,Strong Perf.
38,18,92.0,98.0,16.0,3.00,Strong Perf.
24,11,92.0,98.0,16.0,3.00,Strong Perf.
12,5,92.0,98.0,16.0,3.00,Strong Perf.
1,0,92.0,98.0,16.0,3.00,Strong Perf.
20,9,92.0,98.0,16.0,3.00,Strong Perf.
30,13,92.0,98.0,16.0,3.00,Strong Perf.
31,13,92.0,98.0,16.0,3.00,Strong Perf.
30,12,92.0,98.0,16.0,3.00,Strong Perf.
25,10,92.0,98.0,16.0,3.00,Strong Perf.
19,7,92.0,98.0,16.0,3.00,Strong Perf.
12,4,92.0,98.0,16.0,3.00,Strong Perf.
6,1,92.0,98.0,16.0,3.00,Strong Perf.
2,-1,92.0,98.0,16.0,3.00,Strong Perf.
-1,-3,92.0,98.0,16.0,3.00,Strong Perf.
-3,-4,92.0,98.0,16.0,3.00,Strong Perf.
-4,-4,92.0,98.0,16.0,3.00,Strong Perf.
-5,-5,92.0,98.0,16.0,3.00,Strong Perf.
-5,-6,92.0,98.0,16.0,3.00,Strong Perf.
-6,-6,92.0,98.0,16.0,3.00,Strong Perf.
-6,-6,92.0,98.0,16.0,3.00,Strong Perf.
-6,-6,92.0,98.0,16.0,3.00,Strong Perf.
-7,-7,92.0,98.0,16.0,3.00,Strong Perf.
-7,-7,92.0,98.0,16.0,3.00,Strong Perf.
-7,-7,92.0,98.0,16.0,3.00,Strong Perf.
-7,-7,92.0,98.0,16.0,3.00,Strong Perf.
-8,-8,92.0,98.0,16.0,3.00,Strong Perf.
-3,-6,92.0,98.0,16.0,3.00,Strong Perf.
4,-2,92.0,98.0,16.0,3.00,Strong Perf.
20,5,92.0,98.0,16.0,3.00,Strong Perf.
36,12,92.0,98.0,16.0,3.00,Strong Perf.
42,15,92.0,98.0,16.0,3.00,Strong Perf.
34,11,92.0,98.0,16.0,3.00,Strong Perf.
20,5,92.0,98.0,16.0,3.00,Strong Perf.
9,0,92.0,98.0,16.0,3.00,Strong Perf.
-2,-5,92.0,98.0,16.0,3.00,Strong Perf.
-3,-6,92.0,98.0,16.0,3.00,Strong Perf.
14,1,92.0,98.0,16.0,3.00,Strong Perf.
19,4,92.0,98.0,16.0,3.00,Strong Perf.
20,4,92.0,98.0,16.0,3.00,Strong Perf.
18,3,92.0,98.0,16.0,3.00,Strong Perf.
14,1,92.0,98.0,16.0,3.00,Strong Perf.
8,-1,92.0,98.0,16.0,3.00,Strong Perf.
2,-3,92.0,98.0,16.0,3.00,Strong Perf.
-1,-6,92.0,98.0,16.0,3.00,Strong Perf.
-5,-7,92.0,98.0,16.0,3.00,Strong Perf.
-7,-8,92.0,98.0,16.0,3.00,Strong Perf.
-8,-9,92.0,98.0,16.0,3.00,Strong Perf.
-9,-9,92.0,98.0,16.0,3.00,Strong Perf.
-9,-9,92.0,98.0,16.0,3.00,Strong Perf.
-9,-9,92.0,98.0,16.0,3.00,Strong Perf.
-9,-9,92.0,98.0,16.0,3.00,Strong Perf.
-9,-9,92.0,98.0,16.0,3.00,Strong Perf.
-9,-9,92.0,98.0,16.0,3.00,Strong Perf.
-9,-9,92.0,98.0,16.0,3.00,Strong Perf.
-9,-9,92.0,98.0,16.0,3.00,Strong Perf.
-9,-9,92.0,98.0,16.0,3.00,Strong Perf.
-9,-9,92.0,98.0,16.0,3.00,Strong Perf.
-7,-8,92.0,98.0,16.0,3.00,Strong Perf.
-3,-6,92.0,98.0,16.0,3.00,Strong Perf.
7,0,92.0,98.0,16.0,3.00,Strong Perf.
25,7,92.0,98.0,16.0,3.00,Strong Perf.
43,16,92.0,98.0,16.0,3.00,Strong Perf.
50,19,92.0,98.0,16.0,3.00,Strong Perf.
33,11,92.0,98.0,16.0,3.00,Strong Perf.
19,5,92.0,98.0,16.0,3.00,Strong Perf.
8,0,92.0,98.0,16.0,3.00,Strong Perf.
-5,-6,92.0,98.0,16.0,3.00,Strong Perf.
12,2,92.0,98.0,16.0,3.00,Strong Perf.
26,9,92.0,98.0,16.0,3.00,Strong Perf.
29,11,92.0,98.0,16.0,3.00,Strong Perf.
29,11,92.0,98.0,16.0,3.00,Strong Perf.
26,9,92.0,98.0,16.0,3.00,Strong Perf.
21,7,92.0,98.0,16.0,3.00,Strong Perf.
14,4,92.0,98.0,16.0,3.00,Strong Perf.
8,1,92.0,98.0,16.0,3.00,Strong Perf.
3,0,92.0,98.0,16.0,3.00,Strong Perf.
0,-1,92.0,98.0,16.0,3.00,Strong Perf.
-1,-2,92.0,98.0,16.0,3.00,Strong Perf.
-2,-2,92.0,98.0,16.0,3.00,Strong Perf.
-2,-2,92.0,98.0,16.0,3.00,Strong Perf.
-2,-2,92.0,98.0,16.0,3.00,Strong Perf.
-2,-2,92.0,98.0,16.0,3.00,Strong Perf.
-2,-2,92.0,98.0,16.0,3.00,Strong Perf.
-1,-1,92.0,98.0,16.0,3.00,Strong Perf.
-1,-1,92.0,98.0,16.0,3.00,Strong Perf.
-1,-1,92.0,98.0,16.0,3.00,Strong Perf.
0,0,92.0,98.0,16.0,3.00,Strong Perf.
0,0,92.0,98.0,16.0,3.00,Strong Perf.
0,0,92.0,98.0,16.0,3.00,Strong Perf.
3,1,92.0,98.0,16.0,3.00,Strong Perf.
10,5,92.0,98.0,16.0,3.00,Strong Perf.
25,13,92.0,98.0,16.0,3.00,Strong Perf.
49,24,92.0,98.0,16.0,3.00,Strong Perf.
71,35,92.0,98.0,16.0,3.00,Strong Perf.
77,38,92.0,98.0,16.0,3.00,Strong Perf.
65,32,92.0,98.0,16.0,3.00,Strong Perf.
45,23,92.0,98.0,16.0,3.00,Strong Perf.
31,16,92.0,98.0,16.0,3.00,Strong Perf.
14,8,92.0,98.0,16.0,3.00,Strong Perf.
12,7,92.0,98.0,16.0,3.00,Strong Perf.
39,21,92.0,98.0,16.0,3.00,Strong Perf.
49,25,92.0,98.0,16.0,3.00,Strong Perf.
51,27,92.0,98.0,16.0,3.00,Strong Perf.
47,25,92.0,98.0,16.0,3.00,Strong Perf.
41,22,92.0,98.0,16.0,3.00,Strong Perf.
33,19,92.0,98.0,16.0,3.00,Strong Perf.
25,15,92.0,98.0,16.0,3.00,Strong Perf.
18,12,92.0,98.0,16.0,3.00,Strong Perf.
14,10,92.0,98.0,16.0,3.00,Strong Perf.
11,9,92.0,98.0,16.0,3.00,Strong Perf.
9,8,92.0,98.0,16.0,3.00,Strong Perf.
8,8,92.0,98.0,16.0,3.00,Strong Perf.
8,8,92.0,98.0,16.0,3.00,Strong Perf.
8,8,92.0,98.0,16.0,3.00,Strong Perf.
8,8,92.0,98.0,16.0,3.00,Strong Perf.
8,8,92.0,98.0,16.0,3.00,Strong Perf.
9,9,92.0,98.0,16.0,3.00,Strong Perf.
9,9,92.0,98.0,16.0,3.00,Strong Perf.
9,9,92.0,98.0,16.0,3.00,Strong Perf.
9,9,92.0,98.0,16.0,3.00,Strong Perf.
9,9,92.0,98.0,16.0,3.00,Strong Perf.
14,12,92.0,98.0,16.0,3.00,Strong Perf.
24,17,92.0,98.0,16.0,3.00,Strong Perf.
44,26,92.0,98.0,16.0,3.00,Strong Perf.
71,39,92.0,98.0,16.0,3.00,Strong Perf.
92,49,92.0,98.0,16.0,3.00,Strong Perf.
94,50,92.0,98.0,16.0,3.00,Strong Perf.
77,42,92.0,98.0,16.0,3.00,Strong Perf.
55,32,92.0,98.0,16.0,3.00,Strong Perf.
40,24,92.0,98.0,16.0,3.00,Strong Perf.
20,15,92.0,98.0,16.0,3.00,Strong Perf.
21,15,92.0,98.0,16.0,3.00,Strong Perf.
49,29,92.0,98.0,16.0,3.00,Strong Perf.
58,33,92.0,98.0,16.0,3.00,Strong Perf.
60,34,92.0,98.0,16.0,3.00,Strong Perf.
58,33,92.0,98.0,16.0,3.00,Strong Perf.
52,30,92.0,98.0,16.0,3.00,Strong Perf.
39,24,92.0,98.0,16.0,3.00,Strong Perf.
30,20,92.0,98.0,16.0,3.00,Strong Perf.
23,16,92.0,98.0,16.0,3.00,Strong Perf.
18,13,92.0,98.0,16.0,3.00,Strong Perf.
14,12,92.0,98.0,16.0,3.00,Strong Perf.
12,11,92.0,98.0,16.0,3.00,Strong Perf.
10,10,92.0,98.0,16.0,3.00,Strong Perf.
10,9,92.0,98.0,16.0,3.00,Strong Perf.
9,9,92.0,98.0,16.0,3.00,Strong Perf.
9,9,92.0,98.0,16.0,3.00,Strong Perf.
9,9,92.0,98.0,16.0,3.00,Strong Perf.
9,9,92.0,98.0,16.0,3.00,Strong Perf.
8,8,92.0,98.0,16.0,3.00,Strong Perf.
8,8,92.0,98.0,16.0,3.00,Strong Perf.
8,8,92.0,98.0,16.0,3.00,Strong Perf.
8,8,92.0,98.0,16.0,3.00,Strong Perf.
7,7,92.0,98.0,16.0,3.00,Strong Perf.
9,8,92.0,98.0,16.0,3.00,Strong Perf.
15,11,92.0,98.0,16.0,3.00,Strong Perf.
29,17,92.0,98.0,16.0,3.00,Strong Perf.
51,28,92.0,98.0,16.0,3.00,Strong Perf.
73,38,92.0,98.0,16.0,3.00,Strong Perf.
82,42,92.0,98.0,16.0,3.00,Strong Perf.
71,37,92.0,98.0,16.0,3.00,Strong Perf.
51,27,92.0,98.0,16.0,3.00,Strong Perf.
35,19,92.0,98.0,16.0,3.00,Strong Perf.
21,12,92.0,98.0,16.0,3.00,Strong Perf.
7,5,92.0,98.0,16.0,3.00,Strong Perf.
29,16,92.0,98.0,16.0,3.00,Strong Perf.
42,22,92.0,98.0,16.0,3.00,Strong Perf.
44,23,92.0,98.0,16.0,3.00,Strong Perf.
43,22,92.0,98.0,16.0,3.00,Strong Perf.
39,20,92.0,98.0,16.0,3.00,Strong Perf.
32,16,92.0,98.0,16.0,3.00,Strong Perf.
20,10,92.0,98.0,16.0,3.00,Strong Perf.
13,7,92.0,98.0,16.0,3.00,Strong Perf.
8,4,92.0,98.0,16.0,3.00,Strong Perf.
4,2,92.0,98.0,16.0,3.00,Strong Perf.
2,1,92.0,98.0,16.0,3.00,Strong Perf.
0,0,92.0,98.0,16.0,3.00,Strong Perf.
0,0,92.0,98.0,16.0,3.00,Strong Perf.
0,0,92.0,98.0,16.0,3.00,Strong Perf.
-1,-1,92.0,98.0,16.0,3.00,Strong Perf.
-1,-1,92.0,98.0,16.0,3.00,Strong Perf.
-2,-2,92.0,98.0,16.0,3.00,Strong Perf.
-2,-2,92.0,98.0,16.0,3.00,Strong Perf.
-2,-2,92.0,98.0,16.0,3.00,Strong Perf.
-3,-3,92.0,98.0,16.0,3.00,Strong Perf.
-3,-3,92.0,98.0,16.0,3.00,Strong Perf.
-3,-3,92.0,98.0,16.0,3.00,Strong Perf.
-4,-4,92.0,98.0,16.0,3.00,Strong Perf.
0,-2,92.0,98.0,16.0,3.00,Strong Perf.
8,1,92.0,98.0,16.0,3.00,Strong Perf.
24,9,92.0,98.0,16.0,3.00,Strong Perf.
42,17,92.0,98.0,16.0,3.00,Strong Perf.
51,21,92.0,98.0,16.0,3.00,Strong Perf.
44,18,92.0,98.0,16.0,3.00,Strong Perf.
28,10,92.0,98.0,16.0,3.00,Strong Perf.
15,4,92.0,98.0,16.0,3.00,Strong Perf.
4,-1,92.0,98.0,16.0,3.00,Strong Perf.
-4,-6,92.0,98.0,16.0,3.00,Strong Perf.
14,2,92.0,98.0,16.0,3.00,Strong Perf.
22,6,92.0,98.0,16.0,3.00,Strong Perf.
23,6,92.0,98.0,16.0,3.00,Strong Perf.
20,5,92.0,98.0,16.0,3.00,Strong Perf.
15,2,92.0,98.0,16.0,3.00,Strong Perf.
8,0,92.0,98.0,16.0,3.00,Strong Perf.
3,-3,92.0,98.0,16.0,3.00,Strong Perf.
-1,-5,92.0,98.0,16.0,3.00,Strong Perf.
-5,-7,92.0,98.0,16.0,3.00,Strong Perf.
-7,-8,92.0,98.0,16.0,3.00,Strong Perf.
-9,-9,92.0,98.0,16.0,3.00,Strong Perf.
-9,-10,92.0,98.0,16.0,3.00,Strong Perf.
-10,-10,92.0,98.0,16.0,3.00,Strong Perf.
-10,-10,92.0,98.0,16.0,3.00,Strong Perf.
-10,-10,92.0,98.0,16.0,3.00,Strong Perf.
-10,-10,92.0,98.0,16.0,3.00,Strong Perf.
-10,-10,92.0,98.0,16.0,3.00,Strong Perf.
-10,-10,92.0,98.0,16.0,3.00,Strong Perf.
-11,-11,92.0,98.0,16.0,3.00,Strong Perf.
-11,-11,92.0,98.0,16.0,3.00,Strong Perf.
-11,-11,92.0,98.0,16.0,3.00,Strong Perf.
-11,-11,92.0,98.0,16.0,3.00,Strong Perf.
-6,-8,92.0,98.0,16.0,3.00,Strong Perf.
3,-4,92.0,98.0,16.0,3.00,Strong Perf.
20,4,92.0,98.0,16.0,3.00,Strong Perf.
36,11,92.0,98.0,16.0,3.00,Strong Perf.
40,13,92.0,98.0,16.0,3.00,Strong Perf.
29,8,92.0,98.0,16.0,3.00,Strong Perf.
14,1,92.0,98.0,16.0,3.00,Strong Perf.
5,-3,92.0,98.0,16.0,3.00,Strong Perf.
-8,-9,92.0,98.0,16.0,3.00,Strong Perf.
5,-3,92.0,98.0,16.0,3.00,Strong Perf.
17,3,92.0,98.0,16.0,3.00,Strong Perf.
20,4,92.0,98.0,16.0,3.00,Strong Perf.
20,4,92.0,98.0,16.0,3.00,Strong Perf.
16,2,92.0,98.0,16.0,3.00,Strong Perf.
11,0,92.0,98.0,16.0,3.00,Strong Perf.
5,-2,92.0,98.0,16.0,3.00,Strong Perf.
0,-4,92.0,98.0,16.0,3.00,Strong Perf.
-3,-6,92.0,98.0,16.0,3.00,Strong Perf.
-6,-7,92.0,98.0,16.0,3.00,Strong Perf.
-7,-8,92.0,98.0,16.0,3.00,Strong Perf.
-7,-8,92.0,98.0,16.0,3.00,Strong Perf.
-8,-8,92.0,98.0,16.0,3.00,Strong Perf.
-7,-7,92.0,98.0,16.0,3.00,Strong Perf.
-7,-7,92.0,98.0,16.0,3.00,Strong Perf.
-7,-7,92.0,98.0,16.0,3.00,Strong Perf.
-7,-7,92.0,98.0,16.0,3.00,Strong Perf.
-6,-6,92.0,98.0,16.0,3.00,Strong Perf.
-6,-6,92.0,98.0,16.0,3.00,Strong Perf.
-6,-6,92.0,98.0,16.0,3.00,Strong Perf.
-5,-5,92.0,98.0,16.0,3.00,Strong Perf.
-2,-4,92.0,98.0,16.0,3.00,Strong Perf.
3,0,92.0,98.0,16.0,3.00,Strong Perf.
18,6,92.0,98.0,16.0,3.00,Strong Perf.
38,16,92.0,98.0,16.0,3.00,Strong Perf.
55,24,92.0,98.0,16.0,3.00,Strong Perf.
52,23,92.0,98.0,16.0,3.00,Strong Perf.
35,15,92.0,98.0,16.0,3.00,Strong Perf.
22,9,92.0,98.0,16.0,3.00,Strong Perf.
10,3,92.0,98.0,16.0,3.00,Strong Perf.
1,0,92.0,98.0,16.0,3.00,Strong Perf.
24,10,92.0,98.0,16.0,3.00,Strong Perf.
35,16,92.0,98.0,16.0,3.00,Strong Perf.
38,17,92.0,98.0,16.0,3.00,Strong Perf.
37,17,92.0,98.0,16.0,3.00,Strong Perf.
33,16,92.0,98.0,16.0,3.00,Strong Perf.
27,13,92.0,98.0,16.0,3.00,Strong Perf.
20,10,92.0,98.0,16.0,3.00,Strong Perf.
14,7,92.0,98.0,16.0,3.00,Strong Perf.
9,5,92.0,98.0,16.0,3.00,Strong Perf.
6,3,92.0,98.0,16.0,3.00,Strong Perf.
4,3,92.0,98.0,16.0,3.00,Strong Perf.
3,3,92.0,98.0,16.0,3.00,Strong Perf.
3,3,92.0,98.0,16.0,3.00,Strong Perf.
3,3,92.0,98.0,16.0,3.00,Strong Perf.
3,3,92.0,98.0,16.0,3.00,Strong Perf.
4,4,92.0,98.0,16.0,3.00,Strong Perf.
4,4,92.0,98.0,16.0,3.00,Strong Perf.
4,4,92.0,98.0,16.0,3.00,Strong Perf.
5,5,92.0,98.0,16.0,3.00,Strong Perf.
5,5,92.0,98.0,16.0,3.00,Strong Perf.
5,5,92.0,98.0,16.0,3.00,Strong Perf.
6,6,92.0,98.0,16.0,3.00,Strong Perf.
9,7,92.0,98.0,16.0,3.00,Strong Perf.
16,11,92.0,98.0,16.0,3.00,Strong Perf.
33,19,92.0,98.0,16.0,3.00,Strong Perf.
58,31,92.0,98.0,16.0,3.00,Strong Perf.
81,42,92.0,98.0,16.0,3.00,Strong Perf.
87,46,92.0,98.0,16.0,3.00,Strong Perf.
64,35,92.0,98.0,16.0,3.00,Strong Perf.
45,26,92.0,98.0,16.0,3.00,Strong Perf.
31,19,92.0,98.0,16.0,3.00,Strong Perf.
12,10,92.0,98.0,16.0,3.00,Strong Perf.
31,19,92.0,98.0,16.0,3.00,Strong Perf.
51,29,92.0,98.0,16.0,3.00,Strong Perf.
57,32,92.0,98.0,16.0,3.00,Strong Perf.
58,33,92.0,98.0,16.0,3.00,Strong Perf.
54,31,92.0,98.0,16.0,3.00,Strong Perf.
47,28,92.0,98.0,16.0,3.00,Strong Perf.
39,24,92.0,98.0,16.0,3.00,Strong Perf.
31,20,92.0,98.0,16.0,3.00,Strong Perf.
23,16,92.0,98.0,16.0,3.00,Strong Perf.
18,14,92.0,98.0,16.0,3.00,Strong Perf.
15,12,92.0,98.0,16.0,3.00,Strong Perf.
12,11,92.0,98.0,16.0,3.00,Strong Perf.
11,11,92.0,98.0,16.0,3.00,Strong Perf.
11,11,92.0,98.0,16.0,3.00,Strong Perf.
11,11,92.0,98.0,16.0,3.00,Strong Perf.
11,11,92.0,98.0,16.0,3.00,Strong Perf.
11,11,92.0,98.0,16.0,3.00,Strong Perf.
11,11,92.0,98.0,16.0,3.00,Strong Perf.
11,11,92.0,98.0,16.0,3.00,Strong Perf.
11,11,92.0,98.0,16.0,3.00,Strong Perf.
11,11,92.0,98.0,16.0,3.00,Strong Perf.
11,11,92.0,98.0,16.0,3.00,Strong Perf.
10,10,92.0,98.0,16.0,3.00,Strong Perf.
14,12,92.0,98.0,16.0,3.00,Strong Perf.
21,16,92.0,98.0,16.0,3.00,Strong Perf.
38,24,92.0,98.0,16.0,3.00,Strong Perf.
64,36,92.0,98.0,16.0,3.00,Strong Perf.
87,47,92.0,98.0,16.0,3.00,Strong Perf.
95,50,92.0,98.0,16.0,3.00,Strong Perf.
81,44,92.0,98.0,16.0,3.00,Strong Perf.
59,33,92.0,98.0,16.0,3.00,Strong Perf.
42,25,92.0,98.0,16.0,3.00,Strong Perf.
26,17,92.0,98.0,16.0,3.00,Strong Perf.
13,11,92.0,98.0,16.0,3.00,Strong Perf.
40,24,92.0,98.0,16.0,3.00,Strong Perf.
54,30,92.0,98.0,16.0,3.00,Strong Perf.
57,31,92.0,98.0,16.0,3.00,Strong Perf.
55,31,92.0,98.0,16.0,3.00,Strong Perf.
50,28,92.0,98.0,16.0,3.00,Strong Perf.
43,24,92.0,98.0,16.0,3.00,Strong Perf.
34,20,92.0,98.0,16.0,3.00,Strong Perf.
25,16,92.0,98.0,16.0,3.00,Strong Perf.
18,12,92.0,98.0,16.0,3.00,Strong Perf.
13,10,92.0,98.0,16.0,3.00,Strong Perf.
10,8,92.0,98.0,16.0,3.00,Strong Perf.
8,7,92.0,98.0,16.0,3.00,Strong Perf.
6,6,92.0,98.0,16.0,3.00,Strong Perf.
5,5,92.0,98.0,16.0,3.00,Strong Perf.
5,5,92.0,98.0,16.0,3.00,Strong Perf.
4,4,92.0,98.0,16.0,3.00,Strong Perf.
4,4,92.0,98.0,16.0,3.00,Strong Perf.
3,3,92.0,98.0,16.0,3.00,Strong Perf.
3,3,92.0,98.0,16.0,3.00,Strong Perf.
3,3,92.0,98.0,16.0,3.00,Strong Perf.
2,2,92.0,98.0,16.0,3.00,Strong Perf.
2,2,92.0,98.0,16.0,3.00,Strong Perf.
2,2,92.0,98.0,16.0,3.00,Strong Perf.
6,3,92.0,98.0,16.0,3.00,Strong Perf.
15,7,92.0,98.0,16.0,3.00,Strong Perf.
32,16,92.0,98.0,16.0,3.00,Strong Perf.
54,26,92.0,98.0,16.0,3.00,Strong Perf.
69,33,92.0,98.0,16.0,3.00,Strong Perf.
67,32,92.0,98.0,16.0,3.00,Strong Perf.
51,24,92.0,98.0,16.0,3.00,Strong Perf.
33,15,92.0,98.0,16.0,3.00,Strong Perf.
20,9,92.0,98.0,16.0,3.00,Strong Perf.
3,0,92.0,98.0,16.0,3.00,Strong Perf.
10,3,92.0,98.0,16.0,3.00,Strong Perf.
29,13,92.0,98.0,16.0,3.00,Strong Perf.
34,15,92.0,98.0,16.0,3.00,Strong Perf.
35,15,92.0,98.0,16.0,3.00,Strong Perf.
32,13,92.0,98.0,16.0,3.00,Strong Perf.
26,10,92.0,98.0,16.0,3.00,Strong Perf.
19,7,92.0,98.0,16.0,3.00,Strong Perf.
12,3,92.0,98.0,16.0,3.00,Strong Perf.
6,0,92.0,98.0,16.0,3.00,Strong Perf.
1,-1,92.0,98.0,16.0,3.00,Strong Perf.
-1,-3,92.0,98.0,16.0,3.00,Strong Perf.
-4,-5,92.0,98.0,16.0,3.00,Strong Perf.
-5,-5,92.0,98.0,16.0,3.00,Strong Perf.
-6,-6,92.0,98.0,16.0,3.00,Strong Perf.
-6,-6,92.0,98.0,16.0,3.00,Strong Perf.
-7,-7,92.0,98.0,16.0,3.00,Strong Perf.
-7,-7,92.0,98.0,16.0,3.00,Strong Perf.
-7,-7,92.0,98.0,16.0,3.00,Strong Perf.
-7,-7,92.0,98.0,16.0,3.00,Strong Perf.
-8,-8,92.0,98.0,16.0,3.00,Strong Perf.
-8,-8,92.0,98.0,16.0,3.00,Strong Perf.
-8,-8,92.0,98.0,16.0,3.00,Strong Perf.
-8,-8,92.0,98.0,16.0,3.00,Strong Perf.
-6,-8,92.0,98.0,16.0,3.00,Strong Perf.
0,-5,92.0,98.0,16.0,3.00,Strong Perf.
12,0,92.0,98.0,16.0,3.00,Strong Perf.
30,9,92.0,98.0,16.0,3.00,Strong Perf.
43,15,92.0,98.0,16.0,3.00,Strong Perf.
41,14,92.0,98.0,16.0,3.00,Strong Perf.
26,7,92.0,98.0,16.0,3.00,Strong Perf.
13,1,92.0,98.0,16.0,3.00,Strong Perf.
3,-3,92.0,98.0,16.0,3.00,Strong Perf.
-8,-9,92.0,98.0,16.0,3.00,Strong Perf.
8,-1,92.0,98.0,16.0,3.00,Strong Perf.
17,3,92.0,98.0,16.0,3.00,Strong Perf.
19,3,92.0,98.0,16.0,3.00,Strong Perf.
18,3,92.0,98.0,16.0,3.00,Strong Perf.
14,1,92.0,98.0,16.0,3.00,Strong Perf.
9,-1,92.0,98.0,16.0,3.00,Strong Perf.
3,-3,92.0,98.0,16.0,3.00,Strong Perf.
-1,-6,92.0,98.0,16.0,3.00,Strong Perf.
-5,-8,92.0,98.0,16.0,3.00,Strong Perf.
-7,-9,92.0,98.0,16.0,3.00,Strong Perf.
-9,-10,92.0,98.0,16.0,3.00,Strong Perf.
-10,-10,92.0,98.0,16.0,3.00,Strong Perf.
-10,-10,92.0,98.0,16.0,3.00,Strong Perf.
-10,-10,92.0,98.0,16.0,3.00,Strong Perf.
-10,-10,92.0,98.0,16.0,3.00,Strong Perf.
-10,-10,92.0,98.0,16.0,3.00,Strong Perf.
-10,-10,92.0,98.0,16.0,3.00,Strong Perf.
-9,-9,92.0,98.0,16.0,3.00,Strong Perf.
-9,-9,92.0,98.0,16.0,3.00,Strong Perf.
-9,-9,92.0,98.0,16.0,3.00,Strong Perf.
-9,-9,92.0,98.0,16.0,3.00,Strong Perf.
-6,-7,92.0,98.0,16.0,3.00,Strong Perf.
1,-3,92.0,98.0,16.0,3.00,Strong Perf.
17,3,92.0,98.0,16.0,3.00,Strong Perf.
36,13,92.0,98.0,16.0,3.00,Strong Perf.
44,17,92.0,98.0,16.0,3.00,Strong Perf.
36,13,92.0,98.0,16.0,3.00,Strong Perf.
21,6,92.0,98.0,16.0,3.00,Strong Perf.
10,1,92.0,98.0,16.0,3.00,Strong Perf.
-3,-5,92.0,98.0,16.0,3.00,Strong Perf.
7,0,92.0,98.0,16.0,3.00,Strong Perf.
22,7,92.0,98.0,16.0,3.00,Strong Perf.
25,9,92.0,98.0,16.0,3.00,Strong Perf.
25,9,92.0,98.0,16.0,3.00,Strong Perf.
22,7,92.0,98.0,16.0,3.00,Strong Perf.
16,4,92.0,98.0,16.0,3.00,Strong Perf.
10,2,92.0,98.0,16.0,3.00,Strong Perf.
4,0,92.0,98.0,16.0,3.00,Strong Perf.
0,-1,92.0,98.0,16.0,3.00,Strong Perf.
-1,-2,92.0,98.0,16.0,3.00,Strong Perf.
-2,-3,92.0,98.0,16.0,3.00,Strong Perf.
-3,-3,92.0,98.0,16.0,3.00,Strong Perf.
-2,-3,92.0,98.0,16.0,3.00,Strong Perf.
-2,-2,92.0,98.0,16.0,3.00,Strong Perf.
-2,-2,92.0,98.0,16.0,3.00,Strong Perf.
-2,-2,92.0,98.0,16.0,3.00,Strong Perf.
-1,-1,92.0,98.0,16.0,3.00,Strong Perf.
-1,-1,92.0,98.0,16.0,3.00,Strong Perf.
0,0,92.0,98.0,16.0,3.00,Strong Perf.
0,0,92.0,98.0,16.0,3.00,Strong Perf.
0,0,92.0,98.0,16.0,3.00,Strong Perf.
6,2,92.0,98.0,16.0,3.00,Strong Perf.
18,9,92.0,98.0,16.0,3.00,Strong Perf.
39,19,92.0,98.0,16.0,3.00,Strong Perf.
66,32,92.0,98.0,16.0,3.00,Strong Perf.
64,31,92.0,98.0,16.0,3.00,Strong Perf.
47,24,92.0,98.0,16.0,3.00,Strong Perf.
31,16,92.0,98.0,16.0,3.00,Strong Perf.
19,10,92.0,98.0,16.0,3.00,Strong Perf.
5,4,92.0,98.0,16.0,3.00,Strong Perf.
30,16,92.0,98.0,16.0,3.00,Strong Perf.
42,22,92.0,98.0,16.0,3.00,Strong Perf.
45,24,92.0,98.0,16.0,3.00,Strong Perf.
44,23,92.0,98.0,16.0,3.00,Strong Perf.
40,21,92.0,98.0,16.0,3.00,Strong Perf.
33,18,92.0,98.0,16.0,3.00,Strong Perf.
25,14,92.0,98.0,16.0,3.00,Strong Perf.
18,11,92.0,98.0,16.0,3.00,Strong Perf.
13,9,92.0,98.0,16.0,3.00,Strong Perf.
10,8,92.0,98.0,16.0,3.00,Strong Perf.
8,7,92.0,98.0,16.0,3.00,Strong Perf.
7,7,92.0,98.0,16.0,3.00,Strong Perf.
7,7,92.0,98.0,16.0,3.00,Strong Perf.
7,7,92.0,98.0,16.0,3.00,Strong Perf.
7,7,92.0,98.0,16.0,3.00,Strong Perf.
7,7,92.0,98.0,16.0,3.00,Strong Perf.
8,8,92.0,98.0,16.0,3.00,Strong Perf.
8,8,92.0,98.0,16.0,3.00,Strong Perf.
8,8,92.0,98.0,16.0,3.00,Strong Perf.
8,8,92.0,98.0,16.0,3.00,Strong Perf.
8,8,92.0,98.0,16.0,3.00,Strong Perf.
11,9,92.0,98.0,16.0,3.00,Strong Perf.
16,12,92.0,98.0,16.0,3.00,Strong Perf.
30,19,92.0,98.0,16.0,3.00,Strong Perf.
54,31,92.0,98.0,16.0,3.00,Strong Perf.
79,43,92.0,98.0,16.0,3.00,Strong Perf.
92,49,92.0,98.0,16.0,3.00,Strong Perf.
83,45,92.0,98.0,16.0,3.00,Strong Perf.
62,35,92.0,98.0,16.0,3.00,Strong Perf.
38,23,92.0,98.0,16.0,3.00,Strong Perf.
18,13,92.0,98.0,16.0,3.00,Strong Perf.
22,16,92.0,98.0,16.0,3.00,Strong Perf.
49,29,92.0,98.0,16.0,3.00,Strong Perf.
57,33,92.0,98.0,16.0,3.00,Strong Perf.
59,33,92.0,98.0,16.0,3.00,Strong Perf.
57,32,92.0,98.0,16.0,3.00,Strong Perf.
50,29,92.0,98.0,16.0,3.00,Strong Perf.
42,25,92.0,98.0,16.0,3.00,Strong Perf.
33,21,92.0,98.0,16.0,3.00,Strong Perf.
25,17,92.0,98.0,16.0,3.00,Strong Perf.
19,14,92.0,98.0,16.0,3.00,Strong Perf.
15,12,92.0,98.0,16.0,3.00,Strong Perf.
12,10,92.0,98.0,16.0,3.00,Strong Perf.
10,10,92.0,98.0,16.0,3.00,Strong Perf.
10,9,92.0,98.0,16.0,3.00,Strong Perf.
9,9,92.0,98.0,16.0,3.00,Strong Perf.
9,9,92.0,98.0,16.0,3.00,Strong Perf.
9,9,92.0,98.0,16.0,3.00,Strong Perf.
8,8,92.0,98.0,16.0,3.00,Strong Perf.
8,8,92.0,98.0,16.0,3.00,Strong Perf.
8,8,92.0,98.0,16.0,3.00,Strong Perf.
8,8,92.0,98.0,16.0,3.00,Strong Perf.
8,8,92.0,98.0,16.0,3.00,Strong Perf.
8,8,92.0,98.0,16.0,3.00,Strong Perf.
7,7,92.0,98.0,16.0,3.00,Strong Perf.
15,11,92.0,98.0,16.0,3.00,Strong Perf.
28,17,92.0,98.0,16.0,3.00,Strong Perf.
52,28,92.0,98.0,16.0,3.00,Strong Perf.
78,41,92.0,98.0,16.0,3.00,Strong Perf.
90,46,92.0,98.0,16.0,3.00,Strong Perf.
70,36,92.0,98.0,16.0,3.00,Strong Perf.
48,26,92.0,98.0,16.0,3.00,Strong Perf.
33,18,92.0,98.0,16.0,3.00,Strong Perf.
12,8,92.0,98.0,16.0,3.00,Strong Perf.
18,11,92.0,98.0,16.0,3.00,Strong Perf.
43,23,92.0,98.0,16.0,3.00,Strong Perf.
50,26,92.0,98.0,16.0,3.00,Strong Perf.
51,26,92.0,98.0,16.0,3.00,Strong Perf.
47,24,92.0,98.0,16.0,3.00,Strong Perf.
41,21,92.0,98.0,16.0,3.00,Strong Perf.
32,17,92.0,98.0,16.0,3.00,Strong Perf.
23,12,92.0,98.0,16.0,3.00,Strong Perf.
16,9,92.0,98.0,16.0,3.00,Strong Perf.
10,6,92.0,98.0,16.0,3.00,Strong Perf.
6,4,92.0,98.0,16.0,3.00,Strong Perf.
3,2,92.0,98.0,16.0,3.00,Strong Perf.
2,1,92.0,98.0,16.0,3.00,Strong Perf.
1,1,92.0,98.0,16.0,3.00,Strong Perf.
0,0,92.0,98.0,16.0,3.00,Strong Perf.
0,0,92.0,98.0,16.0,3.00,Strong Perf.
0,0,92.0,98.0,16.0,3.00,Strong Perf.
0,0,92.0,98.0,16.0,3.00,Strong Perf.
0,0,92.0,98.0,16.0,3.00,Strong Perf.
-1,-1,92.0,98.0,16.0,3.00,Strong Perf.
-1,-1,92.0,98.0,16.0,3.00,Strong Perf.
-1,-1,92.0,98.0,16.0,3.00,Strong Perf.
-2,-2,92.0,98.0,16.0,3.00,Strong Perf.
0,-1,92.0,98.0,16.0,3.00,Strong Perf.
5,1,92.0,98.0,16.0,3.00,Strong Perf.
18,7,92.0,98.0,16.0,3.00,Strong Perf.
39,17,92.0,98.0,16.0,3.00,Strong Perf.
58,26,92.0,98.0,16.0,3.00,Strong Perf.
63,28,92.0,98.0,16.0,3.00,Strong Perf.
49,21,92.0,98.0,16.0,3.00,Strong Perf.
31,12,92.0,98.0,16.0,3.00,Strong Perf.
18,6,92.0,98.0,16.0,3.00,Strong Perf.
-2,-4,92.0,98.0,16.0,3.00,Strong Perf.
16,5,92.0,98.0,16.0,3.00,Strong Perf.
28,10,92.0,98.0,16.0,3.00,Strong Perf.
30,11,92.0,98.0,16.0,3.00,Strong Perf.
29,10,92.0,98.0,16.0,3.00,Strong Perf.
25,8,92.0,98.0,16.0,3.00,Strong Perf.
18,5,92.0,98.0,16.0,3.00,Strong Perf.
11,2,92.0,98.0,16.0,3.00,Strong Perf.
5,-1,92.0,98.0,16.0,3.00,Strong Perf.
0,-3,92.0,98.0,16.0,3.00,Strong Perf.
-3,-5,92.0,98.0,16.0,3.00,Strong Perf.
-5,-6,92.0,98.0,16.0,3.00,Strong Perf.
-6,-7,92.0,98.0,16.0,3.00,Strong Perf.
-7,-7,92.0,98.0,16.0,3.00,Strong Perf.
-8,-8,92.0,98.0,16.0,3.00,Strong Perf.
-8,-8,92.0,98.0,16.0,3.00,Strong Perf.
-8,-8,92.0,98.0,16.0,3.00,Strong Perf.
-8,-8,92.0,98.0,16.0,3.00,Strong Perf.
-8,-8,92.0,98.0,16.0,3.00,Strong Perf.
-8,-8,92.0,98.0,16.0,3.00,Strong Perf.
-8,-8,92.0,98.0,16.0,3.00,Strong Perf.
-8,-8,92.0,98.0,16.0,3.00,Strong Perf.
-8,-8,92.0,98.0,16.0,3.00,Strong Perf.
-7,-8,92.0,98.0,16.0,3.00,Strong Perf.
-1,-5,92.0,98.0,16.0,3.00,Strong Perf.
11,0,92.0,98.0,16.0,3.00,Strong Perf.
29,9,92.0,98.0,16.0,3.00,Strong Perf.
42,15,92.0,98.0,16.0,3.00,Strong Perf.
40,14,92.0,98.0,16.0,3.00,Strong Perf.
27,8,92.0,98.0,16.0,3.00,Strong Perf.
13,1,92.0,98.0,16.0,3.00,Strong Perf.
3,-3,92.0,98.0,16.0,3.00,Strong Perf.
-6,-7,92.0,98.0,16.0,3.00,Strong Perf.
11,0,92.0,98.0,16.0,3.00,Strong Perf.
19,4,92.0,98.0,16.0,3.00,Strong Perf.
21,5,92.0,98.0,16.0,3.00,Strong Perf.
18,4,92.0,98.0,16.0,3.00,Strong Perf.
13,1,92.0,98.0,16.0,3.00,Strong Perf.
7,0,92.0,98.0,16.0,3.00,Strong Perf.
2,-3,92.0,98.0,16.0,3.00,Strong Perf.
-2,-5,92.0,98.0,16.0,3.00,Strong Perf.
-4,-6,92.0,98.0,16.0,3.00,Strong Perf.
-6,-7,92.0,98.0,16.0,3.00,Strong Perf.
-7,-7,92.0,98.0,16.0,3.00,Strong Perf.
-7,-7,92.0,98.0,16.0,3.00,Strong Perf.
-7,-7,92.0,98.0,16.0,3.00,Strong Perf.
-7,-7,92.0,98.0,16.0,3.00,Strong Perf.
-7,-7,92.0,98.0,16.0,3.00,Strong Perf.
-6,-6,92.0,98.0,16.0,3.00,Strong Perf.
-6,-6,92.0,98.0,16.0,3.00,Strong Perf.
-6,-6,92.0,98.0,16.0,3.00,Strong Perf.
-6,-6,92.0,98.0,16.0,3.00,Strong Perf.
-5,-5,92.0,98.0,16.0,3.00,Strong Perf.
-4,-5,92.0,98.0,16.0,3.00,Strong Perf.
0,-2,92.0,98.0,16.0,3.00,Strong Perf.
11,2,92.0,98.0,16.0,3.00,Strong Perf.
29,11,92.0,98.0,16.0,3.00,Strong Perf.
45,19,92.0,98.0,16.0,3.00,Strong Perf.
49,21,92.0,98.0,16.0,3.00,Strong Perf.
37,15,92.0,98.0,16.0,3.00,Strong Perf.
23,9,92.0,98.0,16.0,3.00,Strong Perf.
13,4,92.0,98.0,16.0,3.00,Strong Perf.
0,-2,92.0,98.0,16.0,3.00,Strong Perf.
12,4,92.0,98.0,16.0,3.00,Strong Perf.
27,11,92.0,98.0,16.0,3.00,Strong Perf.
30,13,92.0,98.0,16.0,3.00,Strong Perf.
30,13,92.0,98.0,16.0,3.00,Strong Perf.
27,12,92.0,98.0,16.0,3.00,Strong Perf.
22,9,92.0,98.0,16.0,3.00,Strong Perf.
15,6,92.0,98.0,16.0,3.00,Strong Perf.
10,4,92.0,98.0,16.0,3.00,Strong Perf.
5,2,92.0,98.0,16.0,3.00,Strong Perf.
2,0,92.0,98.0,16.0,3.00,Strong Perf.
1,0,92.0,98.0,16.0,3.00,Strong Perf.
0,0,92.0,98.0,16.0,3.00,Strong Perf.
0,0,92.0,98.0,16.0,3.00,Strong Perf.
0,0,92.0,98.0,16.0,3.00,Strong Perf.
1,1,92.0,98.0,16.0,3.00,Strong Perf.
1,1,92.0,98.0,16.0,3.00,Strong Perf.
1,1,92.0,98.0,16.0,3.00,Strong Perf.
2,2,92.0,98.0,16.0,3.00,Strong Perf.
2,2,92.0,98.0,16.0,3.00,Strong Perf.
2,2,92.0,98.0,16.0,3.00,Strong Perf.
2,2,92.0,98.0,16.0,3.00,Strong Perf.
6,4,92.0,98.0,16.0,3.00,Strong Perf.
15,9,92.0,98.0,16.0,3.00,Strong Perf.
32,17,92.0,98.0,16.0,3.00,Strong Perf.
55,28,92.0,98.0,16.0,3.00,Strong Perf.
72,36,92.0,98.0,16.0,3.00,Strong Perf.
70,36,92.0,98.0,16.0,3.00,Strong Perf.
54,28,92.0,98.0,16.0,3.00,Strong Perf.
37,20,92.0,98.0,16.0,3.00,Strong Perf.
25,14,92.0,98.0,16.0,3.00,Strong Perf.
8,6,92.0,98.0,16.0,3.00,Strong Perf.
25,15,92.0,98.0,16.0,3.00,Strong Perf.
43,23,92.0,98.0,16.0,3.00,Strong Perf.
48,26,92.0,98.0,16.0,3.00,Strong Perf.
49,26,92.0,98.0,16.0,3.00,Strong Perf.
45,25,92.0,98.0,16.0,3.00,Strong Perf.
39,22,92.0,98.0,16.0,3.00,Strong Perf.
31,18,92.0,98.0,16.0,3.00,Strong Perf.
23,14,92.0,98.0,16.0,3.00,Strong Perf.
17,11,92.0,98.0,16.0,3.00,Strong Perf.
13,9,92.0,98.0,16.0,3.00,Strong Perf.
10,8,92.0,98.0,16.0,3.00,Strong Perf.
8,7,92.0,98.0,16.0,3.00,Strong Perf.
7,7,92.0,98.0,16.0,3.00,Strong Perf.
7,7,92.0,98.0,16.0,3.00,Strong Perf.
7,7,92.0,98.0,16.0,3.00,Strong Perf.
7,7,92.0,98.0,16.0,3.00,Strong Perf.
7,7,92.0,98.0,16.0,3.00,Strong Perf.
7,7,92.0,98.0,16.0,3.00,Strong Perf.
7,7,92.0,98.0,16.0,3.00,Strong Perf.
7,7,92.0,98.0,16.0,3.00,Strong Perf.
7,7,92.0,98.0,16.0,3.00,Strong Perf.
7,7,92.0,98.0,16.0,3.00,Strong Perf.
11,9,92.0,98.0,16.0,3.00,Strong Perf.
20,13,92.0,98.0,16.0,3.00,Strong Perf.
39,22,92.0,98.0,16.0,3.00,Strong Perf.
65,35,92.0,98.0,16.0,3.00,Strong Perf.
87,46,92.0,98.0,16.0,3.00,Strong Perf.
90,47,92.0,98.0,16.0,3.00,Strong Perf.
73,39,92.0,98.0,16.0,3.00,Strong Perf.
51,28,92.0,98.0,16.0,3.00,Strong Perf.
36,21,92.0,98.0,16.0,3.00,Strong Perf.
16,11,92.0,98.0,16.0,3.00,Strong Perf.
19,13,92.0,98.0,16.0,3.00,Strong Perf.
47,26,92.0,98.0,16.0,3.00,Strong Perf.
55,30,92.0,98.0,16.0,3.00,Strong Perf.
57,31,92.0,98.0,16.0,3.00,Strong Perf.
54,29,92.0,98.0,16.0,3.00,Strong Perf.
48,26,92.0,98.0,16.0,3.00,Strong Perf.
39,22,92.0,98.0,16.0,3.00,Strong Perf.
30,17,92.0,98.0,16.0,3.00,Strong Perf.
22,14,92.0,98.0,16.0,3.00,Strong Perf.
15,10,92.0,98.0,16.0,3.00,Strong Perf.
11,8,92.0,98.0,16.0,3.00,Strong Perf.
8,7,92.0,98.0,16.0,3.00,Strong Perf.
7,6,92.0,98.0,16.0,3.00,Strong Perf.
6,5,92.0,98.0,16.0,3.00,Strong Perf.
5,5,92.0,98.0,16.0,3.00,Strong Perf.
5,5,92.0,98.0,16.0,3.00,Strong Perf.
5,5,92.0,98.0,16.0,3.00,Strong Perf.
4,4,92.0,98.0,16.0,3.00,Strong Perf.
4,4,92.0,98.0,16.0,3.00,Strong Perf.
4,4,92.0,98.0,16.0,3.00,Strong Perf.
4,4,92.0,98.0,16.0,3.00,Strong Perf.
4,4,92.0,98.0,16.0,3.00,Strong Perf.
3,3,92.0,98.0,16.0,3.00,Strong Perf.
7,5,92.0,98.0,16.0,3.00,Strong Perf.
16,9,92.0,98.0,16.0,3.00,Strong Perf.
35,18,92.0,98.0,16.0,3.00,Strong Perf.
60,30,92.0,98.0,16.0,3.00,Strong Perf.
80,39,92.0,98.0,16.0,3.00,Strong Perf.
82,40,92.0,98.0,16.0,3.00,Strong Perf.
67,33,92.0,98.0,16.0,3.00,Strong Perf.
46,23,92.0,98.0,16.0,3.00,Strong Perf.
30,15,92.0,98.0,16.0,3.00,Strong Perf.
13,7,92.0,98.0,16.0,3.00,Strong Perf.
7,4,92.0,98.0,16.0,3.00,Strong Perf.
33,16,92.0,98.0,16.0,3.00,Strong Perf.
43,21,92.0,98.0,16.0,3.00,Strong Perf.
45,22,92.0,98.0,16.0,3.00,Strong Perf.
44,21,92.0,98.0,16.0,3.00,Strong Perf.
39,18,92.0,98.0,16.0,3.00,Strong Perf.
31,15,92.0,98.0,16.0,3.00,Strong Perf.
23,11,92.0,98.0,16.0,3.00,Strong Perf.
15,7,92.0,98.0,16.0,3.00,Strong Perf.
9,4,92.0,98.0,16.0,3.00,Strong Perf.
4,1,92.0,98.0,16.0,3.00,Strong Perf.
1,0,92.0,98.0,16.0,3.00,Strong Perf.
0,0,92.0,98.0,16.0,3.00,Strong Perf.
-1,-1,92.0,98.0,16.0,3.00,Strong Perf.
-1,-1,92.0,98.0,16.0,3.00,Strong Perf.
-2,-2,92.0,98.0,16.0,3.00,Strong Perf.
-2,-2,92.0,98.0,16.0,3.00,Strong Perf.
-2,-2,92.0,98.0,16.0,3.00,Strong Perf.
-3,-3,92.0,98.0,16.0,3.00,Strong Perf.
-3,-3,92.0,98.0,16.0,3.00,Strong Perf.
-3,-3,92.0,98.0,16.0,3.00,Strong Perf.
-3,-3,92.0,98.0,16.0,3.00,Strong Perf.
-3,-3,92.0,98.0,16.0,3.00,Strong Perf.
-4,-4,92.0,98.0,16.0,3.00,Strong Perf.
0,-2,92.0,98.0,16.0,3.00,Strong Perf.
8,1,92.0,98.0,16.0,3.00,Strong Perf.
25,9,92.0,98.0,16.0,3.00,Strong Perf.
46,19,92.0,98.0,16.0,3.00,Strong Perf.
58,25,92.0,98.0,16.0,3.00,Strong Perf.
53,22,92.0,98.0,16.0,3.00,Strong Perf.
36,14,92.0,98.0,16.0,3.00,Strong Perf.
21,7,92.0,98.0,16.0,3.00,Strong Perf.
9,1,92.0,98.0,16.0,3.00,Strong Perf.
-3,-4,92.0,98.0,16.0,3.00,Strong Perf.
16,5,92.0,98.0,16.0,3.00,Strong Perf.
26,9,92.0,98.0,16.0,3.00,Strong Perf.
28,10,92.0,98.0,16.0,3.00,Strong Perf.
27,10,92.0,98.0,16.0,3.00,Strong Perf.
23,8,92.0,98.0,16.0,3.00,Strong Perf.
17,5,92.0,98.0,16.0,3.00,Strong Perf.
10,1,92.0,98.0,16.0,3.00,Strong Perf.
4,0,92.0,98.0,16.0,3.00,Strong Perf.
0,-3,92.0,98.0,16.0,3.00,Strong Perf.
-2,-4,92.0,98.0,16.0,3.00,Strong Perf.
-4,-5,92.0,98.0,16.0,3.00,Strong Perf.
-5,-6,92.0,98.0,16.0,3.00,Strong Perf.
-6,-6,92.0,98.0,16.0,3.00,Strong Perf.
-6,-6,92.0,98.0,16.0,3.00,Strong Perf.
-6,-6,92.0,98.0,16.0,3.00,Strong Perf.
-6,-6,92.0,98.0,16.0,3.00,Strong Perf.
-6,-6,92.0,98.0,16.0,3.00,Strong Perf.
-6,-6,92.0,98.0,16.0,3.00,Strong Perf.
-6,-6,92.0,98.0,16.0,3.00,Strong Perf.
-6,-6,92.0,98.0,16.0,3.00,Strong Perf.
-6,-6,92.0,98.0,16.0,3.00,Strong Perf.
-4,-5,92.0,98.0,16.0,3.00,Strong Perf.
-1,-3,92.0,98.0,16.0,3.00,Strong Perf.
8,0,92.0,98.0,16.0,3.00,Strong Perf.
24,8,92.0,98.0,16.0,3.00,Strong Perf.
40,16,92.0,98.0,16.0,3.00,Strong Perf.
45,18,92.0,98.0,16.0,3.00,Strong Perf.
36,14,92.0,98.0,16.0,3.00,Strong Perf.
22,7,92.0,98.0,16.0,3.00,Strong Perf.
12,3,92.0,98.0,16.0,3.00,Strong Perf.
0,-2,92.0,98.0,16.0,3.00,Strong Perf.
2,-1,92.0,98.0,16.0,3.00,Strong Perf.
19,6,92.0,98.0,16.0,3.00,Strong Perf.
23,8,92.0,98.0,16.0,3.00,Strong Perf.
24,9,92.0,98.0,16.0,3.00,Strong Perf.
22,8,92.0,98.0,16.0,3.00,Strong Perf.
18,6,92.0,98.0,16.0,3.00,Strong Perf.
13,3,92.0,98.0,16.0,3.00,Strong Perf.
7,1,92.0,98.0,16.0,3.00,Strong Perf.
3,0,92.0,98.0,16.0,3.00,Strong Perf.
0,-2,92.0,98.0,16.0,3.00,Strong Perf.
-1,-3,92.0,98.0,16.0,3.00,Strong Perf.
-2,-3,92.0,98.0,16.0,3.00,Strong Perf.
-3,-3,92.0,98.0,16.0,3.00,Strong Perf.
-3,-3,92.0,98.0,16.0,3.00,Strong Perf.
-3,-3,92.0,98.0,16.0,3.00,Strong Perf.
-3,-3,92.0,98.0,16.0,3.00,Strong Perf.
-3,-3,92.0,98.0,16.0,3.00,Strong Perf.
-2,-2,92.0,98.0,16.0,3.00,Strong Perf.
-2,-2,92.0,98.0,16.0,3.00,Strong Perf.
-2,-2,92.0,98.0,16.0,3.00,Strong Perf.
-2,-2,92.0,98.0,16.0,3.00,Strong Perf.
-2,-2,92.0,98.0,16.0,3.00,Strong Perf.
0,-1,92.0,98.0,16.0,3.00,Strong Perf.
4,1,92.0,98.0,16.0,3.00,Strong Perf.
24,11,92.0,98.0,16.0,3.00,Strong Perf.
44,20,92.0,98.0,16.0,3.00,Strong Perf.
55,26,92.0,98.0,16.0,3.00,Strong Perf.
50,23,92.0,98.0,16.0,3.00,Strong Perf.
35,16,92.0,98.0,16.0,3.00,Strong Perf.
22,10,92.0,98.0,16.0,3.00,Strong Perf.
9,4,92.0,98.0,16.0,3.00,Strong Perf.
4,2,92.0,98.0,16.0,3.00,Strong Perf.
26,12,92.0,98.0,16.0,3.00,Strong Perf.
34,16,92.0,98.0,16.0,3.00,Strong Perf.
36,17,92.0,98.0,16.0,3.00,Strong Perf.
34,16,92.0,98.0,16.0,3.00,Strong Perf.
29,14,92.0,98.0,16.0,3.00,Strong Perf.
22,11,92.0,98.0,16.0,3.00,Strong Perf.
16,8,92.0,98.0,16.0,3.00,Strong Perf.
10,5,92.0,98.0,16.0,3.00,Strong Perf.
6,3,92.0,98.0,16.0,3.00,Strong Perf.
4,2,92.0,98.0,16.0,3.00,Strong Perf.
2,2,92.0,98.0,16.0,3.00,Strong Perf.
2,2,92.0,98.0,16.0,3.00,Strong Perf.
2,2,92.0,98.0,16.0,3.00,Strong Perf.
2,2,92.0,98.0,16.0,3.00,Strong Perf.
2,2,92.0,98.0,16.0,3.00,Strong Perf.
2,2,92.0,98.0,16.0,3.00,Strong Perf.
2,2,92.0,98.0,16.0,3.00,Strong Perf.
2,2,92.0,98.0,16.0,3.00,Strong Perf.
3,3,92.0,98.0,16.0,3.00,Strong Perf.
3,3,92.0,98.0,16.0,3.00,Strong Perf.
5,4,92.0,98.0,16.0,3.00,Strong Perf.
10,6,92.0,98.0,16.0,3.00,Strong Perf.
23,12,92.0,98.0,16.0,3.00,Strong Perf.
45,23,92.0,98.0,16.0,3.00,Strong Perf.
68,34,92.0,98.0,16.0,3.00,Strong Perf.
78,39,92.0,98.0,16.0,3.00,Strong Perf.
68,35,92.0,98.0,16.0,3.00,Strong Perf.
49,25,92.0,98.0,16.0,3.00,Strong Perf.
33,18,92.0,98.0,16.0,3.00,Strong Perf.
18,10,92.0,98.0,16.0,3.00,Strong Perf.
9,6,92.0,98.0,16.0,3.00,Strong Perf.
36,19,92.0,98.0,16.0,3.00,Strong Perf.
47,25,92.0,98.0,16.0,3.00,Strong Perf.
50,26,92.0,98.0,16.0,3.00,Strong Perf.
48,25,92.0,98.0,16.0,3.00,Strong Perf.
43,23,92.0,98.0,16.0,3.00,Strong Perf.
36,19,92.0,98.0,16.0,3.00,Strong Perf.
27,15,92.0,98.0,16.0,3.00,Strong Perf.
20,12,92.0,98.0,16.0,3.00,Strong Perf.
14,9,92.0,98.0,16.0,3.00,Strong Perf.
10,7,92.0,98.0,16.0,3.00,Strong Perf.
7,6,92.0,98.0,16.0,3.00,Strong Perf.
6,5,92.0,98.0,16.0,3.00,Strong Perf.
5,5,92.0,98.0,16.0,3.00,Strong Perf.
5,5,92.0,98.0,16.0,3.00,Strong Perf.
5,5,92.0,98.0,16.0,3.00,Strong Perf.
5,5,92.0,98.0,16.0,3.00,Strong Perf.
5,5,92.0,98.0,16.0,3.00,Strong Perf.
5,5,92.0,98.0,16.0,3.00,Strong Perf.
4,4,92.0,98.0,16.0,3.00,Strong Perf.
4,4,92.0,98.0,16.0,3.00,Strong Perf.
4,4,92.0,98.0,16.0,3.00,Strong Perf.
4,4,92.0,98.0,16.0,3.00,Strong Perf.
7,6,92.0,98.0,16.0,3.00,Strong Perf.
21,12,92.0,98.0,16.0,3.00,Strong Perf.
42,22,92.0,98.0,16.0,3.00,Strong Perf.
68,35,92.0,98.0,16.0,3.00,Strong Perf.
87,44,92.0,98.0,16.0,3.00,Strong Perf.
87,44,92.0,98.0,16.0,3.00,Strong Perf.
70,36,92.0,98.0,16.0,3.00,Strong Perf.
48,25,92.0,98.0,16.0,3.00,Strong Perf.
34,18,92.0,98.0,16.0,3.00,Strong Perf.
14,9,92.0,98.0,16.0,3.00,Strong Perf.
13,8,92.0,98.0,16.0,3.00,Strong Perf.
41,22,92.0,98.0,16.0,3.00,Strong Perf.
51,26,92.0,98.0,16.0,3.00,Strong Perf.
53,27,92.0,98.0,16.0,3.00,Strong Perf.
52,27,92.0,98.0,16.0,3.00,Strong Perf.
46,24,92.0,98.0,16.0,3.00,Strong Perf.
38,20,92.0,98.0,16.0,3.00,Strong Perf.
29,16,92.0,98.0,16.0,3.00,Strong Perf.
21,12,92.0,98.0,16.0,3.00,Strong Perf.
14,8,92.0,98.0,16.0,3.00,Strong Perf.
10,6,92.0,98.0,16.0,3.00,Strong Perf.
6,4,92.0,98.0,16.0,3.00,Strong Perf.
4,3,92.0,98.0,16.0,3.00,Strong Perf.
3,3,92.0,98.0,16.0,3.00,Strong Perf.
3,2,92.0,98.0,16.0,3.00,Strong Perf.
2,2,92.0,98.0,16.0,3.00,Strong Perf.
2,2,92.0,98.0,16.0,3.00,Strong Perf.
2,2,92.0,98.0,16.0,3.00,Strong Perf.
2,2,92.0,98.0,16.0,3.00,Strong Perf.
2,2,92.0,98.0,16.0,3.00,Strong Perf.
1,1,92.0,98.0,16.0,3.00,Strong Perf.
1,1,92.0,98.0,16.0,3.00,Strong Perf.
1,1,92.0,98.0,16.0,3.00,Strong Perf.
1,1,92.0,98.0,16.0,3.00,Strong Perf.
5,3,92.0,98.0,16.0,3.00,Strong Perf.
15,7,92.0,98.0,16.0,3.00,Strong Perf.
34,17,92.0,98.0,16.0,3.00,Strong Perf.
59,29,92.0,98.0,16.0,3.00,Strong Perf.
76,37,92.0,98.0,16.0,3.00,Strong Perf.
73,35,92.0,98.0,16.0,3.00,Strong Perf.
54,26,92.0,98.0,16.0,3.00,Strong Perf.
35,17,92.0,98.0,16.0,3.00,Strong Perf.
21,10,92.0,98.0,16.0,3.00,Strong Perf.
2,1,92.0,98.0,16.0,3.00,Strong Perf.
21,10,92.0,98.0,16.0,3.00,Strong Perf.
38,18,92.0,98.0,16.0,3.00,Strong Perf.
42,20,92.0,98.0,16.0,3.00,Strong Perf.
41,19,92.0,98.0,16.0,3.00,Strong Perf.
37,17,92.0,98.0,16.0,3.00,Strong Perf.
30,14,92.0,98.0,16.0,3.00,Strong Perf.
22,10,92.0,98.0,16.0,3.00,Strong Perf.
14,6,92.0,98.0,16.0,3.00,Strong Perf.
8,3,92.0,98.0,16.0,3.00,Strong Perf.
4,1,92.0,98.0,16.0,3.00,Strong Perf.
1,0,92.0,98.0,16.0,3.00,Strong Perf.
0,0,92.0,98.0,16.0,3.00,Strong Perf.
-1,-1,92.0,98.0,16.0,3.00,Strong Perf.
-1,-1,92.0,98.0,16.0,3.00,Strong Perf.
-1,-1,92.0,98.0,16.0,3.00,Strong Perf.
-1,-1,92.0,98.0,16.0,3.00,Strong Perf.
-2,-2,92.0,98.0,16.0,3.00,Strong Perf.
-2,-2,92.0,98.0,16.0,3.00,Strong Perf.
-2,-2,92.0,98.0,16.0,3.00,Strong Perf.
-2,-2,92.0,98.0,16.0,3.00,Strong Perf.
-2,-2,92.0,98.0,16.0,3.00,Strong Perf.
-2,-2,92.0,98.0,16.0,3.00,Strong Perf.
0,-1,92.0,98.0,16.0,3.00,Strong Perf.
8,2,92.0,98.0,16.0,3.00,Strong Perf.
23,9,92.0,98.0,16.0,3.00,Strong Perf.
43,19,92.0,98.0,16.0,3.00,Strong Perf.
56,25,92.0,98.0,16.0,3.00,Strong Perf.
52,23,92.0,98.0,16.0,3.00,Strong Perf.
36,15,92.0,98.0,16.0,3.00,Strong Perf.
22,8,92.0,98.0,16.0,3.00,Strong Perf.
10,3,92.0,98.0,16.0,3.00,Strong Perf.
-1,-2,92.0,98.0,16.0,3.00,Strong Perf.
17,6,92.0,98.0,16.0,3.00,Strong Perf.
27,11,92.0,98.0,16.0,3.00,Strong Perf.
29,12,92.0,98.0,16.0,3.00,Strong Perf.
28,11,92.0,98.0,16.0,3.00,Strong Perf.
23,9,92.0,98.0,16.0,3.00,Strong Perf.
18,6,92.0,98.0,16.0,3.00,Strong Perf.
11,3,92.0,98.0,16.0,3.00,Strong Perf.
6,1,92.0,98.0,16.0,3.00,Strong Perf.
2,0,92.0,98.0,16.0,3.00,Strong Perf.
-1,-2,92.0,98.0,16.0,3.00,Strong Perf.
-2,-3,92.0,98.0,16.0,3.00,Strong Perf.
-3,-3,92.0,98.0,16.0,3.00,Strong Perf.
-3,-3,92.0,98.0,16.0,3.00,Strong Perf.
-3,-3,92.0,98.0,16.0,3.00,Strong Perf.
-3,-3,92.0,98.0,16.0,3.00,Strong Perf.
-3,-3,92.0,98.0,16.0,3.00,Strong Perf.
-3,-3,92.0,98.0,16.0,3.00,Strong Perf.
-3,-3,92.0,98.0,16.0,3.00,Strong Perf.
-3,-3,92.0,98.0,16.0,3.00,Strong Perf.
-3,-3,92.0,98.0,16.0,3.00,Strong Perf.
-3,-3,92.0,98.0,16.0,3.00,Strong Perf.
-2,-3,92.0,98.0,16.0,3.00,Strong Perf.
2,0,92.0,98.0,16.0,3.00,Strong Perf.
14,4,92.0,98.0,16.0,3.00,Strong Perf.
31,13,92.0,98.0,16.0,3.00,Strong Perf.
45,19,92.0,98.0,16.0,3.00,Strong Perf.
45,20,92.0,98.0,16.0,3.00,Strong Perf.
33,14,92.0,98.0,16.0,3.00,Strong Perf.
20,7,92.0,98.0,16.0,3.00,Strong Perf.
11,3,92.0,98.0,16.0,3.00,Strong Perf.
-1,-2,92.0,98.0,16.0,3.00,Strong Perf.
12,4,92.0,98.0,16.0,3.00,Strong Perf.
24,9,92.0,98.0,16.0,3.00,Strong Perf.
26,11,92.0,98.0,16.0,3.00,Strong Perf.
26,10,92.0,98.0,16.0,3.00,Strong Perf.
23,9,92.0,98.0,16.0,3.00,Strong Perf.
17,6,92.0,98.0,16.0,3.00,Strong Perf.
12,4,92.0,98.0,16.0,3.00,Strong Perf.
6,1,92.0,98.0,16.0,3.00,Strong Perf.
2,0,92.0,98.0,16.0,3.00,Strong Perf.
0,-1,92.0,98.0,16.0,3.00,Strong Perf.
-1,-2,92.0,98.0,16.0,3.00,Strong Perf.
-2,-2,92.0,98.0,16.0,3.00,Strong Perf.
-2,-2,92.0,98.0,16.0,3.00,Strong Perf.
-2,-2,92.0,98.0,16.0,3.00,Strong Perf.
-2,-2,92.0,98.0,16.0,3.00,Strong Perf.
-2,-2,92.0,98.0,16.0,3.00,Strong Perf.
-2,-2,92.0,98.0,16.0,3.00,Strong Perf.
-2,-2,92.0,98.0,16.0,3.00,Strong Perf.
-2,-2,92.0,98.0,16.0,3.00,Strong Perf.
-2,-2,92.0,98.0,16.0,3.00,Strong Perf.
-2,-2,92.0,98.0,16.0,3.00,Strong Perf.
0,0,92.0,98.0,16.0,3.00,Strong Perf.
7,2,92.0,98.0,16.0,3.00,Strong Perf.
23,10,92.0,98.0,16.0,3.00,Strong Perf.
44,20,92.0,98.0,16.0,3.00,Strong Perf.
58,27,92.0,98.0,16.0,3.00,Strong Perf.
54,25,92.0,98.0,16.0,3.00,Strong Perf.
38,17,92.0,98.0,16.0,3.00,Strong Perf.
23,10,92.0,98.0,16.0,3.00,Strong Perf.
11,4,92.0,98.0,16.0,3.00,Strong Perf.
3,0,92.0,98.0,16.0,3.00,Strong Perf.
26,12,92.0,98.0,16.0,3.00,Strong Perf.
35,16,92.0,98.0,16.0,3.00,Strong Perf.
36,17,92.0,98.0,16.0,3.00,Strong Perf.
35,16,92.0,98.0,16.0,3.00,Strong Perf.
29,14,92.0,98.0,16.0,3.00,Strong Perf.
22,10,92.0,98.0,16.0,3.00,Strong Perf.
15,7,92.0,98.0,16.0,3.00,Strong Perf.
9,4,92.0,98.0,16.0,3.00,Strong Perf.
5,2,92.0,98.0,16.0,3.00,Strong Perf.
2,1,92.0,98.0,16.0,3.00,Strong Perf.
1,0,92.0,98.0,16.0,3.00,Strong Perf.
0,0,92.0,98.0,16.0,3.00,Strong Perf.
0,0,92.0,98.0,16.0,3.00,Strong Perf.
0,0,92.0,98.0,16.0,3.00,Strong Perf.
0,0,92.0,98.0,16.0,3.00,Strong Perf.
0,0,92.0,98.0,16.0,3.00,Strong Perf.
0,0,92.0,98.0,16.0,3.00,Strong Perf.
0,0,92.0,98.0,16.0,3.00,Strong Perf.
1,1,92.0,98.0,16.0,3.00,Strong Perf.
1,1,92.0,98.0,16.0,3.00,Strong Perf.
3,2,92.0,98.0,16.0,3.00,Strong Perf.
9,5,92.0,98.0,16.0,3.00,Strong Perf.
24,12,92.0,98.0,16.0,3.00,Strong Perf.
48,24,92.0,98.0,16.0,3.00,Strong Perf.
71,35,92.0,98.0,16.0,3.00,Strong Perf.
79,38,92.0,98.0,16.0,3.00,Strong Perf.
66,33,92.0,98.0,16.0,3.00,Strong Perf.
46,23,92.0,98.0,16.0,3.00,Strong Perf.
31,16,92.0,98.0,16.0,3.00,Strong Perf.
13,7,92.0,98.0,16.0,3.00,Strong Perf.
9,5,92.0,98.0,16.0,3.00,Strong Perf.
37,19,92.0,98.0,16.0,3.00,Strong Perf.
47,24,92.0,98.0,16.0,3.00,Strong Perf.
49,25,92.0,98.0,16.0,3.00,Strong Perf.
48,24,92.0,98.0,16.0,3.00,Strong Perf.
42,21,92.0,98.0,16.0,3.00,Strong Perf.
34,17,92.0,98.0,16.0,3.00,Strong Perf.
25,13,92.0,98.0,16.0,3.00,Strong Perf.
18,10,92.0,98.0,16.0,3.00,Strong Perf.
12,7,92.0,98.0,16.0,3.00,Strong Perf.
8,5,92.0,98.0,16.0,3.00,Strong Perf.
5,4,92.0,98.0,16.0,3.00,Strong Perf.
4,3,92.0,98.0,16.0,3.00,Strong Perf.
3,3,92.0,98.0,16.0,3.00,Strong Perf.
3,3,92.0,98.0,16.0,3.00,Strong Perf.
3,3,92.0,98.0,16.0,3.00,Strong Perf.
3,3,92.0,98.0,16.0,3.00,Strong Perf.
3,3,92.0,98.0,16.0,3.00,Strong Perf.
3,3,92.0,98.0,16.0,3.00,Strong Perf.
3,3,92.0,98.0,16.0,3.00,Strong Perf.
3,3,92.0,98.0,16.0,3.00,Strong Perf.
3,3,92.0,98.0,16.0,3.00,Strong Perf.
3,3,92.0,98.0,16.0,3.00,Strong Perf.
6,5,92.0,98.0,16.0,3.00,Strong Perf.
13,8,92.0,98.0,16.0,3.00,Strong Perf.
40,21,92.0,98.0,16.0,3.00,Strong Perf.
66,33,92.0,98.0,16.0,3.00,Strong Perf.
86,43,92.0,98.0,16.0,3.00,Strong Perf.
87,44,92.0,98.0,16.0,3.00,Strong Perf.
71,36,92.0,98.0,16.0,3.00,Strong Perf.
50,26,92.0,98.0,16.0,3.00,Strong Perf.
35,18,92.0,98.0,16.0,3.00,Strong Perf.
17,10,92.0,98.0,16.0,3.00,Strong Perf.
9,6,92.0,98.0,16.0,3.00,Strong Perf.
37,20,92.0,98.0,16.0,3.00,Strong Perf.
50,26,92.0,98.0,16.0,3.00,Strong Perf.
53,27,92.0,98.0,16.0,3.00,Strong Perf.
52,27,92.0,98.0,16.0,3.00,Strong Perf.
47,24,92.0,98.0,16.0,3.00,Strong Perf.
40,21,92.0,98.0,16.0,3.00,Strong Perf.
31,17,92.0,98.0,16.0,3.00,Strong Perf.
23,13,92.0,98.0,16.0,3.00,Strong Perf.
16,9,92.0,98.0,16.0,3.00,Strong Perf.
11,7,92.0,98.0,16.0,3.00,Strong Perf.
8,5,92.0,98.0,16.0,3.00,Strong Perf.
5,4,92.0,98.0,16.0,3.00,Strong Perf.
4,4,92.0,98.0,16.0,3.00,Strong Perf.
4,3,92.0,98.0,16.0,3.00,Strong Perf.
3,3,92.0,98.0,16.0,3.00,Strong Perf.
3,3,92.0,98.0,16.0,3.00,Strong Perf.
3,3,92.0,98.0,16.0,3.00,Strong Perf.
3,3,92.0,98.0,16.0,3.00,Strong Perf.
3,3,92.0,98.0,16.0,3.00,Strong Perf.
3,3,92.0,98.0,16.0,3.00,Strong Perf.
3,3,92.0,98.0,16.0,3.00,Strong Perf.
3,3,92.0,98.0,16.0,3.00,Strong Perf.
2,2,92.0,98.0,16.0,3.00,Strong Perf.
5,3,92.0,98.0,16.0,3.00,Strong Perf.
10,6,92.0,98.0,16.0,3.00,Strong Perf.
24,13,92.0,98.0,16.0,3.00,Strong Perf.
46,23,92.0,98.0,16.0,3.00,Strong Perf.
67,33,92.0,98.0,16.0,3.00,Strong Perf.
76,37,92.0,98.0,16.0,3.00,Strong Perf.
65,32,92.0,98.0,16.0,3.00,Strong Perf.
46,23,92.0,98.0,16.0,3.00,Strong Perf.
30,15,92.0,98.0,16.0,3.00,Strong Perf.
16,9,92.0,98.0,16.0,3.00,Strong Perf.
5,3,92.0,98.0,16.0,3.00,Strong Perf.
28,14,92.0,98.0,16.0,3.00,Strong Perf.
39,19,92.0,98.0,16.0,3.00,Strong Perf.
41,20,92.0,98.0,16.0,3.00,Strong Perf.
40,20,92.0,98.0,16.0,3.00,Strong Perf.
36,17,92.0,98.0,16.0,3.00,Strong Perf.
29,14,92.0,98.0,16.0,3.00,Strong Perf.
21,11,92.0,98.0,16.0,3.00,Strong Perf.
15,7,92.0,98.0,16.0,3.00,Strong Perf.
9,5,92.0,98.0,16.0,3.00,Strong Perf.
5,3,92.0,98.0,16.0,3.00,Strong Perf.
3,1,92.0,98.0,16.0,3.00,Strong Perf.
1,1,92.0,98.0,16.0,3.00,Strong Perf.
0,0,92.0,98.0,16.0,3.00,Strong Perf.
0,0,92.0,98.0,16.0,3.00,Strong Perf.
0,0,92.0,98.0,16.0,3.00,Strong Perf.
0,0,92.0,98.0,16.0,3.00,Strong Perf.
0,0,92.0,98.0,16.0,3.00,Strong Perf.
0,0,92.0,98.0,16.0,3.00,Strong Perf.
0,0,92.0,98.0,16.0,3.00,Strong Perf.
0,0,92.0,98.0,16.0,3.00,Strong Perf.
0,0,92.0,98.0,16.0,3.00,Strong Perf.
0,0,92.0,98.0,16.0,3.00,Strong Perf.
-1,-1,92.0,98.0,16.0,3.00,Strong Perf.
2,0,92.0,98.0,16.0,3.00,Strong Perf.
10,4,92.0,98.0,16.0,3.00,Strong Perf.
26,12,92.0,98.0,16.0,3.00,Strong Perf.
51,24,92.0,98.0,16.0,3.00,Strong Perf.
52,24,92.0,98.0,16.0,3.00,Strong Perf.
39,18,92.0,98.0,16.0,3.00,Strong Perf.
24,10,92.0,98.0,16.0,3.00,Strong Perf.
14,5,92.0,98.0,16.0,3.00,Strong Perf.
0,-1,92.0,98.0,16.0,3.00,Strong Perf.
12,4,92.0,98.0,16.0,3.00,Strong Perf.
25,11,92.0,98.0,16.0,3.00,Strong Perf.
28,12,92.0,98.0,16.0,3.00,Strong Perf.
27,11,92.0,98.0,16.0,3.00,Strong Perf.
24,10,92.0,98.0,16.0,3.00,Strong Perf.
18,7,92.0,98.0,16.0,3.00,Strong Perf.
12,4,92.0,98.0,16.0,3.00,Strong Perf.
7,1,92.0,98.0,16.0,3.00,Strong Perf.
2,0,92.0,98.0,16.0,3.00,Strong Perf.
0,-1,92.0,98.0,16.0,3.00,Strong Perf.
-2,-2,92.0,98.0,16.0,3.00,Strong Perf.
-3,-3,92.0,98.0,16.0,3.00,Strong Perf.
-3,-3,92.0,98.0,16.0,3.00,Strong Perf.
-3,-3,92.0,98.0,16.0,3.00,Strong Perf.
-4,-4,92.0,98.0,16.0,3.00,Strong Perf.
-4,-4,92.0,98.0,16.0,3.00,Strong Perf.
-4,-4,92.0,98.0,16.0,3.00,Strong Perf.
-4,-4,92.0,98.0,16.0,3.00,Strong Perf.
-4,-4,92.0,98.0,16.0,3.00,Strong Perf.
-4,-4,92.0,98.0,16.0,3.00,Strong Perf.
-4,-4,92.0,98.0,16.0,3.00,Strong Perf.
-4,-4,92.0,98.0,16.0,3.00,Strong Perf.
-1,-2,92.0,98.0,16.0,3.00,Strong Perf.
6,0,92.0,98.0,16.0,3.00,Strong Perf.
20,7,92.0,98.0,16.0,3.00,Strong Perf.
37,15,92.0,98.0,16.0,3.00,Strong Perf.
47,20,92.0,98.0,16.0,3.00,Strong Perf.
42,17,92.0,98.0,16.0,3.00,Strong Perf.
28,11,92.0,98.0,16.0,3.00,Strong Perf.
12,3,92.0,98.0,16.0,3.00,Strong Perf.
0,-2,92.0,98.0,16.0,3.00,Strong Perf.
4,0,92.0,98.0,16.0,3.00,Strong Perf.
21,7,92.0,98.0,16.0,3.00,Strong Perf.
25,9,92.0,98.0,16.0,3.00,Strong Perf.
26,10,92.0,98.0,16.0,3.00,Strong Perf.
24,9,92.0,98.0,16.0,3.00,Strong Perf.
19,6,92.0,98.0,16.0,3.00,Strong Perf.
14,4,92.0,98.0,16.0,3.00,Strong Perf.
8,1,92.0,98.0,16.0,3.00,Strong Perf.
3,0,92.0,98.0,16.0,3.00,Strong Perf.
0,-2,92.0,98.0,16.0,3.00,Strong Perf.
-2,-3,92.0,98.0,16.0,3.00,Strong Perf.
-3,-4,92.0,98.0,16.0,3.00,Strong Perf.
-4,-4,92.0,98.0,16.0,3.00,Strong Perf.
-4,-4,92.0,98.0,16.0,3.00,Strong Perf.
-4,-4,92.0,98.0,16.0,3.00,Strong Perf.
-4,-4,92.0,98.0,16.0,3.00,Strong Perf.
-4,-4,92.0,98.0,16.0,3.00,Strong Perf.
-4,-4,92.0,98.0,16.0,3.00,Strong Perf.
-4,-4,92.0,98.0,16.0,3.00,Strong Perf.
-4,-4,92.0,98.0,16.0,3.00,Strong Perf.
-4,-4,92.0,98.0,16.0,3.00,Strong Perf.
-4,-4,92.0,98.0,16.0,3.00,Strong Perf.
-4,-4,92.0,98.0,16.0,3.00,Strong Perf.
1,-1,92.0,98.0,16.0,3.00,Strong Perf.
11,3,92.0,98.0,16.0,3.00,Strong Perf.
31,12,92.0,98.0,16.0,3.00,Strong Perf.
52,23,92.0,98.0,16.0,3.00,Strong Perf.
61,27,92.0,98.0,16.0,3.00,Strong Perf.
53,23,92.0,98.0,16.0,3.00,Strong Perf.
35,15,92.0,98.0,16.0,3.00,Strong Perf.
16,6,92.0,98.0,16.0,3.00,Strong Perf.
0,-1,92.0,98.0,16.0,3.00,Strong Perf.
18,7,92.0,98.0,16.0,3.00,Strong Perf.
33,14,92.0,98.0,16.0,3.00,Strong Perf.
37,16,92.0,98.0,16.0,3.00,Strong Perf.
37,16,92.0,98.0,16.0,3.00,Strong Perf.
33,15,92.0,98.0,16.0,3.00,Strong Perf.
27,12,92.0,98.0,16.0,3.00,Strong Perf.
19,8,92.0,98.0,16.0,3.00,Strong Perf.
12,5,92.0,98.0,16.0,3.00,Strong Perf.
7,2,92.0,98.0,16.0,3.00,Strong Perf.
3,1,92.0,98.0,16.0,3.00,Strong Perf.
1,0,92.0,98.0,16.0,3.00,Strong Perf.
0,0,92.0,98.0,16.0,3.00,Strong Perf.
0,0,92.0,98.0,16.0,3.00,Strong Perf.
0,0,92.0,98.0,16.0,3.00,Strong Perf.
0,0,92.0,98.0,16.0,3.00,Strong Perf.
0,0,92.0,98.0,16.0,3.00,Strong Perf.
0,0,92.0,98.0,16.0,3.00,Strong Perf.
0,0,92.0,98.0,16.0,3.00,Strong Perf.
0,0,92.0,98.0,16.0,3.00,Strong Perf.
0,0,92.0,98.0,16.0,3.00,Strong Perf.
0,0,92.0,98.0,16.0,3.00,Strong Perf.
0,0,92.0,98.0,16.0,3.00,Strong Perf.
5,3,92.0,98.0,16.0,3.00,Strong Perf.
15,8,92.0,98.0,16.0,3.00,Strong Perf.
34,17,92.0,98.0,16.0,3.00,Strong Perf.
60,30,92.0,98.0,16.0,3.00,Strong Perf.
80,39,92.0,98.0,16.0,3.00,Strong Perf.
81,40,92.0,98.0,16.0,3.00,Strong Perf.
64,32,92.0,98.0,16.0,3.00,Strong Perf.
44,22,92.0,98.0,16.0,3.00,Strong Perf.
30,15,92.0,98.0,16.0,3.00,Strong Perf.
10,6,92.0,98.0,16.0,3.00,Strong Perf.
32,17,92.0,98.0,16.0,3.00,Strong Perf.
48,24,92.0,98.0,16.0,3.00,Strong Perf.
52,26,92.0,98.0,16.0,3.00,Strong Perf.
52,26,92.0,98.0,16.0,3.00,Strong Perf.
47,24,92.0,98.0,16.0,3.00,Strong Perf.
40,21,92.0,98.0,16.0,3.00,Strong Perf.
31,17,92.0,98.0,16.0,3.00,Strong Perf.
23,13,92.0,98.0,16.0,3.00,Strong Perf.
16,10,92.0,98.0,16.0,3.00,Strong Perf.
11,8,92.0,98.0,16.0,3.00,Strong Perf.
8,6,92.0,98.0,16.0,3.00,Strong Perf.
6,5,92.0,98.0,16.0,3.00,Strong Perf.
5,5,92.0,98.0,16.0,3.00,Strong Perf.
5,5,92.0,98.0,16.0,3.00,Strong Perf.
5,5,92.0,98.0,16.0,3.00,Strong Perf.
5,5,92.0,98.0,16.0,3.00,Strong Perf.
5,5,92.0,98.0,16.0,3.00,Strong Perf.
5,5,92.0,98.0,16.0,3.00,Strong Perf.
5,5,92.0,98.0,16.0,3.00,Strong Perf.
5,5,92.0,98.0,16.0,3.00,Strong Perf.
5,5,92.0,98.0,16.0,3.00,Strong Perf.
5,5,92.0,98.0,16.0,3.00,Strong Perf.
6,6,92.0,98.0,16.0,3.00,Strong Perf.
9,7,92.0,98.0,16.0,3.00,Strong Perf.
18,11,92.0,98.0,16.0,3.00,Strong Perf.
35,20,92.0,98.0,16.0,3.00,Strong Perf.
60,32,92.0,98.0,16.0,3.00,Strong Perf.
83,43,92.0,98.0,16.0,3.00,Strong Perf.
90,46,92.0,98.0,16.0,3.00,Strong Perf.
77,40,92.0,98.0,16.0,3.00,Strong Perf.
55,30,92.0,98.0,16.0,3.00,Strong Perf.
39,22,92.0,98.0,16.0,3.00,Strong Perf.
23,14,92.0,98.0,16.0,3.00,Strong Perf.
20,13,92.0,98.0,16.0,3.00,Strong Perf.
45,25,92.0,98.0,16.0,3.00,Strong Perf.
52,28,92.0,98.0,16.0,3.00,Strong Perf.
54,29,92.0,98.0,16.0,3.00,Strong Perf.
51,28,92.0,98.0,16.0,3.00,Strong Perf.
45,25,92.0,98.0,16.0,3.00,Strong Perf.
37,21,92.0,98.0,16.0,3.00,Strong Perf.
29,17,92.0,98.0,16.0,3.00,Strong Perf.
21,13,92.0,98.0,16.0,3.00,Strong Perf.
15,10,92.0,98.0,16.0,3.00,Strong Perf.
11,8,92.0,98.0,16.0,3.00,Strong Perf.
8,7,92.0,98.0,16.0,3.00,Strong Perf.
7,6,92.0,98.0,16.0,3.00,Strong Perf.
6,6,92.0,98.0,16.0,3.00,Strong Perf.
5,5,92.0,98.0,16.0,3.00,Strong Perf.
5,5,92.0,98.0,16.0,3.00,Strong Perf.
5,5,92.0,98.0,16.0,3.00,Strong Perf.
5,5,92.0,98.0,16.0,3.00,Strong Perf.
5,5,92.0,98.0,16.0,3.00,Strong Perf.
5,5,92.0,98.0,16.0,3.00,Strong Perf.
4,4,92.0,98.0,16.0,3.00,Strong Perf.
4,4,92.0,98.0,16.0,3.00,Strong Perf.
4,4,92.0,98.0,16.0,3.00,Strong Perf.
4,4,92.0,98.0,16.0,3.00,Strong Perf.
6,5,92.0,98.0,16.0,3.00,Strong Perf.
13,8,92.0,98.0,16.0,3.00,Strong Perf.
27,15,92.0,98.0,16.0,3.00,Strong Perf.
48,25,92.0,98.0,16.0,3.00,Strong Perf.
71,36,92.0,98.0,16.0,3.00,Strong Perf.
65,33,92.0,98.0,16.0,3.00,Strong Perf.
47,24,92.0,98.0,16.0,3.00,Strong Perf.
31,16,92.0,98.0,16.0,3.00,Strong Perf.
19,10,92.0,98.0,16.0,3.00,Strong Perf.
4,3,92.0,98.0,16.0,3.00,Strong Perf.
23,12,92.0,98.0,16.0,3.00,Strong Perf.
36,18,92.0,98.0,16.0,3.00,Strong Perf.
38,19,92.0,98.0,16.0,3.00,Strong Perf.
37,18,92.0,98.0,16.0,3.00,Strong Perf.
33,16,92.0,98.0,16.0,3.00,Strong Perf.
27,13,92.0,98.0,16.0,3.00,Strong Perf.
20,10,92.0,98.0,16.0,3.00,Strong Perf.
13,6,92.0,98.0,16.0,3.00,Strong Perf.
8,4,92.0,98.0,16.0,3.00,Strong Perf.
4,2,92.0,98.0,16.0,3.00,Strong Perf.
2,0,92.0,98.0,16.0,3.00,Strong Perf.
0,0,92.0,98.0,16.0,3.00,Strong Perf.
0,0,92.0,98.0,16.0,3.00,Strong Perf.
0,0,92.0,98.0,16.0,3.00,Strong Perf.
-1,-1,92.0,98.0,16.0,3.00,Strong Perf.
-1,-1,92.0,98.0,16.0,3.00,Strong Perf.
-1,-1,92.0,98.0,16.0,3.00,Strong Perf.
-1,-1,92.0,98.0,16.0,3.00,Strong Perf.
-2,-2,92.0,98.0,16.0,3.00,Strong Perf.
-2,-2,92.0,98.0,16.0,3.00,Strong Perf.
-2,-2,92.0,98.0,16.0,3.00,Strong Perf.
-2,-2,92.0,98.0,16.0,3.00,Strong Perf.
-3,-3,92.0,98.0,16.0,3.00,Strong Perf.
0,-1,92.0,98.0,16.0,3.00,Strong Perf.
17,6,92.0,98.0,16.0,3.00,Strong Perf.
35,14,92.0,98.0,16.0,3.00,Strong Perf.
47,20,92.0,98.0,16.0,3.00,Strong Perf.
45,19,92.0,98.0,16.0,3.00,Strong Perf.
31,12,92.0,98.0,16.0,3.00,Strong Perf.
18,6,92.0,98.0,16.0,3.00,Strong Perf.
7,1,92.0,98.0,16.0,3.00,Strong Perf.
-3,-4,92.0,98.0,16.0,3.00,Strong Perf.
14,4,92.0,98.0,16.0,3.00,Strong Perf.
23,8,92.0,98.0,16.0,3.00,Strong Perf.
24,8,92.0,98.0,16.0,3.00,Strong Perf.
22,7,92.0,98.0,16.0,3.00,Strong Perf.
18,5,92.0,98.0,16.0,3.00,Strong Perf.
12,2,92.0,98.0,16.0,3.00,Strong Perf.
6,0,92.0,98.0,16.0,3.00,Strong Perf.
1,-2,92.0,98.0,16.0,3.00,Strong Perf.
-1,-4,92.0,98.0,16.0,3.00,Strong Perf.
-4,-5,92.0,98.0,16.0,3.00,Strong Perf.
-5,-6,92.0,98.0,16.0,3.00,Strong Perf.
-6,-6,92.0,98.0,16.0,3.00,Strong Perf.
-7,-7,92.0,98.0,16.0,3.00,Strong Perf.
-7,-7,92.0,98.0,16.0,3.00,Strong Perf.
-7,-7,92.0,98.0,16.0,3.00,Strong Perf.
-7,-7,92.0,98.0,16.0,3.00,Strong Perf.
-7,-7,92.0,98.0,16.0,3.00,Strong Perf.
-7,-7,92.0,98.0,16.0,3.00,Strong Perf.
-7,-7,92.0,98.0,16.0,3.00,Strong Perf.
-7,-7,92.0,98.0,16.0,3.00,Strong Perf.
-7,-7,92.0,98.0,16.0,3.00,Strong Perf.
-5,-6,92.0,98.0,16.0,3.00,Strong Perf.
0,-3,92.0,98.0,16.0,3.00,Strong Perf.
13,2,92.0,98.0,16.0,3.00,Strong Perf.
31,10,92.0,98.0,16.0,3.00,Strong Perf.
44,17,92.0,98.0,16.0,3.00,Strong Perf.
43,17,92.0,98.0,16.0,3.00,Strong Perf.
30,10,92.0,98.0,16.0,3.00,Strong Perf.
12,1,92.0,98.0,16.0,3.00,Strong Perf.
0,-4,92.0,98.0,16.0,3.00,Strong Perf.
0,-4,92.0,98.0,16.0,3.00,Strong Perf.
18,5,92.0,98.0,16.0,3.00,Strong Perf.
24,7,92.0,98.0,16.0,3.00,Strong Perf.
25,8,92.0,98.0,16.0,3.00,Strong Perf.
23,7,92.0,98.0,16.0,3.00,Strong Perf.
19,5,92.0,98.0,16.0,3.00,Strong Perf.
13,2,92.0,98.0,16.0,3.00,Strong Perf.
7,0,92.0,98.0,16.0,3.00,Strong Perf.
1,-2,92.0,98.0,16.0,3.00,Strong Perf.
-1,-4,92.0,98.0,16.0,3.00,Strong Perf.
-4,-5,92.0,98.0,16.0,3.00,Strong Perf.
-5,-5,92.0,98.0,16.0,3.00,Strong Perf.
-5,-6,92.0,98.0,16.0,3.00,Strong Perf.
-5,-6,92.0,98.0,16.0,3.00,Strong Perf.
-5,-5,92.0,98.0,16.0,3.00,Strong Perf.
-5,-5,92.0,98.0,16.0,3.00,Strong Perf.
-5,-5,92.0,98.0,16.0,3.00,Strong Perf.
-5,-5,92.0,98.0,16.0,3.00,Strong Perf.
-5,-5,92.0,98.0,16.0,3.00,Strong Perf.
-5,-5,92.0,98.0,16.0,3.00,Strong Perf.
-4,-4,92.0,98.0,16.0,3.00,Strong Perf.
-4,-4,92.0,98.0,16.0,3.00,Strong Perf.
-2,-3,92.0,98.0,16.0,3.00,Strong Perf.
4,0,92.0,98.0,16.0,3.00,Strong Perf.
17,6,92.0,98.0,16.0,3.00,Strong Perf.
39,17,92.0,98.0,16.0,3.00,Strong Perf.
60,27,92.0,98.0,16.0,3.00,Strong Perf.
66,30,92.0,98.0,16.0,3.00,Strong Perf.
46,20,92.0,98.0,16.0,3.00,Strong Perf.
29,12,92.0,98.0,16.0,3.00,Strong Perf.
17,7,92.0,98.0,16.0,3.00,Strong Perf.
0,0,92.0,98.0,16.0,3.00,Strong Perf.
19,8,92.0,98.0,16.0,3.00,Strong Perf.
37,17,92.0,98.0,16.0,3.00,Strong Perf.
41,19,92.0,98.0,16.0,3.00,Strong Perf.
42,20,92.0,98.0,16.0,3.00,Strong Perf.
39,18,92.0,98.0,16.0,3.00,Strong Perf.
33,15,92.0,98.0,16.0,3.00,Strong Perf.
25,12,92.0,98.0,16.0,3.00,Strong Perf.
18,8,92.0,98.0,16.0,3.00,Strong Perf.
11,6,92.0,98.0,16.0,3.00,Strong Perf.
7,4,92.0,98.0,16.0,3.00,Strong Perf.
4,2,92.0,98.0,16.0,3.00,Strong Perf.
3,2,92.0,98.0,16.0,3.00,Strong Perf.
2,2,92.0,98.0,16.0,3.00,Strong Perf.
2,2,92.0,98.0,16.0,3.00,Strong Perf.
2,2,92.0,98.0,16.0,3.00,Strong Perf.
2,2,92.0,98.0,16.0,3.00,Strong Perf.
3,3,92.0,98.0,16.0,3.00,Strong Perf.
3,3,92.0,98.0,16.0,3.00,Strong Perf.
3,3,92.0,98.0,16.0,3.00,Strong Perf.
3,3,92.0,98.0,16.0,3.00,Strong Perf.
4,4,92.0,98.0,16.0,3.00,Strong Perf.
4,4,92.0,98.0,16.0,3.00,Strong Perf.
4,4,92.0,98.0,16.0,3.00,Strong Perf.
9,7,92.0,98.0,16.0,3.00,Strong Perf.
20,12,92.0,98.0,16.0,3.00,Strong Perf.
39,21,92.0,98.0,16.0,3.00,Strong Perf.
77,40,92.0,98.0,16.0,3.00,Strong Perf.
90,46,92.0,98.0,16.0,3.00,Strong Perf.
83,43,92.0,98.0,16.0,3.00,Strong Perf.
63,34,92.0,98.0,16.0,3.00,Strong Perf.
45,25,92.0,98.0,16.0,3.00,Strong Perf.
31,18,92.0,98.0,16.0,3.00,Strong Perf.
11,9,92.0,98.0,16.0,3.00,Strong Perf.
25,16,92.0,98.0,16.0,3.00,Strong Perf.
49,27,92.0,98.0,16.0,3.00,Strong Perf.
56,31,92.0,98.0,16.0,3.00,Strong Perf.
57,31,92.0,98.0,16.0,3.00,Strong Perf.
55,30,92.0,98.0,16.0,3.00,Strong Perf.
49,27,92.0,98.0,16.0,3.00,Strong Perf.
41,24,92.0,98.0,16.0,3.00,Strong Perf.
33,20,92.0,98.0,16.0,3.00,Strong Perf.
25,16,92.0,98.0,16.0,3.00,Strong Perf.
19,13,92.0,98.0,16.0,3.00,Strong Perf.
14,11,92.0,98.0,16.0,3.00,Strong Perf.
12,10,92.0,98.0,16.0,3.00,Strong Perf.
10,9,92.0,98.0,16.0,3.00,Strong Perf.
9,9,92.0,98.0,16.0,3.00,Strong Perf.
9,9,92.0,98.0,16.0,3.00,Strong Perf.
9,9,92.0,98.0,16.0,3.00,Strong Perf.
9,9,92.0,98.0,16.0,3.00,Strong Perf.
9,9,92.0,98.0,16.0,3.00,Strong Perf.
9,9,92.0,98.0,16.0,3.00,Strong Perf.
9,9,92.0,98.0,16.0,3.00,Strong Perf.
9,9,92.0,98.0,16.0,3.00,Strong Perf.
9,9,92.0,98.0,16.0,3.00,Strong Perf.
9,9,92.0,98.0,16.0,3.00,Strong Perf.
9,9,92.0,98.0,16.0,3.00,Strong Perf.
11,10,92.0,98.0,16.0,3.00,Strong Perf.
17,12,92.0,98.0,16.0,3.00,Strong Perf.
32,20,92.0,98.0,16.0,3.00,Strong Perf.
56,31,92.0,98.0,16.0,3.00,Strong Perf.
87,46,92.0,98.0,16.0,3.00,Strong Perf.
85,45,92.0,98.0,16.0,3.00,Strong Perf.
66,36,92.0,98.0,16.0,3.00,Strong Perf.
46,26,92.0,98.0,16.0,3.00,Strong Perf.
32,19,92.0,98.0,16.0,3.00,Strong Perf.
12,10,92.0,98.0,16.0,3.00,Strong Perf.
25,16,92.0,98.0,16.0,3.00,Strong Perf.
46,26,92.0,98.0,16.0,3.00,Strong Perf.
51,28,92.0,98.0,16.0,3.00,Strong Perf.
51,28,92.0,98.0,16.0,3.00,Strong Perf.
47,26,92.0,98.0,16.0,3.00,Strong Perf.
41,23,92.0,98.0,16.0,3.00,Strong Perf.
32,19,92.0,98.0,16.0,3.00,Strong Perf.
24,15,92.0,98.0,16.0,3.00,Strong Perf.
17,11,92.0,98.0,16.0,3.00,Strong Perf.
12,9,92.0,98.0,16.0,3.00,Strong Perf.
9,7,92.0,98.0,16.0,3.00,Strong Perf.
7,6,92.0,98.0,16.0,3.00,Strong Perf.
5,5,92.0,98.0,16.0,3.00,Strong Perf.
5,4,92.0,98.0,16.0,3.00,Strong Perf.
4,4,92.0,98.0,16.0,3.00,Strong Perf.
4,4,92.0,98.0,16.0,3.00,Strong Perf.
3,3,92.0,98.0,16.0,3.00,Strong Perf.
3,3,92.0,98.0,16.0,3.00,Strong Perf.
3,3,92.0,98.0,16.0,3.00,Strong Perf.
3,3,92.0,98.0,16.0,3.00,Strong Perf.
2,2,92.0,98.0,16.0,3.00,Strong Perf.
2,2,92.0,98.0,16.0,3.00,Strong Perf.
2,2,92.0,98.0,16.0,3.00,Strong Perf.
4,3,92.0,98.0,16.0,3.00,Strong Perf.
12,6,92.0,98.0,16.0,3.00,Strong Perf.
27,13,92.0,98.0,16.0,3.00,Strong Perf.
48,23,92.0,98.0,16.0,3.00,Strong Perf.
62,30,92.0,98.0,16.0,3.00,Strong Perf.
59,28,92.0,98.0,16.0,3.00,Strong Perf.
43,20,92.0,98.0,16.0,3.00,Strong Perf.
27,12,92.0,98.0,16.0,3.00,Strong Perf.
15,7,92.0,98.0,16.0,3.00,Strong Perf.
5,2,92.0,98.0,16.0,3.00,Strong Perf.
26,11,92.0,98.0,16.0,3.00,Strong Perf.
31,14,92.0,98.0,16.0,3.00,Strong Perf.
32,14,92.0,98.0,16.0,3.00,Strong Perf.
29,12,92.0,98.0,16.0,3.00,Strong Perf.
24,9,92.0,98.0,16.0,3.00,Strong Perf.
17,6,92.0,98.0,16.0,3.00,Strong Perf.
10,3,92.0,98.0,16.0,3.00,Strong Perf.
5,0,92.0,98.0,16.0,3.00,Strong Perf.
0,-1,92.0,98.0,16.0,3.00,Strong Perf.
-1,-3,92.0,98.0,16.0,3.00,Strong Perf.
-3,-4,92.0,98.0,16.0,3.00,Strong Perf.
-4,-4,92.0,98.0,16.0,3.00,Strong Perf.
-5,-5,92.0,98.0,16.0,3.00,Strong Perf.
-5,-5,92.0,98.0,16.0,3.00,Strong Perf.
-6,-6,92.0,98.0,16.0,3.00,Strong Perf.
-6,-6,92.0,98.0,16.0,3.00,Strong Perf.
-6,-6,92.0,98.0,16.0,3.00,Strong Perf.
-6,-6,92.0,98.0,16.0,3.00,Strong Perf.
-7,-7,92.0,98.0,16.0,3.00,Strong Perf.
-7,-7,92.0,98.0,16.0,3.00,Strong Perf.
-7,-7,92.0,98.0,16.0,3.00,Strong Perf.
-7,-7,92.0,98.0,16.0,3.00,Strong Perf.
-3,-5,92.0,98.0,16.0,3.00,Strong Perf.
6,-1,92.0,98.0,16.0,3.00,Strong Perf.
23,6,92.0,98.0,16.0,3.00,Strong Perf.
39,14,92.0,98.0,16.0,3.00,Strong Perf.
42,15,92.0,98.0,16.0,3.00,Strong Perf.
30,9,92.0,98.0,16.0,3.00,Strong Perf.
15,2,92.0,98.0,16.0,3.00,Strong Perf.
5,-2,92.0,98.0,16.0,3.00,Strong Perf.
-7,-8,92.0,98.0,16.0,3.00,Strong Perf.
7,-1,92.0,98.0,16.0,3.00,Strong Perf.
18,3,92.0,98.0,16.0,3.00,Strong Perf.
20,4,92.0,98.0,16.0,3.00,Strong Perf.
19,4,92.0,98.0,16.0,3.00,Strong Perf.
15,2,92.0,98.0,16.0,3.00,Strong Perf.
9,0,92.0,98.0,16.0,3.00,Strong Perf.
3,-3,92.0,98.0,16.0,3.00,Strong Perf.
-1,-6,92.0,98.0,16.0,3.00,Strong Perf.
-5,-7,92.0,98.0,16.0,3.00,Strong Perf.
-8,-9,92.0,98.0,16.0,3.00,Strong Perf.
-9,-9,92.0,98.0,16.0,3.00,Strong Perf.
-9,-9,92.0,98.0,16.0,3.00,Strong Perf.
-9,-10,92.0,98.0,16.0,3.00,Strong Perf.
-9,-10,92.0,98.0,16.0,3.00,Strong Perf.
-9,-9,92.0,98.0,16.0,3.00,Strong Perf.
-9,-9,92.0,98.0,16.0,3.00,Strong Perf.
-9,-9,92.0,98.0,16.0,3.00,Strong Perf.
-9,-9,92.0,98.0,16.0,3.00,Strong Perf.
-9,-9,92.0,98.0,16.0,3.00,Strong Perf.
-9,-9,92.0,98.0,16.0,3.00,Strong Perf.
-7,-8,92.0,98.0,16.0,3.00,Strong Perf.
-1,-5,92.0,98.0,16.0,3.00,Strong Perf.
10,0,92.0,98.0,16.0,3.00,Strong Perf.
29,9,92.0,98.0,16.0,3.00,Strong Perf.
45,17,92.0,98.0,16.0,3.00,Strong Perf.
47,18,92.0,98.0,16.0,3.00,Strong Perf.
35,12,92.0,98.0,16.0,3.00,Strong Perf.
20,5,92.0,98.0,16.0,3.00,Strong Perf.
10,0,92.0,98.0,16.0,3.00,Strong Perf.
-4,-6,92.0,98.0,16.0,3.00,Strong Perf.
5,-1,92.0,98.0,16.0,3.00,Strong Perf.
23,7,92.0,98.0,16.0,3.00,Strong Perf.
27,9,92.0,98.0,16.0,3.00,Strong Perf.
28,10,92.0,98.0,16.0,3.00,Strong Perf.
26,9,92.0,98.0,16.0,3.00,Strong Perf.
21,6,92.0,98.0,16.0,3.00,Strong Perf.
14,4,92.0,98.0,16.0,3.00,Strong Perf.
8,1,92.0,98.0,16.0,3.00,Strong Perf.
3,-1,92.0,98.0,16.0,3.00,Strong Perf.
0,-2,92.0,98.0,16.0,3.00,Strong Perf.
-2,-3,92.0,98.0,16.0,3.00,Strong Perf.
-3,-3,92.0,98.0,16.0,3.00,Strong Perf.
-3,-3,92.0,98.0,16.0,3.00,Strong Perf.
-3,-3,92.0,98.0,16.0,3.00,Strong Perf.
-3,-3,92.0,98.0,16.0,3.00,Strong Perf.
-3,-3,92.0,98.0,16.0,3.00,Strong Perf.
-2,-2,92.0,98.0,16.0,3.00,Strong Perf.
-2,-2,92.0,98.0,16.0,3.00,Strong Perf.
-2,-2,92.0,98.0,16.0,3.00,Strong Perf.
-1,-1,92.0,98.0,16.0,3.00,Strong Perf.
-1,-1,92.0,98.0,16.0,3.00,Strong Perf.
0,0,92.0,98.0,16.0,3.00,Strong Perf.
3,1,92.0,98.0,16.0,3.00,Strong Perf.
12,6,92.0,98.0,16.0,3.00,Strong Perf.
31,15,92.0,98.0,16.0,3.00,Strong Perf.
55,26,92.0,98.0,16.0,3.00,Strong Perf.
73,35,92.0,98.0,16.0,3.00,Strong Perf.
72,35,92.0,98.0,16.0,3.00,Strong Perf.
56,27,92.0,98.0,16.0,3.00,Strong Perf.
38,19,92.0,98.0,16.0,3.00,Strong Perf.
25,13,92.0,98.0,16.0,3.00,Strong Perf.
6,4,92.0,98.0,16.0,3.00,Strong Perf.
21,11,92.0,98.0,16.0,3.00,Strong Perf.
42,22,92.0,98.0,16.0,3.00,Strong Perf.
48,25,92.0,98.0,16.0,3.00,Strong Perf.
49,26,92.0,98.0,16.0,3.00,Strong Perf.
46,24,92.0,98.0,16.0,3.00,Strong Perf.
40,22,92.0,98.0,16.0,3.00,Strong Perf.
32,18,92.0,98.0,16.0,3.00,Strong Perf.
24,14,92.0,98.0,16.0,3.00,Strong Perf.
18,11,92.0,98.0,16.0,3.00,Strong Perf.
13,9,92.0,98.0,16.0,3.00,Strong Perf.
10,8,92.0,98.0,16.0,3.00,Strong Perf.
8,7,92.0,98.0,16.0,3.00,Strong Perf.
7,7,92.0,98.0,16.0,3.00,Strong Perf.
7,7,92.0,98.0,16.0,3.00,Strong Perf.
7,7,92.0,98.0,16.0,3.00,Strong Perf.
7,7,92.0,98.0,16.0,3.00,Strong Perf.
8,8,92.0,98.0,16.0,3.00,Strong Perf.
8,8,92.0,98.0,16.0,3.00,Strong Perf.
8,8,92.0,98.0,16.0,3.00,Strong Perf.
8,8,92.0,98.0,16.0,3.00,Strong Perf.
8,8,92.0,98.0,16.0,3.00,Strong Perf.
9,9,92.0,98.0,16.0,3.00,Strong Perf.
9,9,92.0,98.0,16.0,3.00,Strong Perf.
14,11,92.0,98.0,16.0,3.00,Strong Perf.
23,16,92.0,98.0,16.0,3.00,Strong Perf.
43,25,92.0,98.0,16.0,3.00,Strong Perf.
69,38,92.0,98.0,16.0,3.00,Strong Perf.
91,48,92.0,98.0,16.0,3.00,Strong Perf.
88,48,92.0,98.0,16.0,3.00,Strong Perf.
68,38,92.0,98.0,16.0,3.00,Strong Perf.
48,28,92.0,98.0,16.0,3.00,Strong Perf.
34,22,92.0,98.0,16.0,3.00,Strong Perf.
14,12,92.0,98.0,16.0,3.00,Strong Perf.
31,20,92.0,98.0,16.0,3.00,Strong Perf.
53,31,92.0,98.0,16.0,3.00,Strong Perf.
59,34,92.0,98.0,16.0,3.00,Strong Perf.
60,34,92.0,98.0,16.0,3.00,Strong Perf.
57,33,92.0,98.0,16.0,3.00,Strong Perf.
50,30,92.0,98.0,16.0,3.00,Strong Perf.
42,26,92.0,98.0,16.0,3.00,Strong Perf.
33,21,92.0,98.0,16.0,3.00,Strong Perf.
26,18,92.0,98.0,16.0,3.00,Strong Perf.
20,15,92.0,98.0,16.0,3.00,Strong Perf.
15,13,92.0,98.0,16.0,3.00,Strong Perf.
13,11,92.0,98.0,16.0,3.00,Strong Perf.
11,10,92.0,98.0,16.0,3.00,Strong Perf.
10,10,92.0,98.0,16.0,3.00,Strong Perf.
10,10,92.0,98.0,16.0,3.00,Strong Perf.
9,9,92.0,98.0,16.0,3.00,Strong Perf.
9,9,92.0,98.0,16.0,3.00,Strong Perf.
9,9,92.0,98.0,16.0,3.00,Strong Perf.
9,9,92.0,98.0,16.0,3.00,Strong Perf.
9,9,92.0,98.0,16.0,3.00,Strong Perf.
9,9,92.0,98.0,16.0,3.00,Strong Perf.
8,8,92.0,98.0,16.0,3.00,Strong Perf.
8,8,92.0,98.0,16.0,3.00,Strong Perf.
8,8,92.0,98.0,16.0,3.00,Strong Perf.
11,9,92.0,98.0,16.0,3.00,Strong Perf.
19,13,92.0,98.0,16.0,3.00,Strong Perf.
36,21,92.0,98.0,16.0,3.00,Strong Perf.
70,37,92.0,98.0,16.0,3.00,Strong Perf.
83,43,92.0,98.0,16.0,3.00,Strong Perf.
77,40,92.0,98.0,16.0,3.00,Strong Perf.
58,31,92.0,98.0,16.0,3.00,Strong Perf.
40,22,92.0,98.0,16.0,3.00,Strong Perf.
27,16,92.0,98.0,16.0,3.00,Strong Perf.
9,7,92.0,98.0,16.0,3.00,Strong Perf.
21,13,92.0,98.0,16.0,3.00,Strong Perf.
41,22,92.0,98.0,16.0,3.00,Strong Perf.
45,24,92.0,98.0,16.0,3.00,Strong Perf.
46,24,92.0,98.0,16.0,3.00,Strong Perf.
42,22,92.0,98.0,16.0,3.00,Strong Perf.
36,19,92.0,98.0,16.0,3.00,Strong Perf.
29,15,92.0,98.0,16.0,3.00,Strong Perf.
21,11,92.0,98.0,16.0,3.00,Strong Perf.
14,8,92.0,98.0,16.0,3.00,Strong Perf.
9,5,92.0,98.0,16.0,3.00,Strong Perf.
5,3,92.0,98.0,16.0,3.00,Strong Perf.
3,2,92.0,98.0,16.0,3.00,Strong Perf.
1,1,92.0,98.0,16.0,3.00,Strong Perf.
0,0,92.0,98.0,16.0,3.00,Strong Perf.
0,0,92.0,98.0,16.0,3.00,Strong Perf.
0,0,92.0,98.0,16.0,3.00,Strong Perf.
0,0,92.0,98.0,16.0,3.00,Strong Perf.
-1,-1,92.0,98.0,16.0,3.00,Strong Perf.
-1,-1,92.0,98.0,16.0,3.00,Strong Perf.
-2,-2,92.0,98.0,16.0,3.00,Strong Perf.
-2,-2,92.0,98.0,16.0,3.00,Strong Perf.
-2,-2,92.0,98.0,16.0,3.00,Strong Perf.
-3,-3,92.0,98.0,16.0,3.00,Strong Perf.
-3,-3,92.0,98.0,16.0,3.00,Strong Perf.
0,-2,92.0,98.0,16.0,3.00,Strong Perf.
16,5,92.0,98.0,16.0,3.00,Strong Perf.
36,15,92.0,98.0,16.0,3.00,Strong Perf.
52,22,92.0,98.0,16.0,3.00,Strong Perf.
49,21,92.0,98.0,16.0,3.00,Strong Perf.
33,13,92.0,98.0,16.0,3.00,Strong Perf.
18,5,92.0,98.0,16.0,3.00,Strong Perf.
5,0,92.0,98.0,16.0,3.00,Strong Perf.
-3,-5,92.0,98.0,16.0,3.00,Strong Perf.
17,4,92.0,98.0,16.0,3.00,Strong Perf.
24,7,92.0,98.0,16.0,3.00,Strong Perf.
24,7,92.0,98.0,16.0,3.00,Strong Perf.
21,6,92.0,98.0,16.0,3.00,Strong Perf.
16,3,92.0,98.0,16.0,3.00,Strong Perf.
9,0,92.0,98.0,16.0,3.00,Strong Perf.
3,-2,92.0,98.0,16.0,3.00,Strong Perf.
-1,-5,92.0,98.0,16.0,3.00,Strong Perf.
-5,-7,92.0,98.0,16.0,3.00,Strong Perf.
-7,-8,92.0,98.0,16.0,3.00,Strong Perf.
-8,-9,92.0,98.0,16.0,3.00,Strong Perf.
-9,-9,92.0,98.0,16.0,3.00,Strong Perf.
-9,-9,92.0,98.0,16.0,3.00,Strong Perf.
-10,-10,92.0,98.0,16.0,3.00,Strong Perf.
-10,-10,92.0,98.0,16.0,3.00,Strong Perf.
-10,-10,92.0,98.0,16.0,3.00,Strong Perf.
-10,-10,92.0,98.0,16.0,3.00,Strong Perf.
-10,-10,92.0,98.0,16.0,3.00,Strong Perf.
-10,-10,92.0,98.0,16.0,3.00,Strong Perf.
-10,-10,92.0,98.0,16.0,3.00,Strong Perf.
-9,-10,92.0,98.0,16.0,3.00,Strong Perf.
-4,-7,92.0,98.0,16.0,3.00,Strong Perf.
7,-2,92.0,98.0,16.0,3.00,Strong Perf.
24,5,92.0,98.0,16.0,3.00,Strong Perf.
38,12,92.0,98.0,16.0,3.00,Strong Perf.
38,12,92.0,98.0,16.0,3.00,Strong Perf.
26,6,92.0,98.0,16.0,3.00,Strong Perf.
12,0,92.0,98.0,16.0,3.00,Strong Perf.
3,-4,92.0,98.0,16.0,3.00,Strong Perf.
-9,-10,92.0,98.0,16.0,3.00,Strong Perf.
5,-3,92.0,98.0,16.0,3.00,Strong Perf.
18,3,92.0,98.0,16.0,3.00,Strong Perf.
19,3,92.0,98.0,16.0,3.00,Strong Perf.
17,2,92.0,98.0,16.0,3.00,Strong Perf.
13,0,92.0,98.0,16.0,3.00,Strong Perf.
7,-1,92.0,98.0,16.0,3.00,Strong Perf.
2,-4,92.0,98.0,16.0,3.00,Strong Perf.
-2,-6,92.0,98.0,16.0,3.00,Strong Perf.
-5,-7,92.0,98.0,16.0,3.00,Strong Perf.
-7,-8,92.0,98.0,16.0,3.00,Strong Perf.
-8,-9,92.0,98.0,16.0,3.00,Strong Perf.
-8,-9,92.0,98.0,16.0,3.00,Strong Perf.
-8,-9,92.0,98.0,16.0,3.00,Strong Perf.
-8,-8,92.0,98.0,16.0,3.00,Strong Perf.
-8,-8,92.0,98.0,16.0,3.00,Strong Perf.
-8,-8,92.0,98.0,16.0,3.00,Strong Perf.
-8,-8,92.0,98.0,16.0,3.00,Strong Perf.
-7,-7,92.0,98.0,16.0,3.00,Strong Perf.
-7,-7,92.0,98.0,16.0,3.00,Strong Perf.
-7,-7,92.0,98.0,16.0,3.00,Strong Perf.
-7,-7,92.0,98.0,16.0,3.00,Strong Perf.
-3,-5,92.0,98.0,16.0,3.00,Strong Perf.
3,-1,92.0,98.0,16.0,3.00,Strong Perf.
19,6,92.0,98.0,16.0,3.00,Strong Perf.
41,16,92.0,98.0,16.0,3.00,Strong Perf.
54,23,92.0,98.0,16.0,3.00,Strong Perf.
50,21,92.0,98.0,16.0,3.00,Strong Perf.
34,13,92.0,98.0,16.0,3.00,Strong Perf.
20,7,92.0,98.0,16.0,3.00,Strong Perf.
7,1,92.0,98.0,16.0,3.00,Strong Perf.
1,-1,92.0,98.0,16.0,3.00,Strong Perf.
25,10,92.0,98.0,16.0,3.00,Strong Perf.
33,14,92.0,98.0,16.0,3.00,Strong Perf.
35,15,92.0,98.0,16.0,3.00,Strong Perf.
33,14,92.0,98.0,16.0,3.00,Strong Perf.
28,12,92.0,98.0,16.0,3.00,Strong Perf.
21,9,92.0,98.0,16.0,3.00,Strong Perf.
14,6,92.0,98.0,16.0,3.00,Strong Perf.
6,2,92.0,98.0,16.0,3.00,Strong Perf.
3,1,92.0,98.0,16.0,3.00,Strong Perf.
2,1,92.0,98.0,16.0,3.00,Strong Perf.
1,1,92.0,98.0,16.0,3.00,Strong Perf.
1,1,92.0,98.0,16.0,3.00,Strong Perf.
1,1,92.0,98.0,16.0,3.00,Strong Perf.
1,1,92.0,98.0,16.0,3.00,Strong Perf.
2,2,92.0,98.0,16.0,3.00,Strong Perf.
2,2,92.0,98.0,16.0,3.00,Strong Perf.
3,3,92.0,98.0,16.0,3.00,Strong Perf.
3,3,92.0,98.0,16.0,3.00,Strong Perf.
3,3,92.0,98.0,16.0,3.00,Strong Perf.
4,4,92.0,98.0,16.0,3.00,Strong Perf.
7,5,92.0,98.0,16.0,3.00,Strong Perf.
15,9,92.0,98.0,16.0,3.00,Strong Perf.
32,18,92.0,98.0,16.0,3.00,Strong Perf.
57,30,92.0,98.0,16.0,3.00,Strong Perf.
79,41,92.0,98.0,16.0,3.00,Strong Perf.
82,42,92.0,98.0,16.0,3.00,Strong Perf.
67,35,92.0,98.0,16.0,3.00,Strong Perf.
47,26,92.0,98.0,16.0,3.00,Strong Perf.
33,19,92.0,98.0,16.0,3.00,Strong Perf.
14,10,92.0,98.0,16.0,3.00,Strong Perf.
22,14,92.0,98.0,16.0,3.00,Strong Perf.
47,26,92.0,98.0,16.0,3.00,Strong Perf.
54,30,92.0,98.0,16.0,3.00,Strong Perf.
55,31,92.0,98.0,16.0,3.00,Strong Perf.
53,30,92.0,98.0,16.0,3.00,Strong Perf.
46,27,92.0,98.0,16.0,3.00,Strong Perf.
38,23,92.0,98.0,16.0,3.00,Strong Perf.
30,19,92.0,98.0,16.0,3.00,Strong Perf.
20,14,92.0,98.0,16.0,3.00,Strong Perf.
15,12,92.0,98.0,16.0,3.00,Strong Perf.
13,11,92.0,98.0,16.0,3.00,Strong Perf.
11,10,92.0,98.0,16.0,3.00,Strong Perf.
10,10,92.0,98.0,16.0,3.00,Strong Perf.
10,10,92.0,98.0,16.0,3.00,Strong Perf.
10,10,92.0,98.0,16.0,3.00,Strong Perf.
10,10,92.0,98.0,16.0,3.00,Strong Perf.
10,10,92.0,98.0,16.0,3.00,Strong Perf.
10,10,92.0,98.0,16.0,3.00,Strong Perf.
10,10,92.0,98.0,16.0,3.00,Strong Perf.
11,11,92.0,98.0,16.0,3.00,Strong Perf.
11,11,92.0,98.0,16.0,3.00,Strong Perf.
11,11,92.0,98.0,16.0,3.00,Strong Perf.
13,12,92.0,98.0,16.0,3.00,Strong Perf.
19,15,92.0,98.0,16.0,3.00,Strong Perf.
34,22,92.0,98.0,16.0,3.00,Strong Perf.
58,33,92.0,98.0,16.0,3.00,Strong Perf.
83,45,92.0,98.0,16.0,3.00,Strong Perf.
96,52,92.0,98.0,16.0,3.00,Strong Perf.
88,48,92.0,98.0,16.0,3.00,Strong Perf.
67,38,92.0,98.0,16.0,3.00,Strong Perf.
48,28,92.0,98.0,16.0,3.00,Strong Perf.
33,21,92.0,98.0,16.0,3.00,Strong Perf.
13,12,92.0,98.0,16.0,3.00,Strong Perf.
32,21,92.0,98.0,16.0,3.00,Strong Perf.
53,30,92.0,98.0,16.0,3.00,Strong Perf.
58,33,92.0,98.0,16.0,3.00,Strong Perf.
59,33,92.0,98.0,16.0,3.00,Strong Perf.
55,31,92.0,98.0,16.0,3.00,Strong Perf.
48,28,92.0,98.0,16.0,3.00,Strong Perf.
39,24,92.0,98.0,16.0,3.00,Strong Perf.
31,19,92.0,98.0,16.0,3.00,Strong Perf.
23,15,92.0,98.0,16.0,3.00,Strong Perf.
17,12,92.0,98.0,16.0,3.00,Strong Perf.
13,10,92.0,98.0,16.0,3.00,Strong Perf.
10,9,92.0,98.0,16.0,3.00,Strong Perf.
9,8,92.0,98.0,16.0,3.00,Strong Perf.
8,7,92.0,98.0,16.0,3.00,Strong Perf.
7,7,92.0,98.0,16.0,3.00,Strong Perf.
7,7,92.0,98.0,16.0,3.00,Strong Perf.
6,6,92.0,98.0,16.0,3.00,Strong Perf.
6,6,92.0,98.0,16.0,3.00,Strong Perf.
6,6,92.0,98.0,16.0,3.00,Strong Perf.
5,5,92.0,98.0,16.0,3.00,Strong Perf.
5,5,92.0,98.0,16.0,3.00,Strong Perf.
5,5,92.0,98.0,16.0,3.00,Strong Perf.
4,4,92.0,98.0,16.0,3.00,Strong Perf.
6,5,92.0,98.0,16.0,3.00,Strong Perf.
11,7,92.0,98.0,16.0,3.00,Strong Perf.
25,14,92.0,98.0,16.0,3.00,Strong Perf.
48,24,92.0,98.0,16.0,3.00,Strong Perf.
69,34,92.0,98.0,16.0,3.00,Strong Perf.
76,37,92.0,98.0,16.0,3.00,Strong Perf.
63,31,92.0,98.0,16.0,3.00,Strong Perf.
43,21,92.0,98.0,16.0,3.00,Strong Perf.
28,14,92.0,98.0,16.0,3.00,Strong Perf.
11,5,92.0,98.0,16.0,3.00,Strong Perf.
7,3,92.0,98.0,16.0,3.00,Strong Perf.
31,15,92.0,98.0,16.0,3.00,Strong Perf.
38,18,92.0,98.0,16.0,3.00,Strong Perf.
39,18,92.0,98.0,16.0,3.00,Strong Perf.
37,17,92.0,98.0,16.0,3.00,Strong Perf.
31,14,92.0,98.0,16.0,3.00,Strong Perf.
24,10,92.0,98.0,16.0,3.00,Strong Perf.
16,6,92.0,98.0,16.0,3.00,Strong Perf.
9,3,92.0,98.0,16.0,3.00,Strong Perf.
4,0,92.0,98.0,16.0,3.00,Strong Perf.
0,-1,92.0,98.0,16.0,3.00,Strong Perf.
-1,-2,92.0,98.0,16.0,3.00,Strong Perf.
-3,-3,92.0,98.0,16.0,3.00,Strong Perf.
-4,-4,92.0,98.0,16.0,3.00,Strong Perf.
-4,-4,92.0,98.0,16.0,3.00,Strong Perf.
-5,-5,92.0,98.0,16.0,3.00,Strong Perf.
-5,-5,92.0,98.0,16.0,3.00,Strong Perf.
-5,-5,92.0,98.0,16.0,3.00,Strong Perf.
-6,-6,92.0,98.0,16.0,3.00,Strong Perf.
-6,-6,92.0,98.0,16.0,3.00,Strong Perf.
-6,-6,92.0,98.0,16.0,3.00,Strong Perf.
-7,-7,92.0,98.0,16.0,3.00,Strong Perf.
-7,-7,92.0,98.0,16.0,3.00,Strong Perf.
-5,-6,92.0,98.0,16.0,3.00,Strong Perf.
0,-3,92.0,98.0,16.0,3.00,Strong Perf.
14,2,92.0,98.0,16.0,3.00,Strong Perf.
33,11,92.0,98.0,16.0,3.00,Strong Perf.
47,18,92.0,98.0,16.0,3.00,Strong Perf.
44,16,92.0,98.0,16.0,3.00,Strong Perf.
29,9,92.0,98.0,16.0,3.00,Strong Perf.
14,2,92.0,98.0,16.0,3.00,Strong Perf.
3,-3,92.0,98.0,16.0,3.00,Strong Perf.
-7,-8,92.0,98.0,16.0,3.00,Strong Perf.
17,3,92.0,98.0,16.0,3.00,Strong Perf.
21,5,92.0,98.0,16.0,3.00,Strong Perf.
21,4,92.0,98.0,16.0,3.00,Strong Perf.
17,3,92.0,98.0,16.0,3.00,Strong Perf.
12,0,92.0,98.0,16.0,3.00,Strong Perf.
6,-2,92.0,98.0,16.0,3.00,Strong Perf.
0,-5,92.0,98.0,16.0,3.00,Strong Perf.
-4,-7,92.0,98.0,16.0,3.00,Strong Perf.
-7,-9,92.0,98.0,16.0,3.00,Strong Perf.
-9,-9,92.0,98.0,16.0,3.00,Strong Perf.
-10,-10,92.0,98.0,16.0,3.00,Strong Perf.
-10,-10,92.0,98.0,16.0,3.00,Strong Perf.
-10,-10,92.0,98.0,16.0,3.00,Strong Perf.
-10,-10,92.0,98.0,16.0,3.00,Strong Perf.
-10,-10,92.0,98.0,16.0,3.00,Strong Perf.
-10,-10,92.0,98.0,16.0,3.00,Strong Perf.
-10,-10,92.0,98.0,16.0,3.00,Strong Perf.
-10,-10,92.0,98.0,16.0,3.00,Strong Perf.
-10,-10,92.0,98.0,16.0,3.00,Strong Perf.
-10,-10,92.0,98.0,16.0,3.00,Strong Perf.
-10,-10,92.0,98.0,16.0,3.00,Strong Perf.
-5,-8,92.0,98.0,16.0,3.00,Strong Perf.
3,-3,92.0,98.0,16.0,3.00,Strong Perf.
20,4,92.0,98.0,16.0,3.00,Strong Perf.
37,12,92.0,98.0,16.0,3.00,Strong Perf.
41,14,92.0,98.0,16.0,3.00,Strong Perf.
31,10,92.0,98.0,16.0,3.00,Strong Perf.
16,3,92.0,98.0,16.0,3.00,Strong Perf.
7,-1,92.0,98.0,16.0,3.00,Strong Perf.
-6,-7,92.0,98.0,16.0,3.00,Strong Perf.
6,-1,92.0,98.0,16.0,3.00,Strong Perf.
21,5,92.0,98.0,16.0,3.00,Strong Perf.
22,6,92.0,98.0,16.0,3.00,Strong Perf.
21,5,92.0,98.0,16.0,3.00,Strong Perf.
16,3,92.0,98.0,16.0,3.00,Strong Perf.
10,1,92.0,98.0,16.0,3.00,Strong Perf.
5,-1,92.0,98.0,16.0,3.00,Strong Perf.
0,-3,92.0,98.0,16.0,3.00,Strong Perf.
-2,-4,92.0,98.0,16.0,3.00,Strong Perf.
-4,-5,92.0,98.0,16.0,3.00,Strong Perf.
-5,-5,92.0,98.0,16.0,3.00,Strong Perf.
-5,-5,92.0,98.0,16.0,3.00,Strong Perf.
-5,-5,92.0,98.0,16.0,3.00,Strong Perf.
-4,-4,92.0,98.0,16.0,3.00,Strong Perf.
-4,-4,92.0,98.0,16.0,3.00,Strong Perf.
-4,-4,92.0,98.0,16.0,3.00,Strong Perf.
-3,-3,92.0,98.0,16.0,3.00,Strong Perf.
-3,-3,92.0,98.0,16.0,3.00,Strong Perf.
-3,-3,92.0,98.0,16.0,3.00,Strong Perf.
-2,-2,92.0,98.0,16.0,3.00,Strong Perf.
0,-1,92.0,98.0,16.0,3.00,Strong Perf.
7,2,92.0,98.0,16.0,3.00,Strong Perf.
22,10,92.0,98.0,16.0,3.00,Strong Perf.
44,20,92.0,98.0,16.0,3.00,Strong Perf.
60,28,92.0,98.0,16.0,3.00,Strong Perf.
60,28,92.0,98.0,16.0,3.00,Strong Perf.
46,21,92.0,98.0,16.0,3.00,Strong Perf.
30,14,92.0,98.0,16.0,3.00,Strong Perf.
19,9,92.0,98.0,16.0,3.00,Strong Perf.
3,2,92.0,98.0,16.0,3.00,Strong Perf.
19,10,92.0,98.0,16.0,3.00,Strong Perf.
36,18,92.0,98.0,16.0,3.00,Strong Perf.
40,20,92.0,98.0,16.0,3.00,Strong Perf.
41,21,92.0,98.0,16.0,3.00,Strong Perf.
38,19,92.0,98.0,16.0,3.00,Strong Perf.
32,17,92.0,98.0,16.0,3.00,Strong Perf.
25,13,92.0,98.0,16.0,3.00,Strong Perf.
18,10,92.0,98.0,16.0,3.00,Strong Perf.
13,8,92.0,98.0,16.0,3.00,Strong Perf.
9,6,92.0,98.0,16.0,3.00,Strong Perf.
7,5,92.0,98.0,16.0,3.00,Strong Perf.
6,5,92.0,98.0,16.0,3.00,Strong Perf.
5,5,92.0,98.0,16.0,3.00,Strong Perf.
5,5,92.0,98.0,16.0,3.00,Strong Perf.
5,5,92.0,98.0,16.0,3.00,Strong Perf.
6,6,92.0,98.0,16.0,3.00,Strong Perf.
6,6,92.0,98.0,16.0,3.00,Strong Perf.
6,6,92.0,98.0,16.0,3.00,Strong Perf.
7,7,92.0,98.0,16.0,3.00,Strong Perf.
7,7,92.0,98.0,16.0,3.00,Strong Perf.
7,7,92.0,98.0,16.0,3.00,Strong Perf.
7,7,92.0,98.0,16.0,3.00,Strong Perf.
13,10,92.0,98.0,16.0,3.00,Strong Perf.
24,16,92.0,98.0,16.0,3.00,Strong Perf.
45,26,92.0,98.0,16.0,3.00,Strong Perf.
71,39,92.0,98.0,16.0,3.00,Strong Perf.
88,47,92.0,98.0,16.0,3.00,Strong Perf.
83,44,92.0,98.0,16.0,3.00,Strong Perf.
64,35,92.0,98.0,16.0,3.00,Strong Perf.
45,26,92.0,98.0,16.0,3.00,Strong Perf.
30,19,92.0,98.0,16.0,3.00,Strong Perf.
12,10,92.0,98.0,16.0,3.00,Strong Perf.
35,22,92.0,98.0,16.0,3.00,Strong Perf.
53,30,92.0,98.0,16.0,3.00,Strong Perf.
58,33,92.0,98.0,16.0,3.00,Strong Perf.
57,32,92.0,98.0,16.0,3.00,Strong Perf.
53,30,92.0,98.0,16.0,3.00,Strong Perf.
45,27,92.0,98.0,16.0,3.00,Strong Perf.
37,23,92.0,98.0,16.0,3.00,Strong Perf.
28,18,92.0,98.0,16.0,3.00,Strong Perf.
21,15,92.0,98.0,16.0,3.00,Strong Perf.
16,13,92.0,98.0,16.0,3.00,Strong Perf.
13,11,92.0,98.0,16.0,3.00,Strong Perf.
11,10,92.0,98.0,16.0,3.00,Strong Perf.
10,10,92.0,98.0,16.0,3.00,Strong Perf.
10,10,92.0,98.0,16.0,3.00,Strong Perf.
10,9,92.0,98.0,16.0,3.00,Strong Perf.
9,9,92.0,98.0,16.0,3.00,Strong Perf.
9,9,92.0,98.0,16.0,3.00,Strong Perf.
9,9,92.0,98.0,16.0,3.00,Strong Perf.
9,9,92.0,98.0,16.0,3.00,Strong Perf.
9,9,92.0,98.0,16.0,3.00,Strong Perf.
9,9,92.0,98.0,16.0,3.00,Strong Perf.
9,9,92.0,98.0,16.0,3.00,Strong Perf.
12,10,92.0,98.0,16.0,3.00,Strong Perf.
20,14,92.0,98.0,16.0,3.00,Strong Perf.
38,22,92.0,98.0,16.0,3.00,Strong Perf.
63,34,92.0,98.0,16.0,3.00,Strong Perf.
86,45,92.0,98.0,16.0,3.00,Strong Perf.
92,48,92.0,98.0,16.0,3.00,Strong Perf.
79,42,92.0,98.0,16.0,3.00,Strong Perf.
57,31,92.0,98.0,16.0,3.00,Strong Perf.
40,23,92.0,98.0,16.0,3.00,Strong Perf.
23,15,92.0,98.0,16.0,3.00,Strong Perf.
10,8,92.0,98.0,16.0,3.00,Strong Perf.
37,21,92.0,98.0,16.0,3.00,Strong Perf.
51,27,92.0,98.0,16.0,3.00,Strong Perf.
54,29,92.0,98.0,16.0,3.00,Strong Perf.
53,28,92.0,98.0,16.0,3.00,Strong Perf.
48,26,92.0,98.0,16.0,3.00,Strong Perf.
41,22,92.0,98.0,16.0,3.00,Strong Perf.
32,18,92.0,98.0,16.0,3.00,Strong Perf.
23,13,92.0,98.0,16.0,3.00,Strong Perf.
16,10,92.0,98.0,16.0,3.00,Strong Perf.
11,7,92.0,98.0,16.0,3.00,Strong Perf.
7,5,92.0,98.0,16.0,3.00,Strong Perf.
5,4,92.0,98.0,16.0,3.00,Strong Perf.
3,3,92.0,98.0,16.0,3.00,Strong Perf.
3,2,92.0,98.0,16.0,3.00,Strong Perf.
2,2,92.0,98.0,16.0,3.00,Strong Perf.
2,2,92.0,98.0,16.0,3.00,Strong Perf.
1,1,92.0,98.0,16.0,3.00,Strong Perf.
1,1,92.0,98.0,16.0,3.00,Strong Perf.
1,1,92.0,98.0,16.0,3.00,Strong Perf.
0,0,92.0,98.0,16.0,3.00,Strong Perf.
0,0,92.0,98.0,16.0,3.00,Strong Perf.
0,0,92.0,98.0,16.0,3.00,Strong Perf.
0,0,92.0,98.0,16.0,3.00,Strong Perf.
0,0,92.0,98.0,16.0,3.00,Strong Perf.
5,1,92.0,98.0,16.0,3.00,Strong Perf.
16,7,92.0,98.0,16.0,3.00,Strong Perf.
36,16,92.0,98.0,16.0,3.00,Strong Perf.
58,27,92.0,98.0,16.0,3.00,Strong Perf.
68,31,92.0,98.0,16.0,3.00,Strong Perf.
59,27,92.0,98.0,16.0,3.00,Strong Perf.
40,17,92.0,98.0,16.0,3.00,Strong Perf.
24,10,92.0,98.0,16.0,3.00,Strong Perf.
10,3,92.0,98.0,16.0,3.00,Strong Perf.
0,-2,92.0,98.0,16.0,3.00,Strong Perf.
21,8,92.0,98.0,16.0,3.00,Strong Perf.
32,13,92.0,98.0,16.0,3.00,Strong Perf.
33,13,92.0,98.0,16.0,3.00,Strong Perf.
32,12,92.0,98.0,16.0,3.00,Strong Perf.
27,10,92.0,98.0,16.0,3.00,Strong Perf.
20,7,92.0,98.0,16.0,3.00,Strong Perf.
13,3,92.0,98.0,16.0,3.00,Strong Perf.
6,0,92.0,98.0,16.0,3.00,Strong Perf.
1,-2,92.0,98.0,16.0,3.00,Strong Perf.
-2,-4,92.0,98.0,16.0,3.00,Strong Perf.
-4,-5,92.0,98.0,16.0,3.00,Strong Perf.
-5,-6,92.0,98.0,16.0,3.00,Strong Perf.
-6,-6,92.0,98.0,16.0,3.00,Strong Perf.
-7,-7,92.0,98.0,16.0,3.00,Strong Perf.
-7,-7,92.0,98.0,16.0,3.00,Strong Perf.
-7,-7,92.0,98.0,16.0,3.00,Strong Perf.
-7,-7,92.0,98.0,16.0,3.00,Strong Perf.
-7,-7,92.0,98.0,16.0,3.00,Strong Perf.
-8,-8,92.0,98.0,16.0,3.00,Strong Perf.
-8,-8,92.0,98.0,16.0,3.00,Strong Perf.
-8,-8,92.0,98.0,16.0,3.00,Strong Perf.
-8,-8,92.0,98.0,16.0,3.00,Strong Perf.
-5,-6,92.0,98.0,16.0,3.00,Strong Perf.
3,-3,92.0,98.0,16.0,3.00,Strong Perf.
19,4,92.0,98.0,16.0,3.00,Strong Perf.
37,13,92.0,98.0,16.0,3.00,Strong Perf.
45,17,92.0,98.0,16.0,3.00,Strong Perf.
37,13,92.0,98.0,16.0,3.00,Strong Perf.
22,5,92.0,98.0,16.0,3.00,Strong Perf.
10,0,92.0,98.0,16.0,3.00,Strong Perf.
-2,-5,92.0,98.0,16.0,3.00,Strong Perf.
-1,-5,92.0,98.0,16.0,3.00,Strong Perf.
16,3,92.0,98.0,16.0,3.00,Strong Perf.
20,5,92.0,98.0,16.0,3.00,Strong Perf.
21,5,92.0,98.0,16.0,3.00,Strong Perf.
18,4,92.0,98.0,16.0,3.00,Strong Perf.
13,1,92.0,98.0,16.0,3.00,Strong Perf.
7,0,92.0,98.0,16.0,3.00,Strong Perf.
2,-3,92.0,98.0,16.0,3.00,Strong Perf.
-2,-5,92.0,98.0,16.0,3.00,Strong Perf.
-5,-6,92.0,98.0,16.0,3.00,Strong Perf.
-6,-7,92.0,98.0,16.0,3.00,Strong Perf.
-7,-8,92.0,98.0,16.0,3.00,Strong Perf.
-8,-8,92.0,98.0,16.0,3.00,Strong Perf.
-8,-8,92.0,98.0,16.0,3.00,Strong Perf.
-8,-8,92.0,98.0,16.0,3.00,Strong Perf.
-7,-7,92.0,98.0,16.0,3.00,Strong Perf.
-7,-7,92.0,98.0,16.0,3.00,Strong Perf.
-7,-7,92.0,98.0,16.0,3.00,Strong Perf.
-7,-7,92.0,98.0,16.0,3.00,Strong Perf.
-7,-7,92.0,98.0,16.0,3.00,Strong Perf.
-7,-7,92.0,98.0,16.0,3.00,Strong Perf.
-6,-6,92.0,98.0,16.0,3.00,Strong Perf.
-2,-4,92.0,98.0,16.0,3.00,Strong Perf.
7,0,92.0,98.0,16.0,3.00,Strong Perf.
23,8,92.0,98.0,16.0,3.00,Strong Perf.
41,16,92.0,98.0,16.0,3.00,Strong Perf.
47,19,92.0,98.0,16.0,3.00,Strong Perf.
37,15,92.0,98.0,16.0,3.00,Strong Perf.
23,8,92.0,98.0,16.0,3.00,Strong Perf.
13,3,92.0,98.0,16.0,3.00,Strong Perf.
0,-2,92.0,98.0,16.0,3.00,Strong Perf.
7,1,92.0,98.0,16.0,3.00,Strong Perf.
23,9,92.0,98.0,16.0,3.00,Strong Perf.
27,11,92.0,98.0,16.0,3.00,Strong Perf.
28,11,92.0,98.0,16.0,3.00,Strong Perf.
25,10,92.0,98.0,16.0,3.00,Strong Perf.
17,6,92.0,98.0,16.0,3.00,Strong Perf.
11,4,92.0,98.0,16.0,3.00,Strong Perf.
6,1,92.0,98.0,16.0,3.00,Strong Perf.
3,0,92.0,98.0,16.0,3.00,Strong Perf.
0,0,92.0,98.0,16.0,3.00,Strong Perf.
0,0,92.0,98.0,16.0,3.00,Strong Perf.
0,0,92.0,98.0,16.0,3.00,Strong Perf.
0,0,92.0,98.0,16.0,3.00,Strong Perf.
0,0,92.0,98.0,16.0,3.00,Strong Perf.
0,0,92.0,98.0,16.0,3.00,Strong Perf.
0,0,92.0,98.0,16.0,3.00,Strong Perf.
0,0,92.0,98.0,16.0,3.00,Strong Perf.
0,0,92.0,98.0,16.0,3.00,Strong Perf.
0,0,92.0,98.0,16.0,3.00,Strong Perf.
1,1,92.0,98.0,16.0,3.00,Strong Perf.
1,1,92.0,98.0,16.0,3.00,Strong Perf.
4,3,92.0,98.0,16.0,3.00,Strong Perf.
12,7,92.0,98.0,16.0,3.00,Strong Perf.
29,15,92.0,98.0,16.0,3.00,Strong Perf.
51,26,92.0,98.0,16.0,3.00,Strong Perf.
67,34,92.0,98.0,16.0,3.00,Strong Perf.
66,33,92.0,98.0,16.0,3.00,Strong Perf.
51,26,92.0,98.0,16.0,3.00,Strong Perf.
34,18,92.0,98.0,16.0,3.00,Strong Perf.
23,13,92.0,98.0,16.0,3.00,Strong Perf.
6,5,92.0,98.0,16.0,3.00,Strong Perf.
25,14,92.0,98.0,16.0,3.00,Strong Perf.
41,22,92.0,98.0,16.0,3.00,Strong Perf.
46,24,92.0,98.0,16.0,3.00,Strong Perf.
46,24,92.0,98.0,16.0,3.00,Strong Perf.
42,23,92.0,98.0,16.0,3.00,Strong Perf.
36,20,92.0,98.0,16.0,3.00,Strong Perf.
28,16,92.0,98.0,16.0,3.00,Strong Perf.
21,13,92.0,98.0,16.0,3.00,Strong Perf.
15,10,92.0,98.0,16.0,3.00,Strong Perf.
11,8,92.0,98.0,16.0,3.00,Strong Perf.
9,7,92.0,98.0,16.0,3.00,Strong Perf.
7,7,92.0,98.0,16.0,3.00,Strong Perf.
7,6,92.0,98.0,16.0,3.00,Strong Perf.
7,6,92.0,98.0,16.0,3.00,Strong Perf.
7,6,92.0,98.0,16.0,3.00,Strong Perf.
7,7,92.0,98.0,16.0,3.00,Strong Perf.
7,7,92.0,98.0,16.0,3.00,Strong Perf.
7,7,92.0,98.0,16.0,3.00,Strong Perf.
7,7,92.0,98.0,16.0,3.00,Strong Perf.
7,7,92.0,98.0,16.0,3.00,Strong Perf.
7,7,92.0,98.0,16.0,3.00,Strong Perf.
7,7,92.0,98.0,16.0,3.00,Strong Perf.
12,10,92.0,98.0,16.0,3.00,Strong Perf.
23,15,92.0,98.0,16.0,3.00,Strong Perf.
43,25,92.0,98.0,16.0,3.00,Strong Perf.
70,37,92.0,98.0,16.0,3.00,Strong Perf.
88,46,92.0,98.0,16.0,3.00,Strong Perf.
87,46,92.0,98.0,16.0,3.00,Strong Perf.
69,37,92.0,98.0,16.0,3.00,Strong Perf.
48,27,92.0,98.0,16.0,3.00,Strong Perf.
34,20,92.0,98.0,16.0,3.00,Strong Perf.
14,10,92.0,98.0,16.0,3.00,Strong Perf.
23,15,92.0,98.0,16.0,3.00,Strong Perf.
48,27,92.0,98.0,16.0,3.00,Strong Perf.
55,30,92.0,98.0,16.0,3.00,Strong Perf.
57,31,92.0,98.0,16.0,3.00,Strong Perf.
54,30,92.0,98.0,16.0,3.00,Strong Perf.
47,26,92.0,98.0,16.0,3.00,Strong Perf.
39,22,92.0,98.0,16.0,3.00,Strong Perf.
30,18,92.0,98.0,16.0,3.00,Strong Perf.
22,14,92.0,98.0,16.0,3.00,Strong Perf.
16,11,92.0,98.0,16.0,3.00,Strong Perf.
12,9,92.0,98.0,16.0,3.00,Strong Perf.
9,8,92.0,98.0,16.0,3.00,Strong Perf.
7,7,92.0,98.0,16.0,3.00,Strong Perf.
7,6,92.0,98.0,16.0,3.00,Strong Perf.
6,6,92.0,98.0,16.0,3.00,Strong Perf.
6,6,92.0,98.0,16.0,3.00,Strong Perf.
6,6,92.0,98.0,16.0,3.00,Strong Perf.
5,5,92.0,98.0,16.0,3.00,Strong Perf.
5,5,92.0,98.0,16.0,3.00,Strong Perf.
5,5,92.0,98.0,16.0,3.00,Strong Perf.
5,5,92.0,98.0,16.0,3.00,Strong Perf.
5,5,92.0,98.0,16.0,3.00,Strong Perf.
4,4,92.0,98.0,16.0,3.00,Strong Perf.
8,6,92.0,98.0,16.0,3.00,Strong Perf.
16,10,92.0,98.0,16.0,3.00,Strong Perf.
33,18,92.0,98.0,16.0,3.00,Strong Perf.
57,29,92.0,98.0,16.0,3.00,Strong Perf.
80,40,92.0,98.0,16.0,3.00,Strong Perf.
86,43,92.0,98.0,16.0,3.00,Strong Perf.
73,36,92.0,98.0,16.0,3.00,Strong Perf.
51,26,92.0,98.0,16.0,3.00,Strong Perf.
35,18,92.0,98.0,16.0,3.00,Strong Perf.
19,10,92.0,98.0,16.0,3.00,Strong Perf.
6,4,92.0,98.0,16.0,3.00,Strong Perf.
31,16,92.0,98.0,16.0,3.00,Strong Perf.
45,22,92.0,98.0,16.0,3.00,Strong Perf.
48,24,92.0,98.0,16.0,3.00,Strong Perf.
47,23,92.0,98.0,16.0,3.00,Strong Perf.
42,21,92.0,98.0,16.0,3.00,Strong Perf.
35,17,92.0,98.0,16.0,3.00,Strong Perf.
27,13,92.0,98.0,16.0,3.00,Strong Perf.
19,9,92.0,98.0,16.0,3.00,Strong Perf.
12,6,92.0,98.0,16.0,3.00,Strong Perf.
7,3,92.0,98.0,16.0,3.00,Strong Perf.
3,1,92.0,98.0,16.0,3.00,Strong Perf.
1,0,92.0,98.0,16.0,3.00,Strong Perf.
0,0,92.0,98.0,16.0,3.00,Strong Perf.
0,0,92.0,98.0,16.0,3.00,Strong Perf.
-1,-1,92.0,98.0,16.0,3.00,Strong Perf.
-1,-1,92.0,98.0,16.0,3.00,Strong Perf.
-1,-1,92.0,98.0,16.0,3.00,Strong Perf.
-1,-1,92.0,98.0,16.0,3.00,Strong Perf.
-2,-2,92.0,98.0,16.0,3.00,Strong Perf.
-2,-2,92.0,98.0,16.0,3.00,Strong Perf.
-2,-2,92.0,98.0,16.0,3.00,Strong Perf.
-2,-2,92.0,98.0,16.0,3.00,Strong Perf.
-2,-2,92.0,98.0,16.0,3.00,Strong Perf.
-3,-3,92.0,98.0,16.0,3.00,Strong Perf.
2,0,92.0,98.0,16.0,3.00,Strong Perf.
13,4,92.0,98.0,16.0,3.00,Strong Perf.
33,14,92.0,98.0,16.0,3.00,Strong Perf.
54,24,92.0,98.0,16.0,3.00,Strong Perf.
62,27,92.0,98.0,16.0,3.00,Strong Perf.
51,22,92.0,98.0,16.0,3.00,Strong Perf.
32,13,92.0,98.0,16.0,3.00,Strong Perf.
12,3,92.0,98.0,16.0,3.00,Strong Perf.
-2,-3,92.0,98.0,16.0,3.00,Strong Perf.
15,4,92.0,98.0,16.0,3.00,Strong Perf.
28,10,92.0,98.0,16.0,3.00,Strong Perf.
30,12,92.0,98.0,16.0,3.00,Strong Perf.
29,11,92.0,98.0,16.0,3.00,Strong Perf.
25,9,92.0,98.0,16.0,3.00,Strong Perf.
18,6,92.0,98.0,16.0,3.00,Strong Perf.
11,2,92.0,98.0,16.0,3.00,Strong Perf.
5,0,92.0,98.0,16.0,3.00,Strong Perf.
0,-2,92.0,98.0,16.0,3.00,Strong Perf.
-2,-4,92.0,98.0,16.0,3.00,Strong Perf.
-4,-5,92.0,98.0,16.0,3.00,Strong Perf.
-5,-5,92.0,98.0,16.0,3.00,Strong Perf.
-5,-6,92.0,98.0,16.0,3.00,Strong Perf.
-6,-6,92.0,98.0,16.0,3.00,Strong Perf.
-6,-6,92.0,98.0,16.0,3.00,Strong Perf.
-6,-6,92.0,98.0,16.0,3.00,Strong Perf.
-6,-6,92.0,98.0,16.0,3.00,Strong Perf.
-6,-6,92.0,98.0,16.0,3.00,Strong Perf.
-6,-6,92.0,98.0,16.0,3.00,Strong Perf.
-6,-6,92.0,98.0,16.0,3.00,Strong Perf.
-6,-6,92.0,98.0,16.0,3.00,Strong Perf.
-6,-6,92.0,98.0,16.0,3.00,Strong Perf.
-2,-4,92.0,98.0,16.0,3.00,Strong Perf.
5,0,92.0,98.0,16.0,3.00,Strong Perf.
21,7,92.0,98.0,16.0,3.00,Strong Perf.
39,15,92.0,98.0,16.0,3.00,Strong Perf.
46,18,92.0,98.0,16.0,3.00,Strong Perf.
37,14,92.0,98.0,16.0,3.00,Strong Perf.
22,7,92.0,98.0,16.0,3.00,Strong Perf.
12,2,92.0,98.0,16.0,3.00,Strong Perf.
0,-3,92.0,98.0,16.0,3.00,Strong Perf.
3,-1,92.0,98.0,16.0,3.00,Strong Perf.
19,6,92.0,98.0,16.0,3.00,Strong Perf.
23,8,92.0,98.0,16.0,3.00,Strong Perf.
24,8,92.0,98.0,16.0,3.00,Strong Perf.
21,7,92.0,98.0,16.0,3.00,Strong Perf.
16,4,92.0,98.0,16.0,3.00,Strong Perf.
10,2,92.0,98.0,16.0,3.00,Strong Perf.
5,0,92.0,98.0,16.0,3.00,Strong Perf.
0,-2,92.0,98.0,16.0,3.00,Strong Perf.
-1,-3,92.0,98.0,16.0,3.00,Strong Perf.
-3,-4,92.0,98.0,16.0,3.00,Strong Perf.
-4,-4,92.0,98.0,16.0,3.00,Strong Perf.
-4,-4,92.0,98.0,16.0,3.00,Strong Perf.
-4,-4,92.0,98.0,16.0,3.00,Strong Perf.
-4,-4,92.0,98.0,16.0,3.00,Strong Perf.
-4,-4,92.0,98.0,16.0,3.00,Strong Perf.
-3,-3,92.0,98.0,16.0,3.00,Strong Perf.
-3,-3,92.0,98.0,16.0,3.00,Strong Perf.
-3,-3,92.0,98.0,16.0,3.00,Strong Perf.
-3,-3,92.0,98.0,16.0,3.00,Strong Perf.
-3,-3,92.0,98.0,16.0,3.00,Strong Perf.
0,-1,92.0,98.0,16.0,3.00,Strong Perf.
7,2,92.0,98.0,16.0,3.00,Strong Perf.
22,9,92.0,98.0,16.0,3.00,Strong Perf.
42,18,92.0,98.0,16.0,3.00,Strong Perf.
52,23,92.0,98.0,16.0,3.00,Strong Perf.
46,20,92.0,98.0,16.0,3.00,Strong Perf.
30,13,92.0,98.0,16.0,3.00,Strong Perf.
19,8,92.0,98.0,16.0,3.00,Strong Perf.
5,1,92.0,98.0,16.0,3.00,Strong Perf.
6,2,92.0,98.0,16.0,3.00,Strong Perf.
26,11,92.0,98.0,16.0,3.00,Strong Perf.
31,14,92.0,98.0,16.0,3.00,Strong Perf.
32,15,92.0,98.0,16.0,3.00,Strong Perf.
30,14,92.0,98.0,16.0,3.00,Strong Perf.
25,11,92.0,98.0,16.0,3.00,Strong Perf.
18,8,92.0,98.0,16.0,3.00,Strong Perf.
12,5,92.0,98.0,16.0,3.00,Strong Perf.
7,3,92.0,98.0,16.0,3.00,Strong Perf.
4,2,92.0,98.0,16.0,3.00,Strong Perf.
2,1,92.0,98.0,16.0,3.00,Strong Perf.
1,1,92.0,98.0,16.0,3.00,Strong Perf.
1,0,92.0,98.0,16.0,3.00,Strong Perf.
1,1,92.0,98.0,16.0,3.00,Strong Perf.
1,1,92.0,98.0,16.0,3.00,Strong Perf.
1,1,92.0,98.0,16.0,3.00,Strong Perf.
1,1,92.0,98.0,16.0,3.00,Strong Perf.
1,1,92.0,98.0,16.0,3.00,Strong Perf.
1,1,92.0,98.0,16.0,3.00,Strong Perf.
2,2,92.0,98.0,16.0,3.00,Strong Perf.
2,2,92.0,98.0,16.0,3.00,Strong Perf.
3,3,92.0,98.0,16.0,3.00,Strong Perf.
8,5,92.0,98.0,16.0,3.00,Strong Perf.
21,11,92.0,98.0,16.0,3.00,Strong Perf.
54,27,92.0,98.0,16.0,3.00,Strong Perf.
71,35,92.0,98.0,16.0,3.00,Strong Perf.
70,35,92.0,98.0,16.0,3.00,Strong Perf.
53,27,92.0,98.0,16.0,3.00,Strong Perf.
36,19,92.0,98.0,16.0,3.00,Strong Perf.
24,13,92.0,98.0,16.0,3.00,Strong Perf.
6,5,92.0,98.0,16.0,3.00,Strong Perf.
25,13,92.0,98.0,16.0,3.00,Strong Perf.
42,22,92.0,98.0,16.0,3.00,Strong Perf.
47,24,92.0,98.0,16.0,3.00,Strong Perf.
47,24,92.0,98.0,16.0,3.00,Strong Perf.
43,23,92.0,98.0,16.0,3.00,Strong Perf.
36,19,92.0,98.0,16.0,3.00,Strong Perf.
28,16,92.0,98.0,16.0,3.00,Strong Perf.
21,12,92.0,98.0,16.0,3.00,Strong Perf.
14,9,92.0,98.0,16.0,3.00,Strong Perf.
10,7,92.0,98.0,16.0,3.00,Strong Perf.
7,6,92.0,98.0,16.0,3.00,Strong Perf.
6,5,92.0,98.0,16.0,3.00,Strong Perf.
5,5,92.0,98.0,16.0,3.00,Strong Perf.
5,4,92.0,98.0,16.0,3.00,Strong Perf.
4,4,92.0,98.0,16.0,3.00,Strong Perf.
4,4,92.0,98.0,16.0,3.00,Strong Perf.
4,4,92.0,98.0,16.0,3.00,Strong Perf.
4,4,92.0,98.0,16.0,3.00,Strong Perf.
4,4,92.0,98.0,16.0,3.00,Strong Perf.
5,5,92.0,98.0,16.0,3.00,Strong Perf.
5,5,92.0,98.0,16.0,3.00,Strong Perf.
5,5,92.0,98.0,16.0,3.00,Strong Perf.
7,6,92.0,98.0,16.0,3.00,Strong Perf.
14,9,92.0,98.0,16.0,3.00,Strong Perf.
30,17,92.0,98.0,16.0,3.00,Strong Perf.
55,29,92.0,98.0,16.0,3.00,Strong Perf.
80,41,92.0,98.0,16.0,3.00,Strong Perf.
89,45,92.0,98.0,16.0,3.00,Strong Perf.
76,39,92.0,98.0,16.0,3.00,Strong Perf.
53,28,92.0,98.0,16.0,3.00,Strong Perf.
36,20,92.0,98.0,16.0,3.00,Strong Perf.
18,11,92.0,98.0,16.0,3.00,Strong Perf.
11,7,92.0,98.0,16.0,3.00,Strong Perf.
41,22,92.0,98.0,16.0,3.00,Strong Perf.
52,27,92.0,98.0,16.0,3.00,Strong Perf.
54,28,92.0,98.0,16.0,3.00,Strong Perf.
52,27,92.0,98.0,16.0,3.00,Strong Perf.
42,22,92.0,98.0,16.0,3.00,Strong Perf.
33,18,92.0,98.0,16.0,3.00,Strong Perf.
24,14,92.0,98.0,16.0,3.00,Strong Perf.
17,10,92.0,98.0,16.0,3.00,Strong Perf.
11,7,92.0,98.0,16.0,3.00,Strong Perf.
7,5,92.0,98.0,16.0,3.00,Strong Perf.
5,4,92.0,98.0,16.0,3.00,Strong Perf.
4,4,92.0,98.0,16.0,3.00,Strong Perf.
4,3,92.0,98.0,16.0,3.00,Strong Perf.
3,3,92.0,98.0,16.0,3.00,Strong Perf.
3,3,92.0,98.0,16.0,3.00,Strong Perf.
3,3,92.0,98.0,16.0,3.00,Strong Perf.
3,3,92.0,98.0,16.0,3.00,Strong Perf.
3,3,92.0,98.0,16.0,3.00,Strong Perf.
3,3,92.0,98.0,16.0,3.00,Strong Perf.
2,2,92.0,98.0,16.0,3.00,Strong Perf.
2,2,92.0,98.0,16.0,3.00,Strong Perf.
2,2,92.0,98.0,16.0,3.00,Strong Perf.
7,4,92.0,98.0,16.0,3.00,Strong Perf.
16,9,92.0,98.0,16.0,3.00,Strong Perf.
34,17,92.0,98.0,16.0,3.00,Strong Perf.
59,29,92.0,98.0,16.0,3.00,Strong Perf.
79,39,92.0,98.0,16.0,3.00,Strong Perf.
81,40,92.0,98.0,16.0,3.00,Strong Perf.
66,32,92.0,98.0,16.0,3.00,Strong Perf.
45,22,92.0,98.0,16.0,3.00,Strong Perf.
30,15,92.0,98.0,16.0,3.00,Strong Perf.
13,7,92.0,98.0,16.0,3.00,Strong Perf.
7,4,92.0,98.0,16.0,3.00,Strong Perf.
33,16,92.0,98.0,16.0,3.00,Strong Perf.
43,21,92.0,98.0,16.0,3.00,Strong Perf.
46,22,92.0,98.0,16.0,3.00,Strong Perf.
44,21,92.0,98.0,16.0,3.00,Strong Perf.
39,19,92.0,98.0,16.0,3.00,Strong Perf.
32,15,92.0,98.0,16.0,3.00,Strong Perf.
24,11,92.0,98.0,16.0,3.00,Strong Perf.
16,8,92.0,98.0,16.0,3.00,Strong Perf.
10,5,92.0,98.0,16.0,3.00,Strong Perf.
6,2,92.0,98.0,16.0,3.00,Strong Perf.
3,1,92.0,98.0,16.0,3.00,Strong Perf.
1,0,92.0,98.0,16.0,3.00,Strong Perf.
0,0,92.0,98.0,16.0,3.00,Strong Perf.
0,0,92.0,98.0,16.0,3.00,Strong Perf.
0,0,92.0,98.0,16.0,3.00,Strong Perf.
-1,-1,92.0,98.0,16.0,3.00,Strong Perf.
-1,-1,92.0,98.0,16.0,3.00,Strong Perf.
-1,-1,92.0,98.0,16.0,3.00,Strong Perf.
-1,-1,92.0,98.0,16.0,3.00,Strong Perf.
-1,-1,92.0,98.0,16.0,3.00,Strong Perf.
-1,-1,92.0,98.0,16.0,3.00,Strong Perf.
-1,-1,92.0,98.0,16.0,3.00,Strong Perf.
-1,-1,92.0,98.0,16.0,3.00,Strong Perf.
1,0,92.0,98.0,16.0,3.00,Strong Perf.
10,3,92.0,98.0,16.0,3.00,Strong Perf.
27,12,92.0,98.0,16.0,3.00,Strong Perf.
48,22,92.0,98.0,16.0,3.00,Strong Perf.
60,28,92.0,98.0,16.0,3.00,Strong Perf.
54,25,92.0,98.0,16.0,3.00,Strong Perf.
37,16,92.0,98.0,16.0,3.00,Strong Perf.
22,9,92.0,98.0,16.0,3.00,Strong Perf.
9,3,92.0,98.0,16.0,3.00,Strong Perf.
0,-1,92.0,98.0,16.0,3.00,Strong Perf.
22,9,92.0,98.0,16.0,3.00,Strong Perf.
30,12,92.0,98.0,16.0,3.00,Strong Perf.
31,13,92.0,98.0,16.0,3.00,Strong Perf.
29,12,92.0,98.0,16.0,3.00,Strong Perf.
24,10,92.0,98.0,16.0,3.00,Strong Perf.
18,7,92.0,98.0,16.0,3.00,Strong Perf.
8,2,92.0,98.0,16.0,3.00,Strong Perf.
3,0,92.0,98.0,16.0,3.00,Strong Perf.
0,-1,92.0,98.0,16.0,3.00,Strong Perf.
-1,-2,92.0,98.0,16.0,3.00,Strong Perf.
-2,-3,92.0,98.0,16.0,3.00,Strong Perf.
-3,-3,92.0,98.0,16.0,3.00,Strong Perf.
-3,-3,92.0,98.0,16.0,3.00,Strong Perf.
-3,-3,92.0,98.0,16.0,3.00,Strong Perf.
-3,-3,92.0,98.0,16.0,3.00,Strong Perf.
-3,-3,92.0,98.0,16.0,3.00,Strong Perf.
-3,-3,92.0,98.0,16.0,3.00,Strong Perf.
-3,-3,92.0,98.0,16.0,3.00,Strong Perf.
-3,-3,92.0,98.0,16.0,3.00,Strong Perf.
-3,-3,92.0,98.0,16.0,3.00,Strong Perf.
-3,-3,92.0,98.0,16.0,3.00,Strong Perf.
0,-2,92.0,98.0,16.0,3.00,Strong Perf.
6,1,92.0,98.0,16.0,3.00,Strong Perf.
20,7,92.0,98.0,16.0,3.00,Strong Perf.
38,16,92.0,98.0,16.0,3.00,Strong Perf.
47,20,92.0,98.0,16.0,3.00,Strong Perf.
42,18,92.0,98.0,16.0,3.00,Strong Perf.
28,11,92.0,98.0,16.0,3.00,Strong Perf.
16,5,92.0,98.0,16.0,3.00,Strong Perf.
5,0,92.0,98.0,16.0,3.00,Strong Perf.
0,-1,92.0,98.0,16.0,3.00,Strong Perf.
19,7,92.0,98.0,16.0,3.00,Strong Perf.
25,10,92.0,98.0,16.0,3.00,Strong Perf.
26,10,92.0,98.0,16.0,3.00,Strong Perf.
24,9,92.0,98.0,16.0,3.00,Strong Perf.
20,7,92.0,98.0,16.0,3.00,Strong Perf.
14,5,92.0,98.0,16.0,3.00,Strong Perf.
9,2,92.0,98.0,16.0,3.00,Strong Perf.
4,0,92.0,98.0,16.0,3.00,Strong Perf.
0,-1,92.0,98.0,16.0,3.00,Strong Perf.
-1,-2,92.0,98.0,16.0,3.00,Strong Perf.
-2,-2,92.0,98.0,16.0,3.00,Strong Perf.
-2,-3,92.0,98.0,16.0,3.00,Strong Perf.
-3,-3,92.0,98.0,16.0,3.00,Strong Perf.
-3,-3,92.0,98.0,16.0,3.00,Strong Perf.
-3,-3,92.0,98.0,16.0,3.00,Strong Perf.
-3,-3,92.0,98.0,16.0,3.00,Strong Perf.
-2,-2,92.0,98.0,16.0,3.00,Strong Perf.
-2,-2,92.0,98.0,16.0,3.00,Strong Perf.
-2,-2,92.0,98.0,16.0,3.00,Strong Perf.
-2,-2,92.0,98.0,16.0,3.00,Strong Perf.
-2,-2,92.0,98.0,16.0,3.00,Strong Perf.
2,0,92.0,98.0,16.0,3.00,Strong Perf.
11,4,92.0,98.0,16.0,3.00,Strong Perf.
29,12,92.0,98.0,16.0,3.00,Strong Perf.
47,21,92.0,98.0,16.0,3.00,Strong Perf.
54,25,92.0,98.0,16.0,3.00,Strong Perf.
45,20,92.0,98.0,16.0,3.00,Strong Perf.
30,13,92.0,98.0,16.0,3.00,Strong Perf.
18,8,92.0,98.0,16.0,3.00,Strong Perf.
4,1,92.0,98.0,16.0,3.00,Strong Perf.
7,2,92.0,98.0,16.0,3.00,Strong Perf.
27,12,92.0,98.0,16.0,3.00,Strong Perf.
32,14,92.0,98.0,16.0,3.00,Strong Perf.
33,15,92.0,98.0,16.0,3.00,Strong Perf.
31,14,92.0,98.0,16.0,3.00,Strong Perf.
26,12,92.0,98.0,16.0,3.00,Strong Perf.
19,8,92.0,98.0,16.0,3.00,Strong Perf.
13,5,92.0,98.0,16.0,3.00,Strong Perf.
8,3,92.0,98.0,16.0,3.00,Strong Perf.
4,1,92.0,98.0,16.0,3.00,Strong Perf.
1,0,92.0,98.0,16.0,3.00,Strong Perf.
0,0,92.0,98.0,16.0,3.00,Strong Perf.
0,0,92.0,98.0,16.0,3.00,Strong Perf.
0,0,92.0,98.0,16.0,3.00,Strong Perf.
0,0,92.0,98.0,16.0,3.00,Strong Perf.
0,0,92.0,98.0,16.0,3.00,Strong Perf.
0,0,92.0,98.0,16.0,3.00,Strong Perf.
0,0,92.0,98.0,16.0,3.00,Strong Perf.
0,0,92.0,98.0,16.0,3.00,Strong Perf.
0,0,92.0,98.0,16.0,3.00,Strong Perf.
0,0,92.0,98.0,16.0,3.00,Strong Perf.
0,0,92.0,98.0,16.0,3.00,Strong Perf.
3,2,92.0,98.0,16.0,3.00,Strong Perf.
11,5,92.0,98.0,16.0,3.00,Strong Perf.
28,14,92.0,98.0,16.0,3.00,Strong Perf.
53,25,92.0,98.0,16.0,3.00,Strong Perf.
72,35,92.0,98.0,16.0,3.00,Strong Perf.
72,35,92.0,98.0,16.0,3.00,Strong Perf.
55,27,92.0,98.0,16.0,3.00,Strong Perf.
36,18,92.0,98.0,16.0,3.00,Strong Perf.
23,11,92.0,98.0,16.0,3.00,Strong Perf.
4,2,92.0,98.0,16.0,3.00,Strong Perf.
36,18,92.0,98.0,16.0,3.00,Strong Perf.
45,22,92.0,98.0,16.0,3.00,Strong Perf.
47,23,92.0,98.0,16.0,3.00,Strong Perf.
45,22,92.0,98.0,16.0,3.00,Strong Perf.
39,19,92.0,98.0,16.0,3.00,Strong Perf.
31,16,92.0,98.0,16.0,3.00,Strong Perf.
22,12,92.0,98.0,16.0,3.00,Strong Perf.
15,8,92.0,98.0,16.0,3.00,Strong Perf.
10,6,92.0,98.0,16.0,3.00,Strong Perf.
6,4,92.0,98.0,16.0,3.00,Strong Perf.
4,3,92.0,98.0,16.0,3.00,Strong Perf.
3,3,92.0,98.0,16.0,3.00,Strong Perf.
3,2,92.0,98.0,16.0,3.00,Strong Perf.
2,2,92.0,98.0,16.0,3.00,Strong Perf.
2,2,92.0,98.0,16.0,3.00,Strong Perf.
2,2,92.0,98.0,16.0,3.00,Strong Perf.
3,3,92.0,98.0,16.0,3.00,Strong Perf.
3,3,92.0,98.0,16.0,3.00,Strong Perf.
3,3,92.0,98.0,16.0,3.00,Strong Perf.
3,3,92.0,98.0,16.0,3.00,Strong Perf.
3,3,92.0,98.0,16.0,3.00,Strong Perf.
3,3,92.0,98.0,16.0,3.00,Strong Perf.
9,6,92.0,98.0,16.0,3.00,Strong Perf.
21,12,92.0,98.0,16.0,3.00,Strong Perf.
41,21,92.0,98.0,16.0,3.00,Strong Perf.
67,34,92.0,98.0,16.0,3.00,Strong Perf.
86,43,92.0,98.0,16.0,3.00,Strong Perf.
87,43,92.0,98.0,16.0,3.00,Strong Perf.
70,35,92.0,98.0,16.0,3.00,Strong Perf.
49,25,92.0,98.0,16.0,3.00,Strong Perf.
35,18,92.0,98.0,16.0,3.00,Strong Perf.
17,10,92.0,98.0,16.0,3.00,Strong Perf.
8,6,92.0,98.0,16.0,3.00,Strong Perf.
36,19,92.0,98.0,16.0,3.00,Strong Perf.
50,26,92.0,98.0,16.0,3.00,Strong Perf.
53,27,92.0,98.0,16.0,3.00,Strong Perf.
51,26,92.0,98.0,16.0,3.00,Strong Perf.
45,24,92.0,98.0,16.0,3.00,Strong Perf.
38,20,92.0,98.0,16.0,3.00,Strong Perf.
29,16,92.0,98.0,16.0,3.00,Strong Perf.
21,12,92.0,98.0,16.0,3.00,Strong Perf.
15,9,92.0,98.0,16.0,3.00,Strong Perf.
10,7,92.0,98.0,16.0,3.00,Strong Perf.
7,5,92.0,98.0,16.0,3.00,Strong Perf.
5,4,92.0,98.0,16.0,3.00,Strong Perf.
4,4,92.0,98.0,16.0,3.00,Strong Perf.
4,4,92.0,98.0,16.0,3.00,Strong Perf.
3,3,92.0,98.0,16.0,3.00,Strong Perf.
3,3,92.0,98.0,16.0,3.00,Strong Perf.
3,3,92.0,98.0,16.0,3.00,Strong Perf.
3,3,92.0,98.0,16.0,3.00,Strong Perf.
3,3,92.0,98.0,16.0,3.00,Strong Perf.
3,3,92.0,98.0,16.0,3.00,Strong Perf.
3,3,92.0,98.0,16.0,3.00,Strong Perf.
3,3,92.0,98.0,16.0,3.00,Strong Perf.
3,3,92.0,98.0,16.0,3.00,Strong Perf.
3,3,92.0,98.0,16.0,3.00,Strong Perf.
7,5,92.0,98.0,16.0,3.00,Strong Perf.
17,10,92.0,98.0,16.0,3.00,Strong Perf.
37,19,92.0,98.0,16.0,3.00,Strong Perf.
62,31,92.0,98.0,16.0,3.00,Strong Perf.
79,39,92.0,98.0,16.0,3.00,Strong Perf.
76,38,92.0,98.0,16.0,3.00,Strong Perf.
57,29,92.0,98.0,16.0,3.00,Strong Perf.
38,19,92.0,98.0,16.0,3.00,Strong Perf.
24,13,92.0,98.0,16.0,3.00,Strong Perf.
5,4,92.0,98.0,16.0,3.00,Strong Perf.
22,12,92.0,98.0,16.0,3.00,Strong Perf.
40,20,92.0,98.0,16.0,3.00,Strong Perf.
44,22,92.0,98.0,16.0,3.00,Strong Perf.
42,21,92.0,98.0,16.0,3.00,Strong Perf.
37,18,92.0,98.0,16.0,3.00,Strong Perf.
29,15,92.0,98.0,16.0,3.00,Strong Perf.
21,11,92.0,98.0,16.0,3.00,Strong Perf.
14,8,92.0,98.0,16.0,3.00,Strong Perf.
9,5,92.0,98.0,16.0,3.00,Strong Perf.
5,3,92.0,98.0,16.0,3.00,Strong Perf.
3,2,92.0,98.0,16.0,3.00,Strong Perf.
2,1,92.0,98.0,16.0,3.00,Strong Perf.
1,1,92.0,98.0,16.0,3.00,Strong Perf.
1,1,92.0,98.0,16.0,3.00,Strong Perf.
1,0,92.0,98.0,16.0,3.00,Strong Perf.
0,0,92.0,98.0,16.0,3.00,Strong Perf.
0,0,92.0,98.0,16.0,3.00,Strong Perf.
0,0,92.0,98.0,16.0,3.00,Strong Perf.
0,0,92.0,98.0,16.0,3.00,Strong Perf.
0,0,92.0,98.0,16.0,3.00,Strong Perf.
0,0,92.0,98.0,16.0,3.00,Strong Perf.
0,0,92.0,98.0,16.0,3.00,Strong Perf.
2,0,92.0,98.0,16.0,3.00,Strong Perf.
8,3,92.0,98.0,16.0,3.00,Strong Perf.
21,10,92.0,98.0,16.0,3.00,Strong Perf.
41,19,92.0,98.0,16.0,3.00,Strong Perf.
56,26,92.0,98.0,16.0,3.00,Strong Perf.
56,26,92.0,98.0,16.0,3.00,Strong Perf.
42,19,92.0,98.0,16.0,3.00,Strong Perf.
26,12,92.0,98.0,16.0,3.00,Strong Perf.
15,6,92.0,98.0,16.0,3.00,Strong Perf.
0,0,92.0,98.0,16.0,3.00,Strong Perf.
15,6,92.0,98.0,16.0,3.00,Strong Perf.
28,12,92.0,98.0,16.0,3.00,Strong Perf.
30,13,92.0,98.0,16.0,3.00,Strong Perf.
30,13,92.0,98.0,16.0,3.00,Strong Perf.
26,11,92.0,98.0,16.0,3.00,Strong Perf.
20,8,92.0,98.0,16.0,3.00,Strong Perf.
14,5,92.0,98.0,16.0,3.00,Strong Perf.
8,2,92.0,98.0,16.0,3.00,Strong Perf.
3,0,92.0,98.0,16.0,3.00,Strong Perf.
0,0,92.0,98.0,16.0,3.00,Strong Perf.
-1,-1,92.0,98.0,16.0,3.00,Strong Perf.
-2,-2,92.0,98.0,16.0,3.00,Strong Perf.
-2,-3,92.0,98.0,16.0,3.00,Strong Perf.
-3,-3,92.0,98.0,16.0,3.00,Strong Perf.
-3,-3,92.0,98.0,16.0,3.00,Strong Perf.
-3,-3,92.0,98.0,16.0,3.00,Strong Perf.
-3,-3,92.0,98.0,16.0,3.00,Strong Perf.
-3,-3,92.0,98.0,16.0,3.00,Strong Perf.
-3,-3,92.0,98.0,16.0,3.00,Strong Perf.
-3,-3,92.0,98.0,16.0,3.00,Strong Perf.
-3,-3,92.0,98.0,16.0,3.00,Strong Perf.
-2,-3,92.0,98.0,16.0,3.00,Strong Perf.
2,-1,92.0,98.0,16.0,3.00,Strong Perf.
13,4,92.0,98.0,16.0,3.00,Strong Perf.
30,12,92.0,98.0,16.0,3.00,Strong Perf.
44,19,92.0,98.0,16.0,3.00,Strong Perf.
45,19,92.0,98.0,16.0,3.00,Strong Perf.
33,13,92.0,98.0,16.0,3.00,Strong Perf.
19,6,92.0,98.0,16.0,3.00,Strong Perf.
9,2,92.0,98.0,16.0,3.00,Strong Perf.
-2,-3,92.0,98.0,16.0,3.00,Strong Perf.
12,3,92.0,98.0,16.0,3.00,Strong Perf.
23,8,92.0,98.0,16.0,3.00,Strong Perf.
25,9,92.0,98.0,16.0,3.00,Strong Perf.
24,9,92.0,98.0,16.0,3.00,Strong Perf.
20,7,92.0,98.0,16.0,3.00,Strong Perf.
15,4,92.0,98.0,16.0,3.00,Strong Perf.
9,2,92.0,98.0,16.0,3.00,Strong Perf.
4,0,92.0,98.0,16.0,3.00,Strong Perf.
0,-2,92.0,98.0,16.0,3.00,Strong Perf.
-2,-3,92.0,98.0,16.0,3.00,Strong Perf.
-3,-4,92.0,98.0,16.0,3.00,Strong Perf.
-4,-4,92.0,98.0,16.0,3.00,Strong Perf.
-4,-4,92.0,98.0,16.0,3.00,Strong Perf.
-4,-4,92.0,98.0,16.0,3.00,Strong Perf.
-4,-4,92.0,98.0,16.0,3.00,Strong Perf.
-4,-4,92.0,98.0,16.0,3.00,Strong Perf.
-4,-4,92.0,98.0,16.0,3.00,Strong Perf.
-4,-4,92.0,98.0,16.0,3.00,Strong Perf.
-4,-4,92.0,98.0,16.0,3.00,Strong Perf.
-4,-4,92.0,98.0,16.0,3.00,Strong Perf.
-4,-4,92.0,98.0,16.0,3.00,Strong Perf.
0,-2,92.0,98.0,16.0,3.00,Strong Perf.
8,1,92.0,98.0,16.0,3.00,Strong Perf.
25,10,92.0,98.0,16.0,3.00,Strong Perf.
45,19,92.0,98.0,16.0,3.00,Strong Perf.
55,24,92.0,98.0,16.0,3.00,Strong Perf.
48,21,92.0,98.0,16.0,3.00,Strong Perf.
32,13,92.0,98.0,16.0,3.00,Strong Perf.
19,7,92.0,98.0,16.0,3.00,Strong Perf.
5,0,92.0,98.0,16.0,3.00,Strong Perf.
2,0,92.0,98.0,16.0,3.00,Strong Perf.
24,9,92.0,98.0,16.0,3.00,Strong Perf.
32,13,92.0,98.0,16.0,3.00,Strong Perf.
34,14,92.0,98.0,16.0,3.00,Strong Perf.
32,13,92.0,98.0,16.0,3.00,Strong Perf.
27,11,92.0,98.0,16.0,3.00,Strong Perf.
20,8,92.0,98.0,16.0,3.00,Strong Perf.
13,4,92.0,98.0,16.0,3.00,Strong Perf.
7,2,92.0,98.0,16.0,3.00,Strong Perf.
3,0,92.0,98.0,16.0,3.00,Strong Perf.
0,-1,92.0,98.0,16.0,3.00,Strong Perf.
-1,-1,92.0,98.0,16.0,3.00,Strong Perf.
-1,-2,92.0,98.0,16.0,3.00,Strong Perf.
-1,-2,92.0,98.0,16.0,3.00,Strong Perf.
-1,-1,92.0,98.0,16.0,3.00,Strong Perf.
-1,-1,92.0,98.0,16.0,3.00,Strong Perf.
-1,-1,92.0,98.0,16.0,3.00,Strong Perf.
-1,-1,92.0,98.0,16.0,3.00,Strong Perf.
-1,-1,92.0,98.0,16.0,3.00,Strong Perf.
-1,-1,92.0,98.0,16.0,3.00,Strong Perf.
0,0,92.0,98.0,16.0,3.00,Strong Perf.
0,0,92.0,98.0,16.0,3.00,Strong Perf.
4,1,92.0,98.0,16.0,3.00,Strong Perf.
15,7,92.0,98.0,16.0,3.00,Strong Perf.
36,17,92.0,98.0,16.0,3.00,Strong Perf.
61,29,92.0,98.0,16.0,3.00,Strong Perf.
77,37,92.0,98.0,16.0,3.00,Strong Perf.
72,34,92.0,98.0,16.0,3.00,Strong Perf.
52,25,92.0,98.0,16.0,3.00,Strong Perf.
34,17,92.0,98.0,16.0,3.00,Strong Perf.
20,10,92.0,98.0,16.0,3.00,Strong Perf.
4,2,92.0,98.0,16.0,3.00,Strong Perf.
29,14,92.0,98.0,16.0,3.00,Strong Perf.
44,22,92.0,98.0,16.0,3.00,Strong Perf.
49,24,92.0,98.0,16.0,3.00,Strong Perf.
48,24,92.0,98.0,16.0,3.00,Strong Perf.
43,22,92.0,98.0,16.0,3.00,Strong Perf.
36,18,92.0,98.0,16.0,3.00,Strong Perf.
27,14,92.0,98.0,16.0,3.00,Strong Perf.
19,10,92.0,98.0,16.0,3.00,Strong Perf.
13,7,92.0,98.0,16.0,3.00,Strong Perf.
8,5,92.0,98.0,16.0,3.00,Strong Perf.
6,4,92.0,98.0,16.0,3.00,Strong Perf.
4,4,92.0,98.0,16.0,3.00,Strong Perf.
4,3,92.0,98.0,16.0,3.00,Strong Perf.
3,3,92.0,98.0,16.0,3.00,Strong Perf.
3,3,92.0,98.0,16.0,3.00,Strong Perf.
4,4,92.0,98.0,16.0,3.00,Strong Perf.
4,4,92.0,98.0,16.0,3.00,Strong Perf.
4,4,92.0,98.0,16.0,3.00,Strong Perf.
4,4,92.0,98.0,16.0,3.00,Strong Perf.
4,4,92.0,98.0,16.0,3.00,Strong Perf.
4,4,92.0,98.0,16.0,3.00,Strong Perf.
4,4,92.0,98.0,16.0,3.00,Strong Perf.
7,6,92.0,98.0,16.0,3.00,Strong Perf.
14,9,92.0,98.0,16.0,3.00,Strong Perf.
29,16,92.0,98.0,16.0,3.00,Strong Perf.
54,28,92.0,98.0,16.0,3.00,Strong Perf.
79,41,92.0,98.0,16.0,3.00,Strong Perf.
91,46,92.0,98.0,16.0,3.00,Strong Perf.
82,42,92.0,98.0,16.0,3.00,Strong Perf.
61,32,92.0,98.0,16.0,3.00,Strong Perf.
42,23,92.0,98.0,16.0,3.00,Strong Perf.
28,16,92.0,98.0,16.0,3.00,Strong Perf.
9,7,92.0,98.0,16.0,3.00,Strong Perf.
30,17,92.0,98.0,16.0,3.00,Strong Perf.
53,28,92.0,98.0,16.0,3.00,Strong Perf.
55,30,92.0,98.0,16.0,3.00,Strong Perf.
54,29,92.0,98.0,16.0,3.00,Strong Perf.
48,26,92.0,98.0,16.0,3.00,Strong Perf.
40,22,92.0,98.0,16.0,3.00,Strong Perf.
32,18,92.0,98.0,16.0,3.00,Strong Perf.
24,14,92.0,98.0,16.0,3.00,Strong Perf.
17,11,92.0,98.0,16.0,3.00,Strong Perf.
13,9,92.0,98.0,16.0,3.00,Strong Perf.
9,8,92.0,98.0,16.0,3.00,Strong Perf.
8,7,92.0,98.0,16.0,3.00,Strong Perf.
7,6,92.0,98.0,16.0,3.00,Strong Perf.
6,6,92.0,98.0,16.0,3.00,Strong Perf.
6,6,92.0,98.0,16.0,3.00,Strong Perf.
6,6,92.0,98.0,16.0,3.00,Strong Perf.
6,6,92.0,98.0,16.0,3.00,Strong Perf.
6,6,92.0,98.0,16.0,3.00,Strong Perf.
6,6,92.0,98.0,16.0,3.00,Strong Perf.
6,6,92.0,98.0,16.0,3.00,Strong Perf.
5,5,92.0,98.0,16.0,3.00,Strong Perf.
5,5,92.0,98.0,16.0,3.00,Strong Perf.
5,5,92.0,98.0,16.0,3.00,Strong Perf.
8,6,92.0,98.0,16.0,3.00,Strong Perf.
14,9,92.0,98.0,16.0,3.00,Strong Perf.
29,16,92.0,98.0,16.0,3.00,Strong Perf.
52,27,92.0,98.0,16.0,3.00,Strong Perf.
73,38,92.0,98.0,16.0,3.00,Strong Perf.
78,40,92.0,98.0,16.0,3.00,Strong Perf.
65,33,92.0,98.0,16.0,3.00,Strong Perf.
44,24,92.0,98.0,16.0,3.00,Strong Perf.
30,17,92.0,98.0,16.0,3.00,Strong Perf.
13,8,92.0,98.0,16.0,3.00,Strong Perf.
12,8,92.0,98.0,16.0,3.00,Strong Perf.
36,19,92.0,98.0,16.0,3.00,Strong Perf.
43,22,92.0,98.0,16.0,3.00,Strong Perf.
44,23,92.0,98.0,16.0,3.00,Strong Perf.
41,21,92.0,98.0,16.0,3.00,Strong Perf.
35,18,92.0,98.0,16.0,3.00,Strong Perf.
28,15,92.0,98.0,16.0,3.00,Strong Perf.
20,11,92.0,98.0,16.0,3.00,Strong Perf.
14,8,92.0,98.0,16.0,3.00,Strong Perf.
9,5,92.0,98.0,16.0,3.00,Strong Perf.
5,4,92.0,98.0,16.0,3.00,Strong Perf.
3,2,92.0,98.0,16.0,3.00,Strong Perf.
2,2,92.0,98.0,16.0,3.00,Strong Perf.
1,1,92.0,98.0,16.0,3.00,Strong Perf.
1,1,92.0,98.0,16.0,3.00,Strong Perf.
1,1,92.0,98.0,16.0,3.00,Strong Perf.
0,0,92.0,98.0,16.0,3.00,Strong Perf.
0,0,92.0,98.0,16.0,3.00,Strong Perf.
0,0,92.0,98.0,16.0,3.00,Strong Perf.
0,0,92.0,98.0,16.0,3.00,Strong Perf.
0,0,92.0,98.0,16.0,3.00,Strong Perf.
0,0,92.0,98.0,16.0,3.00,Strong Perf.
0,0,92.0,98.0,16.0,3.00,Strong Perf.
4,1,92.0,98.0,16.0,3.00,Strong Perf.
15,6,92.0,98.0,16.0,3.00,Strong Perf.
33,15,92.0,98.0,16.0,3.00,Strong Perf.
50,23,92.0,98.0,16.0,3.00,Strong Perf.
54,25,92.0,98.0,16.0,3.00,Strong Perf.
42,19,92.0,98.0,16.0,3.00,Strong Perf.
26,11,92.0,98.0,16.0,3.00,Strong Perf.
15,6,92.0,98.0,16.0,3.00,Strong Perf.
0,-1,92.0,98.0,16.0,3.00,Strong Perf.
10,3,92.0,98.0,16.0,3.00,Strong Perf.
25,10,92.0,98.0,16.0,3.00,Strong Perf.
27,11,92.0,98.0,16.0,3.00,Strong Perf.
27,11,92.0,98.0,16.0,3.00,Strong Perf.
23,9,92.0,98.0,16.0,3.00,Strong Perf.
17,6,92.0,98.0,16.0,3.00,Strong Perf.
11,3,92.0,98.0,16.0,3.00,Strong Perf.
5,0,92.0,98.0,16.0,3.00,Strong Perf.
1,-1,92.0,98.0,16.0,3.00,Strong Perf.
-1,-3,92.0,98.0,16.0,3.00,Strong Perf.
-3,-4,92.0,98.0,16.0,3.00,Strong Perf.
-4,-5,92.0,98.0,16.0,3.00,Strong Perf.
-5,-5,92.0,98.0,16.0,3.00,Strong Perf.
-5,-5,92.0,98.0,16.0,3.00,Strong Perf.
-5,-5,92.0,98.0,16.0,3.00,Strong Perf.
-6,-6,92.0,98.0,16.0,3.00,Strong Perf.
-6,-6,92.0,98.0,16.0,3.00,Strong Perf.
-6,-6,92.0,98.0,16.0,3.00,Strong Perf.
-6,-6,92.0,98.0,16.0,3.00,Strong Perf.
-6,-6,92.0,98.0,16.0,3.00,Strong Perf.
-6,-6,92.0,98.0,16.0,3.00,Strong Perf.
-4,-5,92.0,98.0,16.0,3.00,Strong Perf.
2,-2,92.0,98.0,16.0,3.00,Strong Perf.
16,4,92.0,98.0,16.0,3.00,Strong Perf.
33,12,92.0,98.0,16.0,3.00,Strong Perf.
44,17,92.0,98.0,16.0,3.00,Strong Perf.
39,15,92.0,98.0,16.0,3.00,Strong Perf.
25,8,92.0,98.0,16.0,3.00,Strong Perf.
13,2,92.0,98.0,16.0,3.00,Strong Perf.
2,-2,92.0,98.0,16.0,3.00,Strong Perf.
-4,-6,92.0,98.0,16.0,3.00,Strong Perf.
14,2,92.0,98.0,16.0,3.00,Strong Perf.
21,6,92.0,98.0,16.0,3.00,Strong Perf.
23,7,92.0,98.0,16.0,3.00,Strong Perf.
21,6,92.0,98.0,16.0,3.00,Strong Perf.
17,4,92.0,98.0,16.0,3.00,Strong Perf.
11,1,92.0,98.0,16.0,3.00,Strong Perf.
6,-1,92.0,98.0,16.0,3.00,Strong Perf.
0,-3,92.0,98.0,16.0,3.00,Strong Perf.
-2,-5,92.0,98.0,16.0,3.00,Strong Perf.
-5,-6,92.0,98.0,16.0,3.00,Strong Perf.
-6,-7,92.0,98.0,16.0,3.00,Strong Perf.
-7,-7,92.0,98.0,16.0,3.00,Strong Perf.
-7,-7,92.0,98.0,16.0,3.00,Strong Perf.
-7,-7,92.0,98.0,16.0,3.00,Strong Perf.
-7,-7,92.0,98.0,16.0,3.00,Strong Perf.
-7,-7,92.0,98.0,16.0,3.00,Strong Perf.
-7,-7,92.0,98.0,16.0,3.00,Strong Perf.
-7,-7,92.0,98.0,16.0,3.00,Strong Perf.
-6,-6,92.0,98.0,16.0,3.00,Strong Perf.
-6,-6,92.0,98.0,16.0,3.00,Strong Perf.
-6,-6,92.0,98.0,16.0,3.00,Strong Perf.
-4,-5,92.0,98.0,16.0,3.00,Strong Perf.
1,-2,92.0,98.0,16.0,3.00,Strong Perf.
14,3,92.0,98.0,16.0,3.00,Strong Perf.
35,13,92.0,98.0,16.0,3.00,Strong Perf.
53,22,92.0,98.0,16.0,3.00,Strong Perf.
57,24,92.0,98.0,16.0,3.00,Strong Perf.
45,19,92.0,98.0,16.0,3.00,Strong Perf.
28,11,92.0,98.0,16.0,3.00,Strong Perf.
17,5,92.0,98.0,16.0,3.00,Strong Perf.
1,-1,92.0,98.0,16.0,3.00,Strong Perf.
6,0,92.0,98.0,16.0,3.00,Strong Perf.
28,11,92.0,98.0,16.0,3.00,Strong Perf.
35,15,92.0,98.0,16.0,3.00,Strong Perf.
35,15,92.0,98.0,16.0,3.00,Strong Perf.
31,13,92.0,98.0,16.0,3.00,Strong Perf.
25,10,92.0,98.0,16.0,3.00,Strong Perf.
18,7,92.0,98.0,16.0,3.00,Strong Perf.
11,4,92.0,98.0,16.0,3.00,Strong Perf.
6,1,92.0,98.0,16.0,3.00,Strong Perf.
2,0,92.0,98.0,16.0,3.00,Strong Perf.
0,0,92.0,98.0,16.0,3.00,Strong Perf.
0,-1,92.0,98.0,16.0,3.00,Strong Perf.
0,-1,92.0,98.0,16.0,3.00,Strong Perf.
0,0,92.0,98.0,16.0,3.00,Strong Perf.
0,0,92.0,98.0,16.0,3.00,Strong Perf.
0,0,92.0,98.0,16.0,3.00,Strong Perf.
0,0,92.0,98.0,16.0,3.00,Strong Perf.
0,0,92.0,98.0,16.0,3.00,Strong Perf.
0,0,92.0,98.0,16.0,3.00,Strong Perf.
0,0,92.0,98.0,16.0,3.00,Strong Perf.
1,1,92.0,98.0,16.0,3.00,Strong Perf.
1,1,92.0,98.0,16.0,3.00,Strong Perf.
4,2,92.0,98.0,16.0,3.00,Strong Perf.
10,6,92.0,98.0,16.0,3.00,Strong Perf.
25,13,92.0,98.0,16.0,3.00,Strong Perf.
49,24,92.0,98.0,16.0,3.00,Strong Perf.
73,36,92.0,98.0,16.0,3.00,Strong Perf.
84,41,92.0,98.0,16.0,3.00,Strong Perf.
74,37,92.0,98.0,16.0,3.00,Strong Perf.
54,28,92.0,98.0,16.0,3.00,Strong Perf.
37,20,92.0,98.0,16.0,3.00,Strong Perf.
23,13,92.0,98.0,16.0,3.00,Strong Perf.
7,5,92.0,98.0,16.0,3.00,Strong Perf.
32,18,92.0,98.0,16.0,3.00,Strong Perf.
49,26,92.0,98.0,16.0,3.00,Strong Perf.
53,28,92.0,98.0,16.0,3.00,Strong Perf.
53,28,92.0,98.0,16.0,3.00,Strong Perf.
49,26,92.0,98.0,16.0,3.00,Strong Perf.
42,23,92.0,98.0,16.0,3.00,Strong Perf.
34,19,92.0,98.0,16.0,3.00,Strong Perf.
26,15,92.0,98.0,16.0,3.00,Strong Perf.
19,12,92.0,98.0,16.0,3.00,Strong Perf.
14,10,92.0,98.0,16.0,3.00,Strong Perf.
11,9,92.0,98.0,16.0,3.00,Strong Perf.
9,8,92.0,98.0,16.0,3.00,Strong Perf.
8,7,92.0,98.0,16.0,3.00,Strong Perf.
7,7,92.0,98.0,16.0,3.00,Strong Perf.
7,7,92.0,98.0,16.0,3.00,Strong Perf.
8,7,92.0,98.0,16.0,3.00,Strong Perf.
8,8,92.0,98.0,16.0,3.00,Strong Perf.
8,8,92.0,98.0,16.0,3.00,Strong Perf.
8,8,92.0,98.0,16.0,3.00,Strong Perf.
8,8,92.0,98.0,16.0,3.00,Strong Perf.
8,8,92.0,98.0,16.0,3.00,Strong Perf.
8,8,92.0,98.0,16.0,3.00,Strong Perf.
8,8,92.0,98.0,16.0,3.00,Strong Perf.
13,11,92.0,98.0,16.0,3.00,Strong Perf.
24,16,92.0,98.0,16.0,3.00,Strong Perf.
44,26,92.0,98.0,16.0,3.00,Strong Perf.
71,38,92.0,98.0,16.0,3.00,Strong Perf.
90,48,92.0,98.0,16.0,3.00,Strong Perf.
91,48,92.0,98.0,16.0,3.00,Strong Perf.
73,40,92.0,98.0,16.0,3.00,Strong Perf.
52,29,92.0,98.0,16.0,3.00,Strong Perf.
37,22,92.0,98.0,16.0,3.00,Strong Perf.
18,13,92.0,98.0,16.0,3.00,Strong Perf.
19,14,92.0,98.0,16.0,3.00,Strong Perf.
46,27,92.0,98.0,16.0,3.00,Strong Perf.
55,31,92.0,98.0,16.0,3.00,Strong Perf.
56,31,92.0,98.0,16.0,3.00,Strong Perf.
54,30,92.0,98.0,16.0,3.00,Strong Perf.
48,27,92.0,98.0,16.0,3.00,Strong Perf.
40,24,92.0,98.0,16.0,3.00,Strong Perf.
32,19,92.0,98.0,16.0,3.00,Strong Perf.
24,16,92.0,98.0,16.0,3.00,Strong Perf.
18,13,92.0,98.0,16.0,3.00,Strong Perf.
12,10,92.0,98.0,16.0,3.00,Strong Perf.
10,8,92.0,98.0,16.0,3.00,Strong Perf.
8,8,92.0,98.0,16.0,3.00,Strong Perf.
7,7,92.0,98.0,16.0,3.00,Strong Perf.
7,7,92.0,98.0,16.0,3.00,Strong Perf.
7,7,92.0,98.0,16.0,3.00,Strong Perf.
7,7,92.0,98.0,16.0,3.00,Strong Perf.
6,6,92.0,98.0,16.0,3.00,Strong Perf.
6,6,92.0,98.0,16.0,3.00,Strong Perf.
6,6,92.0,98.0,16.0,3.00,Strong Perf.
6,6,92.0,98.0,16.0,3.00,Strong Perf.
5,5,92.0,98.0,16.0,3.00,Strong Perf.
5,5,92.0,98.0,16.0,3.00,Strong Perf.
5,5,92.0,98.0,16.0,3.00,Strong Perf.
11,8,92.0,98.0,16.0,3.00,Strong Perf.
23,13,92.0,98.0,16.0,3.00,Strong Perf.
43,23,92.0,98.0,16.0,3.00,Strong Perf.
64,33,92.0,98.0,16.0,3.00,Strong Perf.
73,37,92.0,98.0,16.0,3.00,Strong Perf.
63,32,92.0,98.0,16.0,3.00,Strong Perf.
44,23,92.0,98.0,16.0,3.00,Strong Perf.
29,15,92.0,98.0,16.0,3.00,Strong Perf.
15,8,92.0,98.0,16.0,3.00,Strong Perf.
6,4,92.0,98.0,16.0,3.00,Strong Perf.
29,15,92.0,98.0,16.0,3.00,Strong Perf.
37,19,92.0,98.0,16.0,3.00,Strong Perf.
39,19,92.0,98.0,16.0,3.00,Strong Perf.
37,18,92.0,98.0,16.0,3.00,Strong Perf.
32,15,92.0,98.0,16.0,3.00,Strong Perf.
25,12,92.0,98.0,16.0,3.00,Strong Perf.
18,8,92.0,98.0,16.0,3.00,Strong Perf.
11,5,92.0,98.0,16.0,3.00,Strong Perf.
6,2,92.0,98.0,16.0,3.00,Strong Perf.
2,0,92.0,98.0,16.0,3.00,Strong Perf.
0,0,92.0,98.0,16.0,3.00,Strong Perf.
0,-1,92.0,98.0,16.0,3.00,Strong Perf.
-1,-1,92.0,98.0,16.0,3.00,Strong Perf.
-2,-2,92.0,98.0,16.0,3.00,Strong Perf.
-2,-2,92.0,98.0,16.0,3.00,Strong Perf.
-2,-2,92.0,98.0,16.0,3.00,Strong Perf.
-3,-3,92.0,98.0,16.0,3.00,Strong Perf.
-3,-3,92.0,98.0,16.0,3.00,Strong Perf.
-3,-3,92.0,98.0,16.0,3.00,Strong Perf.
-4,-4,92.0,98.0,16.0,3.00,Strong Perf.
-4,-4,92.0,98.0,16.0,3.00,Strong Perf.
-4,-4,92.0,98.0,16.0,3.00,Strong Perf.
-1,-3,92.0,98.0,16.0,3.00,Strong Perf.
6,0,92.0,98.0,16.0,3.00,Strong Perf.
21,7,92.0,98.0,16.0,3.00,Strong Perf.
38,15,92.0,98.0,16.0,3.00,Strong Perf.
47,19,92.0,98.0,16.0,3.00,Strong Perf.
41,16,92.0,98.0,16.0,3.00,Strong Perf.
26,9,92.0,98.0,16.0,3.00,Strong Perf.
14,3,92.0,98.0,16.0,3.00,Strong Perf.
4,-1,92.0,98.0,16.0,3.00,Strong Perf.
-5,-6,92.0,98.0,16.0,3.00,Strong Perf.
12,2,92.0,98.0,16.0,3.00,Strong Perf.
20,5,92.0,98.0,16.0,3.00,Strong Perf.
22,6,92.0,98.0,16.0,3.00,Strong Perf.
20,5,92.0,98.0,16.0,3.00,Strong Perf.
17,3,92.0,98.0,16.0,3.00,Strong Perf.
11,1,92.0,98.0,16.0,3.00,Strong Perf.
5,-1,92.0,98.0,16.0,3.00,Strong Perf.
0,-4,92.0,98.0,16.0,3.00,Strong Perf.
-3,-6,92.0,98.0,16.0,3.00,Strong Perf.
-6,-7,92.0,98.0,16.0,3.00,Strong Perf.
-7,-8,92.0,98.0,16.0,3.00,Strong Perf.
-8,-9,92.0,98.0,16.0,3.00,Strong Perf.
-9,-9,92.0,98.0,16.0,3.00,Strong Perf.
-9,-9,92.0,98.0,16.0,3.00,Strong Perf.
-9,-9,92.0,98.0,16.0,3.00,Strong Perf.
-9,-9,92.0,98.0,16.0,3.00,Strong Perf.
-9,-9,92.0,98.0,16.0,3.00,Strong Perf.
-10,-10,92.0,98.0,16.0,3.00,Strong Perf.
-10,-10,92.0,98.0,16.0,3.00,Strong Perf.
-10,-10,92.0,98.0,16.0,3.00,Strong Perf.
-10,-10,92.0,98.0,16.0,3.00,Strong Perf.
-10,-10,92.0,98.0,16.0,3.00,Strong Perf.
-7,-8,92.0,98.0,16.0,3.00,Strong Perf.
-1,-5,92.0,98.0,16.0,3.00,Strong Perf.
11,0,92.0,98.0,16.0,3.00,Strong Perf.
29,9,92.0,98.0,16.0,3.00,Strong Perf.
42,15,92.0,98.0,16.0,3.00,Strong Perf.
41,14,92.0,98.0,16.0,3.00,Strong Perf.
27,8,92.0,98.0,16.0,3.00,Strong Perf.
14,2,92.0,98.0,16.0,3.00,Strong Perf.
4,-2,92.0,98.0,16.0,3.00,Strong Perf.
-1,-5,92.0,98.0,16.0,3.00,Strong Perf.
17,3,92.0,98.0,16.0,3.00,Strong Perf.
23,6,92.0,98.0,16.0,3.00,Strong Perf.
24,7,92.0,98.0,16.0,3.00,Strong Perf.
22,6,92.0,98.0,16.0,3.00,Strong Perf.
17,4,92.0,98.0,16.0,3.00,Strong Perf.
11,1,92.0,98.0,16.0,3.00,Strong Perf.
5,-1,92.0,98.0,16.0,3.00,Strong Perf.
0,-3,92.0,98.0,16.0,3.00,Strong Perf.
-2,-5,92.0,98.0,16.0,3.00,Strong Perf.
-4,-6,92.0,98.0,16.0,3.00,Strong Perf.
-5,-6,92.0,98.0,16.0,3.00,Strong Perf.
-6,-6,92.0,98.0,16.0,3.00,Strong Perf.
-6,-6,92.0,98.0,16.0,3.00,Strong Perf.
-6,-6,92.0,98.0,16.0,3.00,Strong Perf.
-5,-5,92.0,98.0,16.0,3.00,Strong Perf.
-5,-5,92.0,98.0,16.0,3.00,Strong Perf.
-5,-5,92.0,98.0,16.0,3.00,Strong Perf.
-5,-5,92.0,98.0,16.0,3.00,Strong Perf.
-4,-4,92.0,98.0,16.0,3.00,Strong Perf.
-4,-4,92.0,98.0,16.0,3.00,Strong Perf.
-4,-4,92.0,98.0,16.0,3.00,Strong Perf.
-1,-2,92.0,98.0,16.0,3.00,Strong Perf.
5,0,92.0,98.0,16.0,3.00,Strong Perf.
19,7,92.0,98.0,16.0,3.00,Strong Perf.
42,18,92.0,98.0,16.0,3.00,Strong Perf.
62,28,92.0,98.0,16.0,3.00,Strong Perf.
66,30,92.0,98.0,16.0,3.00,Strong Perf.
52,24,92.0,98.0,16.0,3.00,Strong Perf.
34,15,92.0,98.0,16.0,3.00,Strong Perf.
21,9,92.0,98.0,16.0,3.00,Strong Perf.
4,1,92.0,98.0,16.0,3.00,Strong Perf.
15,7,92.0,98.0,16.0,3.00,Strong Perf.
36,17,92.0,98.0,16.0,3.00,Strong Perf.
42,20,92.0,98.0,16.0,3.00,Strong Perf.
43,21,92.0,98.0,16.0,3.00,Strong Perf.
40,20,92.0,98.0,16.0,3.00,Strong Perf.
34,17,92.0,98.0,16.0,3.00,Strong Perf.
26,13,92.0,98.0,16.0,3.00,Strong Perf.
19,10,92.0,98.0,16.0,3.00,Strong Perf.
13,7,92.0,98.0,16.0,3.00,Strong Perf.
9,5,92.0,98.0,16.0,3.00,Strong Perf.
6,4,92.0,98.0,16.0,3.00,Strong Perf.
5,4,92.0,98.0,16.0,3.00,Strong Perf.
4,4,92.0,98.0,16.0,3.00,Strong Perf.
4,4,92.0,98.0,16.0,3.00,Strong Perf.
4,4,92.0,98.0,16.0,3.00,Strong Perf.
5,5,92.0,98.0,16.0,3.00,Strong Perf.
5,5,92.0,98.0,16.0,3.00,Strong Perf.
5,5,92.0,98.0,16.0,3.00,Strong Perf.
5,5,92.0,98.0,16.0,3.00,Strong Perf.
6,6,92.0,98.0,16.0,3.00,Strong Perf.
6,6,92.0,98.0,16.0,3.00,Strong Perf.
6,6,92.0,98.0,16.0,3.00,Strong Perf.
12,9,92.0,98.0,16.0,3.00,Strong Perf.
23,14,92.0,98.0,16.0,3.00,Strong Perf.
43,25,92.0,98.0,16.0,3.00,Strong Perf.
70,38,92.0,98.0,16.0,3.00,Strong Perf.
90,47,92.0,98.0,16.0,3.00,Strong Perf.
89,47,92.0,98.0,16.0,3.00,Strong Perf.
71,38,92.0,98.0,16.0,3.00,Strong Perf.
50,28,92.0,98.0,16.0,3.00,Strong Perf.
36,22,92.0,98.0,16.0,3.00,Strong Perf.
15,12,92.0,98.0,16.0,3.00,Strong Perf.
25,17,92.0,98.0,16.0,3.00,Strong Perf.
51,29,92.0,98.0,16.0,3.00,Strong Perf.
58,33,92.0,98.0,16.0,3.00,Strong Perf.
59,33,92.0,98.0,16.0,3.00,Strong Perf.
56,32,92.0,98.0,16.0,3.00,Strong Perf.
50,29,92.0,98.0,16.0,3.00,Strong Perf.
42,25,92.0,98.0,16.0,3.00,Strong Perf.
33,21,92.0,98.0,16.0,3.00,Strong Perf.
25,17,92.0,98.0,16.0,3.00,Strong Perf.
19,14,92.0,98.0,16.0,3.00,Strong Perf.
15,13,92.0,98.0,16.0,3.00,Strong Perf.
13,11,92.0,98.0,16.0,3.00,Strong Perf.
11,11,92.0,98.0,16.0,3.00,Strong Perf.
11,11,92.0,98.0,16.0,3.00,Strong Perf.
10,10,92.0,98.0,16.0,3.00,Strong Perf.
10,10,92.0,98.0,16.0,3.00,Strong Perf.
10,10,92.0,98.0,16.0,3.00,Strong Perf.
10,10,92.0,98.0,16.0,3.00,Strong Perf.
10,10,92.0,98.0,16.0,3.00,Strong Perf.
10,10,92.0,98.0,16.0,3.00,Strong Perf.
10,10,92.0,98.0,16.0,3.00,Strong Perf.
10,10,92.0,98.0,16.0,3.00,Strong Perf.
10,10,92.0,98.0,16.0,3.00,Strong Perf.
12,11,92.0,98.0,16.0,3.00,Strong Perf.
17,13,92.0,98.0,16.0,3.00,Strong Perf.
30,19,92.0,98.0,16.0,3.00,Strong Perf.
52,30,92.0,98.0,16.0,3.00,Strong Perf.
77,42,92.0,98.0,16.0,3.00,Strong Perf.
91,48,92.0,98.0,16.0,3.00,Strong Perf.
84,45,92.0,98.0,16.0,3.00,Strong Perf.
65,35,92.0,98.0,16.0,3.00,Strong Perf.
45,26,92.0,98.0,16.0,3.00,Strong Perf.
32,20,92.0,98.0,16.0,3.00,Strong Perf.
12,10,92.0,98.0,16.0,3.00,Strong Perf.
25,16,92.0,98.0,16.0,3.00,Strong Perf.
47,26,92.0,98.0,16.0,3.00,Strong Perf.
52,29,92.0,98.0,16.0,3.00,Strong Perf.
53,29,92.0,98.0,16.0,3.00,Strong Perf.
47,26,92.0,98.0,16.0,3.00,Strong Perf.
39,22,92.0,98.0,16.0,3.00,Strong Perf.
31,18,92.0,98.0,16.0,3.00,Strong Perf.
23,14,92.0,98.0,16.0,3.00,Strong Perf.
17,11,92.0,98.0,16.0,3.00,Strong Perf.
12,8,92.0,98.0,16.0,3.00,Strong Perf.
8,6,92.0,98.0,16.0,3.00,Strong Perf.
6,5,92.0,98.0,16.0,3.00,Strong Perf.
5,4,92.0,98.0,16.0,3.00,Strong Perf.
4,4,92.0,98.0,16.0,3.00,Strong Perf.
3,3,92.0,98.0,16.0,3.00,Strong Perf.
3,3,92.0,98.0,16.0,3.00,Strong Perf.
3,3,92.0,98.0,16.0,3.00,Strong Perf.
2,2,92.0,98.0,16.0,3.00,Strong Perf.
2,2,92.0,98.0,16.0,3.00,Strong Perf.
1,1,92.0,98.0,16.0,3.00,Strong Perf.
1,1,92.0,98.0,16.0,3.00,Strong Perf.
1,1,92.0,98.0,16.0,3.00,Strong Perf.
0,0,92.0,98.0,16.0,3.00,Strong Perf.
0,0,92.0,98.0,16.0,3.00,Strong Perf.
5,2,92.0,98.0,16.0,3.00,Strong Perf.
16,7,92.0,98.0,16.0,3.00,Strong Perf.
34,16,92.0,98.0,16.0,3.00,Strong Perf.
53,25,92.0,98.0,16.0,3.00,Strong Perf.
62,29,92.0,98.0,16.0,3.00,Strong Perf.
54,25,92.0,98.0,16.0,3.00,Strong Perf.
36,16,92.0,98.0,16.0,3.00,Strong Perf.
22,9,92.0,98.0,16.0,3.00,Strong Perf.
9,3,92.0,98.0,16.0,3.00,Strong Perf.
0,-1,92.0,98.0,16.0,3.00,Strong Perf.
19,7,92.0,98.0,16.0,3.00,Strong Perf.
28,11,92.0,98.0,16.0,3.00,Strong Perf.
30,12,92.0,98.0,16.0,3.00,Strong Perf.
28,11,92.0,98.0,16.0,3.00,Strong Perf.
24,8,92.0,98.0,16.0,3.00,Strong Perf.
18,5,92.0,98.0,16.0,3.00,Strong Perf.
11,2,92.0,98.0,16.0,3.00,Strong Perf.
5,0,92.0,98.0,16.0,3.00,Strong Perf.
0,-3,92.0,98.0,16.0,3.00,Strong Perf.
-2,-4,92.0,98.0,16.0,3.00,Strong Perf.
-5,-6,92.0,98.0,16.0,3.00,Strong Perf.
-6,-6,92.0,98.0,16.0,3.00,Strong Perf.
-7,-7,92.0,98.0,16.0,3.00,Strong Perf.
-7,-7,92.0,98.0,16.0,3.00,Strong Perf.
-8,-8,92.0,98.0,16.0,3.00,Strong Perf.
-8,-8,92.0,98.0,16.0,3.00,Strong Perf.
-8,-8,92.0,98.0,16.0,3.00,Strong Perf.
-9,-9,92.0,98.0,16.0,3.00,Strong Perf.
-9,-9,92.0,98.0,16.0,3.00,Strong Perf.
-9,-9,92.0,98.0,16.0,3.00,Strong Perf.
-9,-9,92.0,98.0,16.0,3.00,Strong Perf.
-9,-9,92.0,98.0,16.0,3.00,Strong Perf.
-6,-8,92.0,98.0,16.0,3.00,Strong Perf.
0,-4,92.0,98.0,16.0,3.00,Strong Perf.
15,2,92.0,98.0,16.0,3.00,Strong Perf.
33,10,92.0,98.0,16.0,3.00,Strong Perf.
41,14,92.0,98.0,16.0,3.00,Strong Perf.
33,10,92.0,98.0,16.0,3.00,Strong Perf.
18,3,92.0,98.0,16.0,3.00,Strong Perf.
7,-1,92.0,98.0,16.0,3.00,Strong Perf.
-5,-8,92.0,98.0,16.0,3.00,Strong Perf.
-2,-6,92.0,98.0,16.0,3.00,Strong Perf.
14,1,92.0,98.0,16.0,3.00,Strong Perf.
18,3,92.0,98.0,16.0,3.00,Strong Perf.
18,3,92.0,98.0,16.0,3.00,Strong Perf.
15,1,92.0,98.0,16.0,3.00,Strong Perf.
10,0,92.0,98.0,16.0,3.00,Strong Perf.
5,-3,92.0,98.0,16.0,3.00,Strong Perf.
0,-5,92.0,98.0,16.0,3.00,Strong Perf.
-4,-7,92.0,98.0,16.0,3.00,Strong Perf.
-7,-9,92.0,98.0,16.0,3.00,Strong Perf.
-9,-10,92.0,98.0,16.0,3.00,Strong Perf.
-10,-10,92.0,98.0,16.0,3.00,Strong Perf.
-10,-10,92.0,98.0,16.0,3.00,Strong Perf.
-10,-10,92.0,98.0,16.0,3.00,Strong Perf.
-10,-10,92.0,98.0,16.0,3.00,Strong Perf.
-10,-10,92.0,98.0,16.0,3.00,Strong Perf.
-10,-10,92.0,98.0,16.0,3.00,Strong Perf.
-9,-9,92.0,98.0,16.0,3.00,Strong Perf.
-9,-9,92.0,98.0,16.0,3.00,Strong Perf.
-9,-9,92.0,98.0,16.0,3.00,Strong Perf.
-9,-9,92.0,98.0,16.0,3.00,Strong Perf.
-7,-8,92.0,98.0,16.0,3.00,Strong Perf.
-2,-5,92.0,98.0,16.0,3.00,Strong Perf.
10,0,92.0,98.0,16.0,3.00,Strong Perf.
30,10,92.0,98.0,16.0,3.00,Strong Perf.
46,18,92.0,98.0,16.0,3.00,Strong Perf.
45,17,92.0,98.0,16.0,3.00,Strong Perf.
22,7,92.0,98.0,16.0,3.00,Strong Perf.
11,1,92.0,98.0,16.0,3.00,Strong Perf.
-3,-5,92.0,98.0,16.0,3.00,Strong Perf.
10,1,92.0,98.0,16.0,3.00,Strong Perf.
25,8,92.0,98.0,16.0,3.00,Strong Perf.
28,10,92.0,98.0,16.0,3.00,Strong Perf.
28,10,92.0,98.0,16.0,3.00,Strong Perf.
24,9,92.0,98.0,16.0,3.00,Strong Perf.
18,6,92.0,98.0,16.0,3.00,Strong Perf.
11,3,92.0,98.0,16.0,3.00,Strong Perf.
5,0,92.0,98.0,16.0,3.00,Strong Perf.
1,-1,92.0,98.0,16.0,3.00,Strong Perf.
0,-2,92.0,98.0,16.0,3.00,Strong Perf.
-1,-2,92.0,98.0,16.0,3.00,Strong Perf.
-2,-2,92.0,98.0,16.0,3.00,Strong Perf.
-2,-2,92.0,98.0,16.0,3.00,Strong Perf.
-1,-1,92.0,98.0,16.0,3.00,Strong Perf.
-1,-1,92.0,98.0,16.0,3.00,Strong Perf.
-1,-1,92.0,98.0,16.0,3.00,Strong Perf.
0,0,92.0,98.0,16.0,3.00,Strong Perf.
0,0,92.0,98.0,16.0,3.00,Strong Perf.
0,0,92.0,98.0,16.0,3.00,Strong Perf.
0,0,92.0,98.0,16.0,3.00,Strong Perf.
2,1,92.0,98.0,16.0,3.00,Strong Perf.
7,4,92.0,98.0,16.0,3.00,Strong Perf.
20,10,92.0,98.0,16.0,3.00,Strong Perf.
42,21,92.0,98.0,16.0,3.00,Strong Perf.
65,32,92.0,98.0,16.0,3.00,Strong Perf.
75,37,92.0,98.0,16.0,3.00,Strong Perf.
65,33,92.0,98.0,16.0,3.00,Strong Perf.
46,24,92.0,98.0,16.0,3.00,Strong Perf.
32,17,92.0,98.0,16.0,3.00,Strong Perf.
16,10,92.0,98.0,16.0,3.00,Strong Perf.
10,7,92.0,98.0,16.0,3.00,Strong Perf.
37,20,92.0,98.0,16.0,3.00,Strong Perf.
47,25,92.0,98.0,16.0,3.00,Strong Perf.
50,27,92.0,98.0,16.0,3.00,Strong Perf.
49,26,92.0,98.0,16.0,3.00,Strong Perf.
43,24,92.0,98.0,16.0,3.00,Strong Perf.
36,20,92.0,98.0,16.0,3.00,Strong Perf.
28,17,92.0,98.0,16.0,3.00,Strong Perf.
21,13,92.0,98.0,16.0,3.00,Strong Perf.
13,10,92.0,98.0,16.0,3.00,Strong Perf.
11,9,92.0,98.0,16.0,3.00,Strong Perf.
9,8,92.0,98.0,16.0,3.00,Strong Perf.
9,8,92.0,98.0,16.0,3.00,Strong Perf.
8,8,92.0,98.0,16.0,3.00,Strong Perf.
8,8,92.0,98.0,16.0,3.00,Strong Perf.
9,9,92.0,98.0,16.0,3.00,Strong Perf.
9,9,92.0,98.0,16.0,3.00,Strong Perf.
9,9,92.0,98.0,16.0,3.00,Strong Perf.
9,9,92.0,98.0,16.0,3.00,Strong Perf.
9,9,92.0,98.0,16.0,3.00,Strong Perf.
10,10,92.0,98.0,16.0,3.00,Strong Perf.
10,10,92.0,98.0,16.0,3.00,Strong Perf.
12,11,92.0,98.0,16.0,3.00,Strong Perf.
17,14,92.0,98.0,16.0,3.00,Strong Perf.
30,20,92.0,98.0,16.0,3.00,Strong Perf.
53,31,92.0,98.0,16.0,3.00,Strong Perf.
79,43,92.0,98.0,16.0,3.00,Strong Perf.
95,51,92.0,98.0,16.0,3.00,Strong Perf.
91,49,92.0,98.0,16.0,3.00,Strong Perf.
72,40,92.0,98.0,16.0,3.00,Strong Perf.
52,30,92.0,98.0,16.0,3.00,Strong Perf.
38,24,92.0,98.0,16.0,3.00,Strong Perf.
17,14,92.0,98.0,16.0,3.00,Strong Perf.
25,17,92.0,98.0,16.0,3.00,Strong Perf.
51,30,92.0,98.0,16.0,3.00,Strong Perf.
59,34,92.0,98.0,16.0,3.00,Strong Perf.
61,35,92.0,98.0,16.0,3.00,Strong Perf.
58,33,92.0,98.0,16.0,3.00,Strong Perf.
53,31,92.0,98.0,16.0,3.00,Strong Perf.
45,27,92.0,98.0,16.0,3.00,Strong Perf.
36,23,92.0,98.0,16.0,3.00,Strong Perf.
28,19,92.0,98.0,16.0,3.00,Strong Perf.
21,15,92.0,98.0,16.0,3.00,Strong Perf.
16,13,92.0,98.0,16.0,3.00,Strong Perf.
13,11,92.0,98.0,16.0,3.00,Strong Perf.
11,10,92.0,98.0,16.0,3.00,Strong Perf.
10,10,92.0,98.0,16.0,3.00,Strong Perf.
10,9,92.0,98.0,16.0,3.00,Strong Perf.
9,9,92.0,98.0,16.0,3.00,Strong Perf.
9,9,92.0,98.0,16.0,3.00,Strong Perf.
9,9,92.0,98.0,16.0,3.00,Strong Perf.
8,8,92.0,98.0,16.0,3.00,Strong Perf.
8,8,92.0,98.0,16.0,3.00,Strong Perf.
8,8,92.0,98.0,16.0,3.00,Strong Perf.
8,8,92.0,98.0,16.0,3.00,Strong Perf.
7,7,92.0,98.0,16.0,3.00,Strong Perf.
7,7,92.0,98.0,16.0,3.00,Strong Perf.
9,8,92.0,98.0,16.0,3.00,Strong Perf.
15,10,92.0,98.0,16.0,3.00,Strong Perf.
28,17,92.0,98.0,16.0,3.00,Strong Perf.
52,28,92.0,98.0,16.0,3.00,Strong Perf.
75,39,92.0,98.0,16.0,3.00,Strong Perf.
84,43,92.0,98.0,16.0,3.00,Strong Perf.
73,37,92.0,98.0,16.0,3.00,Strong Perf.
51,27,92.0,98.0,16.0,3.00,Strong Perf.
28,16,92.0,98.0,16.0,3.00,Strong Perf.
8,6,92.0,98.0,16.0,3.00,Strong Perf.
20,11,92.0,98.0,16.0,3.00,Strong Perf.
41,21,92.0,98.0,16.0,3.00,Strong Perf.
46,23,92.0,98.0,16.0,3.00,Strong Perf.
46,23,92.0,98.0,16.0,3.00,Strong Perf.
42,21,92.0,98.0,16.0,3.00,Strong Perf.
35,18,92.0,98.0,16.0,3.00,Strong Perf.
27,13,92.0,98.0,16.0,3.00,Strong Perf.
19,9,92.0,98.0,16.0,3.00,Strong Perf.
12,6,92.0,98.0,16.0,3.00,Strong Perf.
7,3,92.0,98.0,16.0,3.00,Strong Perf.
3,1,92.0,98.0,16.0,3.00,Strong Perf.
1,0,92.0,98.0,16.0,3.00,Strong Perf.
0,0,92.0,98.0,16.0,3.00,Strong Perf.
0,0,92.0,98.0,16.0,3.00,Strong Perf.
-1,-1,92.0,98.0,16.0,3.00,Strong Perf.
-1,-1,92.0,98.0,16.0,3.00,Strong Perf.
-2,-2,92.0,98.0,16.0,3.00,Strong Perf.
-2,-2,92.0,98.0,16.0,3.00,Strong Perf.
-3,-3,92.0,98.0,16.0,3.00,Strong Perf.
-3,-3,92.0,98.0,16.0,3.00,Strong Perf.
-3,-3,92.0,98.0,16.0,3.00,Strong Perf.
-4,-4,92.0,98.0,16.0,3.00,Strong Perf.
-4,-4,92.0,98.0,16.0,3.00,Strong Perf.
-1,-3,92.0,98.0,16.0,3.00,Strong Perf.
4,0,92.0,98.0,16.0,3.00,Strong Perf.
19,6,92.0,98.0,16.0,3.00,Strong Perf.
39,16,92.0,98.0,16.0,3.00,Strong Perf.
53,22,92.0,98.0,16.0,3.00,Strong Perf.
51,21,92.0,98.0,16.0,3.00,Strong Perf.
35,13,92.0,98.0,16.0,3.00,Strong Perf.
20,5,92.0,98.0,16.0,3.00,Strong Perf.
8,0,92.0,98.0,16.0,3.00,Strong Perf.
-5,-6,92.0,98.0,16.0,3.00,Strong Perf.
10,1,92.0,98.0,16.0,3.00,Strong Perf.
22,6,92.0,98.0,16.0,3.00,Strong Perf.
25,7,92.0,98.0,16.0,3.00,Strong Perf.
23,7,92.0,98.0,16.0,3.00,Strong Perf.
19,5,92.0,98.0,16.0,3.00,Strong Perf.
10,0,92.0,98.0,16.0,3.00,Strong Perf.
4,-2,92.0,98.0,16.0,3.00,Strong Perf.
0,-5,92.0,98.0,16.0,3.00,Strong Perf.
-4,-7,92.0,98.0,16.0,3.00,Strong Perf.
-7,-8,92.0,98.0,16.0,3.00,Strong Perf.
-8,-9,92.0,98.0,16.0,3.00,Strong Perf.
-9,-9,92.0,98.0,16.0,3.00,Strong Perf.
-10,-10,92.0,98.0,16.0,3.00,Strong Perf.
-10,-10,92.0,98.0,16.0,3.00,Strong Perf.
-10,-10,92.0,98.0,16.0,3.00,Strong Perf.
-10,-10,92.0,98.0,16.0,3.00,Strong Perf.
-10,-10,92.0,98.0,16.0,3.00,Strong Perf.
-10,-10,92.0,98.0,16.0,3.00,Strong Perf.
-10,-10,92.0,98.0,16.0,3.00,Strong Perf.
-10,-10,92.0,98.0,16.0,3.00,Strong Perf.
-10,-10,92.0,98.0,16.0,3.00,Strong Perf.
-9,-10,92.0,98.0,16.0,3.00,Strong Perf.
-5,-8,92.0,98.0,16.0,3.00,Strong Perf.
4,-3,92.0,98.0,16.0,3.00,Strong Perf.
21,4,92.0,98.0,16.0,3.00,Strong Perf.
36,12,92.0,98.0,16.0,3.00,Strong Perf.
40,13,92.0,98.0,16.0,3.00,Strong Perf.
30,8,92.0,98.0,16.0,3.00,Strong Perf.
16,2,92.0,98.0,16.0,3.00,Strong Perf.
6,-2,92.0,98.0,16.0,3.00,Strong Perf.
-6,-8,92.0,98.0,16.0,3.00,Strong Perf.
1,-4,92.0,98.0,16.0,3.00,Strong Perf.
16,2,92.0,98.0,16.0,3.00,Strong Perf.
19,4,92.0,98.0,16.0,3.00,Strong Perf.
20,4,92.0,98.0,16.0,3.00,Strong Perf.
17,3,92.0,98.0,16.0,3.00,Strong Perf.
13,1,92.0,98.0,16.0,3.00,Strong Perf.
7,-1,92.0,98.0,16.0,3.00,Strong Perf.
2,-3,92.0,98.0,16.0,3.00,Strong Perf.
-1,-5,92.0,98.0,16.0,3.00,Strong Perf.
-4,-6,92.0,98.0,16.0,3.00,Strong Perf.
-6,-7,92.0,98.0,16.0,3.00,Strong Perf.
-7,-7,92.0,98.0,16.0,3.00,Strong Perf.
-7,-7,92.0,98.0,16.0,3.00,Strong Perf.
-7,-7,92.0,98.0,16.0,3.00,Strong Perf.
-7,-7,92.0,98.0,16.0,3.00,Strong Perf.
-6,-6,92.0,98.0,16.0,3.00,Strong Perf.
-6,-6,92.0,98.0,16.0,3.00,Strong Perf.
-6,-6,92.0,98.0,16.0,3.00,Strong Perf.
-5,-5,92.0,98.0,16.0,3.00,Strong Perf.
-5,-5,92.0,98.0,16.0,3.00,Strong Perf.
-5,-5,92.0,98.0,16.0,3.00,Strong Perf.
-3,-4,92.0,98.0,16.0,3.00,Strong Perf.
1,-1,92.0,98.0,16.0,3.00,Strong Perf.
14,4,92.0,98.0,16.0,3.00,Strong Perf.
33,14,92.0,98.0,16.0,3.00,Strong Perf.
51,22,92.0,98.0,16.0,3.00,Strong Perf.
55,24,92.0,98.0,16.0,3.00,Strong Perf.
43,19,92.0,98.0,16.0,3.00,Strong Perf.
27,11,92.0,98.0,16.0,3.00,Strong Perf.
16,6,92.0,98.0,16.0,3.00,Strong Perf.
1,0,92.0,98.0,16.0,3.00,Strong Perf.
14,6,92.0,98.0,16.0,3.00,Strong Perf.
31,14,92.0,98.0,16.0,3.00,Strong Perf.
35,16,92.0,98.0,16.0,3.00,Strong Perf.
36,17,92.0,98.0,16.0,3.00,Strong Perf.
33,15,92.0,98.0,16.0,3.00,Strong Perf.
27,13,92.0,98.0,16.0,3.00,Strong Perf.
20,10,92.0,98.0,16.0,3.00,Strong Perf.
14,7,92.0,98.0,16.0,3.00,Strong Perf.
9,5,92.0,98.0,16.0,3.00,Strong Perf.
6,3,92.0,98.0,16.0,3.00,Strong Perf.
4,3,92.0,98.0,16.0,3.00,Strong Perf.
3,2,92.0,98.0,16.0,3.00,Strong Perf.
3,2,92.0,98.0,16.0,3.00,Strong Perf.
3,3,92.0,98.0,16.0,3.00,Strong Perf.
3,3,92.0,98.0,16.0,3.00,Strong Perf.
3,3,92.0,98.0,16.0,3.00,Strong Perf.
4,4,92.0,98.0,16.0,3.00,Strong Perf.
4,4,92.0,98.0,16.0,3.00,Strong Perf.
4,4,92.0,98.0,16.0,3.00,Strong Perf.
5,5,92.0,98.0,16.0,3.00,Strong Perf.
5,5,92.0,98.0,16.0,3.00,Strong Perf.
5,5,92.0,98.0,16.0,3.00,Strong Perf.
11,8,92.0,98.0,16.0,3.00,Strong Perf.
22,13,92.0,98.0,16.0,3.00,Strong Perf.
55,29,92.0,98.0,16.0,3.00,Strong Perf.
77,40,92.0,98.0,16.0,3.00,Strong Perf.
83,43,92.0,98.0,16.0,3.00,Strong Perf.
71,38,92.0,98.0,16.0,3.00,Strong Perf.
51,28,92.0,98.0,16.0,3.00,Strong Perf.
37,21,92.0,98.0,16.0,3.00,Strong Perf.
20,14,92.0,98.0,16.0,3.00,Strong Perf.
14,11,92.0,98.0,16.0,3.00,Strong Perf.
42,24,92.0,98.0,16.0,3.00,Strong Perf.
53,30,92.0,98.0,16.0,3.00,Strong Perf.
55,31,92.0,98.0,16.0,3.00,Strong Perf.
54,30,92.0,98.0,16.0,3.00,Strong Perf.
49,28,92.0,98.0,16.0,3.00,Strong Perf.
42,25,92.0,98.0,16.0,3.00,Strong Perf.
33,21,92.0,98.0,16.0,3.00,Strong Perf.
26,17,92.0,98.0,16.0,3.00,Strong Perf.
19,14,92.0,98.0,16.0,3.00,Strong Perf.
15,12,92.0,98.0,16.0,3.00,Strong Perf.
12,11,92.0,98.0,16.0,3.00,Strong Perf.
11,10,92.0,98.0,16.0,3.00,Strong Perf.
10,10,92.0,98.0,16.0,3.00,Strong Perf.
10,10,92.0,98.0,16.0,3.00,Strong Perf.
10,10,92.0,98.0,16.0,3.00,Strong Perf.
10,10,92.0,98.0,16.0,3.00,Strong Perf.
10,10,92.0,98.0,16.0,3.00,Strong Perf.
10,10,92.0,98.0,16.0,3.00,Strong Perf.
10,10,92.0,98.0,16.0,3.00,Strong Perf.
10,10,92.0,98.0,16.0,3.00,Strong Perf.
9,9,92.0,98.0,16.0,3.00,Strong Perf.
9,9,92.0,98.0,16.0,3.00,Strong Perf.
9,9,92.0,98.0,16.0,3.00,Strong Perf.
16,12,92.0,98.0,16.0,3.00,Strong Perf.
28,18,92.0,98.0,16.0,3.00,Strong Perf.
52,30,92.0,98.0,16.0,3.00,Strong Perf.
79,43,92.0,98.0,16.0,3.00,Strong Perf.
94,50,92.0,98.0,16.0,3.00,Strong Perf.
87,46,92.0,98.0,16.0,3.00,Strong Perf.
64,35,92.0,98.0,16.0,3.00,Strong Perf.
44,26,92.0,98.0,16.0,3.00,Strong Perf.
28,18,92.0,98.0,16.0,3.00,Strong Perf.
11,10,92.0,98.0,16.0,3.00,Strong Perf.
49,27,92.0,98.0,16.0,3.00,Strong Perf.
56,31,92.0,98.0,16.0,3.00,Strong Perf.
57,31,92.0,98.0,16.0,3.00,Strong Perf.
53,29,92.0,98.0,16.0,3.00,Strong Perf.
46,26,92.0,98.0,16.0,3.00,Strong Perf.
37,21,92.0,98.0,16.0,3.00,Strong Perf.
28,17,92.0,98.0,16.0,3.00,Strong Perf.
20,13,92.0,98.0,16.0,3.00,Strong Perf.
14,10,92.0,98.0,16.0,3.00,Strong Perf.
10,8,92.0,98.0,16.0,3.00,Strong Perf.
7,6,92.0,98.0,16.0,3.00,Strong Perf.
6,6,92.0,98.0,16.0,3.00,Strong Perf.
5,5,92.0,98.0,16.0,3.00,Strong Perf.
5,5,92.0,98.0,16.0,3.00,Strong Perf.
4,4,92.0,98.0,16.0,3.00,Strong Perf.
4,4,92.0,98.0,16.0,3.00,Strong Perf.
4,4,92.0,98.0,16.0,3.00,Strong Perf.
3,3,92.0,98.0,16.0,3.00,Strong Perf.
3,3,92.0,98.0,16.0,3.00,Strong Perf.
3,3,92.0,98.0,16.0,3.00,Strong Perf.
2,2,92.0,98.0,16.0,3.00,Strong Perf.
2,2,92.0,98.0,16.0,3.00,Strong Perf.
6,4,92.0,98.0,16.0,3.00,Strong Perf.
15,8,92.0,98.0,16.0,3.00,Strong Perf.
33,16,92.0,98.0,16.0,3.00,Strong Perf.
57,28,92.0,98.0,16.0,3.00,Strong Perf.
74,36,92.0,98.0,16.0,3.00,Strong Perf.
72,35,92.0,98.0,16.0,3.00,Strong Perf.
55,26,92.0,98.0,16.0,3.00,Strong Perf.
35,17,92.0,98.0,16.0,3.00,Strong Perf.
22,10,92.0,98.0,16.0,3.00,Strong Perf.
3,1,92.0,98.0,16.0,3.00,Strong Perf.
15,6,92.0,98.0,16.0,3.00,Strong Perf.
34,15,92.0,98.0,16.0,3.00,Strong Perf.
39,17,92.0,98.0,16.0,3.00,Strong Perf.
39,17,92.0,98.0,16.0,3.00,Strong Perf.
35,15,92.0,98.0,16.0,3.00,Strong Perf.
29,12,92.0,98.0,16.0,3.00,Strong Perf.
21,8,92.0,98.0,16.0,3.00,Strong Perf.
13,4,92.0,98.0,16.0,3.00,Strong Perf.
7,1,92.0,98.0,16.0,3.00,Strong Perf.
2,0,92.0,98.0,16.0,3.00,Strong Perf.
0,-2,92.0,98.0,16.0,3.00,Strong Perf.
-2,-3,92.0,98.0,16.0,3.00,Strong Perf.
-4,-4,92.0,98.0,16.0,3.00,Strong Perf.
-4,-4,92.0,98.0,16.0,3.00,Strong Perf.
-5,-5,92.0,98.0,16.0,3.00,Strong Perf.
-5,-5,92.0,98.0,16.0,3.00,Strong Perf.
-5,-5,92.0,98.0,16.0,3.00,Strong Perf.
-6,-6,92.0,98.0,16.0,3.00,Strong Perf.
-6,-6,92.0,98.0,16.0,3.00,Strong Perf.
-6,-6,92.0,98.0,16.0,3.00,Strong Perf.
-6,-6,92.0,98.0,16.0,3.00,Strong Perf.
-7,-7,92.0,98.0,16.0,3.00,Strong Perf.
-7,-7,92.0,98.0,16.0,3.00,Strong Perf.
-1,-4,92.0,98.0,16.0,3.00,Strong Perf.
9,0,92.0,98.0,16.0,3.00,Strong Perf.
28,9,92.0,98.0,16.0,3.00,Strong Perf.
45,17,92.0,98.0,16.0,3.00,Strong Perf.
48,19,92.0,98.0,16.0,3.00,Strong Perf.
35,12,92.0,98.0,16.0,3.00,Strong Perf.
19,4,92.0,98.0,16.0,3.00,Strong Perf.
8,0,92.0,98.0,16.0,3.00,Strong Perf.
-6,-7,92.0,98.0,16.0,3.00,Strong Perf.
9,0,92.0,98.0,16.0,3.00,Strong Perf.
20,5,92.0,98.0,16.0,3.00,Strong Perf.
23,6,92.0,98.0,16.0,3.00,Strong Perf.
21,5,92.0,98.0,16.0,3.00,Strong Perf.
17,3,92.0,98.0,16.0,3.00,Strong Perf.
11,0,92.0,98.0,16.0,3.00,Strong Perf.
5,-2,92.0,98.0,16.0,3.00,Strong Perf.
0,-4,92.0,98.0,16.0,3.00,Strong Perf.
-4,-6,92.0,98.0,16.0,3.00,Strong Perf.
-6,-7,92.0,98.0,16.0,3.00,Strong Perf.
-7,-8,92.0,98.0,16.0,3.00,Strong Perf.
-8,-8,92.0,98.0,16.0,3.00,Strong Perf.
-8,-8,92.0,98.0,16.0,3.00,Strong Perf.
-8,-8,92.0,98.0,16.0,3.00,Strong Perf.
-8,-8,92.0,98.0,16.0,3.00,Strong Perf.
-8,-8,92.0,98.0,16.0,3.00,Strong Perf.
-8,-8,92.0,98.0,16.0,3.00,Strong Perf.
-8,-8,92.0,98.0,16.0,3.00,Strong Perf.
-8,-8,92.0,98.0,16.0,3.00,Strong Perf.
-8,-8,92.0,98.0,16.0,3.00,Strong Perf.
-8,-8,92.0,98.0,16.0,3.00,Strong Perf.
-5,-6,92.0,98.0,16.0,3.00,Strong Perf.
2,-2,92.0,98.0,16.0,3.00,Strong Perf.
18,4,92.0,98.0,16.0,3.00,Strong Perf.
36,13,92.0,98.0,16.0,3.00,Strong Perf.
43,17,92.0,98.0,16.0,3.00,Strong Perf.
27,9,92.0,98.0,16.0,3.00,Strong Perf.
14,3,92.0,98.0,16.0,3.00,Strong Perf.
3,-1,92.0,98.0,16.0,3.00,Strong Perf.
-3,-5,92.0,98.0,16.0,3.00,Strong Perf.
16,4,92.0,98.0,16.0,3.00,Strong Perf.
23,7,92.0,98.0,16.0,3.00,Strong Perf.
24,8,92.0,98.0,16.0,3.00,Strong Perf.
22,7,92.0,98.0,16.0,3.00,Strong Perf.
17,5,92.0,98.0,16.0,3.00,Strong Perf.
11,2,92.0,98.0,16.0,3.00,Strong Perf.
6,0,92.0,98.0,16.0,3.00,Strong Perf.
1,-1,92.0,98.0,16.0,3.00,Strong Perf.
-1,-2,92.0,98.0,16.0,3.00,Strong Perf.
-2,-3,92.0,98.0,16.0,3.00,Strong Perf.
-3,-3,92.0,98.0,16.0,3.00,Strong Perf.
-3,-3,92.0,98.0,16.0,3.00,Strong Perf.
-3,-3,92.0,98.0,16.0,3.00,Strong Perf.
-3,-3,92.0,98.0,16.0,3.00,Strong Perf.
-3,-3,92.0,98.0,16.0,3.00,Strong Perf.
-2,-2,92.0,98.0,16.0,3.00,Strong Perf.
-2,-2,92.0,98.0,16.0,3.00,Strong Perf.
-2,-2,92.0,98.0,16.0,3.00,Strong Perf.
-1,-1,92.0,98.0,16.0,3.00,Strong Perf.
-1,-1,92.0,98.0,16.0,3.00,Strong Perf.
1,0,92.0,98.0,16.0,3.00,Strong Perf.
8,3,92.0,98.0,16.0,3.00,Strong Perf.
23,10,92.0,98.0,16.0,3.00,Strong Perf.
44,21,92.0,98.0,16.0,3.00,Strong Perf.
59,28,92.0,98.0,16.0,3.00,Strong Perf.
57,27,92.0,98.0,16.0,3.00,Strong Perf.
41,20,92.0,98.0,16.0,3.00,Strong Perf.
27,13,92.0,98.0,16.0,3.00,Strong Perf.
15,7,92.0,98.0,16.0,3.00,Strong Perf.
4,2,92.0,98.0,16.0,3.00,Strong Perf.
34,17,92.0,98.0,16.0,3.00,Strong Perf.
39,19,92.0,98.0,16.0,3.00,Strong Perf.
40,20,92.0,98.0,16.0,3.00,Strong Perf.
36,18,92.0,98.0,16.0,3.00,Strong Perf.
30,16,92.0,98.0,16.0,3.00,Strong Perf.
23,12,92.0,98.0,16.0,3.00,Strong Perf.
17,9,92.0,98.0,16.0,3.00,Strong Perf.
11,7,92.0,98.0,16.0,3.00,Strong Perf.
8,5,92.0,98.0,16.0,3.00,Strong Perf.
6,5,92.0,98.0,16.0,3.00,Strong Perf.
5,4,92.0,98.0,16.0,3.00,Strong Perf.
4,4,92.0,98.0,16.0,3.00,Strong Perf.
4,4,92.0,98.0,16.0,3.00,Strong Perf.
5,5,92.0,98.0,16.0,3.00,Strong Perf.
5,5,92.0,98.0,16.0,3.00,Strong Perf.
5,5,92.0,98.0,16.0,3.00,Strong Perf.
5,5,92.0,98.0,16.0,3.00,Strong Perf.
5,5,92.0,98.0,16.0,3.00,Strong Perf.
6,6,92.0,98.0,16.0,3.00,Strong Perf.
6,6,92.0,98.0,16.0,3.00,Strong Perf.
6,6,92.0,98.0,16.0,3.00,Strong Perf.
13,9,92.0,98.0,16.0,3.00,Strong Perf.
26,16,92.0,98.0,16.0,3.00,Strong Perf.
50,27,92.0,98.0,16.0,3.00,Strong Perf.
74,39,92.0,98.0,16.0,3.00,Strong Perf.
85,44,92.0,98.0,16.0,3.00,Strong Perf.
74,39,92.0,98.0,16.0,3.00,Strong Perf.
53,29,92.0,98.0,16.0,3.00,Strong Perf.
37,21,92.0,98.0,16.0,3.00,Strong Perf.
20,13,92.0,98.0,16.0,3.00,Strong Perf.
14,10,92.0,98.0,16.0,3.00,Strong Perf.
42,24,92.0,98.0,16.0,3.00,Strong Perf.
52,29,92.0,98.0,16.0,3.00,Strong Perf.
55,30,92.0,98.0,16.0,3.00,Strong Perf.
53,29,92.0,98.0,16.0,3.00,Strong Perf.
47,26,92.0,98.0,16.0,3.00,Strong Perf.
39,22,92.0,98.0,16.0,3.00,Strong Perf.
30,18,92.0,98.0,16.0,3.00,Strong Perf.
22,14,92.0,98.0,16.0,3.00,Strong Perf.
16,12,92.0,98.0,16.0,3.00,Strong Perf.
12,10,92.0,98.0,16.0,3.00,Strong Perf.
10,8,92.0,98.0,16.0,3.00,Strong Perf.
8,8,92.0,98.0,16.0,3.00,Strong Perf.
7,7,92.0,98.0,16.0,3.00,Strong Perf.
7,7,92.0,98.0,16.0,3.00,Strong Perf.
7,7,92.0,98.0,16.0,3.00,Strong Perf.
7,7,92.0,98.0,16.0,3.00,Strong Perf.
7,7,92.0,98.0,16.0,3.00,Strong Perf.
7,7,92.0,98.0,16.0,3.00,Strong Perf.
7,7,92.0,98.0,16.0,3.00,Strong Perf.
7,7,92.0,98.0,16.0,3.00,Strong Perf.
7,7,92.0,98.0,16.0,3.00,Strong Perf.
9,8,92.0,98.0,16.0,3.00,Strong Perf.
15,11,92.0,98.0,16.0,3.00,Strong Perf.
31,18,92.0,98.0,16.0,3.00,Strong Perf.
56,30,92.0,98.0,16.0,3.00,Strong Perf.
82,42,92.0,98.0,16.0,3.00,Strong Perf.
91,47,92.0,98.0,16.0,3.00,Strong Perf.
79,41,92.0,98.0,16.0,3.00,Strong Perf.
56,30,92.0,98.0,16.0,3.00,Strong Perf.
38,21,92.0,98.0,16.0,3.00,Strong Perf.
21,13,92.0,98.0,16.0,3.00,Strong Perf.
10,7,92.0,98.0,16.0,3.00,Strong Perf.
39,21,92.0,98.0,16.0,3.00,Strong Perf.
51,27,92.0,98.0,16.0,3.00,Strong Perf.
54,28,92.0,98.0,16.0,3.00,Strong Perf.
52,27,92.0,98.0,16.0,3.00,Strong Perf.
46,24,92.0,98.0,16.0,3.00,Strong Perf.
37,20,92.0,98.0,16.0,3.00,Strong Perf.
28,15,92.0,98.0,16.0,3.00,Strong Perf.
20,11,92.0,98.0,16.0,3.00,Strong Perf.
13,8,92.0,98.0,16.0,3.00,Strong Perf.
8,5,92.0,98.0,16.0,3.00,Strong Perf.
5,4,92.0,98.0,16.0,3.00,Strong Perf.
4,3,92.0,98.0,16.0,3.00,Strong Perf.
3,2,92.0,98.0,16.0,3.00,Strong Perf.
2,2,92.0,98.0,16.0,3.00,Strong Perf.
2,2,92.0,98.0,16.0,3.00,Strong Perf.
1,1,92.0,98.0,16.0,3.00,Strong Perf.
1,1,92.0,98.0,16.0,3.00,Strong Perf.
1,1,92.0,98.0,16.0,3.00,Strong Perf.
1,1,92.0,98.0,16.0,3.00,Strong Perf.
0,0,92.0,98.0,16.0,3.00,Strong Perf.
0,0,92.0,98.0,16.0,3.00,Strong Perf.
0,0,92.0,98.0,16.0,3.00,Strong Perf.
1,1,92.0,98.0,16.0,3.00,Strong Perf.
11,5,92.0,98.0,16.0,3.00,Strong Perf.
27,13,92.0,98.0,16.0,3.00,Strong Perf.
50,23,92.0,98.0,16.0,3.00,Strong Perf.
69,32,92.0,98.0,16.0,3.00,Strong Perf.
72,34,92.0,98.0,16.0,3.00,Strong Perf.
58,27,92.0,98.0,16.0,3.00,Strong Perf.
39,18,92.0,98.0,16.0,3.00,Strong Perf.
25,11,92.0,98.0,16.0,3.00,Strong Perf.
10,3,92.0,98.0,16.0,3.00,Strong Perf.
2,0,92.0,98.0,16.0,3.00,Strong Perf.
25,11,92.0,98.0,16.0,3.00,Strong Perf.
35,15,92.0,98.0,16.0,3.00,Strong Perf.
37,16,92.0,98.0,16.0,3.00,Strong Perf.
36,15,92.0,98.0,16.0,3.00,Strong Perf.
31,13,92.0,98.0,16.0,3.00,Strong Perf.
25,10,92.0,98.0,16.0,3.00,Strong Perf.
18,6,92.0,98.0,16.0,3.00,Strong Perf.
11,3,92.0,98.0,16.0,3.00,Strong Perf.
5,0,92.0,98.0,16.0,3.00,Strong Perf.
1,-1,92.0,98.0,16.0,3.00,Strong Perf.
-1,-3,92.0,98.0,16.0,3.00,Strong Perf.
-3,-3,92.0,98.0,16.0,3.00,Strong Perf.
-4,-4,92.0,98.0,16.0,3.00,Strong Perf.
-4,-4,92.0,98.0,16.0,3.00,Strong Perf.
-4,-5,92.0,98.0,16.0,3.00,Strong Perf.
-5,-5,92.0,98.0,16.0,3.00,Strong Perf.
-5,-5,92.0,98.0,16.0,3.00,Strong Perf.
-5,-5,92.0,98.0,16.0,3.00,Strong Perf.
-5,-5,92.0,98.0,16.0,3.00,Strong Perf.
-5,-5,92.0,98.0,16.0,3.00,Strong Perf.
-5,-5,92.0,98.0,16.0,3.00,Strong Perf.
-5,-5,92.0,98.0,16.0,3.00,Strong Perf.
-5,-5,92.0,98.0,16.0,3.00,Strong Perf.
-4,-5,92.0,98.0,16.0,3.00,Strong Perf.
0,-3,92.0,98.0,16.0,3.00,Strong Perf.
12,2,92.0,98.0,16.0,3.00,Strong Perf.
30,11,92.0,98.0,16.0,3.00,Strong Perf.
47,19,92.0,98.0,16.0,3.00,Strong Perf.
48,20,92.0,98.0,16.0,3.00,Strong Perf.
35,13,92.0,98.0,16.0,3.00,Strong Perf.
20,6,92.0,98.0,16.0,3.00,Strong Perf.
2,-2,92.0,98.0,16.0,3.00,Strong Perf.
-1,-3,92.0,98.0,16.0,3.00,Strong Perf.
18,5,92.0,98.0,16.0,3.00,Strong Perf.
24,8,92.0,98.0,16.0,3.00,Strong Perf.
24,8,92.0,98.0,16.0,3.00,Strong Perf.
22,7,92.0,98.0,16.0,3.00,Strong Perf.
17,5,92.0,98.0,16.0,3.00,Strong Perf.
11,2,92.0,98.0,16.0,3.00,Strong Perf.
6,0,92.0,98.0,16.0,3.00,Strong Perf.
1,-2,92.0,98.0,16.0,3.00,Strong Perf.
-2,-4,92.0,98.0,16.0,3.00,Strong Perf.
-4,-5,92.0,98.0,16.0,3.00,Strong Perf.
-5,-5,92.0,98.0,16.0,3.00,Strong Perf.
-5,-5,92.0,98.0,16.0,3.00,Strong Perf.
-5,-5,92.0,98.0,16.0,3.00,Strong Perf.
-5,-5,92.0,98.0,16.0,3.00,Strong Perf.
-5,-5,92.0,98.0,16.0,3.00,Strong Perf.
-5,-5,92.0,98.0,16.0,3.00,Strong Perf.
-5,-5,92.0,98.0,16.0,3.00,Strong Perf.
-5,-5,92.0,98.0,16.0,3.00,Strong Perf.
-5,-5,92.0,98.0,16.0,3.00,Strong Perf.
-5,-5,92.0,98.0,16.0,3.00,Strong Perf.
-5,-5,92.0,98.0,16.0,3.00,Strong Perf.
-2,-3,92.0,98.0,16.0,3.00,Strong Perf.
4,0,92.0,98.0,16.0,3.00,Strong Perf.
18,6,92.0,98.0,16.0,3.00,Strong Perf.
35,14,92.0,98.0,16.0,3.00,Strong Perf.
47,20,92.0,98.0,16.0,3.00,Strong Perf.
43,18,92.0,98.0,16.0,3.00,Strong Perf.
30,12,92.0,98.0,16.0,3.00,Strong Perf.
18,6,92.0,98.0,16.0,3.00,Strong Perf.
8,1,92.0,98.0,16.0,3.00,Strong Perf.
-1,-2,92.0,98.0,16.0,3.00,Strong Perf.
17,6,92.0,98.0,16.0,3.00,Strong Perf.
26,10,92.0,98.0,16.0,3.00,Strong Perf.
28,12,92.0,98.0,16.0,3.00,Strong Perf.
27,11,92.0,98.0,16.0,3.00,Strong Perf.
21,8,92.0,98.0,16.0,3.00,Strong Perf.
15,6,92.0,98.0,16.0,3.00,Strong Perf.
9,3,92.0,98.0,16.0,3.00,Strong Perf.
5,1,92.0,98.0,16.0,3.00,Strong Perf.
2,0,92.0,98.0,16.0,3.00,Strong Perf.
0,0,92.0,98.0,16.0,3.00,Strong Perf.
0,-1,92.0,98.0,16.0,3.00,Strong Perf.
0,-1,92.0,98.0,16.0,3.00,Strong Perf.
0,-1,92.0,98.0,16.0,3.00,Strong Perf.
0,0,92.0,98.0,16.0,3.00,Strong Perf.
0,0,92.0,98.0,16.0,3.00,Strong Perf.
0,0,92.0,98.0,16.0,3.00,Strong Perf.
0,0,92.0,98.0,16.0,3.00,Strong Perf.
0,0,92.0,98.0,16.0,3.00,Strong Perf.
0,0,92.0,98.0,16.0,3.00,Strong Perf.
0,0,92.0,98.0,16.0,3.00,Strong Perf.
0,0,92.0,98.0,16.0,3.00,Strong Perf.
3,1,92.0,98.0,16.0,3.00,Strong Perf.
10,5,92.0,98.0,16.0,3.00,Strong Perf.
26,13,92.0,98.0,16.0,3.00,Strong Perf.
47,23,92.0,98.0,16.0,3.00,Strong Perf.
63,31,92.0,98.0,16.0,3.00,Strong Perf.
62,30,92.0,98.0,16.0,3.00,Strong Perf.
47,23,92.0,98.0,16.0,3.00,Strong Perf.
31,16,92.0,98.0,16.0,3.00,Strong Perf.
20,10,92.0,98.0,16.0,3.00,Strong Perf.
4,3,92.0,98.0,16.0,3.00,Strong Perf.
23,12,92.0,98.0,16.0,3.00,Strong Perf.
38,19,92.0,98.0,16.0,3.00,Strong Perf.
42,21,92.0,98.0,16.0,3.00,Strong Perf.
42,21,92.0,98.0,16.0,3.00,Strong Perf.
38,19,92.0,98.0,16.0,3.00,Strong Perf.
31,16,92.0,98.0,16.0,3.00,Strong Perf.
24,13,92.0,98.0,16.0,3.00,Strong Perf.
17,10,92.0,98.0,16.0,3.00,Strong Perf.
12,7,92.0,98.0,16.0,3.00,Strong Perf.
8,5,92.0,98.0,16.0,3.00,Strong Perf.
6,4,92.0,98.0,16.0,3.00,Strong Perf.
4,4,92.0,98.0,16.0,3.00,Strong Perf.
4,4,92.0,98.0,16.0,3.00,Strong Perf.
4,4,92.0,98.0,16.0,3.00,Strong Perf.
4,4,92.0,98.0,16.0,3.00,Strong Perf.
4,4,92.0,98.0,16.0,3.00,Strong Perf.
4,4,92.0,98.0,16.0,3.00,Strong Perf.
4,4,92.0,98.0,16.0,3.00,Strong Perf.
4,4,92.0,98.0,16.0,3.00,Strong Perf.
4,4,92.0,98.0,16.0,3.00,Strong Perf.
4,4,92.0,98.0,16.0,3.00,Strong Perf.
6,5,92.0,98.0,16.0,3.00,Strong Perf.
12,8,92.0,98.0,16.0,3.00,Strong Perf.
26,15,92.0,98.0,16.0,3.00,Strong Perf.
49,26,92.0,98.0,16.0,3.00,Strong Perf.
74,38,92.0,98.0,16.0,3.00,Strong Perf.
86,43,92.0,98.0,16.0,3.00,Strong Perf.
76,39,92.0,98.0,16.0,3.00,Strong Perf.
55,29,92.0,98.0,16.0,3.00,Strong Perf.
38,21,92.0,98.0,16.0,3.00,Strong Perf.
23,13,92.0,98.0,16.0,3.00,Strong Perf.
8,6,92.0,98.0,16.0,3.00,Strong Perf.
35,19,92.0,98.0,16.0,3.00,Strong Perf.
50,26,92.0,98.0,16.0,3.00,Strong Perf.
53,28,92.0,98.0,16.0,3.00,Strong Perf.
53,28,92.0,98.0,16.0,3.00,Strong Perf.
48,25,92.0,98.0,16.0,3.00,Strong Perf.
40,21,92.0,98.0,16.0,3.00,Strong Perf.
31,17,92.0,98.0,16.0,3.00,Strong Perf.
23,13,92.0,98.0,16.0,3.00,Strong Perf.
16,10,92.0,98.0,16.0,3.00,Strong Perf.
11,7,92.0,98.0,16.0,3.00,Strong Perf.
8,6,92.0,98.0,16.0,3.00,Strong Perf.
6,5,92.0,98.0,16.0,3.00,Strong Perf.
5,4,92.0,98.0,16.0,3.00,Strong Perf.
4,4,92.0,98.0,16.0,3.00,Strong Perf.
4,4,92.0,98.0,16.0,3.00,Strong Perf.
4,4,92.0,98.0,16.0,3.00,Strong Perf.
4,4,92.0,98.0,16.0,3.00,Strong Perf.
4,4,92.0,98.0,16.0,3.00,Strong Perf.
4,4,92.0,98.0,16.0,3.00,Strong Perf.
4,4,92.0,98.0,16.0,3.00,Strong Perf.
4,4,92.0,98.0,16.0,3.00,Strong Perf.
3,3,92.0,98.0,16.0,3.00,Strong Perf.
6,5,92.0,98.0,16.0,3.00,Strong Perf.
13,8,92.0,98.0,16.0,3.00,Strong Perf.
29,15,92.0,98.0,16.0,3.00,Strong Perf.
54,27,92.0,98.0,16.0,3.00,Strong Perf.
78,39,92.0,98.0,16.0,3.00,Strong Perf.
87,43,92.0,98.0,16.0,3.00,Strong Perf.
75,38,92.0,98.0,16.0,3.00,Strong Perf.
53,27,92.0,98.0,16.0,3.00,Strong Perf.
36,18,92.0,98.0,16.0,3.00,Strong Perf.
19,10,92.0,98.0,16.0,3.00,Strong Perf.
6,4,92.0,98.0,16.0,3.00,Strong Perf.
33,17,92.0,98.0,16.0,3.00,Strong Perf.
47,23,92.0,98.0,16.0,3.00,Strong Perf.
50,25,92.0,98.0,16.0,3.00,Strong Perf.
48,24,92.0,98.0,16.0,3.00,Strong Perf.
43,22,92.0,98.0,16.0,3.00,Strong Perf.
36,18,92.0,98.0,16.0,3.00,Strong Perf.
27,14,92.0,98.0,16.0,3.00,Strong Perf.
19,10,92.0,98.0,16.0,3.00,Strong Perf.
12,6,92.0,98.0,16.0,3.00,Strong Perf.
7,4,92.0,98.0,16.0,3.00,Strong Perf.
4,2,92.0,98.0,16.0,3.00,Strong Perf.
2,1,92.0,98.0,16.0,3.00,Strong Perf.
1,1,92.0,98.0,16.0,3.00,Strong Perf.
1,0,92.0,98.0,16.0,3.00,Strong Perf.
0,0,92.0,98.0,16.0,3.00,Strong Perf.
0,0,92.0,98.0,16.0,3.00,Strong Perf.
0,0,92.0,98.0,16.0,3.00,Strong Perf.
0,0,92.0,98.0,16.0,3.00,Strong Perf.
0,0,92.0,98.0,16.0,3.00,Strong Perf.
0,0,92.0,98.0,16.0,3.00,Strong Perf.
0,0,92.0,98.0,16.0,3.00,Strong Perf.
0,0,92.0,98.0,16.0,3.00,Strong Perf.
0,0,92.0,98.0,16.0,3.00,Strong Perf.
3,1,92.0,98.0,16.0,3.00,Strong Perf.
11,5,92.0,98.0,16.0,3.00,Strong Perf.
29,13,92.0,98.0,16.0,3.00,Strong Perf.
52,24,92.0,98.0,16.0,3.00,Strong Perf.
67,31,92.0,98.0,16.0,3.00,Strong Perf.
64,30,92.0,98.0,16.0,3.00,Strong Perf.
37,17,92.0,98.0,16.0,3.00,Strong Perf.
23,10,92.0,98.0,16.0,3.00,Strong Perf.
7,2,92.0,98.0,16.0,3.00,Strong Perf.
5,1,92.0,98.0,16.0,3.00,Strong Perf.
28,12,92.0,98.0,16.0,3.00,Strong Perf.
35,15,92.0,98.0,16.0,3.00,Strong Perf.
36,16,92.0,98.0,16.0,3.00,Strong Perf.
33,14,92.0,98.0,16.0,3.00,Strong Perf.
27,12,92.0,98.0,16.0,3.00,Strong Perf.
20,8,92.0,98.0,16.0,3.00,Strong Perf.
13,5,92.0,98.0,16.0,3.00,Strong Perf.
7,2,92.0,98.0,16.0,3.00,Strong Perf.
3,0,92.0,98.0,16.0,3.00,Strong Perf.
0,-1,92.0,98.0,16.0,3.00,Strong Perf.
-1,-2,92.0,98.0,16.0,3.00,Strong Perf.
-2,-2,92.0,98.0,16.0,3.00,Strong Perf.
-2,-2,92.0,98.0,16.0,3.00,Strong Perf.
-2,-3,92.0,98.0,16.0,3.00,Strong Perf.
-3,-3,92.0,98.0,16.0,3.00,Strong Perf.
-3,-3,92.0,98.0,16.0,3.00,Strong Perf.
-3,-3,92.0,98.0,16.0,3.00,Strong Perf.
-3,-3,92.0,98.0,16.0,3.00,Strong Perf.
-3,-3,92.0,98.0,16.0,3.00,Strong Perf.
-3,-3,92.0,98.0,16.0,3.00,Strong Perf.
-3,-3,92.0,98.0,16.0,3.00,Strong Perf.
-3,-3,92.0,98.0,16.0,3.00,Strong Perf.
0,-1,92.0,98.0,16.0,3.00,Strong Perf.
10,2,92.0,98.0,16.0,3.00,Strong Perf.
27,11,92.0,98.0,16.0,3.00,Strong Perf.
44,19,92.0,98.0,16.0,3.00,Strong Perf.
50,22,92.0,98.0,16.0,3.00,Strong Perf.
39,17,92.0,98.0,16.0,3.00,Strong Perf.
24,9,92.0,98.0,16.0,3.00,Strong Perf.
13,4,92.0,98.0,16.0,3.00,Strong Perf.
0,-2,92.0,98.0,16.0,3.00,Strong Perf.
9,2,92.0,98.0,16.0,3.00,Strong Perf.
23,9,92.0,98.0,16.0,3.00,Strong Perf.
26,10,92.0,98.0,16.0,3.00,Strong Perf.
26,10,92.0,98.0,16.0,3.00,Strong Perf.
22,8,92.0,98.0,16.0,3.00,Strong Perf.
17,6,92.0,98.0,16.0,3.00,Strong Perf.
11,3,92.0,98.0,16.0,3.00,Strong Perf.
5,0,92.0,98.0,16.0,3.00,Strong Perf.
1,-1,92.0,98.0,16.0,3.00,Strong Perf.
-1,-2,92.0,98.0,16.0,3.00,Strong Perf.
-2,-3,92.0,98.0,16.0,3.00,Strong Perf.
-3,-3,92.0,98.0,16.0,3.00,Strong Perf.
-3,-3,92.0,98.0,16.0,3.00,Strong Perf.
-3,-3,92.0,98.0,16.0,3.00,Strong Perf.
-3,-3,92.0,98.0,16.0,3.00,Strong Perf.
-3,-3,92.0,98.0,16.0,3.00,Strong Perf.
-3,-3,92.0,98.0,16.0,3.00,Strong Perf.
-3,-3,92.0,98.0,16.0,3.00,Strong Perf.
-3,-3,92.0,98.0,16.0,3.00,Strong Perf.
-3,-3,92.0,98.0,16.0,3.00,Strong Perf.
-3,-3,92.0,98.0,16.0,3.00,Strong Perf.
0,-1,92.0,98.0,16.0,3.00,Strong Perf.
9,2,92.0,98.0,16.0,3.00,Strong Perf.
24,9,92.0,98.0,16.0,3.00,Strong Perf.
41,18,92.0,98.0,16.0,3.00,Strong Perf.
49,22,92.0,98.0,16.0,3.00,Strong Perf.
44,19,92.0,98.0,16.0,3.00,Strong Perf.
30,12,92.0,98.0,16.0,3.00,Strong Perf.
18,7,92.0,98.0,16.0,3.00,Strong Perf.
8,2,92.0,98.0,16.0,3.00,Strong Perf.
0,-1,92.0,98.0,16.0,3.00,Strong Perf.
19,7,92.0,98.0,16.0,3.00,Strong Perf.
27,11,92.0,98.0,16.0,3.00,Strong Perf.
29,13,92.0,98.0,16.0,3.00,Strong Perf.
29,12,92.0,98.0,16.0,3.00,Strong Perf.
25,11,92.0,98.0,16.0,3.00,Strong Perf.
20,8,92.0,98.0,16.0,3.00,Strong Perf.
14,5,92.0,98.0,16.0,3.00,Strong Perf.
8,3,92.0,98.0,16.0,3.00,Strong Perf.
4,1,92.0,98.0,16.0,3.00,Strong Perf.
1,0,92.0,98.0,16.0,3.00,Strong Perf.
0,0,92.0,98.0,16.0,3.00,Strong Perf.
0,-1,92.0,98.0,16.0,3.00,Strong Perf.
-1,-1,92.0,98.0,16.0,3.00,Strong Perf.
-1,-1,92.0,98.0,16.0,3.00,Strong Perf.
-1,-1,92.0,98.0,16.0,3.00,Strong Perf.
-1,-1,92.0,98.0,16.0,3.00,Strong Perf.
-1,-1,92.0,98.0,16.0,3.00,Strong Perf.
-1,-1,92.0,98.0,16.0,3.00,Strong Perf.
-1,-1,92.0,98.0,16.0,3.00,Strong Perf.
0,0,92.0,98.0,16.0,3.00,Strong Perf.
0,0,92.0,98.0,16.0,3.00,Strong Perf.
0,0,92.0,98.0,16.0,3.00,Strong Perf.
2,0,92.0,98.0,16.0,3.00,Strong Perf.
8,4,92.0,98.0,16.0,3.00,Strong Perf.
34,16,92.0,98.0,16.0,3.00,Strong Perf.
56,26,92.0,98.0,16.0,3.00,Strong Perf.
67,32,92.0,98.0,16.0,3.00,Strong Perf.
61,29,92.0,98.0,16.0,3.00,Strong Perf.
43,21,92.0,98.0,16.0,3.00,Strong Perf.
28,13,92.0,98.0,16.0,3.00,Strong Perf.
15,7,92.0,98.0,16.0,3.00,Strong Perf.
3,1,92.0,98.0,16.0,3.00,Strong Perf.
27,13,92.0,98.0,16.0,3.00,Strong Perf.
39,19,92.0,98.0,16.0,3.00,Strong Perf.
43,21,92.0,98.0,16.0,3.00,Strong Perf.
42,20,92.0,98.0,16.0,3.00,Strong Perf.
37,18,92.0,98.0,16.0,3.00,Strong Perf.
31,15,92.0,98.0,16.0,3.00,Strong Perf.
23,11,92.0,98.0,16.0,3.00,Strong Perf.
16,8,92.0,98.0,16.0,3.00,Strong Perf.
10,5,92.0,98.0,16.0,3.00,Strong Perf.
6,3,92.0,98.0,16.0,3.00,Strong Perf.
4,2,92.0,98.0,16.0,3.00,Strong Perf.
2,2,92.0,98.0,16.0,3.00,Strong Perf.
2,2,92.0,98.0,16.0,3.00,Strong Perf.
2,1,92.0,98.0,16.0,3.00,Strong Perf.
2,2,92.0,98.0,16.0,3.00,Strong Perf.
2,2,92.0,98.0,16.0,3.00,Strong Perf.
2,2,92.0,98.0,16.0,3.00,Strong Perf.
2,2,92.0,98.0,16.0,3.00,Strong Perf.
2,2,92.0,98.0,16.0,3.00,Strong Perf.
2,2,92.0,98.0,16.0,3.00,Strong Perf.
2,2,92.0,98.0,16.0,3.00,Strong Perf.
2,2,92.0,98.0,16.0,3.00,Strong Perf.
5,3,92.0,98.0,16.0,3.00,Strong Perf.
12,7,92.0,98.0,16.0,3.00,Strong Perf.
27,14,92.0,98.0,16.0,3.00,Strong Perf.
52,26,92.0,98.0,16.0,3.00,Strong Perf.
77,38,92.0,98.0,16.0,3.00,Strong Perf.
86,43,92.0,98.0,16.0,3.00,Strong Perf.
75,37,92.0,98.0,16.0,3.00,Strong Perf.
54,27,92.0,98.0,16.0,3.00,Strong Perf.
37,19,92.0,98.0,16.0,3.00,Strong Perf.
21,11,92.0,98.0,16.0,3.00,Strong Perf.
6,5,92.0,98.0,16.0,3.00,Strong Perf.
34,18,92.0,98.0,16.0,3.00,Strong Perf.
49,25,92.0,98.0,16.0,3.00,Strong Perf.
53,27,92.0,98.0,16.0,3.00,Strong Perf.
52,27,92.0,98.0,16.0,3.00,Strong Perf.
47,24,92.0,98.0,16.0,3.00,Strong Perf.
36,19,92.0,98.0,16.0,3.00,Strong Perf.
27,15,92.0,98.0,16.0,3.00,Strong Perf.
19,11,92.0,98.0,16.0,3.00,Strong Perf.
13,8,92.0,98.0,16.0,3.00,Strong Perf.
9,6,92.0,98.0,16.0,3.00,Strong Perf.
6,5,92.0,98.0,16.0,3.00,Strong Perf.
5,4,92.0,98.0,16.0,3.00,Strong Perf.
4,4,92.0,98.0,16.0,3.00,Strong Perf.
4,3,92.0,98.0,16.0,3.00,Strong Perf.
3,3,92.0,98.0,16.0,3.00,Strong Perf.
3,3,92.0,98.0,16.0,3.00,Strong Perf.
3,3,92.0,98.0,16.0,3.00,Strong Perf.
3,3,92.0,98.0,16.0,3.00,Strong Perf.
3,3,92.0,98.0,16.0,3.00,Strong Perf.
3,3,92.0,98.0,16.0,3.00,Strong Perf.
3,3,92.0,98.0,16.0,3.00,Strong Perf.
3,3,92.0,98.0,16.0,3.00,Strong Perf.
3,3,92.0,98.0,16.0,3.00,Strong Perf.
9,6,92.0,98.0,16.0,3.00,Strong Perf.
21,12,92.0,98.0,16.0,3.00,Strong Perf.
42,22,92.0,98.0,16.0,3.00,Strong Perf.
67,34,92.0,98.0,16.0,3.00,Strong Perf.
84,42,92.0,98.0,16.0,3.00,Strong Perf.
81,41,92.0,98.0,16.0,3.00,Strong Perf.
63,32,92.0,98.0,16.0,3.00,Strong Perf.
43,22,92.0,98.0,16.0,3.00,Strong Perf.
29,15,92.0,98.0,16.0,3.00,Strong Perf.
9,6,92.0,98.0,16.0,3.00,Strong Perf.
17,10,92.0,98.0,16.0,3.00,Strong Perf.
41,21,92.0,98.0,16.0,3.00,Strong Perf.
48,24,92.0,98.0,16.0,3.00,Strong Perf.
49,25,92.0,98.0,16.0,3.00,Strong Perf.
46,24,92.0,98.0,16.0,3.00,Strong Perf.
40,21,92.0,98.0,16.0,3.00,Strong Perf.
33,17,92.0,98.0,16.0,3.00,Strong Perf.
24,13,92.0,98.0,16.0,3.00,Strong Perf.
17,9,92.0,98.0,16.0,3.00,Strong Perf.
11,7,92.0,98.0,16.0,3.00,Strong Perf.
7,5,92.0,98.0,16.0,3.00,Strong Perf.
5,3,92.0,98.0,16.0,3.00,Strong Perf.
3,3,92.0,98.0,16.0,3.00,Strong Perf.
2,2,92.0,98.0,16.0,3.00,Strong Perf.
2,2,92.0,98.0,16.0,3.00,Strong Perf.
2,2,92.0,98.0,16.0,3.00,Strong Perf.
2,2,92.0,98.0,16.0,3.00,Strong Perf.
1,1,92.0,98.0,16.0,3.00,Strong Perf.
1,1,92.0,98.0,16.0,3.00,Strong Perf.
1,1,92.0,98.0,16.0,3.00,Strong Perf.
1,1,92.0,98.0,16.0,3.00,Strong Perf.
1,1,92.0,98.0,16.0,3.00,Strong Perf.
1,1,92.0,98.0,16.0,3.00,Strong Perf.
2,2,92.0,98.0,16.0,3.00,Strong Perf.
7,4,92.0,98.0,16.0,3.00,Strong Perf.
18,9,92.0,98.0,16.0,3.00,Strong Perf.
37,18,92.0,98.0,16.0,3.00,Strong Perf.
57,27,92.0,98.0,16.0,3.00,Strong Perf.
65,31,92.0,98.0,16.0,3.00,Strong Perf.
57,27,92.0,98.0,16.0,3.00,Strong Perf.
40,19,92.0,98.0,16.0,3.00,Strong Perf.
25,12,92.0,98.0,16.0,3.00,Strong Perf.
13,6,92.0,98.0,16.0,3.00,Strong Perf.
2,1,92.0,98.0,16.0,3.00,Strong Perf.
22,10,92.0,98.0,16.0,3.00,Strong Perf.
32,15,92.0,98.0,16.0,3.00,Strong Perf.
34,16,92.0,98.0,16.0,3.00,Strong Perf.
33,15,92.0,98.0,16.0,3.00,Strong Perf.
29,13,92.0,98.0,16.0,3.00,Strong Perf.
23,11,92.0,98.0,16.0,3.00,Strong Perf.
17,7,92.0,98.0,16.0,3.00,Strong Perf.
11,4,92.0,98.0,16.0,3.00,Strong Perf.
6,2,92.0,98.0,16.0,3.00,Strong Perf.
2,0,92.0,98.0,16.0,3.00,Strong Perf.
0,0,92.0,98.0,16.0,3.00,Strong Perf.
0,-1,92.0,98.0,16.0,3.00,Strong Perf.
-1,-1,92.0,98.0,16.0,3.00,Strong Perf.
-1,-1,92.0,98.0,16.0,3.00,Strong Perf.
-2,-2,92.0,98.0,16.0,3.00,Strong Perf.
-2,-2,92.0,98.0,16.0,3.00,Strong Perf.
-2,-2,92.0,98.0,16.0,3.00,Strong Perf.
-2,-2,92.0,98.0,16.0,3.00,Strong Perf.
-2,-2,92.0,98.0,16.0,3.00,Strong Perf.
-2,-2,92.0,98.0,16.0,3.00,Strong Perf.
-2,-2,92.0,98.0,16.0,3.00,Strong Perf.
-3,-3,92.0,98.0,16.0,3.00,Strong Perf.
-1,-2,92.0,98.0,16.0,3.00,Strong Perf.
3,0,92.0,98.0,16.0,3.00,Strong Perf.
15,5,92.0,98.0,16.0,3.00,Strong Perf.
32,13,92.0,98.0,16.0,3.00,Strong Perf.
46,20,92.0,98.0,16.0,3.00,Strong Perf.
46,20,92.0,98.0,16.0,3.00,Strong Perf.
33,14,92.0,98.0,16.0,3.00,Strong Perf.
19,7,92.0,98.0,16.0,3.00,Strong Perf.
9,2,92.0,98.0,16.0,3.00,Strong Perf.
-2,-3,92.0,98.0,16.0,3.00,Strong Perf.
13,4,92.0,98.0,16.0,3.00,Strong Perf.
23,9,92.0,98.0,16.0,3.00,Strong Perf.
25,10,92.0,98.0,16.0,3.00,Strong Perf.
24,9,92.0,98.0,16.0,3.00,Strong Perf.
20,7,92.0,98.0,16.0,3.00,Strong Perf.
15,5,92.0,98.0,16.0,3.00,Strong Perf.
9,2,92.0,98.0,16.0,3.00,Strong Perf.
4,0,92.0,98.0,16.0,3.00,Strong Perf.
0,-2,92.0,98.0,16.0,3.00,Strong Perf.
-2,-3,92.0,98.0,16.0,3.00,Strong Perf.
-3,-4,92.0,98.0,16.0,3.00,Strong Perf.
-4,-4,92.0,98.0,16.0,3.00,Strong Perf.
-4,-4,92.0,98.0,16.0,3.00,Strong Perf.
-4,-4,92.0,98.0,16.0,3.00,Strong Perf.
-4,-4,92.0,98.0,16.0,3.00,Strong Perf.
-4,-4,92.0,98.0,16.0,3.00,Strong Perf.
-5,-5,92.0,98.0,16.0,3.00,Strong Perf.
-5,-5,92.0,98.0,16.0,3.00,Strong Perf.
-5,-5,92.0,98.0,16.0,3.00,Strong Perf.
-5,-5,92.0,98.0,16.0,3.00,Strong Perf.
-5,-5,92.0,98.0,16.0,3.00,Strong Perf.
-3,-4,92.0,98.0,16.0,3.00,Strong Perf.
1,-1,92.0,98.0,16.0,3.00,Strong Perf.
14,4,92.0,98.0,16.0,3.00,Strong Perf.
33,13,92.0,98.0,16.0,3.00,Strong Perf.
51,22,92.0,98.0,16.0,3.00,Strong Perf.
44,18,92.0,98.0,16.0,3.00,Strong Perf.
28,11,92.0,98.0,16.0,3.00,Strong Perf.
16,5,92.0,98.0,16.0,3.00,Strong Perf.
2,-1,92.0,98.0,16.0,3.00,Strong Perf.
3,0,92.0,98.0,16.0,3.00,Strong Perf.
23,9,92.0,98.0,16.0,3.00,Strong Perf.
29,11,92.0,98.0,16.0,3.00,Strong Perf.
30,12,92.0,98.0,16.0,3.00,Strong Perf.
27,11,92.0,98.0,16.0,3.00,Strong Perf.
22,8,92.0,98.0,16.0,3.00,Strong Perf.
15,5,92.0,98.0,16.0,3.00,Strong Perf.
9,2,92.0,98.0,16.0,3.00,Strong Perf.
4,0,92.0,98.0,16.0,3.00,Strong Perf.
0,-1,92.0,98.0,16.0,3.00,Strong Perf.
-1,-2,92.0,98.0,16.0,3.00,Strong Perf.
-2,-3,92.0,98.0,16.0,3.00,Strong Perf.
-3,-3,92.0,98.0,16.0,3.00,Strong Perf.
-3,-3,92.0,98.0,16.0,3.00,Strong Perf.
-3,-3,92.0,98.0,16.0,3.00,Strong Perf.
-3,-3,92.0,98.0,16.0,3.00,Strong Perf.
-2,-2,92.0,98.0,16.0,3.00,Strong Perf.
-2,-2,92.0,98.0,16.0,3.00,Strong Perf.
-2,-2,92.0,98.0,16.0,3.00,Strong Perf.
-2,-2,92.0,98.0,16.0,3.00,Strong Perf.
-2,-2,92.0,98.0,16.0,3.00,Strong Perf.
-2,-2,92.0,98.0,16.0,3.00,Strong Perf.
3,0,92.0,98.0,16.0,3.00,Strong Perf.
15,6,92.0,98.0,16.0,3.00,Strong Perf.
38,17,92.0,98.0,16.0,3.00,Strong Perf.
62,29,92.0,98.0,16.0,3.00,Strong Perf.
71,33,92.0,98.0,16.0,3.00,Strong Perf.
58,27,92.0,98.0,16.0,3.00,Strong Perf.
30,14,92.0,98.0,16.0,3.00,Strong Perf.
15,7,92.0,98.0,16.0,3.00,Strong Perf.
3,1,92.0,98.0,16.0,3.00,Strong Perf.
31,14,92.0,98.0,16.0,3.00,Strong Perf.
42,20,92.0,98.0,16.0,3.00,Strong Perf.
44,21,92.0,98.0,16.0,3.00,Strong Perf.
42,20,92.0,98.0,16.0,3.00,Strong Perf.
36,17,92.0,98.0,16.0,3.00,Strong Perf.
28,13,92.0,98.0,16.0,3.00,Strong Perf.
19,9,92.0,98.0,16.0,3.00,Strong Perf.
12,6,92.0,98.0,16.0,3.00,Strong Perf.
7,4,92.0,98.0,16.0,3.00,Strong Perf.
4,2,92.0,98.0,16.0,3.00,Strong Perf.
2,2,92.0,98.0,16.0,3.00,Strong Perf.
2,1,92.0,98.0,16.0,3.00,Strong Perf.
2,1,92.0,98.0,16.0,3.00,Strong Perf.
2,2,92.0,98.0,16.0,3.00,Strong Perf.
2,2,92.0,98.0,16.0,3.00,Strong Perf.
2,2,92.0,98.0,16.0,3.00,Strong Perf.
2,2,92.0,98.0,16.0,3.00,Strong Perf.
2,2,92.0,98.0,16.0,3.00,Strong Perf.
2,2,92.0,98.0,16.0,3.00,Strong Perf.
3,3,92.0,98.0,16.0,3.00,Strong Perf.
3,3,92.0,98.0,16.0,3.00,Strong Perf.
8,6,92.0,98.0,16.0,3.00,Strong Perf.
20,11,92.0,98.0,16.0,3.00,Strong Perf.
40,21,92.0,98.0,16.0,3.00,Strong Perf.
67,34,92.0,98.0,16.0,3.00,Strong Perf.
86,43,92.0,98.0,16.0,3.00,Strong Perf.
86,43,92.0,98.0,16.0,3.00,Strong Perf.
68,35,92.0,98.0,16.0,3.00,Strong Perf.
47,25,92.0,98.0,16.0,3.00,Strong Perf.
33,18,92.0,98.0,16.0,3.00,Strong Perf.
13,9,92.0,98.0,16.0,3.00,Strong Perf.
16,10,92.0,98.0,16.0,3.00,Strong Perf.
44,24,92.0,98.0,16.0,3.00,Strong Perf.
54,29,92.0,98.0,16.0,3.00,Strong Perf.
55,29,92.0,98.0,16.0,3.00,Strong Perf.
51,27,92.0,98.0,16.0,3.00,Strong Perf.
43,24,92.0,98.0,16.0,3.00,Strong Perf.
35,19,92.0,98.0,16.0,3.00,Strong Perf.
26,15,92.0,98.0,16.0,3.00,Strong Perf.
19,12,92.0,98.0,16.0,3.00,Strong Perf.
14,9,92.0,98.0,16.0,3.00,Strong Perf.
10,8,92.0,98.0,16.0,3.00,Strong Perf.
8,7,92.0,98.0,16.0,3.00,Strong Perf.
7,6,92.0,98.0,16.0,3.00,Strong Perf.
6,6,92.0,98.0,16.0,3.00,Strong Perf.
6,6,92.0,98.0,16.0,3.00,Strong Perf.
6,6,92.0,98.0,16.0,3.00,Strong Perf.
6,6,92.0,98.0,16.0,3.00,Strong Perf.
6,6,92.0,98.0,16.0,3.00,Strong Perf.
6,6,92.0,98.0,16.0,3.00,Strong Perf.
6,6,92.0,98.0,16.0,3.00,Strong Perf.
6,6,92.0,98.0,16.0,3.00,Strong Perf.
6,6,92.0,98.0,16.0,3.00,Strong Perf.
6,6,92.0,98.0,16.0,3.00,Strong Perf.
6,6,92.0,98.0,16.0,3.00,Strong Perf.
12,9,92.0,98.0,16.0,3.00,Strong Perf.
24,15,92.0,98.0,16.0,3.00,Strong Perf.
46,25,92.0,98.0,16.0,3.00,Strong Perf.
71,37,92.0,98.0,16.0,3.00,Strong Perf.
85,44,92.0,98.0,16.0,3.00,Strong Perf.
79,41,92.0,98.0,16.0,3.00,Strong Perf.
60,32,92.0,98.0,16.0,3.00,Strong Perf.
41,23,92.0,98.0,16.0,3.00,Strong Perf.
28,16,92.0,98.0,16.0,3.00,Strong Perf.
9,7,92.0,98.0,16.0,3.00,Strong Perf.
24,14,92.0,98.0,16.0,3.00,Strong Perf.
44,24,92.0,98.0,16.0,3.00,Strong Perf.
49,26,92.0,98.0,16.0,3.00,Strong Perf.
49,26,92.0,98.0,16.0,3.00,Strong Perf.
45,24,92.0,98.0,16.0,3.00,Strong Perf.
39,21,92.0,98.0,16.0,3.00,Strong Perf.
31,17,92.0,98.0,16.0,3.00,Strong Perf.
23,13,92.0,98.0,16.0,3.00,Strong Perf.
16,10,92.0,98.0,16.0,3.00,Strong Perf.
9,7,92.0,98.0,16.0,3.00,Strong Perf.
7,5,92.0,98.0,16.0,3.00,Strong Perf.
5,4,92.0,98.0,16.0,3.00,Strong Perf.
4,4,92.0,98.0,16.0,3.00,Strong Perf.
4,3,92.0,98.0,16.0,3.00,Strong Perf.
3,3,92.0,98.0,16.0,3.00,Strong Perf.
3,3,92.0,98.0,16.0,3.00,Strong Perf.
3,3,92.0,98.0,16.0,3.00,Strong Perf.
2,2,92.0,98.0,16.0,3.00,Strong Perf.
2,2,92.0,98.0,16.0,3.00,Strong Perf.
2,2,92.0,98.0,16.0,3.00,Strong Perf.
2,2,92.0,98.0,16.0,3.00,Strong Perf.
2,2,92.0,98.0,16.0,3.00,Strong Perf.
1,1,92.0,98.0,16.0,3.00,Strong Perf.
4,3,92.0,98.0,16.0,3.00,Strong Perf.
11,6,92.0,98.0,16.0,3.00,Strong Perf.
26,13,92.0,98.0,16.0,3.00,Strong Perf.
46,22,92.0,98.0,16.0,3.00,Strong Perf.
60,29,92.0,98.0,16.0,3.00,Strong Perf.
59,28,92.0,98.0,16.0,3.00,Strong Perf.
45,21,92.0,98.0,16.0,3.00,Strong Perf.
29,13,92.0,98.0,16.0,3.00,Strong Perf.
18,8,92.0,98.0,16.0,3.00,Strong Perf.
2,1,92.0,98.0,16.0,3.00,Strong Perf.
12,5,92.0,98.0,16.0,3.00,Strong Perf.
28,13,92.0,98.0,16.0,3.00,Strong Perf.
32,14,92.0,98.0,16.0,3.00,Strong Perf.
31,14,92.0,98.0,16.0,3.00,Strong Perf.
28,12,92.0,98.0,16.0,3.00,Strong Perf.
23,10,92.0,98.0,16.0,3.00,Strong Perf.
17,7,92.0,98.0,16.0,3.00,Strong Perf.
10,3,92.0,98.0,16.0,3.00,Strong Perf.
5,1,92.0,98.0,16.0,3.00,Strong Perf.
1,0,92.0,98.0,16.0,3.00,Strong Perf.
0,-1,92.0,98.0,16.0,3.00,Strong Perf.
-2,-2,92.0,98.0,16.0,3.00,Strong Perf.
-3,-3,92.0,98.0,16.0,3.00,Strong Perf.
-3,-3,92.0,98.0,16.0,3.00,Strong Perf.
-3,-4,92.0,98.0,16.0,3.00,Strong Perf.
-4,-4,92.0,98.0,16.0,3.00,Strong Perf.
-4,-4,92.0,98.0,16.0,3.00,Strong Perf.
-4,-4,92.0,98.0,16.0,3.00,Strong Perf.
-4,-4,92.0,98.0,16.0,3.00,Strong Perf.
-5,-5,92.0,98.0,16.0,3.00,Strong Perf.
-5,-5,92.0,98.0,16.0,3.00,Strong Perf.
-5,-5,92.0,98.0,16.0,3.00,Strong Perf.
-4,-4,92.0,98.0,16.0,3.00,Strong Perf.
0,-2,92.0,98.0,16.0,3.00,Strong Perf.
11,2,92.0,98.0,16.0,3.00,Strong Perf.
27,9,92.0,98.0,16.0,3.00,Strong Perf.
41,16,92.0,98.0,16.0,3.00,Strong Perf.
44,17,92.0,98.0,16.0,3.00,Strong Perf.
33,12,92.0,98.0,16.0,3.00,Strong Perf.
19,5,92.0,98.0,16.0,3.00,Strong Perf.
9,1,92.0,98.0,16.0,3.00,Strong Perf.
-3,-5,92.0,98.0,16.0,3.00,Strong Perf.
3,-2,92.0,98.0,16.0,3.00,Strong Perf.
18,5,92.0,98.0,16.0,3.00,Strong Perf.
22,6,92.0,98.0,16.0,3.00,Strong Perf.
22,6,92.0,98.0,16.0,3.00,Strong Perf.
20,5,92.0,98.0,16.0,3.00,Strong Perf.
15,3,92.0,98.0,16.0,3.00,Strong Perf.
9,0,92.0,98.0,16.0,3.00,Strong Perf.
4,-1,92.0,98.0,16.0,3.00,Strong Perf.
0,-4,92.0,98.0,16.0,3.00,Strong Perf.
-3,-5,92.0,98.0,16.0,3.00,Strong Perf.
-5,-6,92.0,98.0,16.0,3.00,Strong Perf.
-6,-7,92.0,98.0,16.0,3.00,Strong Perf.
-7,-7,92.0,98.0,16.0,3.00,Strong Perf.
-7,-7,92.0,98.0,16.0,3.00,Strong Perf.
-7,-7,92.0,98.0,16.0,3.00,Strong Perf.
-7,-7,92.0,98.0,16.0,3.00,Strong Perf.
-7,-7,92.0,98.0,16.0,3.00,Strong Perf.
-7,-7,92.0,98.0,16.0,3.00,Strong Perf.
-7,-7,92.0,98.0,16.0,3.00,Strong Perf.
-7,-7,92.0,98.0,16.0,3.00,Strong Perf.
-7,-7,92.0,98.0,16.0,3.00,Strong Perf.
-7,-7,92.0,98.0,16.0,3.00,Strong Perf.
-3,-5,92.0,98.0,16.0,3.00,Strong Perf.
4,-1,92.0,98.0,16.0,3.00,Strong Perf.
20,6,92.0,98.0,16.0,3.00,Strong Perf.
41,16,92.0,98.0,16.0,3.00,Strong Perf.
52,21,92.0,98.0,16.0,3.00,Strong Perf.
46,18,92.0,98.0,16.0,3.00,Strong Perf.
30,11,92.0,98.0,16.0,3.00,Strong Perf.
17,4,92.0,98.0,16.0,3.00,Strong Perf.
4,-1,92.0,98.0,16.0,3.00,Strong Perf.
0,-3,92.0,98.0,16.0,3.00,Strong Perf.
21,7,92.0,98.0,16.0,3.00,Strong Perf.
29,11,92.0,98.0,16.0,3.00,Strong Perf.
31,12,92.0,98.0,16.0,3.00,Strong Perf.
29,11,92.0,98.0,16.0,3.00,Strong Perf.
24,9,92.0,98.0,16.0,3.00,Strong Perf.
18,6,92.0,98.0,16.0,3.00,Strong Perf.
11,2,92.0,98.0,16.0,3.00,Strong Perf.
5,0,92.0,98.0,16.0,3.00,Strong Perf.
1,-1,92.0,98.0,16.0,3.00,Strong Perf.
-1,-2,92.0,98.0,16.0,3.00,Strong Perf.
-2,-3,92.0,98.0,16.0,3.00,Strong Perf.
-3,-3,92.0,98.0,16.0,3.00,Strong Perf.
-3,-3,92.0,98.0,16.0,3.00,Strong Perf.
-3,-3,92.0,98.0,16.0,3.00,Strong Perf.
-2,-2,92.0,98.0,16.0,3.00,Strong Perf.
-2,-2,92.0,98.0,16.0,3.00,Strong Perf.
-2,-2,92.0,98.0,16.0,3.00,Strong Perf.
-2,-2,92.0,98.0,16.0,3.00,Strong Perf.
-1,-1,92.0,98.0,16.0,3.00,Strong Perf.
-1,-1,92.0,98.0,16.0,3.00,Strong Perf.
-1,-1,92.0,98.0,16.0,3.00,Strong Perf.
5,2,92.0,98.0,16.0,3.00,Strong Perf.
18,8,92.0,98.0,16.0,3.00,Strong Perf.
40,19,92.0,98.0,16.0,3.00,Strong Perf.
64,31,92.0,98.0,16.0,3.00,Strong Perf.
77,37,92.0,98.0,16.0,3.00,Strong Perf.
69,33,92.0,98.0,16.0,3.00,Strong Perf.
49,24,92.0,98.0,16.0,3.00,Strong Perf.
33,16,92.0,98.0,16.0,3.00,Strong Perf.
18,9,92.0,98.0,16.0,3.00,Strong Perf.
5,3,92.0,98.0,16.0,3.00,Strong Perf.
33,16,92.0,98.0,16.0,3.00,Strong Perf.
46,23,92.0,98.0,16.0,3.00,Strong Perf.
49,25,92.0,98.0,16.0,3.00,Strong Perf.
48,25,92.0,98.0,16.0,3.00,Strong Perf.
44,22,92.0,98.0,16.0,3.00,Strong Perf.
36,19,92.0,98.0,16.0,3.00,Strong Perf.
28,15,92.0,98.0,16.0,3.00,Strong Perf.
20,12,92.0,98.0,16.0,3.00,Strong Perf.
14,9,92.0,98.0,16.0,3.00,Strong Perf.
10,7,92.0,98.0,16.0,3.00,Strong Perf.
7,6,92.0,98.0,16.0,3.00,Strong Perf.
6,5,92.0,98.0,16.0,3.00,Strong Perf.
6,5,92.0,98.0,16.0,3.00,Strong Perf.
5,5,92.0,98.0,16.0,3.00,Strong Perf.
6,5,92.0,98.0,16.0,3.00,Strong Perf.
6,6,92.0,98.0,16.0,3.00,Strong Perf.
6,6,92.0,98.0,16.0,3.00,Strong Perf.
6,6,92.0,98.0,16.0,3.00,Strong Perf.
6,6,92.0,98.0,16.0,3.00,Strong Perf.
7,7,92.0,98.0,16.0,3.00,Strong Perf.
7,7,92.0,98.0,16.0,3.00,Strong Perf.
7,7,92.0,98.0,16.0,3.00,Strong Perf.
10,8,92.0,98.0,16.0,3.00,Strong Perf.
17,12,92.0,98.0,16.0,3.00,Strong Perf.
33,20,92.0,98.0,16.0,3.00,Strong Perf.
58,32,92.0,98.0,16.0,3.00,Strong Perf.
84,44,92.0,98.0,16.0,3.00,Strong Perf.
94,49,92.0,98.0,16.0,3.00,Strong Perf.
82,43,92.0,98.0,16.0,3.00,Strong Perf.
60,33,92.0,98.0,16.0,3.00,Strong Perf.
35,21,92.0,98.0,16.0,3.00,Strong Perf.
14,11,92.0,98.0,16.0,3.00,Strong Perf.
25,16,92.0,98.0,16.0,3.00,Strong Perf.
50,29,92.0,98.0,16.0,3.00,Strong Perf.
57,32,92.0,98.0,16.0,3.00,Strong Perf.
58,32,92.0,98.0,16.0,3.00,Strong Perf.
55,31,92.0,98.0,16.0,3.00,Strong Perf.
48,28,92.0,98.0,16.0,3.00,Strong Perf.
40,23,92.0,98.0,16.0,3.00,Strong Perf.
31,19,92.0,98.0,16.0,3.00,Strong Perf.
23,16,92.0,98.0,16.0,3.00,Strong Perf.
17,13,92.0,98.0,16.0,3.00,Strong Perf.
13,11,92.0,98.0,16.0,3.00,Strong Perf.
11,10,92.0,98.0,16.0,3.00,Strong Perf.
10,9,92.0,98.0,16.0,3.00,Strong Perf.
9,9,92.0,98.0,16.0,3.00,Strong Perf.
8,8,92.0,98.0,16.0,3.00,Strong Perf.
8,8,92.0,98.0,16.0,3.00,Strong Perf.
8,8,92.0,98.0,16.0,3.00,Strong Perf.
8,8,92.0,98.0,16.0,3.00,Strong Perf.
8,8,92.0,98.0,16.0,3.00,Strong Perf.
8,8,92.0,98.0,16.0,3.00,Strong Perf.
8,8,92.0,98.0,16.0,3.00,Strong Perf.
7,7,92.0,98.0,16.0,3.00,Strong Perf.
7,7,92.0,98.0,16.0,3.00,Strong Perf.
9,8,92.0,98.0,16.0,3.00,Strong Perf.
15,11,92.0,98.0,16.0,3.00,Strong Perf.
28,17,92.0,98.0,16.0,3.00,Strong Perf.
50,28,92.0,98.0,16.0,3.00,Strong Perf.
73,38,92.0,98.0,16.0,3.00,Strong Perf.
82,42,92.0,98.0,16.0,3.00,Strong Perf.
71,37,92.0,98.0,16.0,3.00,Strong Perf.
42,23,92.0,98.0,16.0,3.00,Strong Perf.
29,17,92.0,98.0,16.0,3.00,Strong Perf.
10,8,92.0,98.0,16.0,3.00,Strong Perf.
19,11,92.0,98.0,16.0,3.00,Strong Perf.
40,21,92.0,98.0,16.0,3.00,Strong Perf.
45,24,92.0,98.0,16.0,3.00,Strong Perf.
45,24,92.0,98.0,16.0,3.00,Strong Perf.
42,22,92.0,98.0,16.0,3.00,Strong Perf.
36,19,92.0,98.0,16.0,3.00,Strong Perf.
28,15,92.0,98.0,16.0,3.00,Strong Perf.
21,11,92.0,98.0,16.0,3.00,Strong Perf.
14,8,92.0,98.0,16.0,3.00,Strong Perf.
9,6,92.0,98.0,16.0,3.00,Strong Perf.
6,4,92.0,98.0,16.0,3.00,Strong Perf.
3,2,92.0,98.0,16.0,3.00,Strong Perf.
2,2,92.0,98.0,16.0,3.00,Strong Perf.
1,1,92.0,98.0,16.0,3.00,Strong Perf.
1,1,92.0,98.0,16.0,3.00,Strong Perf.
0,0,92.0,98.0,16.0,3.00,Strong Perf.
0,0,92.0,98.0,16.0,3.00,Strong Perf.
0,0,92.0,98.0,16.0,3.00,Strong Perf.
0,0,92.0,98.0,16.0,3.00,Strong Perf.
0,0,92.0,98.0,16.0,3.00,Strong Perf.
0,0,92.0,98.0,16.0,3.00,Strong Perf.
-1,-1,92.0,98.0,16.0,3.00,Strong Perf.
-1,-1,92.0,98.0,16.0,3.00,Strong Perf.
0,0,92.0,98.0,16.0,3.00,Strong Perf.
5,1,92.0,98.0,16.0,3.00,Strong Perf.
17,6,92.0,98.0,16.0,3.00,Strong Perf.
35,15,92.0,98.0,16.0,3.00,Strong Perf.
51,23,92.0,98.0,16.0,3.00,Strong Perf.
52,23,92.0,98.0,16.0,3.00,Strong Perf.
39,16,92.0,98.0,16.0,3.00,Strong Perf.
23,9,92.0,98.0,16.0,3.00,Strong Perf.
12,3,92.0,98.0,16.0,3.00,Strong Perf.
-1,-3,92.0,98.0,16.0,3.00,Strong Perf.
9,1,92.0,98.0,16.0,3.00,Strong Perf.
23,8,92.0,98.0,16.0,3.00,Strong Perf.
26,9,92.0,98.0,16.0,3.00,Strong Perf.
25,9,92.0,98.0,16.0,3.00,Strong Perf.
21,7,92.0,98.0,16.0,3.00,Strong Perf.
16,4,92.0,98.0,16.0,3.00,Strong Perf.
6,0,92.0,98.0,16.0,3.00,Strong Perf.
1,-2,92.0,98.0,16.0,3.00,Strong Perf.
-2,-4,92.0,98.0,16.0,3.00,Strong Perf.
-5,-6,92.0,98.0,16.0,3.00,Strong Perf.
-6,-7,92.0,98.0,16.0,3.00,Strong Perf.
-7,-7,92.0,98.0,16.0,3.00,Strong Perf.
-8,-8,92.0,98.0,16.0,3.00,Strong Perf.
-8,-8,92.0,98.0,16.0,3.00,Strong Perf.
-8,-8,92.0,98.0,16.0,3.00,Strong Perf.
-8,-8,92.0,98.0,16.0,3.00,Strong Perf.
-8,-8,92.0,98.0,16.0,3.00,Strong Perf.
-9,-9,92.0,98.0,16.0,3.00,Strong Perf.
-9,-9,92.0,98.0,16.0,3.00,Strong Perf.
-9,-9,92.0,98.0,16.0,3.00,Strong Perf.
-9,-9,92.0,98.0,16.0,3.00,Strong Perf.
-8,-8,92.0,98.0,16.0,3.00,Strong Perf.
-3,-6,92.0,98.0,16.0,3.00,Strong Perf.
6,-1,92.0,98.0,16.0,3.00,Strong Perf.
23,6,92.0,98.0,16.0,3.00,Strong Perf.
38,13,92.0,98.0,16.0,3.00,Strong Perf.
40,14,92.0,98.0,16.0,3.00,Strong Perf.
29,8,92.0,98.0,16.0,3.00,Strong Perf.
15,2,92.0,98.0,16.0,3.00,Strong Perf.
5,-2,92.0,98.0,16.0,3.00,Strong Perf.
-7,-8,92.0,98.0,16.0,3.00,Strong Perf.
4,-3,92.0,98.0,16.0,3.00,Strong Perf.
17,3,92.0,98.0,16.0,3.00,Strong Perf.
20,4,92.0,98.0,16.0,3.00,Strong Perf.
20,4,92.0,98.0,16.0,3.00,Strong Perf.
17,3,92.0,98.0,16.0,3.00,Strong Perf.
12,0,92.0,98.0,16.0,3.00,Strong Perf.
6,-2,92.0,98.0,16.0,3.00,Strong Perf.
0,-4,92.0,98.0,16.0,3.00,Strong Perf.
-3,-6,92.0,98.0,16.0,3.00,Strong Perf.
-6,-7,92.0,98.0,16.0,3.00,Strong Perf.
-7,-8,92.0,98.0,16.0,3.00,Strong Perf.
-8,-8,92.0,98.0,16.0,3.00,Strong Perf.
-8,-8,92.0,98.0,16.0,3.00,Strong Perf.
-8,-8,92.0,98.0,16.0,3.00,Strong Perf.
-8,-8,92.0,98.0,16.0,3.00,Strong Perf.
-8,-8,92.0,98.0,16.0,3.00,Strong Perf.
-8,-8,92.0,98.0,16.0,3.00,Strong Perf.
-8,-8,92.0,98.0,16.0,3.00,Strong Perf.
-7,-7,92.0,98.0,16.0,3.00,Strong Perf.
-7,-7,92.0,98.0,16.0,3.00,Strong Perf.
-7,-7,92.0,98.0,16.0,3.00,Strong Perf.
-4,-5,92.0,98.0,16.0,3.00,Strong Perf.
2,-2,92.0,98.0,16.0,3.00,Strong Perf.
18,5,92.0,98.0,16.0,3.00,Strong Perf.
40,16,92.0,98.0,16.0,3.00,Strong Perf.
55,23,92.0,98.0,16.0,3.00,Strong Perf.
53,22,92.0,98.0,16.0,3.00,Strong Perf.
37,15,92.0,98.0,16.0,3.00,Strong Perf.
22,8,92.0,98.0,16.0,3.00,Strong Perf.
10,2,92.0,98.0,16.0,3.00,Strong Perf.
-1,-3,92.0,98.0,16.0,3.00,Strong Perf.
22,8,92.0,98.0,16.0,3.00,Strong Perf.
32,13,92.0,98.0,16.0,3.00,Strong Perf.
35,15,92.0,98.0,16.0,3.00,Strong Perf.
34,14,92.0,98.0,16.0,3.00,Strong Perf.
29,12,92.0,98.0,16.0,3.00,Strong Perf.
23,9,92.0,98.0,16.0,3.00,Strong Perf.
15,6,92.0,98.0,16.0,3.00,Strong Perf.
9,3,92.0,98.0,16.0,3.00,Strong Perf.
5,1,92.0,98.0,16.0,3.00,Strong Perf.
2,0,92.0,98.0,16.0,3.00,Strong Perf.
0,0,92.0,98.0,16.0,3.00,Strong Perf.
0,0,92.0,98.0,16.0,3.00,Strong Perf.
0,0,92.0,98.0,16.0,3.00,Strong Perf.
0,0,92.0,98.0,16.0,3.00,Strong Perf.
0,0,92.0,98.0,16.0,3.00,Strong Perf.
1,1,92.0,98.0,16.0,3.00,Strong Perf.
1,1,92.0,98.0,16.0,3.00,Strong Perf.
1,1,92.0,98.0,16.0,3.00,Strong Perf.
2,2,92.0,98.0,16.0,3.00,Strong Perf.
2,2,92.0,98.0,16.0,3.00,Strong Perf.
2,2,92.0,98.0,16.0,3.00,Strong Perf.
6,4,92.0,98.0,16.0,3.00,Strong Perf.
13,8,92.0,98.0,16.0,3.00,Strong Perf.
29,16,92.0,98.0,16.0,3.00,Strong Perf.
53,27,92.0,98.0,16.0,3.00,Strong Perf.
76,39,92.0,98.0,16.0,3.00,Strong Perf.
84,43,92.0,98.0,16.0,3.00,Strong Perf.
74,38,92.0,98.0,16.0,3.00,Strong Perf.
45,24,92.0,98.0,16.0,3.00,Strong Perf.
32,18,92.0,98.0,16.0,3.00,Strong Perf.
12,9,92.0,98.0,16.0,3.00,Strong Perf.
20,13,92.0,98.0,16.0,3.00,Strong Perf.
46,25,92.0,98.0,16.0,3.00,Strong Perf.
54,29,92.0,98.0,16.0,3.00,Strong Perf.
56,30,92.0,98.0,16.0,3.00,Strong Perf.
54,30,92.0,98.0,16.0,3.00,Strong Perf.
48,27,92.0,98.0,16.0,3.00,Strong Perf.
40,23,92.0,98.0,16.0,3.00,Strong Perf.
32,20,92.0,98.0,16.0,3.00,Strong Perf.
25,16,92.0,98.0,16.0,3.00,Strong Perf.
19,13,92.0,98.0,16.0,3.00,Strong Perf.
14,11,92.0,98.0,16.0,3.00,Strong Perf.
12,10,92.0,98.0,16.0,3.00,Strong Perf.
11,10,92.0,98.0,16.0,3.00,Strong Perf.
10,10,92.0,98.0,16.0,3.00,Strong Perf.
10,9,92.0,98.0,16.0,3.00,Strong Perf.
10,10,92.0,98.0,16.0,3.00,Strong Perf.
10,10,92.0,98.0,16.0,3.00,Strong Perf.
10,10,92.0,98.0,16.0,3.00,Strong Perf.
10,10,92.0,98.0,16.0,3.00,Strong Perf.
10,10,92.0,98.0,16.0,3.00,Strong Perf.
10,10,92.0,98.0,16.0,3.00,Strong Perf.
10,10,92.0,98.0,16.0,3.00,Strong Perf.
10,10,92.0,98.0,16.0,3.00,Strong Perf.
10,10,92.0,98.0,16.0,3.00,Strong Perf.
14,12,92.0,98.0,16.0,3.00,Strong Perf.
31,20,92.0,98.0,16.0,3.00,Strong Perf.
54,31,92.0,98.0,16.0,3.00,Strong Perf.
79,43,92.0,98.0,16.0,3.00,Strong Perf.
95,51,92.0,98.0,16.0,3.00,Strong Perf.
90,48,92.0,98.0,16.0,3.00,Strong Perf.
70,39,92.0,98.0,16.0,3.00,Strong Perf.
50,29,92.0,98.0,18.4,3.00,Strong Perf.
36,22,92.0,98.0,18.4,3.00,Strong Perf.
15,13,92.0,98.0,18.7,3.00,Strong Perf.
26,17,92.0,98.0,19.2,3.00,Strong Perf.
50,29,92.0,98.0,20.3,3.00,Strong Perf.
56,32,92.0,98.0,21.3,3.00,Strong Perf.
57,32,92.0,98.0,22.7,3.00,Strong Perf.
54,31,92.0,98.0,23.5,3.00,Strong Perf.
48,28,92.0,98.0,24.3,3.00,Strong Perf.
40,24,92.0,98.0,25.1,3.00,Strong Perf.
31,19,92.0,98.0,25.3,3.00,Strong Perf.
23,15,92.0,98.0,25.3,3.00,Strong Perf.
17,12,92.0,98.0,25.3,3.00,Strong Perf.
13,10,92.0,98.0,25.6,3.00,Strong Perf.
10,8,92.0,98.0,26.1,3.00,Strong Perf.
8,7,92.0,98.0,26.9,3.00,Strong Perf.
6,6,92.0,98.0,28.0,3.00,Strong Perf.
6,5,92.0,98.0,28.8,3.00,Strong Perf.
5,5,92.0,98.0,29.3,3.00,Strong Perf.
4,4,92.0,98.0,29.9,3.00,Strong Perf.
4,4,92.0,98.0,30.7,3.00,Strong Perf.
3,3,92.0,98.0,31.2,3.00,Strong Perf.
3,3,92.0,98.0,31.2,3.00,Strong Perf.
2,2,92.0,98.0,31.2,3.00,Strong Perf.
1,1,92.0,98.0,31.2,3.00,Strong Perf.
1,1,92.0,98.0,31.2,3.00,Strong Perf.
0,0,92.0,98.0,31.2,3.00,Strong Perf.
2,1,92.0,98.0,31.2,3.00,Strong Perf.
7,3,92.0,98.0,31.2,3.00,Strong Perf.
20,9,92.0,98.0,31.2,3.00,Strong Perf.
39,18,92.0,98.0,30.7,3.00,Strong Perf.
54,25,92.0,98.0,29.3,3.00,Strong Perf.
54,25,92.0,98.0,28.5,3.00,Strong Perf.
41,18,92.0,98.0,27.7,3.00,Strong Perf.
24,10,92.0,98.0,27.2,3.00,Strong Perf.
13,4,92.0,98.0,26.1,3.00,Strong Perf.
0,-2,92.0,98.0,25.1,3.00,Strong Perf.
17,6,92.0,98.0,24.0,3.00,Strong Perf.
24,9,92.0,98.0,23.2,3.00,Strong Perf.
26,9,92.0,98.0,22.4,3.00,Strong Perf.
24,8,92.0,98.0,21.6,3.00,Strong Perf.
19,6,92.0,98.0,21.3,3.00,Strong Perf.
13,3,92.0,98.0,21.1,3.00,Strong Perf.
7,0,92.0,98.0,20.8,3.00,Strong Perf.
2,-2,92.0,98.0,20.8,3.00,Strong Perf.
-1,-4,92.0,98.0,20.3,3.00,Strong Perf.
-4,-5,92.0,98.0,20.0,3.00,Strong Perf.
-6,-6,92.0,98.0,19.7,3.00,Strong Perf.
-7,-7,92.0,98.0,19.7,3.00,Strong Perf.
-7,-7,92.0,98.0,19.7,3.00,Strong Perf.
-8,-8,92.0,98.0,19.2,3.00,Strong Perf.
-8,-8,92.0,98.0,18.9,3.00,Strong Perf.
-8,-8,92.0,98.0,18.7,3.00,Strong Perf.
-8,-8,92.0,98.0,18.7,3.00,Strong Perf.
-8,-8,92.0,98.0,18.7,3.00,Strong Perf.
-8,-8,92.0,98.0,18.7,3.00,Strong Perf.
-8,-8,92.0,98.0,18.7,3.00,Strong Perf.
-8,-8,92.0,98.0,18.7,3.00,Strong Perf.
-8,-8,92.0,98.0,18.7,3.00,Strong Perf.
-5,-7,92.0,98.0,18.7,3.00,Strong Perf.
3,-3,92.0,98.0,18.7,3.00,Strong Perf.
19,4,92.0,98.0,18.7,3.00,Strong Perf.
37,13,92.0,98.0,18.7,3.00,Strong Perf.
43,16,92.0,98.0,18.7,3.00,Strong Perf.
35,12,92.0,98.0,18.7,3.00,Strong Perf.
19,4,92.0,98.0,18.7,3.00,Strong Perf.
9,0,92.0,98.0,18.7,3.00,Strong Perf.
-4,-6,92.0,98.0,18.7,3.00,Strong Perf.
3,-3,92.0,98.0,18.7,3.00,Strong Perf.
19,4,92.0,98.0,18.7,3.00,Strong Perf.
23,6,92.0,98.0,18.7,3.00,Strong Perf.
23,6,92.0,98.0,18.7,3.00,Strong Perf.
20,5,92.0,98.0,18.7,3.00,Strong Perf.
15,3,92.0,98.0,18.7,3.00,Strong Perf.
5,-1,92.0,98.0,18.7,3.00,Strong Perf.
0,-3,92.0,98.0,18.7,3.00,Strong Perf.
-2,-5,92.0,98.0,18.7,3.00,Strong Perf.
-5,-6,92.0,98.0,18.7,3.00,Strong Perf.
-6,-6,92.0,98.0,18.7,3.00,Strong Perf.
-6,-6,92.0,98.0,18.7,3.00,Strong Perf.
-6,-6,92.0,98.0,18.7,3.00,Strong Perf.
-6,-6,92.0,98.0,18.7,3.00,Strong Perf.
-6,-6,92.0,98.0,18.7,3.00,Strong Perf.
-6,-6,97.3,98.0,18.7,3.00,Strong Perf.
-5,-5,97.3,98.0,18.7,3.00,Strong Perf.
-5,-5,97.3,98.0,18.7,3.00,Strong Perf.
-5,-5,97.3,98.0,18.7,3.00,Strong Perf.
-5,-5,97.3,98.0,18.7,3.00,Strong Perf.
-4,-4,101.3,98.0,18.7,3.00,Strong Perf.
0,-2,106.7,98.0,18.7,3.00,Strong Perf.
12,3,112.0,98.0,18.7,3.00,Strong Perf.
36,15,116.0,98.0,18.7,3.00,Strong Perf.
56,25,121.3,98.0,18.7,3.00,Strong Perf.
51,22,128.0,98.0,18.7,3.00,Strong Perf.
28,12,130.7,98.0,18.7,3.00,Strong Perf.
13,5,130.7,98.0,18.7,3.00,Strong Perf.
4,0,130.7,98.0,18.7,3.00,Strong Perf.
30,13,130.7,98.0,18.7,3.00,Strong Perf.
35,16,130.7,98.0,18.7,3.00,Strong Perf.
32,15,130.7,98.0,18.7,3.00,Strong Perf.
25,11,130.7,98.0,18.7,3.00,Strong Perf.
16,7,130.7,98.0,18.7,3.00,Strong Perf.
8,4,130.7,98.0,18.7,3.00,Strong Perf.
4,2,125.3,98.0,18.7,3.00,Strong Perf.
2,1,120.0,98.0,18.7,3.00,Strong Perf.
1,1,113.3,98.0,18.7,3.00,Strong Perf.
1,1,106.7,98.0,18.7,3.00,Strong Perf.
1,1,101.3,98.0,18.7,3.00,Strong Perf.
2,2,97.3,98.0,18.7,3.00,Strong Perf.
2,2,96.0,98.0,18.7,3.00,Strong Perf.
2,2,93.3,98.0,18.7,3.00,Strong Perf.
3,3,92.0,98.0,18.7,3.00,Strong Perf.
3,3,92.0,98.0,18.7,3.00,Strong Perf.
3,3,92.0,98.0,18.7,3.00,Strong Perf.
6,5,90.7,98.0,18.7,3.00,Strong Perf.
12,8,90.7,98.0,18.7,3.00,Strong Perf.
28,15,89.3,98.0,18.7,3.00,Strong Perf.
52,27,88.0,98.0,18.7,3.00,Strong Perf.
78,40,86.7,98.0,18.7,3.00,Strong Perf.
91,46,84.0,98.0,18.7,3.00,Strong Perf.
84,43,84.0,98.0,18.7,3.00,Strong Perf.
64,33,84.0,98.0,18.7,3.00,Strong Perf.
45,25,84.0,98.0,18.7,3.00,Strong Perf.
31,18,84.0,98.0,18.7,3.00,Strong Perf.
11,9,84.0,98.0,18.7,3.00,Strong Perf.
24,15,84.0,98.0,18.7,3.00,Strong Perf.
49,27,84.0,98.0,18.7,3.00,Strong Perf.
56,31,84.0,98.0,18.7,3.00,Strong Perf.
58,32,84.0,98.0,18.7,3.00,Strong Perf.
56,31,84.0,98.0,18.7,3.00,Strong Perf.
51,28,84.0,98.0,18.7,3.00,Strong Perf.
43,25,84.0,98.0,18.7,3.00,Strong Perf.
35,21,84.0,98.0,18.7,3.00,Strong Perf.
27,17,84.0,98.0,18.7,3.00,Strong Perf.
20,14,84.0,98.0,18.7,3.00,Strong Perf.
15,11,84.0,98.0,18.7,3.00,Strong Perf.
12,10,84.0,98.0,18.7,3.00,Strong Perf.
10,9,88.0,98.0,18.7,3.00,Strong Perf.
9,9,93.3,98.0,18.7,3.00,Strong Perf.
9,8,100.0,98.0,18.7,3.00,Strong Perf.
8,8,105.3,98.0,18.7,3.00,Strong Perf.
8,8,108.0,98.0,18.7,3.00,Strong Perf.
8,8,109.3,98.0,18.7,3.00,Strong Perf.
8,8,110.7,98.0,18.7,3.00,Strong Perf.
8,8,113.3,98.0,18.7,3.00,Strong Perf.
8,8,114.7,98.0,18.7,3.00,Strong Perf.
8,8,114.7,98.0,18.7,3.00,Strong Perf.
15,11,114.7,98.0,18.7,3.00,Strong Perf.
30,19,114.7,98.0,18.7,3.00,Strong Perf.
58,32,114.7,98.0,18.7,3.00,Strong Perf.
80,43,114.7,98.0,18.7,3.00,Strong Perf.
75,40,116.0,98.0,18.7,3.00,Strong Perf.
50,28,118.7,98.0,18.7,3.00,Strong Perf.
31,19,120.0,98.0,18.7,3.00,Strong Perf.
10,8,120.0,98.0,18.7,3.00,Strong Perf.
36,21,120.0,98.0,18.7,3.00,Strong Perf.
47,26,121.3,98.0,18.7,3.00,Strong Perf.
46,26,124.0,98.0,18.7,3.00,Strong Perf.
40,22,126.7,98.0,18.7,3.00,Strong Perf.
29,17,129.3,98.0,18.7,3.00,Strong Perf.
19,13,130.7,98.0,18.7,3.00,Strong Perf.
12,9,132.0,98.0,18.7,3.00,Strong Perf.
8,7,133.3,98.0,18.7,3.00,Strong Perf.
6,6,133.3,98.0,18.7,3.00,Strong Perf.
5,5,133.3,98.0,18.7,3.00,Strong Perf.
5,5,133.3,98.0,18.7,3.00,Strong Perf.
5,5,133.3,98.0,18.7,3.00,Strong Perf.
4,4,133.3,98.0,18.7,3.00,Strong Perf.
4,4,133.3,98.0,18.7,3.00,Strong Perf.
4,4,133.3,98.0,18.7,3.00,Strong Perf.
3,3,133.3,98.0,18.7,3.00,Strong Perf.
9,6,133.3,98.0,18.7,3.00,Strong Perf.
27,14,133.3,98.0,18.7,3.00,Strong Perf.
52,26,133.3,98.0,18.7,3.00,Strong Perf.
58,29,133.3,98.0,18.7,3.00,Strong Perf.
38,19,133.3,98.0,18.7,3.00,Strong Perf.
21,11,133.3,98.0,18.7,3.00,Strong Perf.
3,2,133.3,98.0,18.7,3.00,Strong Perf.
26,13,133.3,98.0,18.7,3.00,Strong Perf.
32,16,133.3,98.0,18.7,3.00,Strong Perf.
30,15,133.3,98.0,18.7,3.00,Strong Perf.
24,11,133.3,98.0,18.7,3.00,Strong Perf.
15,7,133.3,98.0,18.7,3.00,Strong Perf.
5,2,133.3,98.0,18.7,3.00,Strong Perf.
1,0,133.3,98.0,18.7,3.00,Strong Perf.
0,0,133.3,98.0,18.7,3.00,Strong Perf.
-1,-1,133.3,98.0,18.7,3.00,Strong Perf.
-1,-1,133.3,98.0,18.7,3.00,Strong Perf.
-1,-1,133.3,98.0,18.7,3.00,Strong Perf.
-2,-2,133.3,98.0,18.7,3.00,Strong Perf.
-2,-2,133.3,98.0,18.7,3.00,Strong Perf.
-2,-2,133.3,98.0,18.7,3.00,Strong Perf.
-3,-3,133.3,98.0,18.7,3.00,Strong Perf.
0,-1,133.3,98.0,18.7,3.00,Strong Perf.
11,3,133.3,98.0,18.7,3.00,Strong Perf.
33,13,133.3,98.0,18.7,3.00,Strong Perf.
41,17,133.3,98.0,18.7,3.00,Strong Perf.
26,10,133.3,98.0,18.7,3.00,Strong Perf.
11,3,133.3,98.0,18.7,3.00,Strong Perf.
-3,-4,133.3,98.0,18.7,3.00,Strong Perf.
14,3,133.3,98.0,18.7,3.00,Strong Perf.
20,6,133.3,98.0,18.7,3.00,Strong Perf.
19,6,133.3,98.0,18.7,3.00,Strong Perf.
13,3,133.3,98.0,18.7,3.00,Strong Perf.
6,0,133.3,98.0,18.7,3.00,Strong Perf.
0,-3,133.3,98.0,18.7,3.00,Strong Perf.
-3,-5,133.3,98.0,18.7,3.00,Strong Perf.
-5,-6,133.3,98.0,18.7,3.00,Strong Perf.
-6,-7,133.3,98.0,18.7,3.00,Strong Perf.
-7,-7,133.3,98.0,18.7,3.00,Strong Perf.
-7,-7,133.3,98.0,18.7,3.00,Strong Perf.
-7,-7,133.3,98.0,18.7,3.00,Strong Perf.
-7,-7,133.3,98.0,18.7,3.00,Strong Perf.
-7,-7,133.3,98.0,18.7,3.00,Strong Perf.
-7,-7,133.3,98.0,18.7,3.00,Strong Perf.
-6,-7,133.3,98.0,18.7,3.00,Strong Perf.
2,-2,133.3,98.0,18.7,3.00,Strong Perf.
32,11,133.3,98.0,18.7,3.00,Strong Perf.
33,11,133.3,98.0,18.7,3.00,Strong Perf.
16,3,133.3,98.0,18.7,3.00,Strong Perf.
3,-2,133.3,98.0,18.7,3.00,Strong Perf.
-2,-5,133.3,98.0,18.7,3.00,Strong Perf.
15,3,133.3,98.0,18.7,3.00,Strong Perf.
18,4,133.3,98.0,18.7,3.00,Strong Perf.
15,3,133.3,98.0,18.7,3.00,Strong Perf.
8,0,133.3,98.0,18.7,3.00,Strong Perf.
1,-3,133.3,98.0,18.7,3.00,Strong Perf.
-3,-5,133.3,98.0,18.7,3.00,Strong Perf.
-6,-7,133.3,98.0,18.7,3.00,Strong Perf.
-7,-7,133.3,98.0,18.7,3.00,Strong Perf.
-7,-7,133.3,98.0,18.7,3.00,Strong Perf.
-7,-7,133.3,98.0,18.7,3.00,Strong Perf.
-7,-7,133.3,98.0,18.7,3.00,Strong Perf.
-7,-7,133.3,98.0,18.7,3.00,Strong Perf.
-7,-7,133.3,98.0,18.7,3.00,Strong Perf.
-7,-7,133.3,98.0,18.7,3.00,Strong Perf.
-5,-6,133.3,98.0,18.7,3.00,Strong Perf.
3,-2,133.3,98.0,18.7,3.00,Strong Perf.
26,8,133.3,98.0,18.7,3.00,Strong Perf.
45,18,133.3,98.0,18.7,3.00,Strong Perf.
35,13,133.3,98.0,18.7,3.00,Strong Perf.
15,4,133.3,98.0,18.7,3.00,Strong Perf.
-2,-4,133.3,98.0,18.7,3.00,Strong Perf.
16,4,133.3,98.0,18.7,3.00,Strong Perf.
26,9,133.3,98.0,18.7,3.00,Strong Perf.
25,9,133.3,98.0,18.7,3.00,Strong Perf.
19,6,133.3,98.0,18.7,3.00,Strong Perf.
10,2,133.3,98.0,18.7,3.00,Strong Perf.
3,0,133.3,98.0,18.7,3.00,Strong Perf.
-1,-2,133.3,98.0,18.7,3.00,Strong Perf.
-2,-3,133.3,98.0,18.7,3.00,Strong Perf.
-3,-3,133.3,98.0,18.7,3.00,Strong Perf.
-3,-3,133.3,98.0,18.7,3.00,Strong Perf.
-2,-2,133.3,98.0,18.7,3.00,Strong Perf.
-2,-2,133.3,98.0,18.7,3.00,Strong Perf.
-2,-2,133.3,98.0,18.7,3.00,Strong Perf.
-1,-1,133.3,98.0,18.7,3.00,Strong Perf.
2,0,133.3,98.0,18.7,3.00,Strong Perf.
18,8,133.3,98.0,18.7,3.00,Strong Perf.
47,22,133.3,98.0,18.7,3.00,Strong Perf.
63,30,133.3,98.0,18.7,3.00,Strong Perf.
46,22,133.3,98.0,18.7,3.00,Strong Perf.
25,12,133.3,98.0,18.7,3.00,Strong Perf.
4,2,133.3,98.0,18.7,3.00,Strong Perf.
26,12,133.3,98.0,18.7,3.00,Strong Perf.
38,19,133.3,98.0,18.7,3.00,Strong Perf.
39,19,133.3,98.0,18.7,3.00,Strong Perf.
33,16,133.3,98.0,18.7,3.00,Strong Perf.
23,12,133.3,98.0,18.7,3.00,Strong Perf.
14,7,133.3,98.0,18.7,3.00,Strong Perf.
7,5,133.3,98.0,18.7,3.00,Strong Perf.
4,3,133.3,98.0,18.7,3.00,Strong Perf.
3,3,133.3,98.0,18.7,3.00,Strong Perf.
3,3,133.3,98.0,18.7,3.00,Strong Perf.
3,3,133.3,98.0,18.7,3.00,Strong Perf.
3,3,133.3,98.0,18.7,3.00,Strong Perf.
4,4,134.7,98.0,18.7,3.00,Strong Perf.
4,4,136.0,98.0,18.7,3.00,Strong Perf.
4,4,137.3,98.0,18.7,3.00,Strong Perf.
10,7,137.3,98.0,18.7,3.00,Strong Perf.
29,17,137.3,98.0,18.7,3.00,Strong Perf.
63,33,137.3,98.0,18.7,3.00,Strong Perf.
76,39,137.3,98.0,18.7,3.00,Strong Perf.
54,29,137.3,98.0,18.7,3.00,Strong Perf.
32,18,137.3,98.0,18.7,3.00,Strong Perf.
9,7,137.3,98.0,18.7,3.00,Strong Perf.
38,21,137.3,98.0,18.7,3.00,Strong Perf.
48,26,137.3,98.0,18.7,3.00,Strong Perf.
47,26,137.3,98.0,18.7,3.00,Strong Perf.
39,22,137.3,98.0,18.7,3.00,Strong Perf.
28,17,137.3,98.0,18.7,3.00,Strong Perf.
18,12,137.3,98.0,18.7,3.00,Strong Perf.
12,9,137.3,98.0,18.7,3.00,Strong Perf.
9,8,137.3,98.0,18.7,3.00,Strong Perf.
8,7,137.3,98.0,18.7,3.00,Strong Perf.
7,7,137.3,98.0,18.7,3.00,Strong Perf.
7,7,137.3,98.0,18.7,3.00,Strong Perf.
7,7,137.3,98.0,18.7,3.00,Strong Perf.
7,7,137.3,98.0,18.7,3.00,Strong Perf.
7,7,137.3,98.0,18.7,3.00,Strong Perf.
7,7,137.3,98.0,18.7,3.00,Strong Perf.
15,11,137.3,98.0,18.7,3.00,Strong Perf.
37,21,137.3,98.0,18.7,3.00,Strong Perf.
68,37,137.3,98.0,18.7,3.00,Strong Perf.
75,40,137.3,98.0,18.7,3.00,Strong Perf.
51,28,137.3,98.0,18.7,3.00,Strong Perf.
30,18,137.3,98.0,18.7,3.00,Strong Perf.
10,8,137.3,98.0,18.7,3.00,Strong Perf.
39,23,137.3,98.0,18.7,3.00,Strong Perf.
46,26,137.3,98.0,18.7,3.00,Strong Perf.
44,25,137.3,98.0,18.7,3.00,Strong Perf.
36,21,137.3,98.0,18.7,3.00,Strong Perf.
25,16,137.3,98.0,18.7,3.00,Strong Perf.
16,11,137.3,98.0,18.7,3.00,Strong Perf.
11,8,137.3,98.0,18.7,3.00,Strong Perf.
8,7,137.3,98.0,18.7,3.00,Strong Perf.
7,6,137.3,98.0,18.7,3.00,Strong Perf.
6,6,137.3,98.0,18.7,3.00,Strong Perf.
6,6,137.3,98.0,18.7,3.00,Strong Perf.
6,6,137.3,98.0,18.7,3.00,Strong Perf.
5,5,137.3,98.0,18.7,3.00,Strong Perf.
5,5,137.3,98.0,18.7,3.00,Strong Perf.
5,5,137.3,98.0,18.7,3.00,Strong Perf.
7,6,137.3,98.0,18.7,3.00,Strong Perf.
18,11,137.3,98.0,18.7,3.00,Strong Perf.
43,23,137.3,98.0,18.7,3.00,Strong Perf.
63,32,137.3,98.0,18.7,3.00,Strong Perf.
52,27,137.3,98.0,18.7,3.00,Strong Perf.
30,16,137.3,98.0,18.7,3.00,Strong Perf.
12,7,137.3,98.0,18.7,3.00,Strong Perf.
19,10,137.3,98.0,18.7,3.00,Strong Perf.
34,18,137.3,98.0,18.7,3.00,Strong Perf.
35,18,137.3,98.0,18.7,3.00,Strong Perf.
25,13,137.3,98.0,18.7,3.00,Strong Perf.
21,11,137.3,98.0,18.7,3.00,Strong Perf.
9,5,137.3,98.0,18.7,3.00,Strong Perf.
4,3,137.3,98.0,18.7,3.00,Strong Perf.
2,1,137.3,98.0,18.7,3.00,Strong Perf.
1,1,137.3,98.0,18.7,3.00,Strong Perf.
0,0,137.3,98.0,18.7,3.00,Strong Perf.
0,0,137.3,98.0,18.7,3.00,Strong Perf.
0,0,137.3,98.0,18.7,3.00,Strong Perf.
0,0,137.3,98.0,18.7,3.00,Strong Perf.
0,0,137.3,98.0,18.7,3.00,Strong Perf.
0,0,137.3,98.0,18.7,3.00,Strong Perf.
1,0,137.3,98.0,18.7,3.00,Strong Perf.
12,5,137.3,98.0,18.7,3.00,Strong Perf.
35,16,137.3,98.0,18.7,3.00,Strong Perf.
45,20,137.3,98.0,18.7,3.00,Strong Perf.
28,12,137.3,98.0,18.7,3.00,Strong Perf.
13,4,137.3,98.0,18.7,3.00,Strong Perf.
0,-1,137.3,98.0,18.7,3.00,Strong Perf.
20,8,137.3,98.0,18.7,3.00,Strong Perf.
23,9,137.3,98.0,18.7,3.00,Strong Perf.
20,7,137.3,98.0,18.7,3.00,Strong Perf.
12,4,137.3,98.0,18.7,3.00,Strong Perf.
5,0,137.3,98.0,18.7,3.00,Strong Perf.
0,-2,137.3,98.0,18.7,3.00,Strong Perf.
-3,-3,137.3,98.0,18.7,3.00,Strong Perf.
-4,-4,137.3,98.0,18.7,3.00,Strong Perf.
-5,-5,137.3,98.0,18.7,3.00,Strong Perf.
-5,-5,137.3,98.0,18.7,3.00,Strong Perf.
-5,-5,137.3,98.0,18.7,3.00,Strong Perf.
-5,-5,137.3,98.0,18.7,3.00,Strong Perf.
-5,-5,137.3,98.0,18.7,3.00,Strong Perf.
-6,-6,137.3,98.0,18.7,3.00,Strong Perf.
0,-2,137.3,98.0,18.7,3.00,Strong Perf.
19,6,137.3,98.0,18.7,3.00,Strong Perf.
36,13,137.3,98.0,18.7,3.00,Strong Perf.
26,9,137.3,98.0,18.7,3.00,Strong Perf.
9,1,137.3,98.0,18.7,3.00,Strong Perf.
-5,-6,137.3,98.0,18.7,3.00,Strong Perf.
13,2,137.3,98.0,18.7,3.00,Strong Perf.
18,4,137.3,98.0,18.7,3.00,Strong Perf.
15,3,137.3,98.0,18.7,3.00,Strong Perf.
9,0,137.3,98.0,18.7,3.00,Strong Perf.
1,-2,137.3,98.0,18.7,3.00,Strong Perf.
-3,-5,137.3,98.0,18.7,3.00,Strong Perf.
-6,-6,137.3,98.0,18.7,3.00,Strong Perf.
-7,-7,137.3,98.0,18.7,3.00,Strong Perf.
-7,-7,137.3,98.0,18.7,3.00,Strong Perf.
-7,-7,137.3,98.0,18.7,3.00,Strong Perf.
-7,-7,137.3,98.0,18.7,3.00,Strong Perf.
-7,-7,137.3,98.0,18.7,3.00,Strong Perf.
-7,-7,137.3,98.0,18.7,3.00,Strong Perf.
-7,-7,137.3,98.0,18.7,3.00,Strong Perf.
-2,-4,137.3,98.0,18.7,3.00,Strong Perf.
14,3,137.3,98.0,18.7,3.00,Strong Perf.
36,13,137.3,98.0,18.7,3.00,Strong Perf.
36,13,137.3,98.0,18.7,3.00,Strong Perf.
17,4,137.3,98.0,18.7,3.00,Strong Perf.
3,-1,137.3,98.0,18.7,3.00,Strong Perf.
2,-2,137.3,98.0,18.7,3.00,Strong Perf.
20,6,137.3,98.0,18.7,3.00,Strong Perf.
22,7,137.3,98.0,18.7,3.00,Strong Perf.
18,5,137.3,98.0,18.7,3.00,Strong Perf.
6,0,137.3,98.0,18.7,3.00,Strong Perf.
0,-2,137.3,98.0,18.7,3.00,Strong Perf.
-3,-4,137.3,98.0,18.7,3.00,Strong Perf.
-4,-5,137.3,98.0,18.7,3.00,Strong Perf.
-5,-5,137.3,98.0,18.7,3.00,Strong Perf.
-5,-5,137.3,98.0,18.7,3.00,Strong Perf.
-5,-5,137.3,98.0,18.7,3.00,Strong Perf.
-4,-4,137.3,98.0,18.7,3.00,Strong Perf.
-4,-4,137.3,98.0,18.7,3.00,Strong Perf.
-4,-4,137.3,98.0,18.7,3.00,Strong Perf.
-4,-4,137.3,98.0,18.7,3.00,Strong Perf.
4,0,137.3,98.0,18.7,3.00,Strong Perf.
27,11,137.3,98.0,18.7,3.00,Strong Perf.
52,23,137.3,98.0,18.7,3.00,Strong Perf.
48,21,137.3,98.0,18.7,3.00,Strong Perf.
26,11,137.3,98.0,18.7,3.00,Strong Perf.
9,3,137.3,98.0,18.7,3.00,Strong Perf.
10,3,137.3,98.0,18.7,3.00,Strong Perf.
31,14,137.3,98.0,18.7,3.00,Strong Perf.
33,15,137.3,98.0,18.7,3.00,Strong Perf.
29,13,137.3,98.0,18.7,3.00,Strong Perf.
20,9,137.3,98.0,18.7,3.00,Strong Perf.
11,5,137.3,98.0,18.7,3.00,Strong Perf.
5,2,137.3,98.0,18.7,3.00,Strong Perf.
1,0,137.3,98.0,18.7,3.00,Strong Perf.
0,0,137.3,98.0,18.7,3.00,Strong Perf.
0,0,137.3,98.0,18.7,3.00,Strong Perf.
0,0,137.3,98.0,18.7,3.00,Strong Perf.
0,0,137.3,98.0,18.7,3.00,Strong Perf.
1,1,137.3,98.0,18.7,3.00,Strong Perf.
1,1,137.3,98.0,18.7,3.00,Strong Perf.
1,1,137.3,98.0,18.7,3.00,Strong Perf.
7,4,137.3,98.0,18.7,3.00,Strong Perf.
27,14,137.3,98.0,18.7,3.00,Strong Perf.
58,29,137.3,98.0,18.7,3.00,Strong Perf.
71,35,137.3,98.0,18.7,3.00,Strong Perf.
50,25,137.3,98.0,18.7,3.00,Strong Perf.
28,15,137.3,98.0,18.7,3.00,Strong Perf.
6,5,137.3,98.0,18.7,3.00,Strong Perf.
33,18,137.3,98.0,18.7,3.00,Strong Perf.
44,23,137.3,98.0,18.7,3.00,Strong Perf.
44,23,137.3,98.0,18.7,3.00,Strong Perf.
37,20,137.3,98.0,18.7,3.00,Strong Perf.
26,15,137.3,98.0,18.7,3.00,Strong Perf.
16,10,137.3,98.0,18.7,3.00,Strong Perf.
10,7,137.3,98.0,18.7,3.00,Strong Perf.
7,6,137.3,98.0,18.7,3.00,Strong Perf.
6,5,137.3,98.0,18.7,3.00,Strong Perf.
5,5,137.3,98.0,18.7,3.00,Strong Perf.
5,5,137.3,98.0,18.7,3.00,Strong Perf.
6,6,137.3,98.0,18.7,3.00,Strong Perf.
6,6,137.3,98.0,18.7,3.00,Strong Perf.
6,6,137.3,98.0,18.7,3.00,Strong Perf.
6,6,137.3,98.0,18.7,3.00,Strong Perf.
6,6,137.3,98.0,18.7,3.00,Strong Perf.
17,11,137.3,98.0,18.7,3.00,Strong Perf.
44,25,137.3,98.0,18.7,3.00,Strong Perf.
75,39,137.3,98.0,18.7,3.00,Strong Perf.
71,37,137.3,98.0,18.7,3.00,Strong Perf.
43,24,137.3,98.0,18.7,3.00,Strong Perf.
23,15,137.3,98.0,18.7,3.00,Strong Perf.
37,21,137.3,98.0,18.7,3.00,Strong Perf.
47,26,137.3,98.0,18.7,3.00,Strong Perf.
46,26,137.3,98.0,18.7,3.00,Strong Perf.
38,22,137.3,98.0,18.7,3.00,Strong Perf.
27,16,137.3,98.0,18.7,3.00,Strong Perf.
17,12,137.3,98.0,18.7,3.00,Strong Perf.
11,9,137.3,98.0,18.7,3.00,Strong Perf.
8,7,137.3,98.0,18.7,3.00,Strong Perf.
7,7,137.3,98.0,18.7,3.00,Strong Perf.
7,7,137.3,98.0,18.7,3.00,Strong Perf.
6,6,137.3,98.0,18.7,3.00,Strong Perf.
6,6,137.3,98.0,18.7,3.00,Strong Perf.
6,6,137.3,98.0,18.7,3.00,Strong Perf.
6,6,137.3,98.0,18.7,3.00,Strong Perf.
6,6,137.3,98.0,18.7,3.00,Strong Perf.
9,7,137.3,98.0,18.7,3.00,Strong Perf.
22,14,137.3,98.0,18.7,3.00,Strong Perf.
51,27,137.3,98.0,18.7,3.00,Strong Perf.
70,36,137.3,98.0,18.7,3.00,Strong Perf.
54,29,137.3,98.0,18.7,3.00,Strong Perf.
31,18,137.3,98.0,18.7,3.00,Strong Perf.
10,7,137.3,98.0,18.7,3.00,Strong Perf.
28,16,137.3,98.0,18.7,3.00,Strong Perf.
40,21,137.3,98.0,18.7,3.00,Strong Perf.
39,21,137.3,98.0,18.7,3.00,Strong Perf.
32,18,137.3,98.0,18.7,3.00,Strong Perf.
22,13,137.3,98.0,18.7,3.00,Strong Perf.
14,8,137.3,98.0,18.7,3.00,Strong Perf.
8,6,137.3,98.0,18.7,3.00,Strong Perf.
5,4,137.3,98.0,18.7,3.00,Strong Perf.
3,3,137.3,98.0,18.7,3.00,Strong Perf.
3,3,137.3,98.0,18.7,3.00,Strong Perf.
3,3,137.3,98.0,18.7,3.00,Strong Perf.
2,2,137.3,98.0,18.7,3.00,Strong Perf.
2,2,137.3,98.0,18.7,3.00,Strong Perf.
2,2,137.3,98.0,18.7,3.00,Strong Perf.
1,1,137.3,98.0,18.7,3.00,Strong Perf.
8,4,137.3,98.0,18.7,3.00,Strong Perf.
27,13,137.3,98.0,18.7,3.00,Strong Perf.
50,24,137.3,98.0,18.7,3.00,Strong Perf.
46,22,137.3,98.0,18.7,3.00,Strong Perf.
25,12,137.3,98.0,18.7,3.00,Strong Perf.
8,4,137.3,98.0,18.7,3.00,Strong Perf.
14,7,137.3,98.0,18.7,3.00,Strong Perf.
27,13,137.3,98.0,18.7,3.00,Strong Perf.
27,13,137.3,98.0,18.7,3.00,Strong Perf.
21,10,137.3,98.0,18.7,3.00,Strong Perf.
13,5,137.3,98.0,18.7,3.00,Strong Perf.
5,2,137.3,98.0,18.7,3.00,Strong Perf.
1,0,137.3,98.0,18.7,3.00,Strong Perf.
0,-1,137.3,98.0,18.7,3.00,Strong Perf.
-1,-1,137.3,98.0,18.7,3.00,Strong Perf.
-2,-2,137.3,98.0,18.7,3.00,Strong Perf.
-2,-2,137.3,98.0,18.7,3.00,Strong Perf.
-2,-2,137.3,98.0,18.7,3.00,Strong Perf.
-3,-3,137.3,98.0,18.7,3.00,Strong Perf.
-3,-3,137.3,98.0,18.7,3.00,Strong Perf.
-3,-3,137.3,98.0,18.7,3.00,Strong Perf.
2,0,137.3,98.0,18.7,3.00,Strong Perf.
21,8,137.3,98.0,18.7,3.00,Strong Perf.
39,16,137.3,98.0,18.7,3.00,Strong Perf.
31,12,137.3,98.0,18.7,3.00,Strong Perf.
14,4,137.3,98.0,18.7,3.00,Strong Perf.
-1,-3,137.3,98.0,18.7,3.00,Strong Perf.
12,3,137.3,98.0,18.7,3.00,Strong Perf.
19,6,137.3,98.0,18.7,3.00,Strong Perf.
18,6,137.3,98.0,18.7,3.00,Strong Perf.
9,1,137.3,98.0,18.7,3.00,Strong Perf.
2,-1,137.3,98.0,18.7,3.00,Strong Perf.
-2,-4,137.3,98.0,18.7,3.00,Strong Perf.
-4,-5,137.3,98.0,18.7,3.00,Strong Perf.
-5,-5,137.3,98.0,18.7,3.00,Strong Perf.
-6,-6,137.3,98.0,18.7,3.00,Strong Perf.
-6,-6,137.3,98.0,18.7,3.00,Strong Perf.
-6,-6,137.3,98.0,18.7,3.00,Strong Perf.
-6,-6,137.3,98.0,18.7,3.00,Strong Perf.
-6,-6,137.3,98.0,18.7,3.00,Strong Perf.
-6,-6,137.3,98.0,18.7,3.00,Strong Perf.
-1,-4,137.3,98.0,18.7,3.00,Strong Perf.
14,3,137.3,98.0,18.7,3.00,Strong Perf.
34,13,137.3,98.0,18.7,3.00,Strong Perf.
33,12,137.3,98.0,18.7,3.00,Strong Perf.
16,4,137.3,98.0,18.7,3.00,Strong Perf.
3,-1,137.3,98.0,18.7,3.00,Strong Perf.
1,-2,137.3,98.0,18.7,3.00,Strong Perf.
18,5,137.3,98.0,18.7,3.00,Strong Perf.
20,6,137.3,98.0,18.7,3.00,Strong Perf.
16,4,137.3,98.0,18.7,3.00,Strong Perf.
9,1,137.3,98.0,18.7,3.00,Strong Perf.
2,-2,137.3,98.0,18.7,3.00,Strong Perf.
-2,-4,137.3,98.0,18.7,3.00,Strong Perf.
-4,-5,137.3,98.0,18.7,3.00,Strong Perf.
-5,-6,137.3,98.0,18.7,3.00,Strong Perf.
-6,-6,137.3,98.0,18.7,3.00,Strong Perf.
-6,-6,137.3,98.0,18.7,3.00,Strong Perf.
-5,-5,137.3,98.0,18.7,3.00,Strong Perf.
-5,-5,137.3,98.0,18.7,3.00,Strong Perf.
-5,-5,137.3,98.0,18.7,3.00,Strong Perf.
-5,-5,137.3,98.0,18.7,3.00,Strong Perf.
-2,-4,137.3,98.0,18.7,3.00,Strong Perf.
9,1,137.3,98.0,18.7,3.00,Strong Perf.
34,14,137.3,98.0,18.7,3.00,Strong Perf.
48,20,137.3,98.0,18.7,3.00,Strong Perf.
31,12,137.3,98.0,18.7,3.00,Strong Perf.
14,4,137.3,98.0,18.7,3.00,Strong Perf.
-2,-3,137.3,98.0,18.7,3.00,Strong Perf.
27,10,137.3,98.0,18.7,3.00,Strong Perf.
28,11,137.3,98.0,18.7,3.00,Strong Perf.
23,9,137.3,98.0,18.7,3.00,Strong Perf.
14,5,137.3,98.0,18.7,3.00,Strong Perf.
6,1,137.3,98.0,18.7,3.00,Strong Perf.
1,0,137.3,98.0,18.7,3.00,Strong Perf.
-1,-1,137.3,98.0,18.7,3.00,Strong Perf.
-2,-2,137.3,98.0,18.7,3.00,Strong Perf.
-2,-2,137.3,98.0,18.7,3.00,Strong Perf.
-1,-1,137.3,98.0,18.7,3.00,Strong Perf.
-1,-1,137.3,98.0,18.7,3.00,Strong Perf.
-1,-1,137.3,98.0,18.7,3.00,Strong Perf.
-1,-1,137.3,98.0,18.7,3.00,Strong Perf.
0,0,137.3,98.0,18.7,3.00,Strong Perf.
4,2,137.3,98.0,18.7,3.00,Strong Perf.
24,11,137.3,98.0,18.7,3.00,Strong Perf.
55,26,137.3,98.0,18.7,3.00,Strong Perf.
63,30,137.3,98.0,18.7,3.00,Strong Perf.
40,19,137.3,98.0,18.7,3.00,Strong Perf.
21,10,137.3,98.0,18.7,3.00,Strong Perf.
4,2,137.3,98.0,18.7,3.00,Strong Perf.
34,17,137.3,98.0,18.7,3.00,Strong Perf.
40,20,137.3,98.0,18.7,3.00,Strong Perf.
38,19,137.3,98.0,18.7,3.00,Strong Perf.
29,15,137.3,98.0,18.7,3.00,Strong Perf.
18,10,137.3,98.0,18.7,3.00,Strong Perf.
10,6,137.3,98.0,18.7,3.00,Strong Perf.
5,4,137.3,98.0,18.7,3.00,Strong Perf.
3,3,137.3,98.0,18.7,3.00,Strong Perf.
3,3,137.3,98.0,18.7,3.00,Strong Perf.
3,3,137.3,98.0,18.7,3.00,Strong Perf.
3,3,137.3,98.0,18.7,3.00,Strong Perf.
3,3,137.3,98.0,18.7,3.00,Strong Perf.
3,3,137.3,98.0,18.7,3.00,Strong Perf.
4,4,137.3,98.0,18.7,3.00,Strong Perf.
4,4,137.3,98.0,18.7,3.00,Strong Perf.
11,7,137.3,98.0,18.7,3.00,Strong Perf.
31,17,137.3,98.0,18.7,3.00,Strong Perf.
74,38,137.3,98.0,18.7,3.00,Strong Perf.
69,35,137.3,98.0,18.7,3.00,Strong Perf.
43,23,137.3,98.0,18.7,3.00,Strong Perf.
25,14,137.3,98.0,18.7,3.00,Strong Perf.
10,7,137.3,98.0,18.7,3.00,Strong Perf.
41,22,137.3,98.0,18.7,3.00,Strong Perf.
47,25,137.3,98.0,18.7,3.00,Strong Perf.
45,24,137.3,98.0,18.7,3.00,Strong Perf.
37,21,137.3,98.0,18.7,3.00,Strong Perf.
26,16,137.3,98.0,18.7,3.00,Strong Perf.
17,11,137.3,98.0,18.7,3.00,Strong Perf.
11,8,137.3,98.0,18.7,3.00,Strong Perf.
8,7,137.3,98.0,18.7,3.00,Strong Perf.
6,6,137.3,98.0,18.7,3.00,Strong Perf.
6,6,137.3,98.0,18.7,3.00,Strong Perf.
6,6,137.3,98.0,18.7,3.00,Strong Perf.
6,6,137.3,98.0,18.7,3.00,Strong Perf.
6,6,137.3,98.0,18.7,3.00,Strong Perf.
6,6,137.3,98.0,18.7,3.00,Strong Perf.
6,6,137.3,98.0,18.7,3.00,Strong Perf.
6,6,137.3,98.0,18.7,3.00,Strong Perf.
11,8,137.3,98.0,18.7,3.00,Strong Perf.
30,17,137.3,98.0,18.7,3.00,Strong Perf.
61,32,137.3,98.0,18.7,3.00,Strong Perf.
73,38,137.3,98.0,18.7,3.00,Strong Perf.
51,27,137.3,98.0,18.7,3.00,Strong Perf.
30,17,137.3,98.0,18.7,3.00,Strong Perf.
8,7,137.3,98.0,18.7,3.00,Strong Perf.
35,20,137.3,98.0,18.7,3.00,Strong Perf.
43,24,137.3,98.0,18.7,3.00,Strong Perf.
42,23,137.3,98.0,18.7,3.00,Strong Perf.
34,19,137.3,98.0,18.7,3.00,Strong Perf.
23,14,137.3,98.0,18.7,3.00,Strong Perf.
14,9,137.3,98.0,18.7,3.00,Strong Perf.
9,7,137.3,98.0,18.7,3.00,Strong Perf.
6,5,137.3,98.0,18.7,3.00,Strong Perf.
5,5,137.3,98.0,18.7,3.00,Strong Perf.
4,4,137.3,98.0,18.7,3.00,Strong Perf.
4,4,137.3,98.0,18.7,3.00,Strong Perf.
4,4,137.3,98.0,18.7,3.00,Strong Perf.
4,4,137.3,98.0,18.7,3.00,Strong Perf.
3,3,137.3,98.0,18.7,3.00,Strong Perf.
3,3,137.3,98.0,18.7,3.00,Strong Perf.
9,6,137.3,98.0,18.7,3.00,Strong Perf.
28,15,137.3,98.0,18.7,3.00,Strong Perf.
53,27,137.3,98.0,18.7,3.00,Strong Perf.
57,29,137.3,98.0,18.7,3.00,Strong Perf.
37,19,137.3,98.0,18.7,3.00,Strong Perf.
20,11,137.3,98.0,18.7,3.00,Strong Perf.
4,3,137.3,98.0,18.7,3.00,Strong Perf.
27,14,137.3,98.0,18.7,3.00,Strong Perf.
33,16,137.3,98.0,18.7,3.00,Strong Perf.
30,15,137.3,98.0,18.7,3.00,Strong Perf.
24,12,137.3,98.0,18.7,3.00,Strong Perf.
15,7,137.3,98.0,18.7,3.00,Strong Perf.
8,4,137.3,98.0,18.7,3.00,Strong Perf.
3,2,137.3,98.0,18.7,3.00,Strong Perf.
1,0,137.3,98.0,18.7,3.00,Strong Perf.
0,0,137.3,98.0,18.7,3.00,Strong Perf.
0,0,137.3,98.0,18.7,3.00,Strong Perf.
0,0,137.3,98.0,18.7,3.00,Strong Perf.
0,0,137.3,98.0,18.7,3.00,Strong Perf.
0,0,137.3,98.0,18.7,3.00,Strong Perf.
-1,-1,137.3,98.0,18.7,3.00,Strong Perf.
-1,-1,137.3,98.0,18.7,3.00,Strong Perf.
0,0,137.3,98.0,18.7,3.00,Strong Perf.
8,3,137.3,98.0,18.7,3.00,Strong Perf.
30,13,137.3,98.0,18.7,3.00,Strong Perf.
43,19,137.3,98.0,18.7,3.00,Strong Perf.
30,13,137.3,98.0,18.7,3.00,Strong Perf.
13,5,137.3,98.0,18.7,3.00,Strong Perf.
-1,-2,137.3,98.0,18.7,3.00,Strong Perf.
18,7,137.3,98.0,18.7,3.00,Strong Perf.
22,9,137.3,98.0,18.7,3.00,Strong Perf.
20,7,137.3,98.0,18.7,3.00,Strong Perf.
13,4,137.3,98.0,18.7,3.00,Strong Perf.
6,0,137.3,98.0,18.7,3.00,Strong Perf.
0,-1,137.3,98.0,18.7,3.00,Strong Perf.
-3,-3,137.3,98.0,18.7,3.00,Strong Perf.
-4,-4,137.3,98.0,18.7,3.00,Strong Perf.
-4,-4,137.3,98.0,18.7,3.00,Strong Perf.
-4,-4,137.3,98.0,18.7,3.00,Strong Perf.
-4,-4,137.3,98.0,18.7,3.00,Strong Perf.
-5,-5,137.3,98.0,18.7,3.00,Strong Perf.
-5,-5,137.3,98.0,18.7,3.00,Strong Perf.
-5,-5,137.3,98.0,18.7,3.00,Strong Perf.
0,-2,137.3,98.0,18.7,3.00,Strong Perf.
17,5,137.3,98.0,18.7,3.00,Strong Perf.
35,14,137.3,98.0,18.7,3.00,Strong Perf.
32,12,137.3,98.0,18.7,3.00,Strong Perf.
15,4,137.3,98.0,18.7,3.00,Strong Perf.
2,-1,137.3,98.0,18.7,3.00,Strong Perf.
5,0,137.3,98.0,18.7,3.00,Strong Perf.
18,5,137.3,98.0,18.7,3.00,Strong Perf.
19,6,137.3,98.0,18.7,3.00,Strong Perf.
15,4,137.3,98.0,18.7,3.00,Strong Perf.
8,0,137.3,98.0,18.7,3.00,Strong Perf.
1,-2,137.3,98.0,18.7,3.00,Strong Perf.
-2,-4,137.3,98.0,18.7,3.00,Strong Perf.
-4,-5,137.3,98.0,18.7,3.00,Strong Perf.
-5,-5,137.3,98.0,18.7,3.00,Strong Perf.
-5,-5,137.3,98.0,18.7,3.00,Strong Perf.
-5,-5,137.3,98.0,18.7,3.00,Strong Perf.
-5,-5,137.3,98.0,18.7,3.00,Strong Perf.
-5,-5,137.3,98.0,18.7,3.00,Strong Perf.
-5,-5,137.3,98.0,18.7,3.00,Strong Perf.
-5,-5,137.3,98.0,18.7,3.00,Strong Perf.
-1,-3,137.3,98.0,18.7,3.00,Strong Perf.
11,2,137.3,98.0,18.7,3.00,Strong Perf.
35,14,137.3,98.0,18.7,3.00,Strong Perf.
43,18,137.3,98.0,18.7,3.00,Strong Perf.
17,5,137.3,98.0,18.7,3.00,Strong Perf.
2,-1,137.3,98.0,18.7,3.00,Strong Perf.
11,2,137.3,98.0,18.7,3.00,Strong Perf.
24,9,137.3,98.0,18.7,3.00,Strong Perf.
25,10,137.3,98.0,18.7,3.00,Strong Perf.
20,7,137.3,98.0,18.7,3.00,Strong Perf.
12,3,137.3,98.0,18.7,3.00,Strong Perf.
5,0,137.3,98.0,18.7,3.00,Strong Perf.
0,-1,137.3,98.0,18.7,3.00,Strong Perf.
-2,-2,137.3,98.0,18.7,3.00,Strong Perf.
-3,-3,137.3,98.0,18.7,3.00,Strong Perf.
-3,-3,137.3,98.0,18.7,3.00,Strong Perf.
-3,-3,137.3,98.0,18.7,3.00,Strong Perf.
-2,-2,137.3,98.0,18.7,3.00,Strong Perf.
-2,-2,137.3,98.0,18.7,3.00,Strong Perf.
-2,-2,137.3,98.0,18.7,3.00,Strong Perf.
-2,-2,137.3,98.0,18.7,3.00,Strong Perf.
2,0,137.3,98.0,18.7,3.00,Strong Perf.
17,7,137.3,98.0,18.7,3.00,Strong Perf.
45,20,137.3,98.0,18.7,3.00,Strong Perf.
60,28,137.3,98.0,18.7,3.00,Strong Perf.
44,20,137.3,98.0,18.7,3.00,Strong Perf.
23,10,137.3,98.0,18.7,3.00,Strong Perf.
3,1,137.3,98.0,18.7,3.00,Strong Perf.
23,10,137.3,98.0,18.7,3.00,Strong Perf.
36,17,137.3,98.0,18.7,3.00,Strong Perf.
36,17,137.3,98.0,18.7,3.00,Strong Perf.
31,15,137.3,98.0,18.7,3.00,Strong Perf.
21,10,137.3,98.0,18.7,3.00,Strong Perf.
12,6,137.3,98.0,18.7,3.00,Strong Perf.
6,3,137.3,98.0,18.7,3.00,Strong Perf.
3,2,137.3,98.0,18.7,3.00,Strong Perf.
2,1,137.3,98.0,18.7,3.00,Strong Perf.
1,1,137.3,98.0,18.7,3.00,Strong Perf.
1,1,137.3,98.0,18.7,3.00,Strong Perf.
1,1,137.3,98.0,18.7,3.00,Strong Perf.
2,2,137.3,98.0,18.7,3.00,Strong Perf.
2,2,137.3,98.0,18.7,3.00,Strong Perf.
2,2,137.3,98.0,18.7,3.00,Strong Perf.
2,2,137.3,98.0,18.7,3.00,Strong Perf.
11,7,137.3,98.0,18.7,3.00,Strong Perf.
35,18,137.3,98.0,18.7,3.00,Strong Perf.
73,37,137.3,98.0,18.7,3.00,Strong Perf.
59,30,137.3,98.0,18.7,3.00,Strong Perf.
34,18,137.3,98.0,18.7,3.00,Strong Perf.
12,8,137.3,98.0,18.7,3.00,Strong Perf.
25,14,137.3,98.0,18.7,3.00,Strong Perf.
44,23,137.3,98.0,18.7,3.00,Strong Perf.
45,24,137.3,98.0,18.7,3.00,Strong Perf.
39,21,137.3,98.0,18.7,3.00,Strong Perf.
29,16,137.3,98.0,18.7,3.00,Strong Perf.
18,11,137.3,98.0,18.7,3.00,Strong Perf.
11,8,137.3,98.0,18.7,3.00,Strong Perf.
7,6,137.3,98.0,18.7,3.00,Strong Perf.
5,5,137.3,98.0,18.7,3.00,Strong Perf.
5,5,137.3,98.0,18.7,3.00,Strong Perf.
5,5,137.3,98.0,18.7,3.00,Strong Perf.
5,5,137.3,98.0,18.7,3.00,Strong Perf.
5,5,137.3,98.0,18.7,3.00,Strong Perf.
5,5,137.3,98.0,18.7,3.00,Strong Perf.
5,5,137.3,98.0,18.7,3.00,Strong Perf.
5,5,137.3,98.0,18.7,3.00,Strong Perf.
13,9,137.3,98.0,18.7,3.00,Strong Perf.
35,19,137.3,98.0,18.7,3.00,Strong Perf.
67,35,137.3,98.0,18.7,3.00,Strong Perf.
73,38,137.3,98.0,18.7,3.00,Strong Perf.
49,26,137.3,98.0,18.7,3.00,Strong Perf.
28,16,137.3,98.0,18.7,3.00,Strong Perf.
7,6,137.3,98.0,18.7,3.00,Strong Perf.
37,20,137.3,98.0,18.7,3.00,Strong Perf.
45,24,137.3,98.0,18.7,3.00,Strong Perf.
43,23,137.3,98.0,18.7,3.00,Strong Perf.
35,19,137.3,98.0,18.7,3.00,Strong Perf.
19,12,137.3,98.0,18.7,3.00,Strong Perf.
12,8,137.3,98.0,18.7,3.00,Strong Perf.
7,6,137.3,98.0,18.7,3.00,Strong Perf.
5,5,137.3,98.0,18.7,3.00,Strong Perf.
5,4,137.3,98.0,18.7,3.00,Strong Perf.
4,4,137.3,98.0,18.7,3.00,Strong Perf.
4,4,137.3,98.0,18.7,3.00,Strong Perf.
4,4,137.3,98.0,18.7,3.00,Strong Perf.
4,4,137.3,98.0,18.7,3.00,Strong Perf.
4,4,137.3,98.0,18.7,3.00,Strong Perf.
4,4,137.3,98.0,18.7,3.00,Strong Perf.
8,6,137.3,98.0,18.7,3.00,Strong Perf.
25,14,137.3,98.0,18.7,3.00,Strong Perf.
53,27,137.3,98.0,18.7,3.00,Strong Perf.
62,32,137.3,98.0,18.7,3.00,Strong Perf.
42,21,137.3,98.0,18.7,3.00,Strong Perf.
23,12,137.3,98.0,18.7,3.00,Strong Perf.
5,4,137.3,98.0,18.7,3.00,Strong Perf.
31,16,137.3,98.0,18.7,3.00,Strong Perf.
36,18,137.3,98.0,18.7,3.00,Strong Perf.
33,17,137.3,98.0,18.7,3.00,Strong Perf.
25,13,137.3,98.0,18.7,3.00,Strong Perf.
16,8,137.3,98.0,18.7,3.00,Strong Perf.
8,5,137.3,98.0,18.7,3.00,Strong Perf.
4,2,137.3,98.0,18.7,3.00,Strong Perf.
2,1,137.3,98.0,18.7,3.00,Strong Perf.
1,1,137.3,98.0,18.7,3.00,Strong Perf.
1,1,137.3,98.0,18.7,3.00,Strong Perf.
0,0,137.3,98.0,18.7,3.00,Strong Perf.
0,0,137.3,98.0,18.7,3.00,Strong Perf.
0,0,137.3,98.0,18.7,3.00,Strong Perf.
0,0,137.3,98.0,18.7,3.00,Strong Perf.
0,0,137.3,98.0,18.7,3.00,Strong Perf.
5,2,137.3,98.0,18.7,3.00,Strong Perf.
35,16,137.3,98.0,18.7,3.00,Strong Perf.
48,22,137.3,98.0,18.7,3.00,Strong Perf.
32,15,137.3,98.0,18.7,3.00,Strong Perf.
15,6,137.3,98.0,18.7,3.00,Strong Perf.
0,0,137.3,98.0,18.7,3.00,Strong Perf.
21,9,137.3,98.0,18.7,3.00,Strong Perf.
25,11,137.3,98.0,18.7,3.00,Strong Perf.
22,9,137.3,98.0,18.7,3.00,Strong Perf.
15,6,137.3,98.0,18.7,3.00,Strong Perf.
7,2,137.3,98.0,18.7,3.00,Strong Perf.
2,0,137.3,98.0,18.7,3.00,Strong Perf.
0,-1,137.3,98.0,18.7,3.00,Strong Perf.
-2,-2,137.3,98.0,18.7,3.00,Strong Perf.
-2,-2,137.3,98.0,18.7,3.00,Strong Perf.
-3,-3,137.3,98.0,18.7,3.00,Strong Perf.
-3,-3,137.3,98.0,18.7,3.00,Strong Perf.
-3,-3,137.3,98.0,18.7,3.00,Strong Perf.
-3,-3,137.3,98.0,18.7,3.00,Strong Perf.
-3,-3,137.3,98.0,18.7,3.00,Strong Perf.
-1,-2,137.3,98.0,18.7,3.00,Strong Perf.
8,2,137.3,98.0,18.7,3.00,Strong Perf.
30,12,137.3,98.0,18.7,3.00,Strong Perf.
38,16,137.3,98.0,18.7,3.00,Strong Perf.
21,8,137.3,98.0,18.7,3.00,Strong Perf.
7,1,137.3,98.0,18.7,3.00,Strong Perf.
0,-2,137.3,98.0,18.7,3.00,Strong Perf.
18,6,137.3,98.0,18.7,3.00,Strong Perf.
20,7,137.3,98.0,18.7,3.00,Strong Perf.
16,5,137.3,98.0,18.7,3.00,Strong Perf.
9,1,137.3,98.0,18.7,3.00,Strong Perf.
2,-1,137.3,98.0,18.7,3.00,Strong Perf.
-2,-3,137.3,98.0,18.7,3.00,Strong Perf.
-4,-4,137.3,98.0,18.7,3.00,Strong Perf.
-4,-5,137.3,98.0,18.7,3.00,Strong Perf.
-5,-5,137.3,98.0,18.7,3.00,Strong Perf.
-5,-5,137.3,98.0,18.7,3.00,Strong Perf.
-5,-5,137.3,98.0,18.7,3.00,Strong Perf.
-5,-5,137.3,98.0,18.7,3.00,Strong Perf.
-5,-5,137.3,98.0,18.7,3.00,Strong Perf.
-1,-3,137.3,98.0,18.7,3.00,Strong Perf.
12,3,137.3,98.0,18.7,3.00,Strong Perf.
35,14,137.3,98.0,18.7,3.00,Strong Perf.
38,16,137.3,98.0,18.7,3.00,Strong Perf.
20,7,137.3,98.0,18.7,3.00,Strong Perf.
6,0,137.3,98.0,18.7,3.00,Strong Perf.
3,0,137.3,98.0,18.7,3.00,Strong Perf.
21,7,137.3,98.0,18.7,3.00,Strong Perf.
23,8,137.3,98.0,18.7,3.00,Strong Perf.
19,6,137.3,98.0,18.7,3.00,Strong Perf.
11,3,137.3,98.0,18.7,3.00,Strong Perf.
3,0,137.3,98.0,18.7,3.00,Strong Perf.
0,-2,137.3,98.0,18.7,3.00,Strong Perf.
-3,-3,137.3,98.0,18.7,3.00,Strong Perf.
-3,-3,137.3,98.0,18.7,3.00,Strong Perf.
-3,-3,137.3,98.0,18.7,3.00,Strong Perf.
-3,-3,137.3,98.0,18.7,3.00,Strong Perf.
-3,-3,137.3,98.0,18.7,3.00,Strong Perf.
-3,-3,137.3,98.0,18.7,3.00,Strong Perf.
-3,-3,137.3,98.0,18.7,3.00,Strong Perf.
-3,-3,137.3,98.0,18.7,3.00,Strong Perf.
4,0,137.3,98.0,18.7,3.00,Strong Perf.
24,10,137.3,98.0,18.7,3.00,Strong Perf.
49,22,137.3,98.0,18.7,3.00,Strong Perf.
48,22,137.3,98.0,18.7,3.00,Strong Perf.
27,11,137.3,98.0,18.7,3.00,Strong Perf.
10,4,137.3,98.0,18.7,3.00,Strong Perf.
8,3,137.3,98.0,18.7,3.00,Strong Perf.
30,13,137.3,98.0,18.7,3.00,Strong Perf.
32,14,137.3,98.0,18.7,3.00,Strong Perf.
24,11,137.3,98.0,18.7,3.00,Strong Perf.
15,6,137.3,98.0,18.7,3.00,Strong Perf.
7,3,137.3,98.0,18.7,3.00,Strong Perf.
2,0,137.3,98.0,18.7,3.00,Strong Perf.
0,0,137.3,98.0,18.7,3.00,Strong Perf.
0,0,137.3,98.0,18.7,3.00,Strong Perf.
0,0,137.3,98.0,18.7,3.00,Strong Perf.
0,0,137.3,98.0,18.7,3.00,Strong Perf.
0,0,137.3,98.0,18.7,3.00,Strong Perf.
0,0,137.3,98.0,18.7,3.00,Strong Perf.
0,0,137.3,98.0,18.7,3.00,Strong Perf.
0,0,137.3,98.0,18.7,3.00,Strong Perf.
6,3,137.3,98.0,18.7,3.00,Strong Perf.
26,13,137.3,98.0,18.7,3.00,Strong Perf.
56,28,137.3,98.0,18.7,3.00,Strong Perf.
68,33,137.3,98.0,18.7,3.00,Strong Perf.
48,23,137.3,98.0,18.7,3.00,Strong Perf.
27,14,137.3,98.0,18.7,3.00,Strong Perf.
5,3,137.3,98.0,18.7,3.00,Strong Perf.
30,15,137.3,98.0,18.7,3.00,Strong Perf.
42,21,137.3,98.0,18.7,3.00,Strong Perf.
42,21,137.3,98.0,18.7,3.00,Strong Perf.
35,18,137.3,98.0,18.7,3.00,Strong Perf.
25,13,137.3,98.0,18.7,3.00,Strong Perf.
15,9,137.3,98.0,18.7,3.00,Strong Perf.
9,6,137.3,98.0,18.7,3.00,Strong Perf.
5,4,137.3,98.0,18.7,3.00,Strong Perf.
4,3,137.3,98.0,18.7,3.00,Strong Perf.
3,3,137.3,98.0,18.7,3.00,Strong Perf.
3,3,137.3,98.0,18.7,3.00,Strong Perf.
3,3,137.3,98.0,18.7,3.00,Strong Perf.
3,3,137.3,98.0,18.7,3.00,Strong Perf.
4,4,137.3,98.0,18.7,3.00,Strong Perf.
4,4,137.3,98.0,18.7,3.00,Strong Perf.
7,5,137.3,98.0,18.7,3.00,Strong Perf.
20,12,137.3,98.0,18.7,3.00,Strong Perf.
49,26,137.3,98.0,18.7,3.00,Strong Perf.
74,38,137.3,98.0,18.7,3.00,Strong Perf.
66,34,137.3,98.0,18.7,3.00,Strong Perf.
40,21,137.3,98.0,18.7,3.00,Strong Perf.
21,12,137.3,98.0,18.7,3.00,Strong Perf.
13,8,137.3,98.0,18.7,3.00,Strong Perf.
41,22,137.3,98.0,18.7,3.00,Strong Perf.
46,24,137.3,98.0,18.7,3.00,Strong Perf.
43,23,137.3,98.0,18.7,3.00,Strong Perf.
34,18,137.3,98.0,18.7,3.00,Strong Perf.
23,13,137.3,98.0,18.7,3.00,Strong Perf.
14,9,137.3,98.0,18.7,3.00,Strong Perf.
9,6,137.3,98.0,18.7,3.00,Strong Perf.
6,5,137.3,98.0,18.7,3.00,Strong Perf.
5,4,137.3,98.0,18.7,3.00,Strong Perf.
4,4,137.3,98.0,18.7,3.00,Strong Perf.
4,4,137.3,98.0,18.7,3.00,Strong Perf.
4,4,137.3,98.0,18.7,3.00,Strong Perf.
4,4,137.3,98.0,18.7,3.00,Strong Perf.
4,4,137.3,98.0,18.7,3.00,Strong Perf.
4,4,137.3,98.0,18.7,3.00,Strong Perf.
4,4,137.3,98.0,18.7,3.00,Strong Perf.
12,8,137.3,98.0,18.7,3.00,Strong Perf.
34,18,137.3,98.0,18.7,3.00,Strong Perf.
62,32,137.3,98.0,18.7,3.00,Strong Perf.
55,28,137.3,98.0,18.7,3.00,Strong Perf.
32,17,137.3,98.0,18.7,3.00,Strong Perf.
13,8,137.3,98.0,18.7,3.00,Strong Perf.
18,10,137.3,98.0,18.7,3.00,Strong Perf.
37,19,137.3,98.0,18.7,3.00,Strong Perf.
39,20,137.3,98.0,18.7,3.00,Strong Perf.
34,18,137.3,98.0,18.7,3.00,Strong Perf.
25,13,137.3,98.0,18.7,3.00,Strong Perf.
16,9,137.3,98.0,18.7,3.00,Strong Perf.
9,5,137.3,98.0,18.7,3.00,Strong Perf.
5,3,137.3,98.0,18.7,3.00,Strong Perf.
3,2,137.3,98.0,18.7,3.00,Strong Perf.
2,2,137.3,98.0,18.7,3.00,Strong Perf.
2,2,137.3,98.0,18.7,3.00,Strong Perf.
1,1,137.3,98.0,18.7,3.00,Strong Perf.
1,1,137.3,98.0,18.7,3.00,Strong Perf.
1,1,137.3,98.0,18.7,3.00,Strong Perf.
1,1,137.3,98.0,18.7,3.00,Strong Perf.
1,1,137.3,98.0,18.7,3.00,Strong Perf.
3,2,137.3,98.0,18.7,3.00,Strong Perf.
15,7,137.3,98.0,18.7,3.00,Strong Perf.
39,19,137.3,98.0,18.7,3.00,Strong Perf.
53,25,137.3,98.0,18.7,3.00,Strong Perf.
38,18,137.3,98.0,18.7,3.00,Strong Perf.
19,9,137.3,98.0,18.7,3.00,Strong Perf.
2,0,137.3,98.0,18.7,3.00,Strong Perf.
21,10,137.3,98.0,18.7,3.00,Strong Perf.
28,13,137.3,98.0,18.7,3.00,Strong Perf.
27,12,137.3,98.0,18.7,3.00,Strong Perf.
20,9,137.3,98.0,18.7,3.00,Strong Perf.
12,5,137.3,98.0,18.7,3.00,Strong Perf.
5,2,137.3,98.0,18.7,3.00,Strong Perf.
0,0,137.3,98.0,18.7,3.00,Strong Perf.
-1,-1,137.3,98.0,18.7,3.00,Strong Perf.
-1,-1,137.3,98.0,18.7,3.00,Strong Perf.
-1,-1,137.3,98.0,18.7,3.00,Strong Perf.
-2,-2,137.3,98.0,18.7,3.00,Strong Perf.
-2,-2,137.3,98.0,18.7,3.00,Strong Perf.
-2,-2,137.3,98.0,18.7,3.00,Strong Perf.
-2,-2,137.3,98.0,18.7,3.00,Strong Perf.
-1,-2,137.3,98.0,18.7,3.00,Strong Perf.
5,1,137.3,98.0,18.7,3.00,Strong Perf.
25,10,137.3,98.0,18.7,3.00,Strong Perf.
40,17,137.3,98.0,18.7,3.00,Strong Perf.
31,13,137.3,98.0,18.7,3.00,Strong Perf.
14,5,137.3,98.0,18.7,3.00,Strong Perf.
0,-2,137.3,98.0,18.7,3.00,Strong Perf.
14,4,137.3,98.0,18.7,3.00,Strong Perf.
21,8,137.3,98.0,18.7,3.00,Strong Perf.
20,7,137.3,98.0,18.7,3.00,Strong Perf.
14,5,137.3,98.0,18.7,3.00,Strong Perf.
7,1,137.3,98.0,18.7,3.00,Strong Perf.
1,-1,137.3,98.0,18.7,3.00,Strong Perf.
-1,-3,137.3,98.0,18.7,3.00,Strong Perf.
-3,-3,137.3,98.0,18.7,3.00,Strong Perf.
-4,-4,137.3,98.0,18.7,3.00,Strong Perf.
-4,-4,137.3,98.0,18.7,3.00,Strong Perf.
-4,-4,137.3,98.0,18.7,3.00,Strong Perf.
-4,-4,137.3,98.0,18.7,3.00,Strong Perf.
-4,-4,137.3,98.0,18.7,3.00,Strong Perf.
-4,-4,137.3,98.0,18.7,3.00,Strong Perf.
-4,-4,137.3,98.0,18.7,3.00,Strong Perf.
2,0,137.3,98.0,18.7,3.00,Strong Perf.
21,8,137.3,98.0,18.7,3.00,Strong Perf.
39,16,137.3,98.0,18.7,3.00,Strong Perf.
31,12,137.3,98.0,18.7,3.00,Strong Perf.
14,4,137.3,98.0,18.7,3.00,Strong Perf.
0,-2,137.3,98.0,18.7,3.00,Strong Perf.
13,4,137.3,98.0,18.7,3.00,Strong Perf.
22,8,137.3,98.0,18.7,3.00,Strong Perf.
21,8,137.3,98.0,18.7,3.00,Strong Perf.
16,5,137.3,98.0,18.7,3.00,Strong Perf.
5,0,137.3,98.0,18.7,3.00,Strong Perf.
0,-2,137.3,98.0,18.7,3.00,Strong Perf.
-2,-3,137.3,98.0,18.7,3.00,Strong Perf.
-3,-3,137.3,98.0,18.7,3.00,Strong Perf.
-3,-3,137.3,98.0,18.7,3.00,Strong Perf.
-3,-3,137.3,98.0,18.7,3.00,Strong Perf.
-3,-3,137.3,98.0,18.7,3.00,Strong Perf.
-3,-3,137.3,98.0,18.7,3.00,Strong Perf.
-3,-3,137.3,98.0,18.7,3.00,Strong Perf.
-3,-3,137.3,98.0,18.7,3.00,Strong Perf.
0,-1,137.3,98.0,18.7,3.00,Strong Perf.
16,6,137.3,98.0,18.7,3.00,Strong Perf.
42,18,137.3,98.0,18.7,3.00,Strong Perf.
48,21,137.3,98.0,18.7,3.00,Strong Perf.
28,12,137.3,98.0,18.7,3.00,Strong Perf.
12,4,137.3,98.0,18.7,3.00,Strong Perf.
4,0,137.3,98.0,18.7,3.00,Strong Perf.
27,12,137.3,98.0,18.7,3.00,Strong Perf.
30,13,137.3,98.0,18.7,3.00,Strong Perf.
26,11,137.3,98.0,18.7,3.00,Strong Perf.
18,7,137.3,98.0,18.7,3.00,Strong Perf.
9,3,137.3,98.0,18.7,3.00,Strong Perf.
3,0,137.3,98.0,18.7,3.00,Strong Perf.
0,0,137.3,98.0,18.7,3.00,Strong Perf.
0,0,137.3,98.0,18.7,3.00,Strong Perf.
0,0,137.3,98.0,18.7,3.00,Strong Perf.
0,0,137.3,98.0,18.7,3.00,Strong Perf.
0,0,137.3,98.0,18.7,3.00,Strong Perf.
0,0,137.3,98.0,18.7,3.00,Strong Perf.
0,0,137.3,98.0,18.7,3.00,Strong Perf.
0,0,137.3,98.0,18.7,3.00,Strong Perf.
4,2,137.3,98.0,18.7,3.00,Strong Perf.
20,10,137.3,98.0,18.7,3.00,Strong Perf.
61,29,137.3,98.0,18.7,3.00,Strong Perf.
59,29,137.3,98.0,18.7,3.00,Strong Perf.
35,17,137.3,98.0,18.7,3.00,Strong Perf.
18,9,137.3,98.0,18.7,3.00,Strong Perf.
8,4,137.3,98.0,18.7,3.00,Strong Perf.
35,18,137.3,98.0,18.7,3.00,Strong Perf.
40,20,137.3,98.0,18.7,3.00,Strong Perf.
37,19,137.3,98.0,18.7,3.00,Strong Perf.
29,15,137.3,98.0,18.7,3.00,Strong Perf.
19,10,137.3,98.0,18.7,3.00,Strong Perf.
10,6,137.3,98.0,18.7,3.00,Strong Perf.
6,4,137.3,98.0,18.7,3.00,Strong Perf.
3,3,137.3,98.0,18.7,3.00,Strong Perf.
2,2,137.3,98.0,18.7,3.00,Strong Perf.
2,2,137.3,98.0,18.7,3.00,Strong Perf.
2,2,137.3,98.0,18.7,3.00,Strong Perf.
2,2,137.3,98.0,18.7,3.00,Strong Perf.
3,3,137.3,98.0,18.7,3.00,Strong Perf.
3,3,137.3,98.0,18.7,3.00,Strong Perf.
3,3,137.3,98.0,18.7,3.00,Strong Perf.
6,5,137.3,98.0,18.7,3.00,Strong Perf.
20,11,137.3,98.0,18.7,3.00,Strong Perf.
51,26,137.3,98.0,18.7,3.00,Strong Perf.
74,37,137.3,98.0,18.7,3.00,Strong Perf.
62,32,137.3,98.0,18.7,3.00,Strong Perf.
36,19,137.3,98.0,18.7,3.00,Strong Perf.
16,10,137.3,98.0,18.7,3.00,Strong Perf.
19,11,137.3,98.0,18.7,3.00,Strong Perf.
43,22,137.3,98.0,18.7,3.00,Strong Perf.
45,24,137.3,98.0,18.7,3.00,Strong Perf.
41,21,137.3,98.0,18.7,3.00,Strong Perf.
31,17,137.3,98.0,18.7,3.00,Strong Perf.
20,12,137.3,98.0,18.7,3.00,Strong Perf.
12,8,137.3,98.0,18.7,3.00,Strong Perf.
7,5,137.3,98.0,18.7,3.00,Strong Perf.
5,4,137.3,98.0,18.7,3.00,Strong Perf.
4,4,137.3,98.0,18.7,3.00,Strong Perf.
4,4,137.3,98.0,18.7,3.00,Strong Perf.
4,4,137.3,98.0,18.7,3.00,Strong Perf.
4,4,137.3,98.0,18.7,3.00,Strong Perf.
4,4,137.3,98.0,18.7,3.00,Strong Perf.
4,4,137.3,98.0,18.7,3.00,Strong Perf.
3,3,137.3,98.0,18.7,3.00,Strong Perf.
12,7,137.3,98.0,18.7,3.00,Strong Perf.
34,18,137.3,98.0,18.7,3.00,Strong Perf.
64,33,137.3,98.0,18.7,3.00,Strong Perf.
69,35,137.3,98.0,18.7,3.00,Strong Perf.
45,23,137.3,98.0,18.7,3.00,Strong Perf.
25,14,137.3,98.0,18.7,3.00,Strong Perf.
6,4,137.3,98.0,18.7,3.00,Strong Perf.
34,18,137.3,98.0,18.7,3.00,Strong Perf.
41,21,137.3,98.0,18.7,3.00,Strong Perf.
39,20,137.3,98.0,18.7,3.00,Strong Perf.
31,16,137.3,98.0,18.7,3.00,Strong Perf.
21,11,137.3,98.0,18.7,3.00,Strong Perf.
12,7,137.3,98.0,18.7,3.00,Strong Perf.
7,4,137.3,98.0,18.7,3.00,Strong Perf.
4,3,137.3,98.0,18.7,3.00,Strong Perf.
2,2,137.3,98.0,18.7,3.00,Strong Perf.
2,2,137.3,98.0,18.7,3.00,Strong Perf.
2,2,137.3,98.0,18.7,3.00,Strong Perf.
2,2,137.3,98.0,18.7,3.00,Strong Perf.
1,1,137.3,98.0,18.7,3.00,Strong Perf.
1,1,137.3,98.0,18.7,3.00,Strong Perf.
1,1,137.3,98.0,18.7,3.00,Strong Perf.
3,2,137.3,98.0,18.7,3.00,Strong Perf.
11,6,137.3,98.0,18.7,3.00,Strong Perf.
34,17,137.3,98.0,18.7,3.00,Strong Perf.
56,27,137.3,98.0,18.7,3.00,Strong Perf.
48,23,137.3,98.0,18.7,3.00,Strong Perf.
26,13,137.3,98.0,18.7,3.00,Strong Perf.
9,4,137.3,98.0,18.7,3.00,Strong Perf.
14,7,137.3,98.0,18.7,3.00,Strong Perf.
30,14,137.3,98.0,18.7,3.00,Strong Perf.
31,14,137.3,98.0,18.7,3.00,Strong Perf.
25,12,137.3,98.0,18.7,3.00,Strong Perf.
17,8,137.3,98.0,18.7,3.00,Strong Perf.
9,4,137.3,98.0,18.7,3.00,Strong Perf.
3,1,137.3,98.0,18.7,3.00,Strong Perf.
0,0,137.3,98.0,18.7,3.00,Strong Perf.
0,0,137.3,98.0,18.7,3.00,Strong Perf.
0,-1,137.3,98.0,18.7,3.00,Strong Perf.
-1,-1,137.3,98.0,18.7,3.00,Strong Perf.
-1,-1,137.3,98.0,18.7,3.00,Strong Perf.
-1,-1,137.3,98.0,18.7,3.00,Strong Perf.
-1,-1,137.3,98.0,18.7,3.00,Strong Perf.
-1,-1,137.3,98.0,18.7,3.00,Strong Perf.
2,0,137.3,98.0,18.7,3.00,Strong Perf.
18,7,137.3,98.0,18.7,3.00,Strong Perf.
39,17,137.3,98.0,18.7,3.00,Strong Perf.
40,18,137.3,98.0,18.7,3.00,Strong Perf.
22,9,137.3,98.0,18.7,3.00,Strong Perf.
8,2,137.3,98.0,18.7,3.00,Strong Perf.
4,0,137.3,98.0,18.7,3.00,Strong Perf.
21,8,137.3,98.0,18.7,3.00,Strong Perf.
22,9,137.3,98.0,18.7,3.00,Strong Perf.
18,7,137.3,98.0,18.7,3.00,Strong Perf.
11,3,137.3,98.0,18.7,3.00,Strong Perf.
4,0,137.3,98.0,18.7,3.00,Strong Perf.
0,-1,137.3,98.0,18.7,3.00,Strong Perf.
-2,-2,137.3,98.0,18.7,3.00,Strong Perf.
-3,-3,137.3,98.0,18.7,3.00,Strong Perf.
-3,-3,137.3,98.0,18.7,3.00,Strong Perf.
-3,-3,137.3,98.0,18.7,3.00,Strong Perf.
-3,-3,137.3,98.0,18.7,3.00,Strong Perf.
-3,-3,137.3,98.0,18.7,3.00,Strong Perf.
-3,-3,137.3,98.0,18.7,3.00,Strong Perf.
-3,-3,137.3,98.0,18.7,3.00,Strong Perf.
0,-2,137.3,98.0,18.7,3.00,Strong Perf.
11,3,137.3,98.0,18.7,3.00,Strong Perf.
32,13,137.3,98.0,18.7,3.00,Strong Perf.
38,16,137.3,98.0,18.7,3.00,Strong Perf.
22,8,137.3,98.0,18.7,3.00,Strong Perf.
9,2,137.3,98.0,18.7,3.00,Strong Perf.
0,-2,137.3,98.0,18.7,3.00,Strong Perf.
18,7,137.3,98.0,18.7,3.00,Strong Perf.
21,8,137.3,98.0,18.7,3.00,Strong Perf.
18,7,137.3,98.0,18.7,3.00,Strong Perf.
12,3,137.3,98.0,18.7,3.00,Strong Perf.
5,0,137.3,98.0,18.7,3.00,Strong Perf.
0,-1,137.3,98.0,18.7,3.00,Strong Perf.
-2,-2,137.3,98.0,18.7,3.00,Strong Perf.
-3,-3,137.3,98.0,18.7,3.00,Strong Perf.
-3,-3,137.3,98.0,18.7,3.00,Strong Perf.
-3,-3,137.3,98.0,18.7,3.00,Strong Perf.
-3,-3,137.3,98.0,18.7,3.00,Strong Perf.
-3,-3,137.3,98.0,18.7,3.00,Strong Perf.
-3,-3,137.3,98.0,18.7,3.00,Strong Perf.
-3,-3,137.3,98.0,18.7,3.00,Strong Perf.
3,0,137.3,98.0,18.7,3.00,Strong Perf.
23,9,137.3,98.0,18.7,3.00,Strong Perf.
45,20,137.3,98.0,18.7,3.00,Strong Perf.
39,17,137.3,98.0,18.7,3.00,Strong Perf.
19,8,137.3,98.0,18.7,3.00,Strong Perf.
3,0,137.3,98.0,18.7,3.00,Strong Perf.
16,6,137.3,98.0,18.7,3.00,Strong Perf.
27,11,137.3,98.0,18.7,3.00,Strong Perf.
27,11,137.3,98.0,18.7,3.00,Strong Perf.
21,9,137.3,98.0,18.7,3.00,Strong Perf.
12,5,137.3,98.0,18.7,3.00,Strong Perf.
5,1,137.3,98.0,18.7,3.00,Strong Perf.
1,0,137.3,98.0,18.7,3.00,Strong Perf.
0,-1,137.3,98.0,18.7,3.00,Strong Perf.
-1,-1,137.3,98.0,18.7,3.00,Strong Perf.
-1,-1,137.3,98.0,18.7,3.00,Strong Perf.
0,0,137.3,98.0,18.7,3.00,Strong Perf.
0,0,137.3,98.0,18.7,3.00,Strong Perf.
0,0,137.3,98.0,18.7,3.00,Strong Perf.
0,0,137.3,98.0,18.7,3.00,Strong Perf.
1,0,137.3,98.0,18.7,3.00,Strong Perf.
12,5,137.3,98.0,18.7,3.00,Strong Perf.
39,19,137.3,98.0,18.7,3.00,Strong Perf.
60,29,137.3,98.0,18.7,3.00,Strong Perf.
47,22,137.3,98.0,18.7,3.00,Strong Perf.
25,12,137.3,98.0,18.7,3.00,Strong Perf.
4,2,137.3,98.0,18.7,3.00,Strong Perf.
26,13,137.3,98.0,18.7,3.00,Strong Perf.
37,18,137.3,98.0,18.7,3.00,Strong Perf.
36,18,137.3,98.0,18.7,3.00,Strong Perf.
29,14,137.3,98.0,18.7,3.00,Strong Perf.
18,9,137.3,98.0,18.7,3.00,Strong Perf.
7,4,137.3,98.0,18.7,3.00,Strong Perf.
3,2,137.3,98.0,18.7,3.00,Strong Perf.
2,2,137.3,98.0,18.7,3.00,Strong Perf.
2,2,137.3,98.0,18.7,3.00,Strong Perf.
2,2,137.3,98.0,18.7,3.00,Strong Perf.
2,2,137.3,98.0,18.7,3.00,Strong Perf.
2,2,137.3,98.0,18.7,3.00,Strong Perf.
2,2,137.3,98.0,18.7,3.00,Strong Perf.
2,2,137.3,98.0,18.7,3.00,Strong Perf.
6,4,137.3,98.0,18.7,3.00,Strong Perf.
21,11,137.3,98.0,18.7,3.00,Strong Perf.
52,26,137.3,98.0,18.7,3.00,Strong Perf.
72,36,137.3,98.0,18.7,3.00,Strong Perf.
58,29,137.3,98.0,18.7,3.00,Strong Perf.
33,17,137.3,98.0,18.7,3.00,Strong Perf.
11,7,137.3,98.0,18.7,3.00,Strong Perf.
24,13,137.3,98.0,18.7,3.00,Strong Perf.
43,22,137.3,98.0,18.7,3.00,Strong Perf.
44,23,137.3,98.0,18.7,3.00,Strong Perf.
38,20,137.3,98.0,18.7,3.00,Strong Perf.
28,15,137.3,98.0,18.7,3.00,Strong Perf.
18,10,137.3,98.0,18.7,3.00,Strong Perf.
10,7,137.3,98.0,18.7,3.00,Strong Perf.
6,5,137.3,98.0,18.7,3.00,Strong Perf.
4,4,137.3,98.0,18.7,3.00,Strong Perf.
3,3,137.3,98.0,18.7,3.00,Strong Perf.
3,3,137.3,98.0,18.7,3.00,Strong Perf.
3,3,137.3,98.0,18.7,3.00,Strong Perf.
3,3,137.3,98.0,18.7,3.00,Strong Perf.
3,3,137.3,98.0,18.7,3.00,Strong Perf.
3,3,137.3,98.0,18.7,3.00,Strong Perf.
3,3,137.3,98.0,18.7,3.00,Strong Perf.
10,6,137.3,98.0,18.7,3.00,Strong Perf.
30,16,137.3,98.0,18.7,3.00,Strong Perf.
63,32,137.3,98.0,18.7,3.00,Strong Perf.
62,32,137.3,98.0,18.7,3.00,Strong Perf.
36,19,137.3,98.0,18.7,3.00,Strong Perf.
15,9,137.3,98.0,18.7,3.00,Strong Perf.
21,12,137.3,98.0,18.7,3.00,Strong Perf.
41,21,137.3,98.0,18.7,3.00,Strong Perf.
43,22,137.3,98.0,18.7,3.00,Strong Perf.
37,19,137.3,98.0,18.7,3.00,Strong Perf.
27,14,137.3,98.0,18.7,3.00,Strong Perf.
16,9,137.3,98.0,18.7,3.00,Strong Perf.
9,6,137.3,98.0,18.7,3.00,Strong Perf.
5,4,137.3,98.0,18.7,3.00,Strong Perf.
3,3,137.3,98.0,18.7,3.00,Strong Perf.
2,2,137.3,98.0,18.7,3.00,Strong Perf.
2,2,137.3,98.0,18.7,3.00,Strong Perf.
2,2,137.3,98.0,18.7,3.00,Strong Perf.
2,2,137.3,98.0,18.7,3.00,Strong Perf.
2,2,137.3,98.0,18.7,3.00,Strong Perf.
2,2,137.3,98.0,18.7,3.00,Strong Perf.
2,2,137.3,98.0,18.7,3.00,Strong Perf.
10,6,137.3,98.0,18.7,3.00,Strong Perf.
33,16,137.3,98.0,18.7,3.00,Strong Perf.
59,29,137.3,98.0,18.7,3.00,Strong Perf.
59,29,137.3,98.0,18.7,3.00,Strong Perf.
36,18,137.3,98.0,18.7,3.00,Strong Perf.
19,9,137.3,98.0,18.7,3.00,Strong Perf.
4,2,137.3,98.0,18.7,3.00,Strong Perf.
30,15,137.3,98.0,18.7,3.00,Strong Perf.
35,17,137.3,98.0,18.7,3.00,Strong Perf.
32,16,137.3,98.0,18.7,3.00,Strong Perf.
25,12,137.3,98.0,18.7,3.00,Strong Perf.
16,7,137.3,98.0,18.7,3.00,Strong Perf.
8,4,137.3,98.0,18.7,3.00,Strong Perf.
3,1,137.3,98.0,18.7,3.00,Strong Perf.
1,0,137.3,98.0,18.7,3.00,Strong Perf.
0,0,137.3,98.0,18.7,3.00,Strong Perf.
0,0,137.3,98.0,18.7,3.00,Strong Perf.
0,0,137.3,98.0,18.7,3.00,Strong Perf.
0,0,137.3,98.0,18.7,3.00,Strong Perf.
0,0,137.3,98.0,18.7,3.00,Strong Perf.
-1,-1,137.3,98.0,18.7,3.00,Strong Perf.
-1,-1,137.3,98.0,18.7,3.00,Strong Perf.
2,0,137.3,98.0,18.7,3.00,Strong Perf.
18,7,137.3,98.0,18.7,3.00,Strong Perf.
42,19,137.3,98.0,18.7,3.00,Strong Perf.
45,20,137.3,98.0,18.7,3.00,Strong Perf.
25,11,137.3,98.0,18.7,3.00,Strong Perf.
10,4,137.3,98.0,18.7,3.00,Strong Perf.
4,1,137.3,98.0,18.7,3.00,Strong Perf.
23,10,137.3,98.0,18.7,3.00,Strong Perf.
25,10,137.3,98.0,18.7,3.00,Strong Perf.
21,8,137.3,98.0,18.7,3.00,Strong Perf.
13,5,137.3,98.0,18.7,3.00,Strong Perf.
5,1,137.3,98.0,18.7,3.00,Strong Perf.
0,-1,137.3,98.0,18.7,3.00,Strong Perf.
-1,-2,137.3,98.0,18.7,3.00,Strong Perf.
-2,-2,137.3,98.0,18.7,3.00,Strong Perf.
-3,-3,137.3,98.0,18.7,3.00,Strong Perf.
-3,-3,137.3,98.0,18.7,3.00,Strong Perf.
-3,-3,137.3,98.0,18.7,3.00,Strong Perf.
-3,-3,137.3,98.0,18.7,3.00,Strong Perf.
-3,-3,137.3,98.0,18.7,3.00,Strong Perf.
-3,-3,137.3,98.0,18.7,3.00,Strong Perf.
0,-1,137.3,98.0,18.7,3.00,Strong Perf.
14,4,137.3,98.0,18.7,3.00,Strong Perf.
35,15,137.3,98.0,18.7,3.00,Strong Perf.
36,15,137.3,98.0,18.7,3.00,Strong Perf.
19,7,137.3,98.0,18.7,3.00,Strong Perf.
5,0,137.3,98.0,18.7,3.00,Strong Perf.
5,0,137.3,98.0,18.7,3.00,Strong Perf.
20,7,137.3,98.0,18.7,3.00,Strong Perf.
21,8,137.3,98.0,18.7,3.00,Strong Perf.
16,6,137.3,98.0,18.7,3.00,Strong Perf.
9,2,137.3,98.0,18.7,3.00,Strong Perf.
0,-1,137.3,98.0,18.7,3.00,Strong Perf.
-2,-2,137.3,98.0,18.7,3.00,Strong Perf.
-3,-3,137.3,98.0,18.7,3.00,Strong Perf.
-3,-3,137.3,98.0,18.7,3.00,Strong Perf.
-3,-3,137.3,98.0,18.7,3.00,Strong Perf.
-3,-3,137.3,98.0,18.7,3.00,Strong Perf.
-3,-3,137.3,98.0,18.7,3.00,Strong Perf.
-3,-3,137.3,98.0,18.7,3.00,Strong Perf.
-3,-3,137.3,98.0,18.7,3.00,Strong Perf.
0,-1,137.3,98.0,18.7,3.00,Strong Perf.
15,5,137.3,98.0,18.7,3.00,Strong Perf.
38,17,137.3,98.0,18.7,3.00,Strong Perf.
37,16,137.3,98.0,18.7,3.00,Strong Perf.
18,7,137.3,98.0,18.7,3.00,Strong Perf.
1,0,137.3,98.0,18.7,3.00,Strong Perf.
16,6,137.3,98.0,18.7,3.00,Strong Perf.
24,10,137.3,98.0,18.7,3.00,Strong Perf.
23,9,137.3,98.0,18.7,3.00,Strong Perf.
16,6,137.3,98.0,18.7,3.00,Strong Perf.
8,2,137.3,98.0,18.7,3.00,Strong Perf.
2,0,137.3,98.0,18.7,3.00,Strong Perf.
0,-1,137.3,98.0,18.7,3.00,Strong Perf.
-1,-1,137.3,98.0,18.7,3.00,Strong Perf.
-1,-1,137.3,98.0,18.7,3.00,Strong Perf.
-1,-1,137.3,98.0,18.7,3.00,Strong Perf.
-1,-1,137.3,98.0,18.7,3.00,Strong Perf.
-1,-1,137.3,98.0,18.7,3.00,Strong Perf.
-1,-1,137.3,98.0,18.7,3.00,Strong Perf.
0,0,137.3,98.0,18.7,3.00,Strong Perf.
9,4,137.3,98.0,18.7,3.00,Strong Perf.
32,15,137.3,98.0,18.7,3.00,Strong Perf.
53,25,137.3,98.0,18.7,3.00,Strong Perf.
44,20,137.3,98.0,18.7,3.00,Strong Perf.
23,11,137.3,98.0,18.7,3.00,Strong Perf.
6,2,137.3,98.0,18.7,3.00,Strong Perf.
18,9,137.3,98.0,18.7,3.00,Strong Perf.
32,15,137.3,98.0,18.7,3.00,Strong Perf.
33,16,137.3,98.0,18.7,3.00,Strong Perf.
27,13,137.3,98.0,18.7,3.00,Strong Perf.
18,9,137.3,98.0,18.7,3.00,Strong Perf.
7,3,137.3,98.0,18.7,3.00,Strong Perf.
3,2,137.3,98.0,18.7,3.00,Strong Perf.
1,1,137.3,98.0,18.7,3.00,Strong Perf.
1,1,137.3,98.0,18.7,3.00,Strong Perf.
1,1,137.3,98.0,18.7,3.00,Strong Perf.
1,1,137.3,98.0,18.7,3.00,Strong Perf.
1,1,137.3,98.0,18.7,3.00,Strong Perf.
1,1,137.3,98.0,18.7,3.00,Strong Perf.
1,1,137.3,98.0,18.7,3.00,Strong Perf.
1,1,137.3,98.0,18.7,3.00,Strong Perf.
12,6,137.3,98.0,18.7,3.00,Strong Perf.
37,18,137.3,98.0,18.7,3.00,Strong Perf.
65,32,137.3,98.0,18.7,3.00,Strong Perf.
62,31,137.3,98.0,18.7,3.00,Strong Perf.
37,19,137.3,98.0,18.7,3.00,Strong Perf.
18,10,137.3,98.0,18.7,3.00,Strong Perf.
13,7,137.3,98.0,18.7,3.00,Strong Perf.
39,20,137.3,98.0,18.7,3.00,Strong Perf.
42,22,137.3,98.0,18.7,3.00,Strong Perf.
38,20,137.3,98.0,18.7,3.00,Strong Perf.
28,15,137.3,98.0,18.7,3.00,Strong Perf.
18,10,137.3,98.0,18.7,3.00,Strong Perf.
10,6,137.3,98.0,18.7,3.00,Strong Perf.
6,4,137.3,98.0,18.7,3.00,Strong Perf.
4,3,137.3,98.0,18.7,3.00,Strong Perf.
3,3,137.3,98.0,18.7,3.00,Strong Perf.
3,3,137.3,98.0,18.7,3.00,Strong Perf.
3,3,137.3,98.0,18.7,3.00,Strong Perf.
3,3,137.3,98.0,18.7,3.00,Strong Perf.
3,3,137.3,98.0,18.7,3.00,Strong Perf.
3,3,137.3,98.0,18.7,3.00,Strong Perf.
6,5,137.3,98.0,18.7,3.00,Strong Perf.
20,11,137.3,98.0,18.7,3.00,Strong Perf.
49,25,137.3,98.0,18.7,3.00,Strong Perf.
74,37,137.3,98.0,18.7,3.00,Strong Perf.
64,33,137.3,98.0,18.7,3.00,Strong Perf.
38,20,137.3,98.0,18.7,3.00,Strong Perf.
19,11,137.3,98.0,18.7,3.00,Strong Perf.
14,9,137.3,98.0,18.7,3.00,Strong Perf.
41,21,137.3,98.0,18.7,3.00,Strong Perf.
45,23,137.3,98.0,18.7,3.00,Strong Perf.
41,21,137.3,98.0,18.7,3.00,Strong Perf.
32,17,137.3,98.0,18.7,3.00,Strong Perf.
21,12,137.3,98.0,18.7,3.00,Strong Perf.
12,7,137.3,98.0,18.7,3.00,Strong Perf.
7,5,137.3,98.0,18.7,3.00,Strong Perf.
4,3,137.3,98.0,18.7,3.00,Strong Perf.
3,3,137.3,98.0,18.7,3.00,Strong Perf.
3,3,137.3,98.0,18.7,3.00,Strong Perf.
3,3,137.3,98.0,18.7,3.00,Strong Perf.
2,2,137.3,98.0,18.7,3.00,Strong Perf.
2,2,137.3,98.0,18.7,3.00,Strong Perf.
2,2,137.3,98.0,18.7,3.00,Strong Perf.
2,2,137.3,98.0,18.7,3.00,Strong Perf.
4,3,137.3,98.0,18.7,3.00,Strong Perf.
14,8,137.3,98.0,18.7,3.00,Strong Perf.
42,21,137.3,98.0,18.7,3.00,Strong Perf.
67,33,137.3,98.0,18.7,3.00,Strong Perf.
58,29,137.3,98.0,18.7,3.00,Strong Perf.
32,16,137.3,98.0,18.7,3.00,Strong Perf.
13,7,137.3,98.0,18.7,3.00,Strong Perf.
18,9,137.3,98.0,18.7,3.00,Strong Perf.
37,18,137.3,98.0,18.7,3.00,Strong Perf.
38,19,137.3,98.0,18.7,3.00,Strong Perf.
32,16,137.3,98.0,18.7,3.00,Strong Perf.
22,11,137.3,98.0,18.7,3.00,Strong Perf.
12,6,137.3,98.0,18.7,3.00,Strong Perf.
6,3,137.3,98.0,18.7,3.00,Strong Perf.
1,1,137.3,98.0,18.7,3.00,Strong Perf.
0,0,137.3,98.0,18.7,3.00,Strong Perf.
0,0,137.3,98.0,18.7,3.00,Strong Perf.
0,0,137.3,98.0,18.7,3.00,Strong Perf.
0,0,137.3,98.0,18.7,3.00,Strong Perf.
0,0,137.3,98.0,18.7,3.00,Strong Perf.
0,0,137.3,98.0,18.7,3.00,Strong Perf.
0,0,137.3,98.0,18.7,3.00,Strong Perf.
3,1,137.3,98.0,18.7,3.00,Strong Perf.
19,8,137.3,98.0,18.7,3.00,Strong Perf.
44,20,137.3,98.0,18.7,3.00,Strong Perf.
53,25,137.3,98.0,18.7,3.00,Strong Perf.
36,16,137.3,98.0,18.7,3.00,Strong Perf.
18,8,137.3,98.0,18.7,3.00,Strong Perf.
0,0,137.3,98.0,18.7,3.00,Strong Perf.
21,9,137.3,98.0,18.7,3.00,Strong Perf.
28,12,137.3,98.0,18.7,3.00,Strong Perf.
27,12,137.3,98.0,18.7,3.00,Strong Perf.
21,9,137.3,98.0,18.7,3.00,Strong Perf.
13,5,137.3,98.0,18.7,3.00,Strong Perf.
5,1,137.3,98.0,18.7,3.00,Strong Perf.
1,0,137.3,98.0,18.7,3.00,Strong Perf.
-1,-1,137.3,98.0,18.7,3.00,Strong Perf.
-2,-2,137.3,98.0,18.7,3.00,Strong Perf.
-2,-2,137.3,98.0,18.7,3.00,Strong Perf.
-2,-2,137.3,98.0,18.7,3.00,Strong Perf.
-2,-2,137.3,98.0,18.7,3.00,Strong Perf.
-3,-3,137.3,98.0,18.7,3.00,Strong Perf.
-3,-3,137.3,98.0,18.7,3.00,Strong Perf.
-3,-3,137.3,98.0,18.7,3.00,Strong Perf.
-2,-2,137.3,98.0,18.7,3.00,Strong Perf.
6,1,137.3,98.0,18.7,3.00,Strong Perf.
38,16,137.3,98.0,18.7,3.00,Strong Perf.
37,15,137.3,98.0,18.7,3.00,Strong Perf.
18,6,137.3,98.0,18.7,3.00,Strong Perf.
2,0,137.3,98.0,18.7,3.00,Strong Perf.
11,3,137.3,98.0,18.7,3.00,Strong Perf.
21,8,137.3,98.0,18.7,3.00,Strong Perf.
20,8,137.3,98.0,18.7,3.00,Strong Perf.
14,5,137.3,98.0,18.7,3.00,Strong Perf.
7,1,137.3,98.0,18.7,3.00,Strong Perf.
1,-1,137.3,98.0,18.7,3.00,Strong Perf.
-2,-2,137.3,98.0,18.7,3.00,Strong Perf.
-3,-3,137.3,98.0,18.7,3.00,Strong Perf.
-3,-3,137.3,98.0,18.7,3.00,Strong Perf.
-3,-3,137.3,98.0,18.7,3.00,Strong Perf.
-3,-3,137.3,98.0,18.7,3.00,Strong Perf.
-3,-3,137.3,98.0,18.7,3.00,Strong Perf.
-3,-3,137.3,98.0,18.7,3.00,Strong Perf.
-3,-3,137.3,98.0,18.7,3.00,Strong Perf.
0,-1,137.3,98.0,18.7,3.00,Strong Perf.
13,4,137.3,98.0,18.7,3.00,Strong Perf.
35,15,137.3,98.0,18.7,3.00,Strong Perf.
37,15,137.3,98.0,18.7,3.00,Strong Perf.
19,7,137.3,98.0,18.7,3.00,Strong Perf.
6,1,137.3,98.0,18.7,3.00,Strong Perf.
5,1,137.3,98.0,18.7,3.00,Strong Perf.
21,8,137.3,98.0,18.7,3.00,Strong Perf.
22,9,137.3,98.0,18.7,3.00,Strong Perf.
18,7,137.3,98.0,18.7,3.00,Strong Perf.
11,3,137.3,98.0,18.7,3.00,Strong Perf.
4,0,137.3,98.0,18.7,3.00,Strong Perf.
0,-1,137.3,98.0,18.7,3.00,Strong Perf.
-1,-2,137.3,98.0,18.7,3.00,Strong Perf.
-2,-2,137.3,98.0,18.7,3.00,Strong Perf.
-2,-2,137.3,98.0,18.7,3.00,Strong Perf.
-2,-2,137.3,98.0,18.7,3.00,Strong Perf.
-2,-2,137.3,98.0,18.7,3.00,Strong Perf.
-1,-1,137.3,98.0,18.7,3.00,Strong Perf.
-1,-1,137.3,98.0,18.7,3.00,Strong Perf.
-1,-1,137.3,98.0,18.7,3.00,Strong Perf.
5,2,137.3,98.0,18.7,3.00,Strong Perf.
26,11,137.3,98.0,18.7,3.00,Strong Perf.
47,22,137.3,98.0,18.7,3.00,Strong Perf.
41,19,137.3,98.0,18.7,3.00,Strong Perf.
22,10,137.3,98.0,18.7,3.00,Strong Perf.
5,2,137.3,98.0,18.7,3.00,Strong Perf.
16,7,137.3,98.0,18.7,3.00,Strong Perf.
29,13,137.3,98.0,18.7,3.00,Strong Perf.
29,14,137.3,98.0,18.7,3.00,Strong Perf.
24,11,137.3,98.0,18.7,3.00,Strong Perf.
15,7,137.3,98.0,18.7,3.00,Strong Perf.
5,2,137.3,98.0,18.7,3.00,Strong Perf.
2,1,137.3,98.0,18.7,3.00,Strong Perf.
1,0,137.3,98.0,18.7,3.00,Strong Perf.
0,0,137.3,98.0,18.7,3.00,Strong Perf.
0,0,137.3,98.0,18.7,3.00,Strong Perf.
1,1,137.3,98.0,18.7,3.00,Strong Perf.
1,1,137.3,98.0,18.7,3.00,Strong Perf.
1,1,137.3,98.0,18.7,3.00,Strong Perf.
1,1,137.3,98.0,18.7,3.00,Strong Perf.
4,2,137.3,98.0,18.7,3.00,Strong Perf.
17,9,137.3,98.0,18.7,3.00,Strong Perf.
44,22,137.3,98.0,18.7,3.00,Strong Perf.
63,31,137.3,98.0,18.7,3.00,Strong Perf.
50,25,137.3,98.0,18.7,3.00,Strong Perf.
28,15,137.3,98.0,18.7,3.00,Strong Perf.
9,5,137.3,98.0,18.7,3.00,Strong Perf.
23,12,137.3,98.0,18.7,3.00,Strong Perf.
38,20,137.3,98.0,18.7,3.00,Strong Perf.
40,20,137.3,98.0,18.7,3.00,Strong Perf.
34,18,137.3,98.0,18.7,3.00,Strong Perf.
24,13,137.3,98.0,18.7,3.00,Strong Perf.
15,9,137.3,98.0,18.7,3.00,Strong Perf.
8,5,137.3,98.0,18.7,3.00,Strong Perf.
5,4,137.3,98.0,18.7,3.00,Strong Perf.
4,3,137.3,98.0,18.7,3.00,Strong Perf.
3,3,137.3,98.0,18.7,3.00,Strong Perf.
3,3,137.3,98.0,18.7,3.00,Strong Perf.
3,3,137.3,98.0,18.7,3.00,Strong Perf.
3,3,137.3,98.0,18.7,3.00,Strong Perf.
3,3,137.3,98.0,18.7,3.00,Strong Perf.
3,3,137.3,98.0,18.7,3.00,Strong Perf.
3,3,137.3,98.0,18.7,3.00,Strong Perf.
13,8,137.3,98.0,18.7,3.00,Strong Perf.
37,20,137.3,98.0,18.7,3.00,Strong Perf.
67,34,137.3,98.0,18.7,3.00,Strong Perf.
71,36,137.3,98.0,18.7,3.00,Strong Perf.
48,25,137.3,98.0,18.7,3.00,Strong Perf.
28,15,137.3,98.0,18.7,3.00,Strong Perf.
6,5,137.3,98.0,18.7,3.00,Strong Perf.
35,18,137.3,98.0,18.7,3.00,Strong Perf.
45,24,137.3,98.0,18.7,3.00,Strong Perf.
41,22,137.3,98.0,18.7,3.00,Strong Perf.
32,17,137.3,98.0,18.7,3.00,Strong Perf.
22,12,137.3,98.0,18.7,3.00,Strong Perf.
13,8,137.3,98.0,18.7,3.00,Strong Perf.
8,5,137.3,98.0,18.7,3.00,Strong Perf.
5,4,137.3,98.0,18.7,3.00,Strong Perf.
4,3,137.3,98.0,18.7,3.00,Strong Perf.
3,3,137.3,98.0,18.7,3.00,Strong Perf.
3,3,137.3,98.0,18.7,3.00,Strong Perf.
3,3,137.3,98.0,18.7,3.00,Strong Perf.
3,3,137.3,98.0,18.7,3.00,Strong Perf.
3,3,137.3,98.0,18.7,3.00,Strong Perf.
3,3,137.3,98.0,18.7,3.00,Strong Perf.
3,3,137.3,98.0,18.7,3.00,Strong Perf.
12,7,137.3,98.0,18.7,3.00,Strong Perf.
36,19,137.3,98.0,18.7,3.00,Strong Perf.
67,33,137.3,98.0,18.7,3.00,Strong Perf.
68,34,137.3,98.0,18.7,3.00,Strong Perf.
42,21,137.3,98.0,18.7,3.00,Strong Perf.
23,12,137.3,98.0,18.7,3.00,Strong Perf.
6,4,137.3,98.0,18.7,3.00,Strong Perf.
36,18,137.3,98.0,18.7,3.00,Strong Perf.
41,21,137.3,98.0,18.7,3.00,Strong Perf.
38,19,137.3,98.0,18.7,3.00,Strong Perf.
30,15,137.3,98.0,18.7,3.00,Strong Perf.
19,10,137.3,98.0,18.7,3.00,Strong Perf.
10,5,137.3,98.0,18.7,3.00,Strong Perf.
5,3,137.3,98.0,18.7,3.00,Strong Perf.
2,1,137.3,98.0,18.7,3.00,Strong Perf.
1,1,137.3,98.0,18.7,3.00,Strong Perf.
0,0,137.3,98.0,18.7,3.00,Strong Perf.
0,0,137.3,98.0,18.7,3.00,Strong Perf.
0,0,137.3,98.0,18.7,3.00,Strong Perf.
0,0,137.3,98.0,18.7,3.00,Strong Perf.
0,0,137.3,98.0,18.7,3.00,Strong Perf.
0,0,137.3,98.0,18.7,3.00,Strong Perf.
2,1,137.3,98.0,18.7,3.00,Strong Perf.
13,6,137.3,98.0,18.7,3.00,Strong Perf.
53,25,137.3,98.0,18.7,3.00,Strong Perf.
55,26,137.3,98.0,18.7,3.00,Strong Perf.
31,14,137.3,98.0,18.7,3.00,Strong Perf.
13,6,137.3,98.0,18.7,3.00,Strong Perf.
7,2,137.3,98.0,18.7,3.00,Strong Perf.
29,13,137.3,98.0,18.7,3.00,Strong Perf.
31,14,137.3,98.0,18.7,3.00,Strong Perf.
26,11,137.3,98.0,18.7,3.00,Strong Perf.
17,7,137.3,98.0,18.7,3.00,Strong Perf.
8,3,137.3,98.0,18.7,3.00,Strong Perf.
2,0,137.3,98.0,18.7,3.00,Strong Perf.
0,-1,137.3,98.0,18.7,3.00,Strong Perf.
-1,-2,137.3,98.0,18.7,3.00,Strong Perf.
-2,-2,137.3,98.0,18.7,3.00,Strong Perf.
-2,-2,137.3,98.0,18.7,3.00,Strong Perf.
-2,-2,137.3,98.0,18.7,3.00,Strong Perf.
-2,-2,137.3,98.0,18.7,3.00,Strong Perf.
-3,-3,137.3,98.0,18.7,3.00,Strong Perf.
-3,-3,137.3,98.0,18.7,3.00,Strong Perf.
0,-2,137.3,98.0,18.7,3.00,Strong Perf.
10,3,137.3,98.0,18.7,3.00,Strong Perf.
33,14,137.3,98.0,18.7,3.00,Strong Perf.
44,19,137.3,98.0,18.7,3.00,Strong Perf.
30,12,137.3,98.0,18.7,3.00,Strong Perf.
13,4,137.3,98.0,18.7,3.00,Strong Perf.
-2,-2,137.3,98.0,18.7,3.00,Strong Perf.
17,6,137.3,98.0,18.7,3.00,Strong Perf.
23,8,137.3,98.0,18.7,3.00,Strong Perf.
21,8,137.3,98.0,18.7,3.00,Strong Perf.
15,5,137.3,98.0,18.7,3.00,Strong Perf.
7,1,137.3,98.0,18.7,3.00,Strong Perf.
1,-1,137.3,98.0,18.7,3.00,Strong Perf.
-1,-3,137.3,98.0,18.7,3.00,Strong Perf.
-3,-3,137.3,98.0,18.7,3.00,Strong Perf.
-4,-4,137.3,98.0,18.7,3.00,Strong Perf.
-4,-4,137.3,98.0,18.7,3.00,Strong Perf.
-4,-4,137.3,98.0,18.7,3.00,Strong Perf.
-4,-4,137.3,98.0,18.7,3.00,Strong Perf.
-4,-4,137.3,98.0,18.7,3.00,Strong Perf.
-4,-4,137.3,98.0,18.7,3.00,Strong Perf.
-2,-3,137.3,98.0,18.7,3.00,Strong Perf.
8,1,137.3,98.0,18.7,3.00,Strong Perf.
29,11,137.3,98.0,18.7,3.00,Strong Perf.
38,16,137.3,98.0,18.7,3.00,Strong Perf.
23,9,137.3,98.0,18.7,3.00,Strong Perf.
9,2,137.3,98.0,18.7,3.00,Strong Perf.
0,-2,137.3,98.0,18.7,3.00,Strong Perf.
18,6,137.3,98.0,18.7,3.00,Strong Perf.
21,8,137.3,98.0,18.7,3.00,Strong Perf.
18,6,137.3,98.0,18.7,3.00,Strong Perf.
11,3,137.3,98.0,18.7,3.00,Strong Perf.
4,0,137.3,98.0,18.7,3.00,Strong Perf.
0,-1,137.3,98.0,18.7,3.00,Strong Perf.
-2,-2,137.3,98.0,18.7,3.00,Strong Perf.
-2,-3,137.3,98.0,18.7,3.00,Strong Perf.
-3,-3,137.3,98.0,18.7,3.00,Strong Perf.
-2,-2,137.3,98.0,18.7,3.00,Strong Perf.
-2,-2,137.3,98.0,18.7,3.00,Strong Perf.
-2,-2,137.3,98.0,18.7,3.00,Strong Perf.
-2,-2,137.3,98.0,18.7,3.00,Strong Perf.
-2,-2,137.3,98.0,18.7,3.00,Strong Perf.
2,0,137.3,98.0,18.7,3.00,Strong Perf.
19,8,137.3,98.0,18.7,3.00,Strong Perf.
41,18,137.3,98.0,18.7,3.00,Strong Perf.
40,18,137.3,98.0,18.7,3.00,Strong Perf.
21,9,137.3,98.0,18.7,3.00,Strong Perf.
6,2,137.3,98.0,18.7,3.00,Strong Perf.
12,5,137.3,98.0,18.7,3.00,Strong Perf.
26,11,137.3,98.0,18.7,3.00,Strong Perf.
27,12,137.3,98.0,18.7,3.00,Strong Perf.
22,10,137.3,98.0,18.7,3.00,Strong Perf.
14,6,137.3,98.0,18.7,3.00,Strong Perf.
7,3,137.3,98.0,18.7,3.00,Strong Perf.
2,1,137.3,98.0,18.7,3.00,Strong Perf.
0,0,137.3,98.0,18.7,3.00,Strong Perf.
0,0,137.3,98.0,18.7,3.00,Strong Perf.
0,0,137.3,98.0,18.7,3.00,Strong Perf.
0,0,137.3,98.0,18.7,3.00,Strong Perf.
0,0,137.3,98.0,18.7,3.00,Strong Perf.
0,0,137.3,98.0,18.7,3.00,Strong Perf.
0,0,137.3,98.0,18.7,3.00,Strong Perf.
4,2,137.3,98.0,18.7,3.00,Strong Perf.
20,10,137.3,98.0,18.7,3.00,Strong Perf.
48,23,137.3,98.0,18.7,3.00,Strong Perf.
57,28,137.3,98.0,18.7,3.00,Strong Perf.
37,18,137.3,98.0,18.7,3.00,Strong Perf.
19,10,137.3,98.0,18.7,3.00,Strong Perf.
6,4,137.3,98.0,18.7,3.00,Strong Perf.
33,17,137.3,98.0,18.7,3.00,Strong Perf.
37,19,137.3,98.0,18.7,3.00,Strong Perf.
33,17,137.3,98.0,18.7,3.00,Strong Perf.
24,13,137.3,98.0,18.7,3.00,Strong Perf.
15,8,137.3,98.0,18.7,3.00,Strong Perf.
8,5,137.3,98.0,18.7,3.00,Strong Perf.
5,4,137.3,98.0,18.7,3.00,Strong Perf.
3,3,137.3,98.0,18.7,3.00,Strong Perf.
3,3,137.3,98.0,18.7,3.00,Strong Perf.
3,3,137.3,98.0,18.7,3.00,Strong Perf.
3,3,137.3,98.0,18.7,3.00,Strong Perf.
3,3,137.3,98.0,18.7,3.00,Strong Perf.
3,3,137.3,98.0,18.7,3.00,Strong Perf.
3,3,137.3,98.0,18.7,3.00,Strong Perf.
8,6,137.3,98.0,18.7,3.00,Strong Perf.
24,14,137.3,98.0,18.7,3.00,Strong Perf.
54,28,137.3,98.0,18.7,3.00,Strong Perf.
72,36,137.3,98.0,18.7,3.00,Strong Perf.
56,29,137.3,98.0,18.7,3.00,Strong Perf.
33,18,137.3,98.0,18.7,3.00,Strong Perf.
12,8,137.3,98.0,18.7,3.00,Strong Perf.
24,14,137.3,98.0,18.7,3.00,Strong Perf.
43,23,137.3,98.0,18.7,3.00,Strong Perf.
45,24,137.3,98.0,18.7,3.00,Strong Perf.
40,21,137.3,98.0,18.7,3.00,Strong Perf.
25,14,137.3,98.0,18.7,3.00,Strong Perf.
15,9,137.3,98.0,18.7,3.00,Strong Perf.
9,7,137.3,98.0,18.7,3.00,Strong Perf.
6,5,137.3,98.0,18.7,3.00,Strong Perf.
5,4,137.3,98.0,18.7,3.00,Strong Perf.
4,4,137.3,98.0,18.7,3.00,Strong Perf.
4,4,137.3,98.0,18.7,3.00,Strong Perf.
4,4,137.3,98.0,18.7,3.00,Strong Perf.
4,4,137.3,98.0,18.7,3.00,Strong Perf.
4,4,137.3,98.0,18.7,3.00,Strong Perf.
4,4,137.3,98.0,18.7,3.00,Strong Perf.
4,4,137.3,98.0,18.7,3.00,Strong Perf.
12,7,137.3,98.0,18.7,3.00,Strong Perf.
33,18,137.3,98.0,18.7,3.00,Strong Perf.
64,33,137.3,98.0,18.7,3.00,Strong Perf.
74,37,137.3,98.0,18.7,3.00,Strong Perf.
52,27,137.3,98.0,18.7,3.00,Strong Perf.
30,16,137.3,98.0,18.7,3.00,Strong Perf.
7,5,137.3,98.0,18.7,3.00,Strong Perf.
30,16,137.3,98.0,18.7,3.00,Strong Perf.
43,22,137.3,98.0,18.7,3.00,Strong Perf.
43,22,137.3,98.0,18.7,3.00,Strong Perf.
37,19,137.3,98.0,18.7,3.00,Strong Perf.
27,14,137.3,98.0,18.7,3.00,Strong Perf.
17,9,137.3,98.0,18.7,3.00,Strong Perf.
9,6,137.3,98.0,18.7,3.00,Strong Perf.
5,3,137.3,98.0,18.7,3.00,Strong Perf.
3,2,137.3,98.0,18.7,3.00,Strong Perf.
2,2,137.3,98.0,18.7,3.00,Strong Perf.
2,2,137.3,98.0,18.7,3.00,Strong Perf.
1,1,137.3,98.0,18.7,3.00,Strong Perf.
1,1,137.3,98.0,18.7,3.00,Strong Perf.
1,1,137.3,98.0,18.7,3.00,Strong Perf.
1,1,137.3,98.0,18.7,3.00,Strong Perf.
1,1,137.3,98.0,18.7,3.00,Strong Perf.
3,2,137.3,98.0,18.7,3.00,Strong Perf.
16,8,137.3,98.0,18.7,3.00,Strong Perf.
45,21,137.3,98.0,18.7,3.00,Strong Perf.
64,31,137.3,98.0,18.7,3.00,Strong Perf.
49,23,137.3,98.0,18.7,3.00,Strong Perf.
26,12,137.3,98.0,18.7,3.00,Strong Perf.
5,2,137.3,98.0,18.7,3.00,Strong Perf.
22,10,137.3,98.0,18.7,3.00,Strong Perf.
34,16,137.3,98.0,18.7,3.00,Strong Perf.
34,16,137.3,98.0,18.7,3.00,Strong Perf.
22,10,137.3,98.0,18.7,3.00,Strong Perf.
12,5,137.3,98.0,18.7,3.00,Strong Perf.
5,1,137.3,98.0,18.7,3.00,Strong Perf.
0,0,137.3,98.0,18.7,3.00,Strong Perf.
0,-1,137.3,98.0,18.7,3.00,Strong Perf.
-1,-1,137.3,98.0,18.7,3.00,Strong Perf.
-2,-2,137.3,98.0,18.7,3.00,Strong Perf.
-2,-2,137.3,98.0,18.7,3.00,Strong Perf.
-2,-2,137.3,98.0,18.7,3.00,Strong Perf.
-2,-2,137.3,98.0,18.7,3.00,Strong Perf.
-2,-2,137.3,98.0,18.7,3.00,Strong Perf.
-2,-2,137.3,98.0,18.7,3.00,Strong Perf.
3,0,137.3,98.0,18.7,3.00,Strong Perf.
22,9,137.3,98.0,18.7,3.00,Strong Perf.
45,20,137.3,98.0,18.7,3.00,Strong Perf.
44,19,137.3,98.0,18.7,3.00,Strong Perf.
24,9,137.3,98.0,18.7,3.00,Strong Perf.
9,2,137.3,98.0,18.7,3.00,Strong Perf.
2,0,137.3,98.0,18.7,3.00,Strong Perf.
22,8,137.3,98.0,18.7,3.00,Strong Perf.
24,9,137.3,98.0,18.7,3.00,Strong Perf.
21,8,137.3,98.0,18.7,3.00,Strong Perf.
14,4,137.3,98.0,18.7,3.00,Strong Perf.
6,0,137.3,98.0,18.7,3.00,Strong Perf.
0,-2,137.3,98.0,18.7,3.00,Strong Perf.
-2,-3,137.3,98.0,18.7,3.00,Strong Perf.
-4,-4,137.3,98.0,18.7,3.00,Strong Perf.
-4,-4,137.3,98.0,18.7,3.00,Strong Perf.
-4,-4,137.3,98.0,18.7,3.00,Strong Perf.
-4,-4,137.3,98.0,18.7,3.00,Strong Perf.
-4,-4,137.3,98.0,18.7,3.00,Strong Perf.
-4,-4,137.3,98.0,18.7,3.00,Strong Perf.
-4,-4,137.3,98.0,18.7,3.00,Strong Perf.
-4,-4,137.3,98.0,18.7,3.00,Strong Perf.
0,-2,137.3,98.0,18.7,3.00,Strong Perf.
17,5,137.3,98.0,18.7,3.00,Strong Perf.
37,15,137.3,98.0,18.7,3.00,Strong Perf.
33,13,137.3,98.0,18.7,3.00,Strong Perf.
16,5,137.3,98.0,18.7,3.00,Strong Perf.
2,-1,137.3,98.0,18.7,3.00,Strong Perf.
7,0,137.3,98.0,18.7,3.00,Strong Perf.
19,6,137.3,98.0,18.7,3.00,Strong Perf.
20,7,137.3,98.0,18.7,3.00,Strong Perf.
15,5,137.3,98.0,18.7,3.00,Strong Perf.
8,1,137.3,98.0,18.7,3.00,Strong Perf.
2,-1,137.3,98.0,18.7,3.00,Strong Perf.
-1,-3,137.3,98.0,18.7,3.00,Strong Perf.
-3,-3,137.3,98.0,18.7,3.00,Strong Perf.
-4,-4,137.3,98.0,18.7,3.00,Strong Perf.
-4,-4,137.3,98.0,18.7,3.00,Strong Perf.
-4,-4,137.3,98.0,18.7,3.00,Strong Perf.
-3,-3,137.3,98.0,18.7,3.00,Strong Perf.
-3,-3,137.3,98.0,18.7,3.00,Strong Perf.
-3,-3,137.3,98.0,18.7,3.00,Strong Perf.
-1,-2,137.3,98.0,18.7,3.00,Strong Perf.
8,2,137.3,98.0,18.7,3.00,Strong Perf.
30,12,137.3,98.0,18.7,3.00,Strong Perf.
41,18,137.3,98.0,18.7,3.00,Strong Perf.
26,11,137.3,98.0,18.7,3.00,Strong Perf.
11,4,137.3,98.0,18.7,3.00,Strong Perf.
0,-1,137.3,98.0,18.7,3.00,Strong Perf.
21,9,137.3,98.0,18.7,3.00,Strong Perf.
24,10,137.3,98.0,18.7,3.00,Strong Perf.
21,9,137.3,98.0,18.7,3.00,Strong Perf.
14,6,137.3,98.0,18.7,3.00,Strong Perf.
7,2,137.3,98.0,18.7,3.00,Strong Perf.
2,0,137.3,98.0,18.7,3.00,Strong Perf.
0,0,137.3,98.0,18.7,3.00,Strong Perf.
0,0,137.3,98.0,18.7,3.00,Strong Perf.
0,0,137.3,98.0,18.7,3.00,Strong Perf.
0,0,137.3,98.0,18.7,3.00,Strong Perf.
0,0,137.3,98.0,18.7,3.00,Strong Perf.
0,0,137.3,98.0,18.7,3.00,Strong Perf.
0,0,137.3,98.0,18.7,3.00,Strong Perf.
0,0,137.3,98.0,18.7,3.00,Strong Perf.
7,3,137.3,98.0,18.7,3.00,Strong Perf.
27,13,137.3,98.0,18.7,3.00,Strong Perf.
51,24,137.3,98.0,18.7,3.00,Strong Perf.
48,23,137.3,98.0,18.7,3.00,Strong Perf.
27,13,137.3,98.0,18.7,3.00,Strong Perf.
11,6,137.3,98.0,18.7,3.00,Strong Perf.
16,8,137.3,98.0,18.7,3.00,Strong Perf.
32,16,137.3,98.0,18.7,3.00,Strong Perf.
34,17,137.3,98.0,18.7,3.00,Strong Perf.
29,15,137.3,98.0,18.7,3.00,Strong Perf.
20,10,137.3,98.0,18.7,3.00,Strong Perf.
12,7,137.3,98.0,18.7,3.00,Strong Perf.
6,4,137.3,98.0,18.7,3.00,Strong Perf.
4,3,137.3,98.0,18.7,3.00,Strong Perf.
3,3,137.3,98.0,18.7,3.00,Strong Perf.
3,3,137.3,98.0,18.7,3.00,Strong Perf.
3,3,137.3,98.0,18.7,3.00,Strong Perf.
3,3,137.3,98.0,18.7,3.00,Strong Perf.
3,3,137.3,98.0,18.7,3.00,Strong Perf.
3,3,137.3,98.0,18.7,3.00,Strong Perf.
3,3,137.3,98.0,18.7,3.00,Strong Perf.
9,6,137.3,98.0,18.7,3.00,Strong Perf.
29,16,137.3,98.0,18.7,3.00,Strong Perf.
59,30,137.3,98.0,18.7,3.00,Strong Perf.
67,34,137.3,98.0,18.7,3.00,Strong Perf.
44,23,137.3,98.0,18.7,3.00,Strong Perf.
13,8,137.3,98.0,18.7,3.00,Strong Perf.
24,14,137.3,98.0,18.7,3.00,Strong Perf.
42,22,137.3,98.0,18.7,3.00,Strong Perf.
43,23,137.3,98.0,18.7,3.00,Strong Perf.
37,20,137.3,98.0,18.7,3.00,Strong Perf.
27,15,137.3,98.0,18.7,3.00,Strong Perf.
17,11,137.3,98.0,18.7,3.00,Strong Perf.
10,7,137.3,98.0,18.7,3.00,Strong Perf.
7,6,137.3,98.0,18.7,3.00,Strong Perf.
5,5,137.3,98.0,18.7,3.00,Strong Perf.
5,5,137.3,98.0,18.7,3.00,Strong Perf.
5,5,137.3,98.0,18.7,3.00,Strong Perf.
5,5,137.3,98.0,18.7,3.00,Strong Perf.
5,5,137.3,98.0,18.7,3.00,Strong Perf.
5,5,137.3,98.0,18.7,3.00,Strong Perf.
5,5,137.3,98.0,18.7,3.00,Strong Perf.
7,6,137.3,98.0,18.7,3.00,Strong Perf.
19,12,137.3,98.0,18.7,3.00,Strong Perf.
47,25,137.3,98.0,18.7,3.00,Strong Perf.
74,38,137.3,98.0,18.7,3.00,Strong Perf.
68,35,137.3,98.0,18.7,3.00,Strong Perf.
42,22,137.3,98.0,18.7,3.00,Strong Perf.
23,13,137.3,98.0,18.7,3.00,Strong Perf.
12,8,137.3,98.0,18.7,3.00,Strong Perf.
41,22,137.3,98.0,18.7,3.00,Strong Perf.
46,24,137.3,98.0,18.7,3.00,Strong Perf.
43,23,137.3,98.0,18.7,3.00,Strong Perf.
34,18,137.3,98.0,18.7,3.00,Strong Perf.
23,13,137.3,98.0,18.7,3.00,Strong Perf.
14,9,137.3,98.0,18.7,3.00,Strong Perf.
8,6,137.3,98.0,18.7,3.00,Strong Perf.
5,4,137.3,98.0,18.7,3.00,Strong Perf.
4,4,137.3,98.0,18.7,3.00,Strong Perf.
3,3,137.3,98.0,18.7,3.00,Strong Perf.
3,3,137.3,98.0,18.7,3.00,Strong Perf.
3,3,137.3,98.0,18.7,3.00,Strong Perf.
3,3,137.3,98.0,18.7,3.00,Strong Perf.
2,2,137.3,98.0,18.7,3.00,Strong Perf.
2,2,137.3,98.0,18.7,3.00,Strong Perf.
2,2,137.3,98.0,18.7,3.00,Strong Perf.
11,6,137.3,98.0,18.7,3.00,Strong Perf.
34,17,137.3,98.0,18.7,3.00,Strong Perf.
64,31,137.3,98.0,18.7,3.00,Strong Perf.
66,32,137.3,98.0,18.7,3.00,Strong Perf.
42,21,137.3,98.0,18.7,3.00,Strong Perf.
23,11,137.3,98.0,18.7,3.00,Strong Perf.
3,2,137.3,98.0,18.7,3.00,Strong Perf.
31,15,137.3,98.0,18.7,3.00,Strong Perf.
38,19,137.3,98.0,18.7,3.00,Strong Perf.
37,18,137.3,98.0,18.7,3.00,Strong Perf.
29,14,137.3,98.0,18.7,3.00,Strong Perf.
19,9,137.3,98.0,18.7,3.00,Strong Perf.
10,5,137.3,98.0,18.7,3.00,Strong Perf.
4,2,137.3,98.0,18.7,3.00,Strong Perf.
1,0,137.3,98.0,18.7,3.00,Strong Perf.
0,0,137.3,98.0,18.7,3.00,Strong Perf.
0,0,137.3,98.0,18.7,3.00,Strong Perf.
-1,-1,137.3,98.0,18.7,3.00,Strong Perf.
-1,-1,137.3,98.0,18.7,3.00,Strong Perf.
-1,-1,137.3,98.0,18.7,3.00,Strong Perf.
-1,-1,137.3,98.0,18.7,3.00,Strong Perf.
-2,-2,137.3,98.0,18.7,3.00,Strong Perf.
-2,-2,137.3,98.0,18.7,3.00,Strong Perf.
3,0,137.3,98.0,18.7,3.00,Strong Perf.
21,8,137.3,98.0,18.7,3.00,Strong Perf.
47,21,137.3,98.0,18.7,3.00,Strong Perf.
51,23,137.3,98.0,18.7,3.00,Strong Perf.
31,13,137.3,98.0,18.7,3.00,Strong Perf.
14,5,137.3,98.0,18.7,3.00,Strong Perf.
-1,-2,137.3,98.0,18.7,3.00,Strong Perf.
22,8,137.3,98.0,18.7,3.00,Strong Perf.
27,11,137.3,98.0,18.7,3.00,Strong Perf.
25,9,137.3,98.0,18.7,3.00,Strong Perf.
18,6,137.3,98.0,18.7,3.00,Strong Perf.
9,2,137.3,98.0,18.7,3.00,Strong Perf.
2,-1,137.3,98.0,18.7,3.00,Strong Perf.
-2,-3,137.3,98.0,18.7,3.00,Strong Perf.
-3,-4,137.3,98.0,18.7,3.00,Strong Perf.
-4,-4,137.3,98.0,18.7,3.00,Strong Perf.
-4,-4,137.3,98.0,18.7,3.00,Strong Perf.
-5,-5,137.3,98.0,18.7,3.00,Strong Perf.
-5,-5,137.3,98.0,18.7,3.00,Strong Perf.
-5,-5,137.3,98.0,18.7,3.00,Strong Perf.
-5,-5,137.3,98.0,18.7,3.00,Strong Perf.
-5,-5,137.3,98.0,18.7,3.00,Strong Perf.
-3,-4,137.3,98.0,18.7,3.00,Strong Perf.
7,0,137.3,98.0,18.7,3.00,Strong Perf.
29,11,137.3,98.0,18.7,3.00,Strong Perf.
40,16,137.3,98.0,18.7,3.00,Strong Perf.
25,9,137.3,98.0,18.7,3.00,Strong Perf.
10,1,137.3,98.0,18.7,3.00,Strong Perf.
-4,-4,137.3,98.0,18.7,3.00,Strong Perf.
15,4,137.3,98.0,18.7,3.00,Strong Perf.
20,6,137.3,98.0,18.7,3.00,Strong Perf.
15,4,137.3,98.0,18.7,3.00,Strong Perf.
8,1,137.3,98.0,18.7,3.00,Strong Perf.
1,-2,137.3,98.0,18.7,3.00,Strong Perf.
-2,-4,137.3,98.0,18.7,3.00,Strong Perf.
-4,-5,137.3,98.0,18.7,3.00,Strong Perf.
-5,-5,137.3,98.0,18.7,3.00,Strong Perf.
-5,-5,137.3,98.0,18.7,3.00,Strong Perf.
-5,-5,137.3,98.0,18.7,3.00,Strong Perf.
-5,-5,137.3,98.0,18.7,3.00,Strong Perf.
-5,-5,137.3,98.0,18.7,3.00,Strong Perf.
-5,-5,137.3,98.0,18.7,3.00,Strong Perf.
-4,-4,137.3,98.0,18.7,3.00,Strong Perf.
-1,-3,137.3,98.0,18.7,3.00,Strong Perf.
12,3,137.3,98.0,18.7,3.00,Strong Perf.
34,14,137.3,98.0,18.7,3.00,Strong Perf.
36,15,137.3,98.0,18.7,3.00,Strong Perf.
18,6,137.3,98.0,18.7,3.00,Strong Perf.
5,0,137.3,98.0,18.7,3.00,Strong Perf.
5,0,137.3,98.0,18.7,3.00,Strong Perf.
20,7,137.3,98.0,18.7,3.00,Strong Perf.
21,8,137.3,98.0,18.7,3.00,Strong Perf.
17,6,137.3,98.0,18.7,3.00,Strong Perf.
10,3,137.3,98.0,18.7,3.00,Strong Perf.
4,0,137.3,98.0,18.7,3.00,Strong Perf.
0,-1,137.3,98.0,18.7,3.00,Strong Perf.
-1,-2,137.3,98.0,18.7,3.00,Strong Perf.
-2,-2,137.3,98.0,18.7,3.00,Strong Perf.
-2,-2,137.3,98.0,18.7,3.00,Strong Perf.
-2,-2,137.3,98.0,18.7,3.00,Strong Perf.
-1,-1,137.3,98.0,18.7,3.00,Strong Perf.
-1,-1,137.3,98.0,18.7,3.00,Strong Perf.
-1,-1,137.3,98.0,18.7,3.00,Strong Perf.
-1,-1,137.3,98.0,18.7,3.00,Strong Perf.
7,2,137.3,98.0,18.7,3.00,Strong Perf.
27,12,137.3,98.0,18.7,3.00,Strong Perf.
47,22,137.3,98.0,18.7,3.00,Strong Perf.
42,20,137.3,98.0,18.7,3.00,Strong Perf.
23,11,137.3,98.0,18.7,3.00,Strong Perf.
8,4,137.3,98.0,18.7,3.00,Strong Perf.
15,7,137.3,98.0,18.7,3.00,Strong Perf.
29,14,137.3,98.0,18.7,3.00,Strong Perf.
31,15,137.3,98.0,18.7,3.00,Strong Perf.
26,13,137.3,98.0,18.7,3.00,Strong Perf.
18,9,137.3,98.0,18.7,3.00,Strong Perf.
10,6,137.3,98.0,18.7,3.00,Strong Perf.
5,3,137.3,98.0,18.7,3.00,Strong Perf.
2,2,137.3,98.0,18.7,3.00,Strong Perf.
2,2,137.3,98.0,18.7,3.00,Strong Perf.
2,2,137.3,98.0,18.7,3.00,Strong Perf.
2,2,137.3,98.0,18.7,3.00,Strong Perf.
3,3,137.3,98.0,18.7,3.00,Strong Perf.
3,3,137.3,98.0,18.7,3.00,Strong Perf.
3,3,137.3,98.0,18.7,3.00,Strong Perf.
3,3,137.3,98.0,18.7,3.00,Strong Perf.
12,7,137.3,98.0,18.7,3.00,Strong Perf.
35,19,137.3,98.0,18.7,3.00,Strong Perf.
62,32,137.3,98.0,18.7,3.00,Strong Perf.
59,30,137.3,98.0,18.7,3.00,Strong Perf.
35,19,137.3,98.0,18.7,3.00,Strong Perf.
17,11,137.3,98.0,18.7,3.00,Strong Perf.
17,10,137.3,98.0,18.7,3.00,Strong Perf.
39,21,137.3,98.0,18.7,3.00,Strong Perf.
42,23,137.3,98.0,18.7,3.00,Strong Perf.
37,20,137.3,98.0,18.7,3.00,Strong Perf.
27,16,137.3,98.0,18.7,3.00,Strong Perf.
18,11,137.3,98.0,18.7,3.00,Strong Perf.
11,8,137.3,98.0,18.7,3.00,Strong Perf.
7,6,137.3,98.0,18.7,3.00,Strong Perf.
6,6,137.3,98.0,18.7,3.00,Strong Perf.
5,5,137.3,98.0,18.7,3.00,Strong Perf.
5,5,137.3,98.0,18.7,3.00,Strong Perf.
5,5,137.3,98.0,18.7,3.00,Strong Perf.
6,6,137.3,98.0,18.7,3.00,Strong Perf.
6,6,137.3,98.0,18.7,3.00,Strong Perf.
6,6,137.3,98.0,18.7,3.00,Strong Perf.
8,7,137.3,98.0,18.7,3.00,Strong Perf.
20,12,137.3,98.0,18.7,3.00,Strong Perf.
49,26,137.3,98.0,18.7,3.00,Strong Perf.
75,39,137.3,98.0,18.7,3.00,Strong Perf.
66,34,137.3,98.0,18.7,3.00,Strong Perf.
39,22,137.3,98.0,18.7,3.00,Strong Perf.
19,12,137.3,98.0,18.7,3.00,Strong Perf.
20,12,137.3,98.0,18.7,3.00,Strong Perf.
44,24,137.3,98.0,18.7,3.00,Strong Perf.
47,25,137.3,98.0,18.7,3.00,Strong Perf.
42,23,137.3,98.0,18.7,3.00,Strong Perf.
32,18,137.3,98.0,18.7,3.00,Strong Perf.
21,13,137.3,98.0,18.7,3.00,Strong Perf.
13,9,137.3,98.0,18.7,3.00,Strong Perf.
8,6,137.3,98.0,18.7,3.00,Strong Perf.
6,5,137.3,98.0,18.7,3.00,Strong Perf.
5,5,137.3,98.0,18.7,3.00,Strong Perf.
5,5,137.3,98.0,18.7,3.00,Strong Perf.
4,4,137.3,98.0,18.7,3.00,Strong Perf.
4,4,137.3,98.0,18.7,3.00,Strong Perf.
4,4,137.3,98.0,18.7,3.00,Strong Perf.
4,4,137.3,98.0,18.7,3.00,Strong Perf.
4,4,137.3,98.0,18.7,3.00,Strong Perf.
9,6,137.3,98.0,18.7,3.00,Strong Perf.
27,15,137.3,98.0,18.7,3.00,Strong Perf.
58,30,137.3,98.0,18.7,3.00,Strong Perf.
74,37,137.3,98.0,18.7,3.00,Strong Perf.
55,28,137.3,98.0,18.7,3.00,Strong Perf.
31,16,137.3,98.0,18.7,3.00,Strong Perf.
10,6,137.3,98.0,18.7,3.00,Strong Perf.
24,13,137.3,98.0,18.7,3.00,Strong Perf.
41,21,137.3,98.0,18.7,3.00,Strong Perf.
42,21,137.3,98.0,18.7,3.00,Strong Perf.
36,18,137.3,98.0,18.7,3.00,Strong Perf.
26,13,137.3,98.0,18.7,3.00,Strong Perf.
16,8,137.3,98.0,18.7,3.00,Strong Perf.
8,4,137.3,98.0,18.7,3.00,Strong Perf.
4,2,137.3,98.0,18.7,3.00,Strong Perf.
1,1,137.3,98.0,18.7,3.00,Strong Perf.
0,0,137.3,98.0,18.7,3.00,Strong Perf.
0,0,137.3,98.0,18.7,3.00,Strong Perf.
0,0,137.3,98.0,18.7,3.00,Strong Perf.
0,0,137.3,98.0,18.7,3.00,Strong Perf.
0,0,137.3,98.0,18.7,3.00,Strong Perf.
0,0,137.3,98.0,18.7,3.00,Strong Perf.
0,0,137.3,98.0,18.7,3.00,Strong Perf.
1,0,137.3,98.0,18.7,3.00,Strong Perf.
14,6,137.3,98.0,18.7,3.00,Strong Perf.
42,19,137.3,98.0,18.7,3.00,Strong Perf.
59,27,137.3,98.0,18.7,3.00,Strong Perf.
41,18,137.3,98.0,18.7,3.00,Strong Perf.
20,8,137.3,98.0,18.7,3.00,Strong Perf.
0,-1,137.3,98.0,18.7,3.00,Strong Perf.
23,10,137.3,98.0,18.7,3.00,Strong Perf.
30,13,137.3,98.0,18.7,3.00,Strong Perf.
28,11,137.3,98.0,18.7,3.00,Strong Perf.
15,5,137.3,98.0,18.7,3.00,Strong Perf.
6,1,137.3,98.0,18.7,3.00,Strong Perf.
0,-1,137.3,98.0,18.7,3.00,Strong Perf.
-2,-3,137.3,98.0,18.7,3.00,Strong Perf.
-3,-4,137.3,98.0,18.7,3.00,Strong Perf.
-4,-4,137.3,98.0,18.7,3.00,Strong Perf.
-4,-4,137.3,98.0,18.7,3.00,Strong Perf.
-4,-4,137.3,98.0,18.7,3.00,Strong Perf.
-5,-5,137.3,98.0,18.7,3.00,Strong Perf.
-5,-5,137.3,98.0,18.7,3.00,Strong Perf.
-5,-5,137.3,98.0,18.7,3.00,Strong Perf.
-2,-3,137.3,98.0,18.7,3.00,Strong Perf.
11,2,137.3,98.0,18.7,3.00,Strong Perf.
35,14,137.3,98.0,18.7,3.00,Strong Perf.
42,17,137.3,98.0,18.7,3.00,Strong Perf.
24,8,137.3,98.0,18.7,3.00,Strong Perf.
8,1,137.3,98.0,18.7,3.00,Strong Perf.
-2,-4,137.3,98.0,18.7,3.00,Strong Perf.
18,5,137.3,98.0,18.7,3.00,Strong Perf.
21,6,137.3,98.0,18.7,3.00,Strong Perf.
18,5,137.3,98.0,18.7,3.00,Strong Perf.
10,1,137.3,98.0,18.7,3.00,Strong Perf.
3,-1,137.3,98.0,18.7,3.00,Strong Perf.
-2,-4,137.3,98.0,18.7,3.00,Strong Perf.
-4,-5,137.3,98.0,18.7,3.00,Strong Perf.
-6,-6,137.3,98.0,18.7,3.00,Strong Perf.
-6,-6,137.3,98.0,18.7,3.00,Strong Perf.
-6,-6,137.3,98.0,18.7,3.00,Strong Perf.
-6,-6,137.3,98.0,18.7,3.00,Strong Perf.
-6,-6,137.3,98.0,18.7,3.00,Strong Perf.
-6,-6,137.3,98.0,18.7,3.00,Strong Perf.
-6,-6,137.3,98.0,18.7,3.00,Strong Perf.
-4,-5,137.3,98.0,18.7,3.00,Strong Perf.
5,0,137.3,98.0,18.7,3.00,Strong Perf.
26,9,137.3,98.0,18.7,3.00,Strong Perf.
37,14,137.3,98.0,18.7,3.00,Strong Perf.
23,8,137.3,98.0,18.7,3.00,Strong Perf.
9,1,137.3,98.0,18.7,3.00,Strong Perf.
-4,-5,137.3,98.0,18.7,3.00,Strong Perf.
15,4,137.3,98.0,18.7,3.00,Strong Perf.
19,6,137.3,98.0,18.7,3.00,Strong Perf.
17,5,137.3,98.0,18.7,3.00,Strong Perf.
11,2,137.3,98.0,18.7,3.00,Strong Perf.
4,0,137.3,98.0,18.7,3.00,Strong Perf.
0,-2,137.3,98.0,18.7,3.00,Strong Perf.
-3,-3,137.3,98.0,18.7,3.00,Strong Perf.
-4,-4,137.3,98.0,18.7,3.00,Strong Perf.
-4,-4,137.3,98.0,18.7,3.00,Strong Perf.
-4,-4,137.3,98.0,18.7,3.00,Strong Perf.
-3,-3,137.3,98.0,18.7,3.00,Strong Perf.
-3,-3,137.3,98.0,18.7,3.00,Strong Perf.
-3,-3,137.3,98.0,18.7,3.00,Strong Perf.
-3,-3,137.3,98.0,18.7,3.00,Strong Perf.
2,0,137.3,98.0,18.7,3.00,Strong Perf.
18,7,137.3,98.0,18.7,3.00,Strong Perf.
39,17,137.3,98.0,18.7,3.00,Strong Perf.
40,18,137.3,98.0,18.7,3.00,Strong Perf.
22,9,137.3,98.0,18.7,3.00,Strong Perf.
9,3,137.3,98.0,18.7,3.00,Strong Perf.
6,2,137.3,98.0,18.7,3.00,Strong Perf.
24,11,137.3,98.0,18.7,3.00,Strong Perf.
27,12,137.3,98.0,18.7,3.00,Strong Perf.
23,10,137.3,98.0,18.7,3.00,Strong Perf.
16,7,137.3,98.0,18.7,3.00,Strong Perf.
9,4,137.3,98.0,18.7,3.00,Strong Perf.
4,2,137.3,98.0,18.7,3.00,Strong Perf.
1,0,137.3,98.0,18.7,3.00,Strong Perf.
0,0,137.3,98.0,18.7,3.00,Strong Perf.
0,0,137.3,98.0,18.7,3.00,Strong Perf.
1,1,137.3,98.0,18.7,3.00,Strong Perf.
1,1,137.3,98.0,18.7,3.00,Strong Perf.
1,1,137.3,98.0,18.7,3.00,Strong Perf.
1,1,137.3,98.0,18.7,3.00,Strong Perf.
2,2,137.3,98.0,18.7,3.00,Strong Perf.
5,3,137.3,98.0,18.7,3.00,Strong Perf.
18,10,137.3,98.0,18.7,3.00,Strong Perf.
45,23,137.3,98.0,18.7,3.00,Strong Perf.
59,30,137.3,98.0,18.7,3.00,Strong Perf.
43,22,137.3,98.0,18.7,3.00,Strong Perf.
24,13,137.3,98.0,18.7,3.00,Strong Perf.
6,4,137.3,98.0,18.7,3.00,Strong Perf.
30,16,137.3,98.0,18.7,3.00,Strong Perf.
38,20,137.3,98.0,18.7,3.00,Strong Perf.
37,20,137.3,98.0,18.7,3.00,Strong Perf.
30,17,137.3,98.0,18.7,3.00,Strong Perf.
21,12,137.3,98.0,18.7,3.00,Strong Perf.
13,9,137.3,98.0,18.7,3.00,Strong Perf.
8,6,137.3,98.0,18.7,3.00,Strong Perf.
6,5,137.3,98.0,18.7,3.00,Strong Perf.
5,5,137.3,98.0,18.7,3.00,Strong Perf.
5,5,137.3,98.0,18.7,3.00,Strong Perf.
5,5,137.3,98.0,18.7,3.00,Strong Perf.
5,5,137.3,98.0,18.7,3.00,Strong Perf.
6,6,137.3,98.0,18.7,3.00,Strong Perf.
6,6,137.3,98.0,18.7,3.00,Strong Perf.
8,7,137.3,98.0,18.7,3.00,Strong Perf.
19,12,137.3,98.0,18.7,3.00,Strong Perf.
45,25,137.3,98.0,18.7,3.00,Strong Perf.
71,37,137.3,98.0,18.7,3.00,Strong Perf.
68,36,137.3,98.0,18.7,3.00,Strong Perf.
43,24,137.3,98.0,18.7,3.00,Strong Perf.
25,15,137.3,98.0,18.7,3.00,Strong Perf.
12,9,137.3,98.0,18.7,3.00,Strong Perf.
41,23,137.3,98.0,18.7,3.00,Strong Perf.
47,26,137.3,98.0,18.7,3.00,Strong Perf.
45,25,137.3,98.0,18.7,3.00,Strong Perf.
37,21,137.3,98.0,18.7,3.00,Strong Perf.
26,16,137.3,98.0,18.7,3.00,Strong Perf.
17,12,137.3,98.0,18.7,3.00,Strong Perf.
11,9,137.3,98.0,18.7,3.00,Strong Perf.
8,7,137.3,98.0,18.7,3.00,Strong Perf.
7,7,137.3,98.0,18.7,3.00,Strong Perf.
6,6,137.3,98.0,18.7,3.00,Strong Perf.
6,6,137.3,98.0,18.7,3.00,Strong Perf.
6,6,137.3,98.0,18.7,3.00,Strong Perf.
6,6,137.3,98.0,18.7,3.00,Strong Perf.
6,6,137.3,98.0,18.7,3.00,Strong Perf.
6,6,137.3,98.0,18.7,3.00,Strong Perf.
6,6,137.3,98.0,18.7,3.00,Strong Perf.
14,9,137.3,98.0,18.7,3.00,Strong Perf.
37,21,137.3,98.0,18.7,3.00,Strong Perf.
69,36,137.3,98.0,18.7,3.00,Strong Perf.
74,38,137.3,98.0,18.7,3.00,Strong Perf.
48,26,137.3,98.0,18.7,3.00,Strong Perf.
28,16,137.3,98.0,18.7,3.00,Strong Perf.
7,6,137.3,98.0,18.7,3.00,Strong Perf.
38,21,137.3,98.0,18.7,3.00,Strong Perf.
45,24,137.3,98.0,18.7,3.00,Strong Perf.
43,23,137.3,98.0,18.7,3.00,Strong Perf.
34,18,137.3,98.0,18.7,3.00,Strong Perf.
23,13,137.3,98.0,18.7,3.00,Strong Perf.
14,8,137.3,98.0,18.7,3.00,Strong Perf.
7,5,137.3,98.0,18.7,3.00,Strong Perf.
4,3,137.3,98.0,18.7,3.00,Strong Perf.
3,3,137.3,98.0,18.7,3.00,Strong Perf.
2,2,137.3,98.0,18.7,3.00,Strong Perf.
2,2,137.3,98.0,18.7,3.00,Strong Perf.
2,2,137.3,98.0,18.7,3.00,Strong Perf.
1,1,137.3,98.0,18.7,3.00,Strong Perf.
1,1,137.3,98.0,18.7,3.00,Strong Perf.
1,1,137.3,98.0,18.7,3.00,Strong Perf.
7,3,137.3,98.0,18.7,3.00,Strong Perf.
26,13,137.3,98.0,18.7,3.00,Strong Perf.
56,27,137.3,98.0,18.7,3.00,Strong Perf.
63,30,137.3,98.0,18.7,3.00,Strong Perf.
40,19,137.3,98.0,18.7,3.00,Strong Perf.
20,9,137.3,98.0,18.7,3.00,Strong Perf.
1,0,137.3,98.0,18.7,3.00,Strong Perf.
29,13,137.3,98.0,18.7,3.00,Strong Perf.
35,16,137.3,98.0,18.7,3.00,Strong Perf.
32,14,137.3,98.0,18.7,3.00,Strong Perf.
24,10,137.3,98.0,18.7,3.00,Strong Perf.
14,5,137.3,98.0,18.7,3.00,Strong Perf.
5,1,137.3,98.0,18.7,3.00,Strong Perf.
0,0,137.3,98.0,18.7,3.00,Strong Perf.
-1,-2,137.3,98.0,18.7,3.00,Strong Perf.
-2,-2,137.3,98.0,18.7,3.00,Strong Perf.
-3,-3,137.3,98.0,18.7,3.00,Strong Perf.
-3,-3,137.3,98.0,18.7,3.00,Strong Perf.
-3,-3,137.3,98.0,18.7,3.00,Strong Perf.
-4,-4,137.3,98.0,18.7,3.00,Strong Perf.
-4,-4,137.3,98.0,18.7,3.00,Strong Perf.
-4,-4,137.3,98.0,18.7,3.00,Strong Perf.
-1,-3,137.3,98.0,18.7,3.00,Strong Perf.
12,3,137.3,98.0,18.7,3.00,Strong Perf.
37,15,137.3,98.0,18.7,3.00,Strong Perf.
46,19,137.3,98.0,18.7,3.00,Strong Perf.
28,10,137.3,98.0,18.7,3.00,Strong Perf.
11,2,137.3,98.0,18.7,3.00,Strong Perf.
-3,-4,137.3,98.0,18.7,3.00,Strong Perf.
18,5,137.3,98.0,18.7,3.00,Strong Perf.
23,7,137.3,98.0,18.7,3.00,Strong Perf.
20,6,137.3,98.0,18.7,3.00,Strong Perf.
13,2,137.3,98.0,18.7,3.00,Strong Perf.
5,-1,137.3,98.0,18.7,3.00,Strong Perf.
-1,-4,137.3,98.0,18.7,3.00,Strong Perf.
-5,-6,137.3,98.0,18.7,3.00,Strong Perf.
-6,-6,137.3,98.0,18.7,3.00,Strong Perf.
-7,-7,137.3,98.0,18.7,3.00,Strong Perf.
-7,-7,137.3,98.0,18.7,3.00,Strong Perf.
-7,-7,137.3,98.0,18.7,3.00,Strong Perf.
-7,-7,137.3,98.0,18.7,3.00,Strong Perf.
-7,-7,137.3,98.0,18.7,3.00,Strong Perf.
-7,-7,137.3,98.0,18.7,3.00,Strong Perf.
-4,-5,137.3,98.0,18.7,3.00,Strong Perf.
7,0,137.3,98.0,18.7,3.00,Strong Perf.
29,10,137.3,98.0,18.7,3.00,Strong Perf.
35,13,137.3,98.0,18.7,3.00,Strong Perf.
19,5,137.3,98.0,18.7,3.00,Strong Perf.
5,-1,137.3,98.0,18.7,3.00,Strong Perf.
-3,-5,137.3,98.0,18.7,3.00,Strong Perf.
15,3,137.3,98.0,18.7,3.00,Strong Perf.
18,5,137.3,98.0,18.7,3.00,Strong Perf.
15,3,137.3,98.0,18.7,3.00,Strong Perf.
8,0,137.3,98.0,18.7,3.00,Strong Perf.
1,-2,137.3,98.0,18.7,3.00,Strong Perf.
-2,-4,137.3,98.0,18.7,3.00,Strong Perf.
-5,-5,137.3,98.0,18.7,3.00,Strong Perf.
-6,-6,137.3,98.0,18.7,3.00,Strong Perf.
-6,-6,137.3,98.0,18.7,3.00,Strong Perf.
-6,-6,137.3,98.0,18.7,3.00,Strong Perf.
-5,-5,137.3,98.0,18.7,3.00,Strong Perf.
-5,-5,137.3,98.0,18.7,3.00,Strong Perf.
-5,-5,137.3,98.0,18.7,3.00,Strong Perf.
-5,-5,137.3,98.0,18.7,3.00,Strong Perf.
-1,-3,137.3,98.0,18.7,3.00,Strong Perf.
10,2,137.3,98.0,18.7,3.00,Strong Perf.
31,12,137.3,98.0,18.7,3.00,Strong Perf.
39,16,137.3,98.0,18.7,3.00,Strong Perf.
24,9,137.3,98.0,18.7,3.00,Strong Perf.
11,3,137.3,98.0,18.7,3.00,Strong Perf.
-2,-3,137.3,98.0,18.7,3.00,Strong Perf.
17,6,137.3,98.0,18.7,3.00,Strong Perf.
23,9,137.3,98.0,18.7,3.00,Strong Perf.
22,9,137.3,98.0,18.7,3.00,Strong Perf.
16,6,137.3,98.0,18.7,3.00,Strong Perf.
9,3,137.3,98.0,18.7,3.00,Strong Perf.
4,0,137.3,98.0,18.7,3.00,Strong Perf.
0,-1,137.3,98.0,18.7,3.00,Strong Perf.
-1,-1,137.3,98.0,18.7,3.00,Strong Perf.
-1,-1,137.3,98.0,18.7,3.00,Strong Perf.
0,0,137.3,98.0,18.7,3.00,Strong Perf.
0,0,137.3,98.0,18.7,3.00,Strong Perf.
0,0,137.3,98.0,18.7,3.00,Strong Perf.
0,0,137.3,98.0,18.7,3.00,Strong Perf.
0,0,137.3,98.0,18.7,3.00,Strong Perf.
2,1,137.3,98.0,18.7,3.00,Strong Perf.
10,5,137.3,98.0,18.7,3.00,Strong Perf.
33,16,137.3,98.0,18.7,3.00,Strong Perf.
53,26,137.3,98.0,18.7,3.00,Strong Perf.
45,22,137.3,98.0,18.7,3.00,Strong Perf.
25,13,137.3,98.0,18.7,3.00,Strong Perf.
8,5,137.3,98.0,18.7,3.00,Strong Perf.
20,11,137.3,98.0,18.7,3.00,Strong Perf.
34,17,137.3,98.0,18.7,3.00,Strong Perf.
35,18,137.3,98.0,18.7,3.00,Strong Perf.
30,16,137.3,98.0,18.7,3.00,Strong Perf.
21,12,137.3,98.0,18.7,3.00,Strong Perf.
13,8,137.3,98.0,18.7,3.00,Strong Perf.
8,6,137.3,98.0,18.7,3.00,Strong Perf.
5,5,137.3,98.0,18.7,3.00,Strong Perf.
5,4,137.3,98.0,18.7,3.00,Strong Perf.
4,4,137.3,98.0,18.7,3.00,Strong Perf.
5,5,137.3,98.0,18.7,3.00,Strong Perf.
5,5,137.3,98.0,18.7,3.00,Strong Perf.
5,5,137.3,98.0,18.7,3.00,Strong Perf.
5,5,137.3,98.0,18.7,3.00,Strong Perf.
5,5,137.3,98.0,18.7,3.00,Strong Perf.
10,8,137.3,98.0,18.7,3.00,Strong Perf.
25,15,137.3,98.0,18.7,3.00,Strong Perf.
54,29,137.3,98.0,18.7,3.00,Strong Perf.
71,37,137.3,98.0,18.7,3.00,Strong Perf.
55,30,137.3,98.0,18.7,3.00,Strong Perf.
33,19,137.3,98.0,18.7,3.00,Strong Perf.
12,9,137.3,98.0,18.7,3.00,Strong Perf.
30,18,137.3,98.0,18.7,3.00,Strong Perf.
45,25,137.3,98.0,18.7,3.00,Strong Perf.
46,26,137.3,98.0,18.7,3.00,Strong Perf.
40,23,137.3,98.0,18.7,3.00,Strong Perf.
30,18,137.3,98.0,18.7,3.00,Strong Perf.
16,11,137.3,98.0,18.7,3.00,Strong Perf.
11,9,137.3,98.0,18.7,3.00,Strong Perf.
9,8,137.3,98.0,18.7,3.00,Strong Perf.
8,7,137.3,98.0,18.7,3.00,Strong Perf.
7,7,137.3,98.0,18.7,3.00,Strong Perf.
7,7,137.3,98.0,18.7,3.00,Strong Perf.
7,7,137.3,98.0,18.7,3.00,Strong Perf.
7,7,137.3,98.0,18.7,3.00,Strong Perf.
7,7,137.3,98.0,18.7,3.00,Strong Perf.
7,7,137.3,98.0,18.7,3.00,Strong Perf.
11,9,137.3,98.0,18.7,3.00,Strong Perf.
25,15,137.3,98.0,18.7,3.00,Strong Perf.
54,30,137.3,98.0,18.7,3.00,Strong Perf.
78,41,137.3,98.0,18.7,3.00,Strong Perf.
67,36,137.3,98.0,18.7,3.00,Strong Perf.
41,23,137.3,98.0,18.7,3.00,Strong Perf.
22,14,137.3,98.0,18.7,3.00,Strong Perf.
17,12,137.3,98.0,18.7,3.00,Strong Perf.
44,24,137.3,98.0,18.7,3.00,Strong Perf.
48,26,137.3,98.0,18.7,3.00,Strong Perf.
44,24,137.3,98.0,18.7,3.00,Strong Perf.
35,20,137.3,98.0,18.7,3.00,Strong Perf.
24,14,137.3,98.0,18.7,3.00,Strong Perf.
15,10,137.3,98.0,18.7,3.00,Strong Perf.
9,7,137.3,98.0,18.7,3.00,Strong Perf.
7,6,137.3,98.0,18.7,3.00,Strong Perf.
5,5,137.3,98.0,18.7,3.00,Strong Perf.
5,5,137.3,98.0,18.7,3.00,Strong Perf.
4,4,137.3,98.0,18.7,3.00,Strong Perf.
4,4,137.3,98.0,18.7,3.00,Strong Perf.
4,4,137.3,98.0,18.7,3.00,Strong Perf.
3,3,137.3,98.0,18.7,3.00,Strong Perf.
3,3,137.3,98.0,18.7,3.00,Strong Perf.
3,3,137.3,98.0,18.7,3.00,Strong Perf.
12,7,137.3,98.0,18.7,3.00,Strong Perf.
35,18,137.3,98.0,18.7,3.00,Strong Perf.
64,32,137.3,98.0,18.7,3.00,Strong Perf.
66,33,137.3,98.0,18.7,3.00,Strong Perf.
41,21,137.3,98.0,18.7,3.00,Strong Perf.
22,11,137.3,98.0,18.7,3.00,Strong Perf.
4,2,137.3,98.0,18.7,3.00,Strong Perf.
32,16,137.3,98.0,18.7,3.00,Strong Perf.
38,19,137.3,98.0,18.7,3.00,Strong Perf.
36,17,137.3,98.0,18.7,3.00,Strong Perf.
28,13,137.3,98.0,18.7,3.00,Strong Perf.
17,8,137.3,98.0,18.7,3.00,Strong Perf.
5,2,137.3,98.0,18.7,3.00,Strong Perf.
1,0,137.3,98.0,18.7,3.00,Strong Perf.
0,0,137.3,98.0,18.7,3.00,Strong Perf.
-1,-1,137.3,98.0,18.7,3.00,Strong Perf.
-1,-1,137.3,98.0,18.7,3.00,Strong Perf.
-2,-2,137.3,98.0,18.7,3.00,Strong Perf.
-2,-2,137.3,98.0,18.7,3.00,Strong Perf.
-2,-2,137.3,98.0,18.7,3.00,Strong Perf.
-3,-3,137.3,98.0,18.7,3.00,Strong Perf.
-3,-3,137.3,98.0,18.7,3.00,Strong Perf.
0,-1,137.3,98.0,18.7,3.00,Strong Perf.
15,5,137.3,98.0,18.7,3.00,Strong Perf.
42,18,137.3,98.0,18.7,3.00,Strong Perf.
50,22,137.3,98.0,18.7,3.00,Strong Perf.
30,12,137.3,98.0,18.7,3.00,Strong Perf.
13,3,137.3,98.0,18.7,3.00,Strong Perf.
-2,-4,137.3,98.0,18.7,3.00,Strong Perf.
21,7,137.3,98.0,18.7,3.00,Strong Perf.
25,9,137.3,98.0,18.7,3.00,Strong Perf.
22,7,137.3,98.0,18.7,3.00,Strong Perf.
14,4,137.3,98.0,18.7,3.00,Strong Perf.
6,0,137.3,98.0,18.7,3.00,Strong Perf.
0,-3,137.3,98.0,18.7,3.00,Strong Perf.
-4,-5,137.3,98.0,18.7,3.00,Strong Perf.
-6,-6,137.3,98.0,18.7,3.00,Strong Perf.
-6,-6,137.3,98.0,18.7,3.00,Strong Perf.
-7,-7,137.3,98.0,18.7,3.00,Strong Perf.
-7,-7,137.3,98.0,18.7,3.00,Strong Perf.
-7,-7,137.3,98.0,18.7,3.00,Strong Perf.
-7,-7,137.3,98.0,18.7,3.00,Strong Perf.
-7,-7,137.3,98.0,18.7,3.00,Strong Perf.
-7,-7,137.3,98.0,18.7,3.00,Strong Perf.
-1,-4,137.3,98.0,18.7,3.00,Strong Perf.
16,3,137.3,98.0,18.7,3.00,Strong Perf.
36,13,137.3,98.0,18.7,3.00,Strong Perf.
31,10,137.3,98.0,18.7,3.00,Strong Perf.
12,1,137.3,98.0,18.7,3.00,Strong Perf.
-1,-5,137.3,98.0,18.7,3.00,Strong Perf.
6,-1,137.3,98.0,18.7,3.00,Strong Perf.
17,3,137.3,98.0,18.7,3.00,Strong Perf.
17,3,137.3,98.0,18.7,3.00,Strong Perf.
11,1,137.3,98.0,18.7,3.00,Strong Perf.
4,-2,137.3,98.0,18.7,3.00,Strong Perf.
-1,-4,137.3,98.0,18.7,3.00,Strong Perf.
-5,-6,137.3,98.0,18.7,3.00,Strong Perf.
-7,-7,137.3,98.0,18.7,3.00,Strong Perf.
-7,-7,137.3,98.0,18.7,3.00,Strong Perf.
-7,-7,137.3,98.0,18.7,3.00,Strong Perf.
-7,-7,137.3,98.0,18.7,3.00,Strong Perf.
-7,-7,137.3,98.0,18.7,3.00,Strong Perf.
-7,-7,137.3,98.0,18.7,3.00,Strong Perf.
-7,-7,137.3,98.0,18.7,3.00,Strong Perf.
-4,-5,137.3,98.0,18.7,3.00,Strong Perf.
6,0,137.3,98.0,18.7,3.00,Strong Perf.
28,9,137.3,98.0,18.7,3.00,Strong Perf.
36,13,137.3,98.0,18.7,3.00,Strong Perf.
21,6,137.3,98.0,18.7,3.00,Strong Perf.
7,0,137.3,98.0,18.7,3.00,Strong Perf.
-3,-4,137.3,98.0,18.7,3.00,Strong Perf.
16,5,137.3,98.0,18.7,3.00,Strong Perf.
20,6,137.3,98.0,18.7,3.00,Strong Perf.
17,5,137.3,98.0,18.7,3.00,Strong Perf.
11,2,137.3,98.0,18.7,3.00,Strong Perf.
4,0,137.3,98.0,18.7,3.00,Strong Perf.
0,-2,137.3,98.0,18.7,3.00,Strong Perf.
-2,-3,137.3,98.0,18.7,3.00,Strong Perf.
-3,-3,137.3,98.0,18.7,3.00,Strong Perf.
-3,-3,137.3,98.0,18.7,3.00,Strong Perf.
-3,-3,137.3,98.0,18.7,3.00,Strong Perf.
-2,-2,137.3,98.0,18.7,3.00,Strong Perf.
-2,-2,137.3,98.0,18.7,3.00,Strong Perf.
-2,-2,137.3,98.0,18.7,3.00,Strong Perf.
-2,-2,137.3,98.0,18.7,3.00,Strong Perf.
1,0,137.3,98.0,18.7,3.00,Strong Perf.
13,5,137.3,98.0,18.7,3.00,Strong Perf.
36,17,137.3,98.0,18.7,3.00,Strong Perf.
48,23,137.3,98.0,18.7,3.00,Strong Perf.
34,16,137.3,98.0,18.7,3.00,Strong Perf.
18,8,137.3,98.0,18.7,3.00,Strong Perf.
1,1,137.3,98.0,18.7,3.00,Strong Perf.
29,14,137.3,98.0,18.7,3.00,Strong Perf.
31,15,137.3,98.0,18.7,3.00,Strong Perf.
27,13,137.3,98.0,18.7,3.00,Strong Perf.
20,10,137.3,98.0,18.7,3.00,Strong Perf.
12,6,137.3,98.0,18.7,3.00,Strong Perf.
7,4,137.3,98.0,18.7,3.00,Strong Perf.
4,3,137.3,98.0,18.7,3.00,Strong Perf.
3,3,137.3,98.0,18.7,3.00,Strong Perf.
3,3,137.3,98.0,18.7,3.00,Strong Perf.
3,3,137.3,98.0,18.7,3.00,Strong Perf.
3,3,137.3,98.0,18.7,3.00,Strong Perf.
4,4,137.3,98.0,18.7,3.00,Strong Perf.
4,4,137.3,98.0,18.7,3.00,Strong Perf.
4,4,137.3,98.0,18.7,3.00,Strong Perf.
7,6,137.3,98.0,18.7,3.00,Strong Perf.
18,11,137.3,98.0,18.7,3.00,Strong Perf.
46,25,137.3,98.0,18.7,3.00,Strong Perf.
67,35,137.3,98.0,18.7,3.00,Strong Perf.
54,29,137.3,98.0,18.7,3.00,Strong Perf.
32,18,137.3,98.0,18.7,3.00,Strong Perf.
11,8,137.3,98.0,18.7,3.00,Strong Perf.
30,18,137.3,98.0,18.7,3.00,Strong Perf.
43,24,137.3,98.0,18.7,3.00,Strong Perf.
43,24,137.3,98.0,18.7,3.00,Strong Perf.
36,21,137.3,98.0,18.7,3.00,Strong Perf.
26,16,137.3,98.0,18.7,3.00,Strong Perf.
17,12,137.3,98.0,18.7,3.00,Strong Perf.
12,9,137.3,98.0,18.7,3.00,Strong Perf.
9,8,137.3,98.0,18.7,3.00,Strong Perf.
8,8,137.3,98.0,18.7,3.00,Strong Perf.
8,8,137.3,98.0,18.7,3.00,Strong Perf.
8,8,137.3,98.0,18.7,3.00,Strong Perf.
8,8,137.3,98.0,18.7,3.00,Strong Perf.
8,8,137.3,98.0,18.7,3.00,Strong Perf.
8,8,137.3,98.0,18.7,3.00,Strong Perf.
8,8,137.3,98.0,18.7,3.00,Strong Perf.
13,10,137.3,98.0,18.7,3.00,Strong Perf.
28,18,137.3,98.0,18.7,3.00,Strong Perf.
59,32,137.3,98.0,18.7,3.00,Strong Perf.
79,42,137.3,98.0,18.7,3.00,Strong Perf.
65,35,137.3,98.0,18.7,3.00,Strong Perf.
40,24,137.3,98.0,18.7,3.00,Strong Perf.
10,9,137.3,98.0,18.7,3.00,Strong Perf.
39,23,137.3,98.0,18.7,3.00,Strong Perf.
49,28,137.3,98.0,18.7,3.00,Strong Perf.
49,27,137.3,98.0,18.7,3.00,Strong Perf.
42,24,137.3,98.0,18.7,3.00,Strong Perf.
31,19,137.3,98.0,18.7,3.00,Strong Perf.
21,14,137.3,98.0,18.7,3.00,Strong Perf.
14,11,137.3,98.0,18.7,3.00,Strong Perf.
10,8,137.3,98.0,18.7,3.00,Strong Perf.
8,7,137.3,98.0,18.7,3.00,Strong Perf.
7,7,137.3,98.0,18.7,3.00,Strong Perf.
7,7,137.3,98.0,18.7,3.00,Strong Perf.
7,7,137.3,98.0,18.7,3.00,Strong Perf.
6,6,137.3,98.0,18.7,3.00,Strong Perf.
6,6,137.3,98.0,18.7,3.00,Strong Perf.
6,6,137.3,98.0,18.7,3.00,Strong Perf.
6,6,137.3,98.0,18.7,3.00,Strong Perf.
9,7,137.3,98.0,18.7,3.00,Strong Perf.
23,14,137.3,98.0,18.7,3.00,Strong Perf.
53,28,137.3,98.0,18.7,3.00,Strong Perf.
75,38,137.3,98.0,18.7,3.00,Strong Perf.
60,31,137.3,98.0,18.7,3.00,Strong Perf.
34,18,137.3,98.0,18.7,3.00,Strong Perf.
12,8,137.3,98.0,18.7,3.00,Strong Perf.
25,14,137.3,98.0,18.7,3.00,Strong Perf.
42,22,137.3,98.0,18.7,3.00,Strong Perf.
42,22,137.3,98.0,18.7,3.00,Strong Perf.
36,18,137.3,98.0,18.7,3.00,Strong Perf.
25,13,137.3,98.0,18.7,3.00,Strong Perf.
15,8,137.3,98.0,18.7,3.00,Strong Perf.
7,4,137.3,98.0,18.7,3.00,Strong Perf.
4,2,137.3,98.0,18.7,3.00,Strong Perf.
2,1,137.3,98.0,18.7,3.00,Strong Perf.
1,1,137.3,98.0,18.7,3.00,Strong Perf.
0,0,137.3,98.0,18.7,3.00,Strong Perf.
0,0,137.3,98.0,18.7,3.00,Strong Perf.
0,0,137.3,98.0,18.7,3.00,Strong Perf.
0,0,137.3,98.0,18.7,3.00,Strong Perf.
0,0,137.3,98.0,18.7,3.00,Strong Perf.
2,0,137.3,98.0,18.7,3.00,Strong Perf.
16,7,137.3,98.0,18.7,3.00,Strong Perf.
43,19,137.3,98.0,18.7,3.00,Strong Perf.
58,26,137.3,98.0,18.7,3.00,Strong Perf.
42,19,137.3,98.0,18.7,3.00,Strong Perf.
21,8,137.3,98.0,18.7,3.00,Strong Perf.
2,0,137.3,98.0,18.7,3.00,Strong Perf.
17,6,137.3,98.0,18.7,3.00,Strong Perf.
28,12,137.3,98.0,18.7,3.00,Strong Perf.
28,11,137.3,98.0,18.7,3.00,Strong Perf.
22,8,137.3,98.0,18.7,3.00,Strong Perf.
13,4,137.3,98.0,18.7,3.00,Strong Perf.
5,0,137.3,98.0,18.7,3.00,Strong Perf.
0,-2,137.3,98.0,18.7,3.00,Strong Perf.
-3,-4,137.3,98.0,18.7,3.00,Strong Perf.
-5,-5,137.3,98.0,18.7,3.00,Strong Perf.
-5,-5,137.3,98.0,18.7,3.00,Strong Perf.
-6,-6,137.3,98.0,18.7,3.00,Strong Perf.
-6,-6,137.3,98.0,18.7,3.00,Strong Perf.
-6,-6,137.3,98.0,18.7,3.00,Strong Perf.
-6,-6,137.3,98.0,18.7,3.00,Strong Perf.
-7,-7,137.3,98.0,18.7,3.00,Strong Perf.
-7,-7,137.3,98.0,18.7,3.00,Strong Perf.
0,-4,137.3,98.0,18.7,3.00,Strong Perf.
18,4,137.3,98.0,18.7,3.00,Strong Perf.
39,14,137.3,98.0,18.7,3.00,Strong Perf.
33,12,137.3,98.0,18.7,3.00,Strong Perf.
14,2,137.3,98.0,18.7,3.00,Strong Perf.
0,-4,137.3,98.0,18.7,3.00,Strong Perf.
5,-1,137.3,98.0,18.7,3.00,Strong Perf.
17,4,137.3,98.0,18.7,3.00,Strong Perf.
15,3,137.3,98.0,18.7,3.00,Strong Perf.
9,0,137.3,98.0,18.7,3.00,Strong Perf.
1,-3,137.3,98.0,18.7,3.00,Strong Perf.
-4,-6,137.3,98.0,18.7,3.00,Strong Perf.
-7,-8,137.3,98.0,18.7,3.00,Strong Perf.
-8,-8,137.3,98.0,18.7,3.00,Strong Perf.
-8,-8,137.3,98.0,18.7,3.00,Strong Perf.
-8,-8,137.3,98.0,18.7,3.00,Strong Perf.
-8,-8,137.3,98.0,18.7,3.00,Strong Perf.
-8,-8,137.3,98.0,18.7,3.00,Strong Perf.
-8,-8,137.3,98.0,18.7,3.00,Strong Perf.
-8,-8,137.3,98.0,18.7,3.00,Strong Perf.
-7,-7,137.3,98.0,18.7,3.00,Strong Perf.
1,-3,137.3,98.0,18.7,3.00,Strong Perf.
22,6,137.3,98.0,18.7,3.00,Strong Perf.
34,12,137.3,98.0,18.7,3.00,Strong Perf.
22,6,137.3,98.0,18.7,3.00,Strong Perf.
7,0,137.3,98.0,18.7,3.00,Strong Perf.
-6,-7,137.3,98.0,18.7,3.00,Strong Perf.
12,1,137.3,98.0,18.7,3.00,Strong Perf.
17,4,137.3,98.0,18.7,3.00,Strong Perf.
16,3,137.3,98.0,18.7,3.00,Strong Perf.
10,1,137.3,98.0,18.7,3.00,Strong Perf.
3,-2,137.3,98.0,18.7,3.00,Strong Perf.
-1,-4,137.3,98.0,18.7,3.00,Strong Perf.
-4,-5,137.3,98.0,18.7,3.00,Strong Perf.
-5,-6,137.3,98.0,18.7,3.00,Strong Perf.
-6,-6,137.3,98.0,18.7,3.00,Strong Perf.
-5,-5,137.3,98.0,18.7,3.00,Strong Perf.
-5,-5,137.3,98.0,18.7,3.00,Strong Perf.
-5,-5,137.3,98.0,18.7,3.00,Strong Perf.
-4,-4,137.3,98.0,18.7,3.00,Strong Perf.
-4,-4,137.3,98.0,18.7,3.00,Strong Perf.
0,-2,137.3,98.0,18.7,3.00,Strong Perf.
17,6,137.3,98.0,18.7,3.00,Strong Perf.
40,17,137.3,98.0,18.7,3.00,Strong Perf.
38,16,137.3,98.0,18.7,3.00,Strong Perf.
19,7,137.3,98.0,18.7,3.00,Strong Perf.
3,0,137.3,98.0,18.7,3.00,Strong Perf.
14,5,137.3,98.0,18.7,3.00,Strong Perf.
25,11,137.3,98.0,18.7,3.00,Strong Perf.
25,11,137.3,98.0,18.7,3.00,Strong Perf.
20,8,137.3,98.0,18.7,3.00,Strong Perf.
12,5,137.3,98.0,18.7,3.00,Strong Perf.
5,2,137.3,98.0,18.7,3.00,Strong Perf.
1,0,137.3,98.0,18.7,3.00,Strong Perf.
0,0,137.3,98.0,18.7,3.00,Strong Perf.
0,0,137.3,98.0,18.7,3.00,Strong Perf.
0,0,137.3,98.0,18.7,3.00,Strong Perf.
1,1,137.3,98.0,18.7,3.00,Strong Perf.
1,1,137.3,98.0,18.7,3.00,Strong Perf.
1,1,137.3,98.0,18.7,3.00,Strong Perf.
2,2,137.3,98.0,18.7,3.00,Strong Perf.
5,4,137.3,98.0,18.7,3.00,Strong Perf.
20,11,137.3,98.0,18.7,3.00,Strong Perf.
48,24,137.3,98.0,18.7,3.00,Strong Perf.
59,30,137.3,98.0,18.7,3.00,Strong Perf.
41,21,137.3,98.0,18.7,3.00,Strong Perf.
23,13,137.3,98.0,18.7,3.00,Strong Perf.
6,5,137.3,98.0,18.7,3.00,Strong Perf.
34,18,137.3,98.0,18.7,3.00,Strong Perf.
40,21,137.3,98.0,18.7,3.00,Strong Perf.
37,20,137.3,98.0,18.7,3.00,Strong Perf.
29,17,137.3,98.0,18.7,3.00,Strong Perf.
16,10,137.3,98.0,18.7,3.00,Strong Perf.
10,8,137.3,98.0,18.7,3.00,Strong Perf.
8,7,137.3,98.0,18.7,3.00,Strong Perf.
7,6,137.3,98.0,18.7,3.00,Strong Perf.
7,7,137.3,98.0,18.7,3.00,Strong Perf.
7,7,137.3,98.0,18.7,3.00,Strong Perf.
7,7,137.3,98.0,18.7,3.00,Strong Perf.
7,7,137.3,98.0,18.7,3.00,Strong Perf.
7,7,137.3,98.0,18.7,3.00,Strong Perf.
8,8,137.3,98.0,18.7,3.00,Strong Perf.
13,10,137.3,98.0,18.7,3.00,Strong Perf.
30,19,137.3,98.0,18.7,3.00,Strong Perf.
61,33,137.3,98.0,18.7,3.00,Strong Perf.
76,41,137.3,98.0,18.7,3.00,Strong Perf.
58,32,137.3,98.0,18.7,3.00,Strong Perf.
35,21,137.3,98.0,18.7,3.00,Strong Perf.
13,11,137.3,98.0,18.7,3.00,Strong Perf.
34,21,137.3,98.0,18.7,3.00,Strong Perf.
48,28,137.3,98.0,18.7,3.00,Strong Perf.
49,28,137.3,98.0,18.7,3.00,Strong Perf.
42,25,137.3,98.0,18.7,3.00,Strong Perf.
32,20,137.3,98.0,18.7,3.00,Strong Perf.
22,15,137.3,98.0,18.7,3.00,Strong Perf.
15,12,137.3,98.0,18.7,3.00,Strong Perf.
11,10,137.3,98.0,18.7,3.00,Strong Perf.
9,9,137.3,98.0,18.7,3.00,Strong Perf.
9,9,137.3,98.0,18.7,3.00,Strong Perf.
9,9,137.3,98.0,18.7,3.00,Strong Perf.
9,9,137.3,98.0,18.7,3.00,Strong Perf.
8,8,137.3,98.0,18.7,3.00,Strong Perf.
8,8,137.3,98.0,18.7,3.00,Strong Perf.
8,8,137.3,98.0,18.7,3.00,Strong Perf.
8,8,137.3,98.0,18.7,3.00,Strong Perf.
15,11,137.3,98.0,18.7,3.00,Strong Perf.
36,21,137.3,98.0,18.7,3.00,Strong Perf.
69,37,137.3,98.0,18.7,3.00,Strong Perf.
78,41,137.3,98.0,18.7,3.00,Strong Perf.
41,23,137.3,98.0,18.7,3.00,Strong Perf.
20,13,137.3,98.0,18.7,3.00,Strong Perf.
23,15,137.3,98.0,18.7,3.00,Strong Perf.
46,25,137.3,98.0,18.7,3.00,Strong Perf.
48,26,137.3,98.0,18.7,3.00,Strong Perf.
42,23,137.3,98.0,18.7,3.00,Strong Perf.
31,18,137.3,98.0,18.7,3.00,Strong Perf.
20,13,137.3,98.0,18.7,3.00,Strong Perf.
12,9,137.3,98.0,18.7,3.00,Strong Perf.
8,6,137.3,98.0,18.7,3.00,Strong Perf.
6,5,137.3,98.0,18.7,3.00,Strong Perf.
5,4,137.3,98.0,18.7,3.00,Strong Perf.
4,4,137.3,98.0,18.7,3.00,Strong Perf.
4,4,137.3,98.0,18.7,3.00,Strong Perf.
3,3,137.3,98.0,18.7,3.00,Strong Perf.
3,3,137.3,98.0,18.7,3.00,Strong Perf.
3,3,137.3,98.0,18.7,3.00,Strong Perf.
2,2,137.3,98.0,18.7,3.00,Strong Perf.
9,5,137.3,98.0,18.7,3.00,Strong Perf.
30,15,137.3,98.0,18.7,3.00,Strong Perf.
60,30,137.3,98.0,18.7,3.00,Strong Perf.
62,30,137.3,98.0,18.7,3.00,Strong Perf.
37,18,137.3,98.0,18.7,3.00,Strong Perf.
17,8,137.3,98.0,18.7,3.00,Strong Perf.
8,4,137.3,98.0,18.7,3.00,Strong Perf.
33,16,137.3,98.0,18.7,3.00,Strong Perf.
36,17,137.3,98.0,18.7,3.00,Strong Perf.
30,14,137.3,98.0,18.7,3.00,Strong Perf.
21,9,137.3,98.0,18.7,3.00,Strong Perf.
11,4,137.3,98.0,18.7,3.00,Strong Perf.
3,0,137.3,98.0,18.7,3.00,Strong Perf.
0,-1,137.3,98.0,18.7,3.00,Strong Perf.
-1,-2,137.3,98.0,18.7,3.00,Strong Perf.
-2,-2,137.3,98.0,18.7,3.00,Strong Perf.
-3,-3,137.3,98.0,18.7,3.00,Strong Perf.
-3,-3,137.3,98.0,18.7,3.00,Strong Perf.
-3,-3,137.3,98.0,18.7,3.00,Strong Perf.
-4,-4,137.3,98.0,18.7,3.00,Strong Perf.
-4,-4,137.3,98.0,18.7,3.00,Strong Perf.
0,-2,137.3,98.0,18.7,3.00,Strong Perf.
18,6,137.3,98.0,18.7,3.00,Strong Perf.
43,17,137.3,98.0,18.7,3.00,Strong Perf.
43,17,137.3,98.0,18.7,3.00,Strong Perf.
22,7,137.3,98.0,18.7,3.00,Strong Perf.
6,0,137.3,98.0,18.7,3.00,Strong Perf.
1,-2,137.3,98.0,18.7,3.00,Strong Perf.
20,6,137.3,98.0,18.7,3.00,Strong Perf.
22,6,137.3,98.0,18.7,3.00,Strong Perf.
17,4,137.3,98.0,18.7,3.00,Strong Perf.
9,0,137.3,98.0,18.7,3.00,Strong Perf.
1,-3,137.3,98.0,18.7,3.00,Strong Perf.
-3,-6,137.3,98.0,18.7,3.00,Strong Perf.
-6,-7,137.3,98.0,18.7,3.00,Strong Perf.
-8,-8,137.3,98.0,18.7,3.00,Strong Perf.
-8,-8,137.3,98.0,18.7,3.00,Strong Perf.
-8,-8,137.3,98.0,18.7,3.00,Strong Perf.
-8,-8,137.3,98.0,18.7,3.00,Strong Perf.
-9,-9,137.3,98.0,18.7,3.00,Strong Perf.
-9,-9,137.3,98.0,18.7,3.00,Strong Perf.
-9,-9,137.3,98.0,18.7,3.00,Strong Perf.
-6,-8,137.3,98.0,18.7,3.00,Strong Perf.
4,-2,137.3,98.0,18.7,3.00,Strong Perf.
25,7,137.3,98.0,18.7,3.00,Strong Perf.
34,11,137.3,98.0,18.7,3.00,Strong Perf.
19,4,137.3,98.0,18.7,3.00,Strong Perf.
5,-2,137.3,98.0,18.7,3.00,Strong Perf.
-7,-8,137.3,98.0,18.7,3.00,Strong Perf.
12,1,137.3,98.0,18.7,3.00,Strong Perf.
15,2,137.3,98.0,18.7,3.00,Strong Perf.
13,1,137.3,98.0,18.7,3.00,Strong Perf.
7,-1,137.3,98.0,18.7,3.00,Strong Perf.
0,-4,137.3,98.0,18.7,3.00,Strong Perf.
-4,-7,137.3,98.0,18.7,3.00,Strong Perf.
-8,-8,137.3,98.0,18.7,3.00,Strong Perf.
-8,-8,137.3,98.0,18.7,3.00,Strong Perf.
-8,-8,137.3,98.0,18.7,3.00,Strong Perf.
-8,-8,137.3,98.0,18.7,3.00,Strong Perf.
-8,-8,137.3,98.0,18.7,3.00,Strong Perf.
-8,-8,137.3,98.0,18.7,3.00,Strong Perf.
-8,-8,137.3,98.0,18.7,3.00,Strong Perf.
-7,-7,137.3,98.0,18.7,3.00,Strong Perf.
-2,-5,137.3,98.0,18.7,3.00,Strong Perf.
13,2,137.3,98.0,18.7,3.00,Strong Perf.
33,12,137.3,98.0,18.7,3.00,Strong Perf.
33,12,137.3,98.0,18.7,3.00,Strong Perf.
16,4,137.3,98.0,18.7,3.00,Strong Perf.
4,-1,137.3,98.0,18.7,3.00,Strong Perf.
0,-3,137.3,98.0,18.7,3.00,Strong Perf.
18,5,137.3,98.0,18.7,3.00,Strong Perf.
20,7,137.3,98.0,18.7,3.00,Strong Perf.
17,5,137.3,98.0,18.7,3.00,Strong Perf.
11,2,137.3,98.0,18.7,3.00,Strong Perf.
4,0,137.3,98.0,18.7,3.00,Strong Perf.
0,-2,137.3,98.0,18.7,3.00,Strong Perf.
-2,-3,137.3,98.0,18.7,3.00,Strong Perf.
-3,-3,137.3,98.0,18.7,3.00,Strong Perf.
-3,-3,137.3,98.0,18.7,3.00,Strong Perf.
-3,-3,137.3,98.0,18.7,3.00,Strong Perf.
-2,-2,137.3,98.0,18.7,3.00,Strong Perf.
-2,-2,137.3,98.0,18.7,3.00,Strong Perf.
-1,-1,137.3,98.0,18.7,3.00,Strong Perf.
-1,-1,137.3,98.0,18.7,3.00,Strong Perf.
0,0,137.3,98.0,18.7,3.00,Strong Perf.
9,4,137.3,98.0,18.7,3.00,Strong Perf.
44,21,137.3,98.0,18.7,3.00,Strong Perf.
50,24,137.3,98.0,18.7,3.00,Strong Perf.
32,15,137.3,98.0,18.7,3.00,Strong Perf.
16,8,137.3,98.0,18.7,3.00,Strong Perf.
5,3,137.3,98.0,18.7,3.00,Strong Perf.
30,15,137.3,98.0,18.7,3.00,Strong Perf.
34,17,137.3,98.0,18.7,3.00,Strong Perf.
31,16,137.3,98.0,18.7,3.00,Strong Perf.
23,12,137.3,98.0,18.7,3.00,Strong Perf.
15,9,137.3,98.0,18.7,3.00,Strong Perf.
9,6,137.3,98.0,18.7,3.00,Strong Perf.
5,4,137.3,98.0,18.7,3.00,Strong Perf.
4,4,137.3,98.0,18.7,3.00,Strong Perf.
4,4,137.3,98.0,18.7,3.00,Strong Perf.
4,4,137.3,98.0,18.7,3.00,Strong Perf.
5,5,137.3,98.0,18.7,3.00,Strong Perf.
5,5,137.3,98.0,18.7,3.00,Strong Perf.
5,5,137.3,98.0,18.7,3.00,Strong Perf.
6,6,137.3,98.0,18.7,3.00,Strong Perf.
8,7,137.3,98.0,18.7,3.00,Strong Perf.
18,12,137.3,98.0,18.7,3.00,Strong Perf.
45,25,137.3,98.0,18.7,3.00,Strong Perf.
70,37,137.3,98.0,18.7,3.00,Strong Perf.
61,33,137.3,98.0,18.7,3.00,Strong Perf.
37,22,137.3,98.0,18.7,3.00,Strong Perf.
18,13,137.3,98.0,18.7,3.00,Strong Perf.
25,16,137.3,98.0,18.7,3.00,Strong Perf.
45,26,137.3,98.0,18.7,3.00,Strong Perf.
47,27,137.3,98.0,18.7,3.00,Strong Perf.
41,24,137.3,98.0,18.7,3.00,Strong Perf.
32,20,137.3,98.0,18.7,3.00,Strong Perf.
22,15,137.3,98.0,18.7,3.00,Strong Perf.
15,12,137.3,98.0,18.7,3.00,Strong Perf.
11,10,137.3,98.0,18.7,3.00,Strong Perf.
10,9,137.3,98.0,18.7,3.00,Strong Perf.
9,9,137.3,98.0,18.7,3.00,Strong Perf.
9,9,137.3,98.0,18.7,3.00,Strong Perf.
9,9,137.3,98.0,18.7,3.00,Strong Perf.
9,9,137.3,98.0,18.7,3.00,Strong Perf.
9,9,137.3,98.0,18.7,3.00,Strong Perf.
9,9,137.3,98.0,18.7,3.00,Strong Perf.
11,10,137.3,98.0,18.7,3.00,Strong Perf.
21,15,137.3,98.0,18.7,3.00,Strong Perf.
65,36,137.3,98.0,18.7,3.00,Strong Perf.
81,44,137.3,98.0,18.7,3.00,Strong Perf.
61,34,137.3,98.0,18.7,3.00,Strong Perf.
37,23,137.3,98.0,18.7,3.00,Strong Perf.
14,11,137.3,98.0,18.7,3.00,Strong Perf.
37,22,137.3,98.0,18.7,3.00,Strong Perf.
50,29,137.3,98.0,18.7,3.00,Strong Perf.
50,28,137.3,98.0,18.7,3.00,Strong Perf.
42,25,137.3,98.0,18.7,3.00,Strong Perf.
31,19,137.3,98.0,18.7,3.00,Strong Perf.
21,14,137.3,98.0,18.7,3.00,Strong Perf.
14,11,137.3,98.0,18.7,3.00,Strong Perf.
10,9,137.3,98.0,18.7,3.00,Strong Perf.
8,8,137.3,98.0,18.7,3.00,Strong Perf.
8,8,137.3,98.0,18.7,3.00,Strong Perf.
7,7,137.3,98.0,18.7,3.00,Strong Perf.
7,7,137.3,98.0,18.7,3.00,Strong Perf.
7,7,137.3,98.0,18.7,3.00,Strong Perf.
7,7,137.3,98.0,18.7,3.00,Strong Perf.
6,6,137.3,98.0,18.7,3.00,Strong Perf.
6,6,137.3,98.0,18.7,3.00,Strong Perf.
15,10,137.3,98.0,18.7,3.00,Strong Perf.
39,22,137.3,98.0,18.7,3.00,Strong Perf.
69,36,137.3,98.0,18.7,3.00,Strong Perf.
69,36,137.3,98.0,18.7,3.00,Strong Perf.
44,23,137.3,98.0,18.7,3.00,Strong Perf.
25,14,137.3,98.0,18.7,3.00,Strong Perf.
8,6,137.3,98.0,18.7,3.00,Strong Perf.
37,19,137.3,98.0,18.7,3.00,Strong Perf.
42,22,137.3,98.0,18.7,3.00,Strong Perf.
39,20,137.3,98.0,18.7,3.00,Strong Perf.
30,16,137.3,98.0,18.7,3.00,Strong Perf.
20,10,137.3,98.0,18.7,3.00,Strong Perf.
11,6,137.3,98.0,18.7,3.00,Strong Perf.
5,3,137.3,98.0,18.7,3.00,Strong Perf.
2,2,137.3,98.0,18.7,3.00,Strong Perf.
1,1,137.3,98.0,18.7,3.00,Strong Perf.
0,0,137.3,98.0,18.7,3.00,Strong Perf.
0,0,137.3,98.0,18.7,3.00,Strong Perf.
0,0,137.3,98.0,18.7,3.00,Strong Perf.
0,0,137.3,98.0,18.7,3.00,Strong Perf.
-1,-1,137.3,98.0,18.7,3.00,Strong Perf.
-1,-1,137.3,98.0,18.7,3.00,Strong Perf.
3,0,137.3,98.0,18.7,3.00,Strong Perf.
19,8,137.3,98.0,18.7,3.00,Strong Perf.
45,20,137.3,98.0,18.7,3.00,Strong Perf.
53,24,137.3,98.0,18.7,3.00,Strong Perf.
35,15,137.3,98.0,18.7,3.00,Strong Perf.
16,6,137.3,98.0,18.7,3.00,Strong Perf.
-1,-3,137.3,98.0,18.7,3.00,Strong Perf.
19,6,137.3,98.0,18.7,3.00,Strong Perf.
26,10,137.3,98.0,18.7,3.00,Strong Perf.
25,9,137.3,98.0,18.7,3.00,Strong Perf.
19,6,137.3,98.0,18.7,3.00,Strong Perf.
10,1,137.3,98.0,18.7,3.00,Strong Perf.
2,-1,137.3,98.0,18.7,3.00,Strong Perf.
-2,-4,137.3,98.0,18.7,3.00,Strong Perf.
-5,-6,137.3,98.0,18.7,3.00,Strong Perf.
-6,-6,137.3,98.0,18.7,3.00,Strong Perf.
-7,-7,137.3,98.0,18.7,3.00,Strong Perf.
-7,-7,137.3,98.0,18.7,3.00,Strong Perf.
-7,-7,137.3,98.0,18.7,3.00,Strong Perf.
-8,-8,137.3,98.0,18.7,3.00,Strong Perf.
-8,-8,137.3,98.0,18.7,3.00,Strong Perf.
-8,-8,137.3,98.0,18.7,3.00,Strong Perf.
-8,-8,137.3,98.0,18.7,3.00,Strong Perf.
-1,-5,137.3,98.0,18.7,3.00,Strong Perf.
16,3,137.3,98.0,18.7,3.00,Strong Perf.
35,12,137.3,98.0,18.7,3.00,Strong Perf.
30,9,137.3,98.0,18.7,3.00,Strong Perf.
12,0,137.3,98.0,18.7,3.00,Strong Perf.
-2,-6,137.3,98.0,18.7,3.00,Strong Perf.
2,-3,137.3,98.0,18.7,3.00,Strong Perf.
15,2,137.3,98.0,18.7,3.00,Strong Perf.
15,2,137.3,98.0,18.7,3.00,Strong Perf.
11,0,137.3,98.0,18.7,3.00,Strong Perf.
3,-3,137.3,98.0,18.7,3.00,Strong Perf.
-2,-6,137.3,98.0,18.7,3.00,Strong Perf.
-6,-8,137.3,98.0,18.7,3.00,Strong Perf.
-8,-9,137.3,98.0,18.7,3.00,Strong Perf.
-9,-9,137.3,98.0,18.7,3.00,Strong Perf.
-9,-10,137.3,98.0,18.7,3.00,Strong Perf.
-10,-10,137.3,98.0,18.7,3.00,Strong Perf.
-9,-9,137.3,98.0,18.7,3.00,Strong Perf.
-9,-9,137.3,98.0,18.7,3.00,Strong Perf.
-9,-9,137.3,98.0,18.7,3.00,Strong Perf.
-9,-9,137.3,98.0,18.7,3.00,Strong Perf.
-6,-8,137.3,98.0,18.7,3.00,Strong Perf.
5,-2,137.3,98.0,18.7,3.00,Strong Perf.
27,8,137.3,98.0,18.7,3.00,Strong Perf.
32,10,137.3,98.0,18.7,3.00,Strong Perf.
9,0,137.3,98.0,18.7,3.00,Strong Perf.
-4,-6,137.3,98.0,18.7,3.00,Strong Perf.
8,0,137.3,98.0,18.7,3.00,Strong Perf.
16,3,137.3,98.0,18.7,3.00,Strong Perf.
16,3,137.3,98.0,18.7,3.00,Strong Perf.
11,1,137.3,98.0,18.7,3.00,Strong Perf.
4,-1,137.3,98.0,18.7,3.00,Strong Perf.
-1,-4,137.3,98.0,18.7,3.00,Strong Perf.
-4,-5,137.3,98.0,18.7,3.00,Strong Perf.
-5,-6,137.3,98.0,18.7,3.00,Strong Perf.
-6,-6,137.3,98.0,18.7,3.00,Strong Perf.
-6,-6,137.3,98.0,18.7,3.00,Strong Perf.
-5,-5,137.3,98.0,18.7,3.00,Strong Perf.
-5,-5,137.3,98.0,18.7,3.00,Strong Perf.
-5,-5,137.3,98.0,18.7,3.00,Strong Perf.
-4,-4,137.3,98.0,18.7,3.00,Strong Perf.
-4,-4,137.3,98.0,18.7,3.00,Strong Perf.
3,0,137.3,98.0,18.7,3.00,Strong Perf.
23,9,137.3,98.0,18.7,3.00,Strong Perf.
44,19,137.3,98.0,18.7,3.00,Strong Perf.
38,17,137.3,98.0,18.7,3.00,Strong Perf.
20,8,137.3,98.0,18.7,3.00,Strong Perf.
4,1,137.3,98.0,18.7,3.00,Strong Perf.
14,5,137.3,98.0,18.7,3.00,Strong Perf.
27,12,137.3,98.0,18.7,3.00,Strong Perf.
28,13,137.3,98.0,18.7,3.00,Strong Perf.
23,11,137.3,98.0,18.7,3.00,Strong Perf.
11,5,137.3,98.0,18.7,3.00,Strong Perf.
5,3,137.3,98.0,18.7,3.00,Strong Perf.
2,1,137.3,98.0,18.7,3.00,Strong Perf.
1,1,137.3,98.0,18.7,3.00,Strong Perf.
1,1,137.3,98.0,18.7,3.00,Strong Perf.
1,1,137.3,98.0,18.7,3.00,Strong Perf.
2,2,137.3,98.0,18.7,3.00,Strong Perf.
2,2,137.3,98.0,18.7,3.00,Strong Perf.
3,3,137.3,98.0,18.7,3.00,Strong Perf.
3,3,137.3,98.0,18.7,3.00,Strong Perf.
5,4,137.3,98.0,18.7,3.00,Strong Perf.
17,10,137.3,98.0,18.7,3.00,Strong Perf.
43,23,137.3,98.0,18.7,3.00,Strong Perf.
65,33,137.3,98.0,18.7,3.00,Strong Perf.
54,29,137.3,98.0,18.7,3.00,Strong Perf.
32,18,137.3,98.0,18.7,3.00,Strong Perf.
14,9,137.3,98.0,18.7,3.00,Strong Perf.
24,15,137.3,98.0,18.7,3.00,Strong Perf.
41,23,137.3,98.0,18.7,3.00,Strong Perf.
43,24,137.3,98.0,18.7,3.00,Strong Perf.
38,22,137.3,98.0,18.7,3.00,Strong Perf.
29,17,137.3,98.0,18.7,3.00,Strong Perf.
19,13,137.3,98.0,18.7,3.00,Strong Perf.
13,10,137.3,98.0,18.7,3.00,Strong Perf.
10,9,137.3,98.0,18.7,3.00,Strong Perf.
9,8,137.3,98.0,18.7,3.00,Strong Perf.
8,8,137.3,98.0,18.7,3.00,Strong Perf.
8,8,137.3,98.0,18.7,3.00,Strong Perf.
9,9,137.3,98.0,18.7,3.00,Strong Perf.
9,9,137.3,98.0,18.7,3.00,Strong Perf.
9,9,137.3,98.0,18.7,3.00,Strong Perf.
9,9,137.3,98.0,18.7,3.00,Strong Perf.
11,10,137.3,98.0,18.7,3.00,Strong Perf.
21,15,137.3,98.0,18.7,3.00,Strong Perf.
47,27,137.3,98.0,18.7,3.00,Strong Perf.
80,43,137.3,98.0,18.7,3.00,Strong Perf.
63,35,137.3,98.0,18.7,3.00,Strong Perf.
39,24,137.3,98.0,18.7,3.00,Strong Perf.
18,14,137.3,98.0,18.7,3.00,Strong Perf.
31,20,137.3,98.0,18.7,3.00,Strong Perf.
50,29,137.3,98.0,18.7,3.00,Strong Perf.
51,30,137.3,98.0,18.7,3.00,Strong Perf.
46,27,137.3,98.0,18.7,3.00,Strong Perf.
36,22,137.3,98.0,18.7,3.00,Strong Perf.
25,17,137.3,98.0,18.7,3.00,Strong Perf.
17,13,137.3,98.0,18.7,3.00,Strong Perf.
13,11,137.3,98.0,18.7,3.00,Strong Perf.
11,10,137.3,98.0,18.7,3.00,Strong Perf.
10,10,137.3,98.0,18.7,3.00,Strong Perf.
9,9,137.3,98.0,18.7,3.00,Strong Perf.
9,9,137.3,98.0,18.7,3.00,Strong Perf.
9,9,137.3,98.0,18.7,3.00,Strong Perf.
9,9,137.3,98.0,18.7,3.00,Strong Perf.
9,9,137.3,98.0,18.7,3.00,Strong Perf.
8,8,137.3,98.0,18.7,3.00,Strong Perf.
12,10,137.3,98.0,18.7,3.00,Strong Perf.
25,16,137.3,98.0,18.7,3.00,Strong Perf.
54,30,137.3,98.0,18.7,3.00,Strong Perf.
77,41,137.3,98.0,18.7,3.00,Strong Perf.
67,36,137.3,98.0,18.7,3.00,Strong Perf.
41,23,137.3,98.0,18.7,3.00,Strong Perf.
22,14,137.3,98.0,18.7,3.00,Strong Perf.
17,12,137.3,98.0,18.7,3.00,Strong Perf.
43,24,137.3,98.0,18.7,3.00,Strong Perf.
46,25,137.3,98.0,18.7,3.00,Strong Perf.
42,23,137.3,98.0,18.7,3.00,Strong Perf.
33,18,137.3,98.0,18.7,3.00,Strong Perf.
22,13,137.3,98.0,18.7,3.00,Strong Perf.
13,9,137.3,98.0,18.7,3.00,Strong Perf.
8,6,137.3,98.0,18.7,3.00,Strong Perf.
5,4,137.3,98.0,18.7,3.00,Strong Perf.
4,4,137.3,98.0,18.7,3.00,Strong Perf.
3,3,137.3,98.0,18.7,3.00,Strong Perf.
2,2,137.3,98.0,18.7,3.00,Strong Perf.
2,2,137.3,98.0,18.7,3.00,Strong Perf.
2,2,137.3,98.0,18.7,3.00,Strong Perf.
1,1,137.3,98.0,18.7,3.00,Strong Perf.
1,1,137.3,98.0,18.7,3.00,Strong Perf.
5,3,137.3,98.0,18.7,3.00,Strong Perf.
21,10,137.3,98.0,18.7,3.00,Strong Perf.
49,23,137.3,98.0,18.7,3.00,Strong Perf.
59,28,137.3,98.0,18.7,3.00,Strong Perf.
39,18,137.3,98.0,18.7,3.00,Strong Perf.
20,9,137.3,98.0,18.7,3.00,Strong Perf.
0,0,137.3,98.0,18.7,3.00,Strong Perf.
25,11,137.3,98.0,18.7,3.00,Strong Perf.
31,13,137.3,98.0,18.7,3.00,Strong Perf.
29,12,137.3,98.0,18.7,3.00,Strong Perf.
21,8,137.3,98.0,18.7,3.00,Strong Perf.
11,3,137.3,98.0,18.7,3.00,Strong Perf.
3,0,137.3,98.0,18.7,3.00,Strong Perf.
0,-2,137.3,98.0,18.7,3.00,Strong Perf.
-3,-4,137.3,98.0,18.7,3.00,Strong Perf.
-4,-4,137.3,98.0,18.7,3.00,Strong Perf.
-5,-5,137.3,98.0,18.7,3.00,Strong Perf.
-5,-5,137.3,98.0,18.7,3.00,Strong Perf.
-5,-5,137.3,98.0,18.7,3.00,Strong Perf.
-6,-6,137.3,98.0,18.7,3.00,Strong Perf.
-6,-6,137.3,98.0,18.7,3.00,Strong Perf.
-6,-6,137.3,98.0,18.7,3.00,Strong Perf.
-3,-5,137.3,98.0,18.7,3.00,Strong Perf.
21,6,137.3,98.0,18.7,3.00,Strong Perf.
40,15,137.3,98.0,18.7,3.00,Strong Perf.
33,11,137.3,98.0,18.7,3.00,Strong Perf.
14,2,137.3,98.0,18.7,3.00,Strong Perf.
0,-4,137.3,98.0,18.7,3.00,Strong Perf.
3,-2,137.3,98.0,18.7,3.00,Strong Perf.
17,3,137.3,98.0,18.7,3.00,Strong Perf.
17,3,137.3,98.0,18.7,3.00,Strong Perf.
13,1,137.3,98.0,18.7,3.00,Strong Perf.
5,-2,137.3,98.0,18.7,3.00,Strong Perf.
-1,-5,137.3,98.0,18.7,3.00,Strong Perf.
-6,-8,137.3,98.0,18.7,3.00,Strong Perf.
-8,-9,137.3,98.0,18.7,3.00,Strong Perf.
-9,-10,137.3,98.0,18.7,3.00,Strong Perf.
-10,-10,137.3,98.0,18.7,3.00,Strong Perf.
-10,-10,137.3,98.0,18.7,3.00,Strong Perf.
-10,-10,137.3,98.0,18.7,3.00,Strong Perf.
-10,-10,137.3,98.0,18.7,3.00,Strong Perf.
-10,-10,137.3,98.0,18.7,3.00,Strong Perf.
-10,-10,137.3,98.0,18.7,3.00,Strong Perf.
-8,-9,137.3,98.0,18.7,3.00,Strong Perf.
0,-5,137.3,98.0,18.7,3.00,Strong Perf.
20,4,137.3,98.0,18.7,3.00,Strong Perf.
32,10,137.3,98.0,18.7,3.00,Strong Perf.
19,4,137.3,98.0,18.7,3.00,Strong Perf.
5,-2,137.3,98.0,18.7,3.00,Strong Perf.
-8,-9,137.3,98.0,18.7,3.00,Strong Perf.
10,0,137.3,98.0,18.7,3.00,Strong Perf.
15,2,137.3,98.0,18.7,3.00,Strong Perf.
13,1,137.3,98.0,18.7,3.00,Strong Perf.
7,-1,137.3,98.0,18.7,3.00,Strong Perf.
0,-4,137.3,98.0,18.7,3.00,Strong Perf.
-4,-7,137.3,98.0,18.7,3.00,Strong Perf.
-7,-8,137.3,98.0,18.7,3.00,Strong Perf.
-8,-8,137.3,98.0,18.7,3.00,Strong Perf.
-8,-8,137.3,98.0,18.7,3.00,Strong Perf.
-8,-8,137.3,98.0,18.7,3.00,Strong Perf.
-8,-8,137.3,98.0,18.7,3.00,Strong Perf.
-7,-7,137.3,98.0,18.7,3.00,Strong Perf.
-7,-7,137.3,98.0,18.7,3.00,Strong Perf.
-7,-7,137.3,98.0,18.7,3.00,Strong Perf.
0,-4,137.3,98.0,18.7,3.00,Strong Perf.
18,5,137.3,98.0,18.7,3.00,Strong Perf.
38,15,137.3,98.0,18.7,3.00,Strong Perf.
33,12,137.3,98.0,18.7,3.00,Strong Perf.
14,4,137.3,98.0,18.7,3.00,Strong Perf.
-1,-3,137.3,98.0,18.7,3.00,Strong Perf.
14,4,137.3,98.0,18.7,3.00,Strong Perf.
23,8,137.3,98.0,18.7,3.00,Strong Perf.
22,8,137.3,98.0,18.7,3.00,Strong Perf.
16,6,137.3,98.0,18.7,3.00,Strong Perf.
9,2,137.3,98.0,18.7,3.00,Strong Perf.
2,0,137.3,98.0,18.7,3.00,Strong Perf.
0,-1,137.3,98.0,18.7,3.00,Strong Perf.
-1,-1,137.3,98.0,18.7,3.00,Strong Perf.
-1,-1,137.3,98.0,18.7,3.00,Strong Perf.
-1,-1,137.3,98.0,18.7,3.00,Strong Perf.
-1,-1,137.3,98.0,18.7,3.00,Strong Perf.
0,0,137.3,98.0,18.7,3.00,Strong Perf.
0,0,137.3,98.0,18.7,3.00,Strong Perf.
0,0,137.3,98.0,18.7,3.00,Strong Perf.
3,2,137.3,98.0,18.7,3.00,Strong Perf.
17,8,137.3,98.0,18.7,3.00,Strong Perf.
44,21,137.3,98.0,18.7,3.00,Strong Perf.
58,29,137.3,98.0,18.7,3.00,Strong Perf.
42,21,137.3,98.0,18.7,3.00,Strong Perf.
24,13,137.3,98.0,18.7,3.00,Strong Perf.
5,4,137.3,98.0,18.7,3.00,Strong Perf.
28,15,137.3,98.0,18.7,3.00,Strong Perf.
38,20,137.3,98.0,18.7,3.00,Strong Perf.
37,20,137.3,98.0,18.7,3.00,Strong Perf.
31,17,137.3,98.0,18.7,3.00,Strong Perf.
22,13,137.3,98.0,18.7,3.00,Strong Perf.
14,9,137.3,98.0,18.7,3.00,Strong Perf.
8,6,137.3,98.0,18.7,3.00,Strong Perf.
6,6,137.3,98.0,18.7,3.00,Strong Perf.
6,6,137.3,98.0,18.7,3.00,Strong Perf.
6,6,137.3,98.0,18.7,3.00,Strong Perf.
7,7,137.3,98.0,18.7,3.00,Strong Perf.
7,7,137.3,98.0,18.7,3.00,Strong Perf.
7,7,137.3,98.0,18.7,3.00,Strong Perf.
7,7,137.3,98.0,18.7,3.00,Strong Perf.
8,8,137.3,98.0,18.7,3.00,Strong Perf.
18,13,137.3,98.0,18.7,3.00,Strong Perf.
44,25,137.3,98.0,18.7,3.00,Strong Perf.
73,39,137.3,98.0,18.7,3.00,Strong Perf.
70,38,137.3,98.0,18.7,3.00,Strong Perf.
44,26,137.3,98.0,18.7,3.00,Strong Perf.
26,17,137.3,98.0,18.7,3.00,Strong Perf.
19,14,137.3,98.0,18.7,3.00,Strong Perf.
47,27,137.3,98.0,18.7,3.00,Strong Perf.
50,29,137.3,98.0,18.7,3.00,Strong Perf.
46,27,137.3,98.0,18.7,3.00,Strong Perf.
36,23,137.3,98.0,18.7,3.00,Strong Perf.
26,18,137.3,98.0,18.7,3.00,Strong Perf.
18,14,137.3,98.0,18.7,3.00,Strong Perf.
13,12,137.3,98.0,18.7,3.00,Strong Perf.
11,11,137.3,98.0,18.7,3.00,Strong Perf.
10,10,137.3,98.0,18.7,3.00,Strong Perf.
10,10,137.3,98.0,18.7,3.00,Strong Perf.
10,10,137.3,98.0,18.7,3.00,Strong Perf.
10,10,137.3,98.0,18.7,3.00,Strong Perf.
10,10,137.3,98.0,18.7,3.00,Strong Perf.
10,10,137.3,98.0,18.7,3.00,Strong Perf.
10,10,137.3,98.0,18.7,3.00,Strong Perf.
17,14,137.3,98.0,18.7,3.00,Strong Perf.
39,24,137.3,98.0,18.7,3.00,Strong Perf.
71,39,137.3,98.0,18.7,3.00,Strong Perf.
80,43,137.3,98.0,18.7,3.00,Strong Perf.
56,32,137.3,98.0,18.7,3.00,Strong Perf.
34,21,137.3,98.0,18.7,3.00,Strong Perf.
24,16,137.3,98.0,18.7,3.00,Strong Perf.
48,28,137.3,98.0,18.7,3.00,Strong Perf.
50,29,137.3,98.0,18.7,3.00,Strong Perf.
45,26,137.3,98.0,18.7,3.00,Strong Perf.
35,21,137.3,98.0,18.7,3.00,Strong Perf.
24,16,137.3,98.0,18.7,3.00,Strong Perf.
16,12,137.3,98.0,18.7,3.00,Strong Perf.
11,9,137.3,98.0,18.7,3.00,Strong Perf.
8,8,137.3,98.0,18.7,3.00,Strong Perf.
7,7,137.3,98.0,18.7,3.00,Strong Perf.
7,7,137.3,98.0,18.7,3.00,Strong Perf.
6,6,137.3,98.0,18.7,3.00,Strong Perf.
6,6,137.3,98.0,18.7,3.00,Strong Perf.
6,6,137.3,98.0,18.7,3.00,Strong Perf.
5,5,137.3,98.0,18.7,3.00,Strong Perf.
5,5,137.3,98.0,18.7,3.00,Strong Perf.
9,7,137.3,98.0,18.7,3.00,Strong Perf.
25,14,137.3,98.0,18.7,3.00,Strong Perf.
55,28,137.3,98.0,18.7,3.00,Strong Perf.
69,35,137.3,98.0,18.7,3.00,Strong Perf.
49,25,137.3,98.0,18.7,3.00,Strong Perf.
27,14,137.3,98.0,18.7,3.00,Strong Perf.
5,4,137.3,98.0,18.7,3.00,Strong Perf.
28,15,137.3,98.0,18.7,3.00,Strong Perf.
38,19,137.3,98.0,18.7,3.00,Strong Perf.
36,18,137.3,98.0,18.7,3.00,Strong Perf.
29,14,137.3,98.0,18.7,3.00,Strong Perf.
18,9,137.3,98.0,18.7,3.00,Strong Perf.
10,5,137.3,98.0,18.7,3.00,Strong Perf.
4,1,137.3,98.0,18.7,3.00,Strong Perf.
1,0,137.3,98.0,18.7,3.00,Strong Perf.
0,0,137.3,98.0,18.7,3.00,Strong Perf.
-1,-1,137.3,98.0,18.7,3.00,Strong Perf.
-1,-1,137.3,98.0,18.7,3.00,Strong Perf.
-2,-2,137.3,98.0,18.7,3.00,Strong Perf.
-2,-2,137.3,98.0,18.7,3.00,Strong Perf.
-2,-2,137.3,98.0,18.7,3.00,Strong Perf.
-3,-3,137.3,98.0,18.7,3.00,Strong Perf.
-1,-2,137.3,98.0,18.7,3.00,Strong Perf.
8,2,137.3,98.0,18.7,3.00,Strong Perf.
32,13,137.3,98.0,18.7,3.00,Strong Perf.
48,20,137.3,98.0,18.7,3.00,Strong Perf.
23,8,137.3,98.0,18.7,3.00,Strong Perf.
7,0,137.3,98.0,18.7,3.00,Strong Perf.
0,-2,137.3,98.0,18.7,3.00,Strong Perf.
20,6,137.3,98.0,18.7,3.00,Strong Perf.
22,7,137.3,98.0,18.7,3.00,Strong Perf.
18,5,137.3,98.0,18.7,3.00,Strong Perf.
10,1,137.3,98.0,18.7,3.00,Strong Perf.
2,-2,137.3,98.0,18.7,3.00,Strong Perf.
-3,-5,137.3,98.0,18.7,3.00,Strong Perf.
-6,-7,137.3,98.0,18.7,3.00,Strong Perf.
-8,-8,137.3,98.0,18.7,3.00,Strong Perf.
-8,-8,137.3,98.0,18.7,3.00,Strong Perf.
-9,-9,137.3,98.0,18.7,3.00,Strong Perf.
-9,-9,137.3,98.0,18.7,3.00,Strong Perf.
-9,-9,137.3,98.0,18.7,3.00,Strong Perf.
-9,-9,137.3,98.0,18.7,3.00,Strong Perf.
-9,-9,137.3,98.0,18.7,3.00,Strong Perf.
-8,-9,137.3,98.0,18.7,3.00,Strong Perf.
0,-5,137.3,98.0,18.7,3.00,Strong Perf.
19,4,137.3,98.0,18.7,3.00,Strong Perf.
33,10,137.3,98.0,18.7,3.00,Strong Perf.
22,5,137.3,98.0,18.7,3.00,Strong Perf.
6,-2,137.3,98.0,18.7,3.00,Strong Perf.
-8,-9,137.3,98.0,18.7,3.00,Strong Perf.
7,-1,137.3,98.0,18.7,3.00,Strong Perf.
14,1,137.3,98.0,18.7,3.00,Strong Perf.
13,0,137.3,98.0,18.7,3.00,Strong Perf.
7,-1,137.3,98.0,18.7,3.00,Strong Perf.
0,-5,137.3,98.0,18.7,3.00,Strong Perf.
-5,-8,137.3,98.0,18.7,3.00,Strong Perf.
-8,-9,137.3,98.0,18.7,3.00,Strong Perf.
-10,-10,137.3,98.0,18.7,3.00,Strong Perf.
-10,-10,137.3,98.0,18.7,3.00,Strong Perf.
-10,-10,137.3,98.0,18.7,3.00,Strong Perf.
-10,-10,137.3,98.0,18.7,3.00,Strong Perf.
-10,-10,137.3,98.0,18.7,3.00,Strong Perf.
-10,-10,137.3,98.0,18.7,3.00,Strong Perf.
-10,-10,137.3,98.0,18.7,3.00,Strong Perf.
-9,-9,137.3,98.0,18.7,3.00,Strong Perf.
-2,-6,137.3,98.0,18.7,3.00,Strong Perf.
15,2,137.3,98.0,18.7,3.00,Strong Perf.
34,11,137.3,98.0,18.7,3.00,Strong Perf.
26,8,137.3,98.0,18.7,3.00,Strong Perf.
9,0,137.3,98.0,18.7,3.00,Strong Perf.
-5,-7,137.3,98.0,18.7,3.00,Strong Perf.
10,0,137.3,98.0,18.7,3.00,Strong Perf.
18,4,137.3,98.0,18.7,3.00,Strong Perf.
17,4,137.3,98.0,18.7,3.00,Strong Perf.
11,1,137.3,98.0,18.7,3.00,Strong Perf.
1,-3,137.3,98.0,18.7,3.00,Strong Perf.
-3,-5,137.3,98.0,18.7,3.00,Strong Perf.
-5,-5,137.3,98.0,18.7,3.00,Strong Perf.
-5,-5,137.3,98.0,18.7,3.00,Strong Perf.
-5,-5,137.3,98.0,18.7,3.00,Strong Perf.
-5,-5,137.3,98.0,18.7,3.00,Strong Perf.
-4,-4,137.3,98.0,18.7,3.00,Strong Perf.
-4,-4,137.3,98.0,18.7,3.00,Strong Perf.
-4,-4,137.3,98.0,18.7,3.00,Strong Perf.
-3,-3,137.3,98.0,18.7,3.00,Strong Perf.
3,0,137.3,98.0,18.7,3.00,Strong Perf.
22,9,137.3,98.0,18.7,3.00,Strong Perf.
46,21,137.3,98.0,18.7,3.00,Strong Perf.
44,20,137.3,98.0,18.7,3.00,Strong Perf.
24,10,137.3,98.0,18.7,3.00,Strong Perf.
8,3,137.3,98.0,18.7,3.00,Strong Perf.
13,5,137.3,98.0,18.7,3.00,Strong Perf.
30,14,137.3,98.0,18.7,3.00,Strong Perf.
31,15,137.3,98.0,18.7,3.00,Strong Perf.
26,13,137.3,98.0,18.7,3.00,Strong Perf.
18,9,137.3,98.0,18.7,3.00,Strong Perf.
10,5,137.3,98.0,18.7,3.00,Strong Perf.
5,3,137.3,98.0,18.7,3.00,Strong Perf.
3,2,137.3,98.0,18.7,3.00,Strong Perf.
2,2,137.3,98.0,18.7,3.00,Strong Perf.
2,2,137.3,98.0,18.7,3.00,Strong Perf.
3,3,137.3,98.0,18.7,3.00,Strong Perf.
3,3,137.3,98.0,18.7,3.00,Strong Perf.
4,4,137.3,98.0,18.7,3.00,Strong Perf.
4,4,137.3,98.0,18.7,3.00,Strong Perf.
4,4,137.3,98.0,18.7,3.00,Strong Perf.
10,7,137.3,98.0,18.7,3.00,Strong Perf.
30,17,137.3,98.0,18.7,3.00,Strong Perf.
60,31,137.3,98.0,18.7,3.00,Strong Perf.
68,36,137.3,98.0,18.7,3.00,Strong Perf.
47,26,137.3,98.0,18.7,3.00,Strong Perf.
28,17,137.3,98.0,18.7,3.00,Strong Perf.
9,8,137.3,98.0,18.7,3.00,Strong Perf.
38,22,137.3,98.0,18.7,3.00,Strong Perf.
46,26,137.3,98.0,18.7,3.00,Strong Perf.
45,25,137.3,98.0,18.7,3.00,Strong Perf.
37,22,137.3,98.0,18.7,3.00,Strong Perf.
27,17,137.3,98.0,18.7,3.00,Strong Perf.
18,13,137.3,98.0,18.7,3.00,Strong Perf.
13,11,137.3,98.0,18.7,3.00,Strong Perf.
10,10,137.3,98.0,18.7,3.00,Strong Perf.
10,9,137.3,98.0,18.7,3.00,Strong Perf.
9,9,137.3,98.0,18.7,3.00,Strong Perf.
10,10,137.3,98.0,18.7,3.00,Strong Perf.
10,10,137.3,98.0,18.7,3.00,Strong Perf.
10,10,137.3,98.0,18.7,3.00,Strong Perf.
10,10,137.3,98.0,18.7,3.00,Strong Perf.
10,10,137.3,98.0,18.7,3.00,Strong Perf.
14,12,137.3,98.0,18.7,3.00,Strong Perf.
29,19,137.3,98.0,18.7,3.00,Strong Perf.
60,34,137.3,98.0,18.7,3.00,Strong Perf.
82,45,137.3,98.0,18.7,3.00,Strong Perf.
67,38,137.3,98.0,18.7,3.00,Strong Perf.
42,26,137.3,98.0,18.7,3.00,Strong Perf.
13,12,137.3,98.0,18.7,3.00,Strong Perf.
45,27,137.3,98.0,18.7,3.00,Strong Perf.
52,30,137.3,98.0,18.7,3.00,Strong Perf.
50,30,137.3,98.0,18.7,3.00,Strong Perf.
42,26,137.3,98.0,18.7,3.00,Strong Perf.
31,20,137.3,98.0,18.7,3.00,Strong Perf.
21,16,137.3,98.0,18.7,3.00,Strong Perf.
15,12,137.3,98.0,18.7,3.00,Strong Perf.
12,11,137.3,98.0,18.7,3.00,Strong Perf.
10,10,137.3,98.0,18.7,3.00,Strong Perf.
10,10,137.3,98.0,18.7,3.00,Strong Perf.
9,9,137.3,98.0,18.7,3.00,Strong Perf.
9,9,137.3,98.0,18.7,3.00,Strong Perf.
9,9,137.3,98.0,18.7,3.00,Strong Perf.
9,9,137.3,98.0,18.7,3.00,Strong Perf.
9,9,137.3,98.0,18.7,3.00,Strong Perf.
8,8,137.3,98.0,18.7,3.00,Strong Perf.
18,13,137.3,98.0,18.7,3.00,Strong Perf.
41,24,137.3,98.0,18.7,3.00,Strong Perf.
70,38,137.3,98.0,18.7,3.00,Strong Perf.
73,39,137.3,98.0,18.7,3.00,Strong Perf.
48,27,137.3,98.0,18.7,3.00,Strong Perf.
29,17,137.3,98.0,18.7,3.00,Strong Perf.
9,7,137.3,98.0,18.7,3.00,Strong Perf.
37,21,137.3,98.0,18.7,3.00,Strong Perf.
44,24,137.3,98.0,18.7,3.00,Strong Perf.
42,23,137.3,98.0,18.7,3.00,Strong Perf.
34,19,137.3,98.0,18.7,3.00,Strong Perf.
24,14,137.3,98.0,18.7,3.00,Strong Perf.
15,9,137.3,98.0,18.7,3.00,Strong Perf.
9,6,137.3,98.0,18.7,3.00,Strong Perf.
5,4,137.3,98.0,18.7,3.00,Strong Perf.
3,3,137.3,98.0,18.7,3.00,Strong Perf.
3,3,137.3,98.0,18.7,3.00,Strong Perf.
2,2,137.3,98.0,18.7,3.00,Strong Perf.
2,2,137.3,98.0,18.7,3.00,Strong Perf.
1,1,137.3,98.0,18.7,3.00,Strong Perf.
1,1,137.3,98.0,18.7,3.00,Strong Perf.
0,0,137.3,98.0,18.7,3.00,Strong Perf.
0,0,137.3,98.0,18.7,3.00,Strong Perf.
6,3,137.3,98.0,18.7,3.00,Strong Perf.
25,11,137.3,98.0,18.7,3.00,Strong Perf.
51,24,137.3,98.0,18.7,3.00,Strong Perf.
53,24,137.3,98.0,18.7,3.00,Strong Perf.
31,14,137.3,98.0,18.7,3.00,Strong Perf.
14,5,137.3,98.0,18.7,3.00,Strong Perf.
1,0,137.3,98.0,18.7,3.00,Strong Perf.
25,10,137.3,98.0,18.7,3.00,Strong Perf.
28,11,137.3,98.0,18.7,3.00,Strong Perf.
24,10,137.3,98.0,18.7,3.00,Strong Perf.
16,5,137.3,98.0,18.7,3.00,Strong Perf.
7,1,137.3,98.0,18.7,3.00,Strong Perf.
1,-2,137.3,98.0,18.7,3.00,Strong Perf.
-2,-4,137.3,98.0,18.7,3.00,Strong Perf.
-4,-5,137.3,98.0,18.7,3.00,Strong Perf.
-5,-5,137.3,98.0,18.7,3.00,Strong Perf.
-6,-6,137.3,98.0,18.7,3.00,Strong Perf.
-6,-6,137.3,98.0,18.7,3.00,Strong Perf.
-7,-7,137.3,98.0,18.7,3.00,Strong Perf.
-7,-7,137.3,98.0,18.7,3.00,Strong Perf.
-7,-7,137.3,98.0,18.7,3.00,Strong Perf.
-8,-8,137.3,98.0,18.7,3.00,Strong Perf.
-3,-5,137.3,98.0,18.7,3.00,Strong Perf.
12,1,137.3,98.0,18.7,3.00,Strong Perf.
33,11,137.3,98.0,18.7,3.00,Strong Perf.
34,11,137.3,98.0,18.7,3.00,Strong Perf.
16,3,137.3,98.0,18.7,3.00,Strong Perf.
3,-3,137.3,98.0,18.7,3.00,Strong Perf.
-5,-7,137.3,98.0,18.7,3.00,Strong Perf.
13,1,137.3,98.0,18.7,3.00,Strong Perf.
16,2,137.3,98.0,18.7,3.00,Strong Perf.
10,0,137.3,98.0,18.7,3.00,Strong Perf.
2,-4,137.3,98.0,18.7,3.00,Strong Perf.
-3,-7,137.3,98.0,18.7,3.00,Strong Perf.
-7,-9,137.3,98.0,18.7,3.00,Strong Perf.
-9,-10,137.3,98.0,18.7,3.00,Strong Perf.
-10,-10,137.3,98.0,18.7,3.00,Strong Perf.
-10,-10,137.3,98.0,18.7,3.00,Strong Perf.
-11,-11,137.3,98.0,18.7,3.00,Strong Perf.
-11,-11,137.3,98.0,18.7,3.00,Strong Perf.
-11,-11,137.3,98.0,18.7,3.00,Strong Perf.
-11,-11,137.3,98.0,18.7,3.00,Strong Perf.
-11,-11,137.3,98.0,18.7,3.00,Strong Perf.
-8,-9,137.3,98.0,18.7,3.00,Strong Perf.
1,-4,137.3,98.0,18.7,3.00,Strong Perf.
23,5,137.3,98.0,18.7,3.00,Strong Perf.
31,9,137.3,98.0,18.7,3.00,Strong Perf.
16,2,137.3,98.0,18.7,3.00,Strong Perf.
2,-4,137.3,98.0,18.7,3.00,Strong Perf.
-6,-8,137.3,98.0,18.7,3.00,Strong Perf.
12,0,137.3,98.0,18.7,3.00,Strong Perf.
15,2,137.3,98.0,18.7,3.00,Strong Perf.
12,0,137.3,98.0,18.7,3.00,Strong Perf.
5,-2,137.3,98.0,18.7,3.00,Strong Perf.
-1,-5,137.3,98.0,18.7,3.00,Strong Perf.
-5,-7,137.3,98.0,18.7,3.00,Strong Perf.
-7,-8,137.3,98.0,18.7,3.00,Strong Perf.
-8,-8,137.3,98.0,18.7,3.00,Strong Perf.
-8,-8,137.3,98.0,18.7,3.00,Strong Perf.
-8,-8,137.3,98.0,18.7,3.00,Strong Perf.
-8,-8,137.3,98.0,18.7,3.00,Strong Perf.
-7,-7,137.3,98.0,18.7,3.00,Strong Perf.
-7,-7,137.3,98.0,18.7,3.00,Strong Perf.
-7,-7,137.3,98.0,18.7,3.00,Strong Perf.
0,-3,137.3,98.0,18.7,3.00,Strong Perf.
18,5,137.3,98.0,18.7,3.00,Strong Perf.
40,16,137.3,98.0,18.7,3.00,Strong Perf.
37,15,137.3,98.0,18.7,3.00,Strong Perf.
19,6,137.3,98.0,18.7,3.00,Strong Perf.
4,0,137.3,98.0,18.7,3.00,Strong Perf.
7,1,137.3,98.0,18.7,3.00,Strong Perf.
24,9,137.3,98.0,18.7,3.00,Strong Perf.
26,10,137.3,98.0,18.7,3.00,Strong Perf.
22,8,137.3,98.0,18.7,3.00,Strong Perf.
14,5,137.3,98.0,18.7,3.00,Strong Perf.
6,2,137.3,98.0,18.7,3.00,Strong Perf.
2,0,137.3,98.0,18.7,3.00,Strong Perf.
0,0,137.3,98.0,18.7,3.00,Strong Perf.
0,-1,137.3,98.0,18.7,3.00,Strong Perf.
0,0,137.3,98.0,18.7,3.00,Strong Perf.
0,0,137.3,98.0,18.7,3.00,Strong Perf.
0,0,137.3,98.0,18.7,3.00,Strong Perf.
0,0,137.3,98.0,18.7,3.00,Strong Perf.
0,0,137.3,98.0,18.7,3.00,Strong Perf.
1,1,137.3,98.0,18.7,3.00,Strong Perf.
5,3,137.3,98.0,18.7,3.00,Strong Perf.
21,11,137.3,98.0,18.7,3.00,Strong Perf.
50,25,137.3,98.0,18.7,3.00,Strong Perf.
63,31,137.3,98.0,18.7,3.00,Strong Perf.
44,23,137.3,98.0,18.7,3.00,Strong Perf.
25,14,137.3,98.0,18.7,3.00,Strong Perf.
6,5,137.3,98.0,18.7,3.00,Strong Perf.
39,21,137.3,98.0,18.7,3.00,Strong Perf.
42,22,137.3,98.0,18.7,3.00,Strong Perf.
37,20,137.3,98.0,18.7,3.00,Strong Perf.
27,16,137.3,98.0,18.7,3.00,Strong Perf.
18,12,137.3,98.0,18.7,3.00,Strong Perf.
12,9,137.3,98.0,18.7,3.00,Strong Perf.
8,7,137.3,98.0,18.7,3.00,Strong Perf.
7,7,137.3,98.0,18.7,3.00,Strong Perf.
7,7,137.3,98.0,18.7,3.00,Strong Perf.
7,7,137.3,98.0,18.7,3.00,Strong Perf.
8,8,137.3,98.0,18.7,3.00,Strong Perf.
8,8,137.3,98.0,18.7,3.00,Strong Perf.
8,8,137.3,98.0,18.7,3.00,Strong Perf.
9,9,137.3,98.0,18.7,3.00,Strong Perf.
12,10,137.3,98.0,18.7,3.00,Strong Perf.
25,17,137.3,98.0,18.7,3.00,Strong Perf.
56,32,137.3,98.0,18.7,3.00,Strong Perf.
79,43,137.3,98.0,18.7,3.00,Strong Perf.
66,37,137.3,98.0,18.7,3.00,Strong Perf.
41,25,137.3,98.0,18.7,3.00,Strong Perf.
20,15,137.3,98.0,18.7,3.00,Strong Perf.
30,20,137.3,98.0,18.7,3.00,Strong Perf.
50,29,137.3,98.0,18.7,3.00,Strong Perf.
52,30,137.3,98.0,18.7,3.00,Strong Perf.
46,27,137.3,98.0,18.7,3.00,Strong Perf.
35,22,137.3,98.0,18.7,3.00,Strong Perf.
25,17,137.3,98.0,18.7,3.00,Strong Perf.
17,14,137.3,98.0,18.7,3.00,Strong Perf.
13,12,137.3,98.0,18.7,3.00,Strong Perf.
11,11,137.3,98.0,18.7,3.00,Strong Perf.
11,11,137.3,98.0,18.7,3.00,Strong Perf.
11,11,137.3,98.0,18.7,3.00,Strong Perf.
11,11,137.3,98.0,18.7,3.00,Strong Perf.
11,11,137.3,98.0,18.7,3.00,Strong Perf.
10,10,137.3,98.0,18.7,3.00,Strong Perf.
10,10,137.3,98.0,18.7,3.00,Strong Perf.
10,10,137.3,98.0,18.7,3.00,Strong Perf.
19,14,137.3,98.0,18.7,3.00,Strong Perf.
42,25,137.3,98.0,18.7,3.00,Strong Perf.
73,40,137.3,98.0,18.7,3.00,Strong Perf.
77,42,137.3,98.0,18.7,3.00,Strong Perf.
52,30,137.3,98.0,18.7,3.00,Strong Perf.
32,20,137.3,98.0,18.7,3.00,Strong Perf.
12,10,137.3,98.0,18.7,3.00,Strong Perf.
42,25,137.3,98.0,18.7,3.00,Strong Perf.
49,28,137.3,98.0,18.7,3.00,Strong Perf.
47,27,137.3,98.0,18.7,3.00,Strong Perf.
38,22,137.3,98.0,18.7,3.00,Strong Perf.
27,17,137.3,98.0,18.7,3.00,Strong Perf.
14,11,137.3,98.0,18.7,3.00,Strong Perf.
10,8,137.3,98.0,18.7,3.00,Strong Perf.
8,7,137.3,98.0,18.7,3.00,Strong Perf.
7,6,137.3,98.0,18.7,3.00,Strong Perf.
6,6,137.3,98.0,18.7,3.00,Strong Perf.
6,6,137.3,98.0,18.7,3.00,Strong Perf.
5,5,137.3,98.0,18.7,3.00,Strong Perf.
5,5,137.3,98.0,18.7,3.00,Strong Perf.
5,5,137.3,98.0,18.7,3.00,Strong Perf.
4,4,137.3,98.0,18.7,3.00,Strong Perf.
9,6,137.3,98.0,18.7,3.00,Strong Perf.
26,14,137.3,98.0,18.7,3.00,Strong Perf.
54,28,137.3,98.0,18.7,3.00,Strong Perf.
64,32,137.3,98.0,18.7,3.00,Strong Perf.
43,22,137.3,98.0,18.7,3.00,Strong Perf.
23,12,137.3,98.0,18.7,3.00,Strong Perf.
3,2,137.3,98.0,18.7,3.00,Strong Perf.
28,14,137.3,98.0,18.7,3.00,Strong Perf.
35,17,137.3,98.0,18.7,3.00,Strong Perf.
33,16,137.3,98.0,18.7,3.00,Strong Perf.
25,12,137.3,98.0,18.7,3.00,Strong Perf.
15,7,137.3,98.0,18.7,3.00,Strong Perf.
7,3,137.3,98.0,18.7,3.00,Strong Perf.
2,0,137.3,98.0,18.7,3.00,Strong Perf.
0,-1,137.3,98.0,18.7,3.00,Strong Perf.
-1,-1,137.3,98.0,18.7,3.00,Strong Perf.
-2,-2,137.3,98.0,18.7,3.00,Strong Perf.
-2,-2,137.3,98.0,18.7,3.00,Strong Perf.
-3,-3,137.3,98.0,18.7,3.00,Strong Perf.
-3,-3,137.3,98.0,18.7,3.00,Strong Perf.
-4,-4,137.3,98.0,18.7,3.00,Strong Perf.
-4,-4,137.3,98.0,18.7,3.00,Strong Perf.
-2,-3,137.3,98.0,18.7,3.00,Strong Perf.
8,1,137.3,98.0,18.7,3.00,Strong Perf.
30,11,137.3,98.0,18.7,3.00,Strong Perf.
43,17,137.3,98.0,18.7,3.00,Strong Perf.
29,11,137.3,98.0,18.7,3.00,Strong Perf.
12,2,137.3,98.0,18.7,3.00,Strong Perf.
-4,-5,137.3,98.0,18.7,3.00,Strong Perf.
13,2,137.3,98.0,18.7,3.00,Strong Perf.
19,5,137.3,98.0,18.7,3.00,Strong Perf.
18,4,137.3,98.0,18.7,3.00,Strong Perf.
12,1,137.3,98.0,18.7,3.00,Strong Perf.
4,-2,137.3,98.0,18.7,3.00,Strong Perf.
-2,-5,137.3,98.0,18.7,3.00,Strong Perf.
-6,-7,137.3,98.0,18.7,3.00,Strong Perf.
-8,-8,137.3,98.0,18.7,3.00,Strong Perf.
-9,-9,137.3,98.0,18.7,3.00,Strong Perf.
-9,-9,137.3,98.0,18.7,3.00,Strong Perf.
-10,-10,137.3,98.0,18.7,3.00,Strong Perf.
-10,-10,137.3,98.0,18.7,3.00,Strong Perf.
-10,-10,137.3,98.0,18.7,3.00,Strong Perf.
-10,-10,137.3,98.0,18.7,3.00,Strong Perf.
-10,-10,137.3,98.0,18.7,3.00,Strong Perf.
-6,-8,137.3,98.0,18.7,3.00,Strong Perf.
8,-1,137.3,98.0,18.7,3.00,Strong Perf.
29,8,137.3,98.0,18.7,3.00,Strong Perf.
28,7,137.3,98.0,18.7,3.00,Strong Perf.
10,0,137.3,98.0,18.7,3.00,Strong Perf.
-3,-7,137.3,98.0,18.7,3.00,Strong Perf.
1,-4,137.3,98.0,18.7,3.00,Strong Perf.
13,0,137.3,98.0,18.7,3.00,Strong Perf.
13,0,137.3,98.0,18.7,3.00,Strong Perf.
8,-1,137.3,98.0,18.7,3.00,Strong Perf.
0,-5,137.3,98.0,18.7,3.00,Strong Perf.
-5,-8,137.3,98.0,18.7,3.00,Strong Perf.
-8,-9,137.3,98.0,18.7,3.00,Strong Perf.
-10,-10,137.3,98.0,18.7,3.00,Strong Perf.
-10,-10,137.3,98.0,18.7,3.00,Strong Perf.
-10,-10,137.3,98.0,18.7,3.00,Strong Perf.
-10,-10,137.3,98.0,18.7,3.00,Strong Perf.
-10,-10,137.3,98.0,18.7,3.00,Strong Perf.
-10,-10,137.3,98.0,18.7,3.00,Strong Perf.
-9,-9,137.3,98.0,18.7,3.00,Strong Perf.
-4,-6,137.3,98.0,18.7,3.00,Strong Perf.
13,1,137.3,98.0,18.7,3.00,Strong Perf.
34,11,137.3,98.0,18.7,3.00,Strong Perf.
31,10,137.3,98.0,18.7,3.00,Strong Perf.
13,1,137.3,98.0,18.7,3.00,Strong Perf.
-1,-5,137.3,98.0,18.7,3.00,Strong Perf.
6,0,137.3,98.0,18.7,3.00,Strong Perf.
19,5,137.3,98.0,18.7,3.00,Strong Perf.
19,5,137.3,98.0,18.7,3.00,Strong Perf.
14,3,137.3,98.0,18.7,3.00,Strong Perf.
7,0,137.3,98.0,18.7,3.00,Strong Perf.
0,-3,137.3,98.0,18.7,3.00,Strong Perf.
-3,-4,137.3,98.0,18.7,3.00,Strong Perf.
-4,-5,137.3,98.0,18.7,3.00,Strong Perf.
-5,-5,137.3,98.0,18.7,3.00,Strong Perf.
-4,-4,137.3,98.0,18.7,3.00,Strong Perf.
-4,-4,137.3,98.0,18.7,3.00,Strong Perf.
-4,-4,137.3,98.0,18.7,3.00,Strong Perf.
-3,-3,137.3,98.0,18.7,3.00,Strong Perf.
-3,-3,137.3,98.0,18.7,3.00,Strong Perf.
-1,-2,137.3,98.0,18.7,3.00,Strong Perf.
6,2,137.3,98.0,18.7,3.00,Strong Perf.
30,13,137.3,98.0,18.7,3.00,Strong Perf.
52,24,137.3,98.0,18.7,3.00,Strong Perf.
44,20,137.3,98.0,18.7,3.00,Strong Perf.
23,10,137.3,98.0,18.7,3.00,Strong Perf.
5,2,137.3,98.0,18.7,3.00,Strong Perf.
20,9,137.3,98.0,18.7,3.00,Strong Perf.
33,16,137.3,98.0,18.7,3.00,Strong Perf.
34,16,137.3,98.0,18.7,3.00,Strong Perf.
28,14,137.3,98.0,18.7,3.00,Strong Perf.
19,10,137.3,98.0,18.7,3.00,Strong Perf.
11,6,137.3,98.0,18.7,3.00,Strong Perf.
6,4,137.3,98.0,18.7,3.00,Strong Perf.
4,3,137.3,98.0,18.7,3.00,Strong Perf.
3,3,137.3,98.0,18.7,3.00,Strong Perf.
3,3,137.3,98.0,18.7,3.00,Strong Perf.
4,4,137.3,98.0,18.7,3.00,Strong Perf.
4,4,137.3,98.0,18.7,3.00,Strong Perf.
4,4,137.3,98.0,18.7,3.00,Strong Perf.
5,5,137.3,98.0,18.7,3.00,Strong Perf.
5,5,137.3,98.0,18.7,3.00,Strong Perf.
13,9,137.3,98.0,18.7,3.00,Strong Perf.
35,20,137.3,98.0,18.7,3.00,Strong Perf.
66,35,137.3,98.0,18.7,3.00,Strong Perf.
69,37,137.3,98.0,18.7,3.00,Strong Perf.
44,25,137.3,98.0,18.7,3.00,Strong Perf.
25,16,137.3,98.0,18.7,3.00,Strong Perf.
16,11,137.3,98.0,18.7,3.00,Strong Perf.
47,27,137.3,98.0,18.7,3.00,Strong Perf.
48,27,137.3,98.0,18.7,3.00,Strong Perf.
40,23,137.3,98.0,18.7,3.00,Strong Perf.
29,18,137.3,98.0,18.7,3.00,Strong Perf.
19,14,137.3,98.0,18.7,3.00,Strong Perf.
14,11,137.3,98.0,18.7,3.00,Strong Perf.
11,10,137.3,98.0,18.7,3.00,Strong Perf.
10,10,137.3,98.0,18.7,3.00,Strong Perf.
10,10,137.3,98.0,18.7,3.00,Strong Perf.
10,10,137.3,98.0,18.7,3.00,Strong Perf.
10,10,137.3,98.0,18.7,3.00,Strong Perf.
10,10,137.3,98.0,18.7,3.00,Strong Perf.
10,10,137.3,98.0,18.7,3.00,Strong Perf.
10,10,137.3,98.0,18.7,3.00,Strong Perf.
16,13,137.3,98.0,18.7,3.00,Strong Perf.
35,22,137.3,98.0,18.7,3.00,Strong Perf.
67,38,137.3,98.0,18.7,3.00,Strong Perf.
82,45,137.3,98.0,18.7,3.00,Strong Perf.
62,36,137.3,98.0,18.7,3.00,Strong Perf.
39,24,137.3,98.0,18.7,3.00,Strong Perf.
16,13,137.3,98.0,18.7,3.00,Strong Perf.
37,23,137.3,98.0,18.7,3.00,Strong Perf.
51,30,137.3,98.0,18.7,3.00,Strong Perf.
52,30,137.3,98.0,18.7,3.00,Strong Perf.
45,27,137.3,98.0,18.7,3.00,Strong Perf.
34,22,137.3,98.0,18.7,3.00,Strong Perf.
24,17,137.3,98.0,18.7,3.00,Strong Perf.
17,13,137.3,98.0,18.7,3.00,Strong Perf.
12,11,137.3,98.0,18.7,3.00,Strong Perf.
11,10,137.3,98.0,18.7,3.00,Strong Perf.
10,10,137.3,98.0,18.7,3.00,Strong Perf.
9,9,137.3,98.0,18.7,3.00,Strong Perf.
9,9,137.3,98.0,18.7,3.00,Strong Perf.
9,9,137.3,98.0,18.7,3.00,Strong Perf.
9,9,137.3,98.0,18.7,3.00,Strong Perf.
8,8,137.3,98.0,18.7,3.00,Strong Perf.
8,8,137.3,98.0,18.7,3.00,Strong Perf.
