time_s,ir_v,red_v
0.0,1.5,1.5
0.01,1.5005147675916795,1.500247088444006
0.02,1.5022166018739473,1.5010639688994947
0.03,1.5049469490701373,1.502374535553666
0.04,1.507619309728583,1.5036572686697198
0.05,1.509727523321546,1.504669211194342
0.06,1.512198220201058,1.505855145696508
0.07,1.5150216581713725,1.507210395922259
0.08,1.5181633656698716,1.5087184155215385
0.09,1.5215613533260601,1.5103494495965089
0.1,1.5251258574589375,1.51206041158029
0.11,1.5287423005798073,1.5137963042783076
0.12,1.5322777954541835,1.515493341818008
0.13,1.5355910025919128,1.5170836812441182
0.14,1.5385445437156327,1.5185013809835037
0.15,1.5410185827190557,1.5196889197051469
0.16,1.5429237403134695,1.5206033953504654
0.17,1.5442113334914533,1.5212214400758977
0.18,1.5448791130433714,1.5215419742608183
0.19,1.5449712315216495,1.5215861911303918
0.2,1.544572046087563,1.5213945821220303
0.21,1.5437944001455957,1.521021312069886
0.22,1.5427640328869703,1.5205267357857457
0.23,1.5416025222851433,1.5199692106968687
0.24,1.5404114989546516,1.5193975194982328
0.25,1.539260684775786,1.5188451286923772
0.26,1.5381816326183786,1.5183271836568217
0.27,1.5371680047682628,1.517840642288766
0.28,1.5361820428047754,1.5173673805462922
0.29,1.5351657968565589,1.5168795824911483
0.3,1.5340549158301962,1.516346359598494
0.31,1.5327924924698197,1.5157403963855136
0.32,1.5313406406458097,1.5150435075099886
0.33,1.529688081579822,1.5142502791583146
0.34,1.5278528730818786,1.5133693790793017
0.35,1.5258803351866574,1.5124225608895956
0.36,1.5238370208414105,1.5114417700038771
0.37,1.521802115924277,1.510465015643653
0.38,1.5198578664829894,1.509531775911835
0.39,1.5180805356621232,1.5086786571178192
0.4,1.516533060907383,1.507935869235544
0.41,1.5152601192247197,1.5073248572278655
0.42,1.514285824069845,1.5068571955535257
0.43,1.5136138616393118,1.5065346535868696
0.44,1.5132295829362492,1.5063501998093995
0.45,1.5131034199783022,1.506289641589585
0.46,1.5131949775115854,1.506333589205561
0.47,1.5134572327358864,1.5064594717132254
0.48,1.5138404137451924,1.5066433985976924
0.49,1.5142952837305004,1.5068617361906402
0.5,1.514775702529663,1.5070923372142384
0.51,1.5152404516529925,1.5073154167934364
0.52,1.5156543865182255,1.5075141055287482
0.53,1.5159890219884633,1.5076747305544624
0.54,1.5162226713493951,1.5077868822477096
0.55,1.5163402535522486,1.5078433217050793
0.56,1.5163328674959329,1.5078397763980478
0.57,1.516197212182549,1.5077746618476235
0.58,1.5159349123534147,1.5076487579296391
0.59,1.5155517931685032,1.5074648607208816
0.6,1.5150571354494735,1.5072274250157474
0.61,1.5144629347128482,1.506942208662167
0.62,1.513783181876448,1.506615927300695
0.63,1.5130331801741734,1.5062559264836033
0.64,1.5122289105929858,1.5058698770846333
0.65,1.5113864563848256,1.5054654990647163
0.66,1.510521495468001,1.5050503178246406
0.67,1.509648867586198,1.5046314564413752
0.68,1.5087822208683677,1.5042154660168165
0.69,1.5079337399708057,1.5038081951859867
0.7,1.5071139553937352,1.503414698588993
0.71,1.5063316309926085,1.503039182876452
0.72,1.5055937243009785,1.5026849876644697
0.73,1.504905412187539,1.5023545978500188
0.74,1.5042701727000714,1.5020496828960341
0.75,1.5036899127844863,1.5017711581365534
0.76,1.5031651309494456,1.501519262855734
0.77,1.5022739938964498,1.5010915170702959
0.78,1.5011390432115799,1.5005467407415582
0.79,1.5002986742700042,1.500143363649602
0.8,1.5,1.5
0.81,1.5005147675916795,1.500247088444006
0.82,1.5022166018739473,1.5010639688994947
0.83,1.5049469490701373,1.502374535553666
0.84,1.507619309728583,1.5036572686697198
0.85,1.509727523321546,1.504669211194342
0.86,1.512198220201058,1.505855145696508
0.87,1.5150216581713725,1.507210395922259
0.88,1.5181633656698716,1.5087184155215385
0.89,1.5215613533260601,1.5103494495965089
0.9,1.5251258574589375,1.51206041158029
0.91,1.5287423005798073,1.5137963042783076
0.92,1.5322777954541835,1.515493341818008
0.93,1.5355910025919128,1.5170836812441182
0.94,1.5385445437156327,1.5185013809835037
0.95,1.5410185827190557,1.5196889197051469
0.96,1.5429237403134695,1.5206033953504654
0.97,1.5442113334914533,1.5212214400758977
0.98,1.5448791130433714,1.5215419742608183
0.99,1.5449712315216495,1.5215861911303918
1.0,1.544572046087563,1.5213945821220303
1.01,1.5437944001455957,1.521021312069886
1.02,1.5427640328869703,1.5205267357857457
1.03,1.5416025222851433,1.5199692106968687
1.04,1.5404114989546516,1.5193975194982328
1.05,1.539260684775786,1.5188451286923772
1.06,1.5381816326183786,1.5183271836568217
1.07,1.5371680047682628,1.5178406422887663
1.08,1.5361820428047752,1.5173673805462922
1.09,1.5351657968565589,1.5168795824911483
1.1,1.5340549158301962,1.516346359598494
1.11,1.5327924924698197,1.5157403963855134
1.12,1.5313406406458097,1.5150435075099886
1.13,1.529688081579822,1.5142502791583146
1.14,1.5278528730818786,1.5133693790793017
1.15,1.5258803351866574,1.5124225608895956
1.16,1.5238370208414105,1.5114417700038771
1.17,1.521802115924277,1.510465015643653
1.18,1.5198578664829894,1.509531775911835
1.19,1.5180805356621232,1.5086786571178192
1.2,1.516533060907383,1.507935869235544
1.21,1.5152601192247197,1.5073248572278655
1.22,1.514285824069845,1.5068571955535257
1.23,1.5136138616393118,1.5065346535868696
1.24,1.5132295829362492,1.5063501998093995
1.25,1.5131034199783022,1.506289641589585
1.26,1.5131949775115854,1.506333589205561
1.27,1.5134572327358864,1.5064594717132254
1.28,1.5138404137451924,1.5066433985976924
1.29,1.5142952837305004,1.5068617361906402
1.3,1.514775702529663,1.5070923372142384
1.31,1.5152404516529925,1.5073154167934364
1.32,1.5156543865182255,1.5075141055287482
1.33,1.5159890219884633,1.5076747305544624
1.34,1.5162226713493951,1.5077868822477096
1.35,1.5163402535522486,1.5078433217050793
1.36,1.5163328674959329,1.5078397763980478
1.37,1.516197212182549,1.5077746618476235
1.38,1.5159349123534147,1.5076487579296391
1.39,1.5155517931685032,1.5074648607208816
1.4,1.5150571354494735,1.5072274250157474
1.41,1.5144629347128482,1.506942208662167
1.42,1.513783181876448,1.506615927300695
1.43,1.5130331801741734,1.5062559264836033
1.44,1.5122289105929858,1.5058698770846333
1.45,1.5113864563848256,1.5054654990647163
1.46,1.510521495468001,1.5050503178246406
1.47,1.509648867586198,1.5046314564413752
1.48,1.5087822208683677,1.5042154660168165
1.49,1.5079337399708057,1.5038081951859867
1.5,1.5071139553937352,1.503414698588993
1.51,1.5063316309926085,1.503039182876452
1.52,1.5055937243009785,1.5026849876644697
1.53,1.504905412187539,1.5023545978500188
1.54,1.5042701727000714,1.5020496828960341
1.55,1.5036899127844863,1.5017711581365534
1.56,1.5031651309494456,1.501519262855734
1.57,1.5022739938964498,1.5010915170702959
1.58,1.5011390432115799,1.5005467407415582
1.59,1.5002986742700042,1.500143363649602
1.6,1.5,1.5
1.61,1.5005147675916795,1.500247088444006
1.62,1.5022166018739476,1.501063968899495
1.63,1.5049469490701373,1.502374535553666
1.64,1.5076193097285828,1.5036572686697198
1.65,1.509727523321546,1.504669211194342
1.66,1.5121982202010582,1.505855145696508
1.67,1.5150216581713725,1.507210395922259
1.68,1.5181633656698716,1.5087184155215385
1.69,1.5215613533260601,1.5103494495965089
1.7,1.5251258574589375,1.51206041158029
1.71,1.5287423005798073,1.5137963042783076
1.72,1.5322777954541835,1.515493341818008
1.73,1.5355910025919128,1.5170836812441182
1.74,1.5385445437156327,1.5185013809835037
1.75,1.5410185827190557,1.5196889197051469
1.76,1.5429237403134695,1.5206033953504654
1.77,1.5442113334914533,1.5212214400758977
1.78,1.5448791130433714,1.5215419742608183
1.79,1.5449712315216495,1.5215861911303918
1.8,1.544572046087563,1.5213945821220303
1.81,1.5437944001455957,1.521021312069886
1.82,1.5427640328869703,1.5205267357857457
1.83,1.5416025222851433,1.5199692106968687
1.84,1.5404114989546516,1.5193975194982328
1.85,1.539260684775786,1.5188451286923772
1.86,1.5381816326183786,1.5183271836568217
1.87,1.5371680047682628,1.5178406422887663
1.88,1.5361820428047752,1.5173673805462922
1.89,1.5351657968565589,1.5168795824911483
1.9,1.5340549158301962,1.516346359598494
1.91,1.5327924924698197,1.5157403963855134
1.92,1.5313406406458097,1.5150435075099886
1.93,1.529688081579822,1.5142502791583146
1.94,1.5278528730818786,1.5133693790793017
1.95,1.5258803351866574,1.5124225608895956
1.96,1.5238370208414105,1.5114417700038771
1.97,1.521802115924277,1.510465015643653
1.98,1.5198578664829894,1.509531775911835
1.99,1.5180805356621234,1.5086786571178192
2.0,1.516533060907383,1.507935869235544
2.01,1.5152601192247197,1.5073248572278655
2.02,1.514285824069845,1.5068571955535257
2.03,1.5136138616393118,1.5065346535868696
2.04,1.5132295829362492,1.5063501998093995
2.05,1.5131034199783022,1.506289641589585
2.06,1.5131949775115854,1.506333589205561
2.07,1.5134572327358864,1.5064594717132254
2.08,1.5138404137451924,1.5066433985976924
2.09,1.5142952837305004,1.5068617361906402
2.1,1.514775702529663,1.5070923372142384
2.11,1.5152404516529925,1.5073154167934364
2.12,1.5156543865182255,1.5075141055287482
2.13,1.5159890219884633,1.5076747305544624
2.14,1.5162226713493951,1.5077868822477096
2.15,1.5163402535522486,1.5078433217050793
2.16,1.5163328674959329,1.5078397763980478
2.17,1.516197212182549,1.5077746618476235
2.18,1.5159349123534147,1.5076487579296391
2.19,1.5155517931685032,1.5074648607208816
2.2,1.5150571354494735,1.5072274250157474
2.21,1.5144629347128482,1.506942208662167
2.22,1.5137831818764478,1.506615927300695
2.23,1.5130331801741734,1.5062559264836033
2.24,1.5122289105929858,1.5058698770846333
2.25,1.5113864563848256,1.5054654990647163
2.26,1.510521495468001,1.5050503178246406
2.27,1.509648867586198,1.5046314564413752
2.28,1.5087822208683677,1.5042154660168165
2.29,1.5079337399708057,1.5038081951859867
2.3,1.5071139553937352,1.503414698588993
2.31,1.5063316309926085,1.503039182876452
2.32,1.5055937243009785,1.5026849876644697
2.33,1.504905412187539,1.5023545978500188
2.34,1.5042701727000714,1.5020496828960341
2.35,1.5036899127844863,1.5017711581365534
2.36,1.5031651309494456,1.501519262855734
2.37,1.5022739938964498,1.5010915170702959
2.38,1.5011390432115799,1.5005467407415582
2.39,1.5002986742700042,1.500143363649602
2.4,1.5,1.5
2.41,1.5005147675916795,1.500247088444006
2.42,1.5022166018739473,1.5010639688994947
2.43,1.5049469490701373,1.502374535553666
2.44,1.5076193097285828,1.5036572686697198
2.45,1.509727523321546,1.504669211194342
2.46,1.5121982202010582,1.505855145696508
2.47,1.5150216581713727,1.507210395922259
2.48,1.5181633656698716,1.5087184155215385
2.49,1.5215613533260601,1.5103494495965089
2.5,1.5251258574589375,1.51206041158029
2.51,1.528742300579807,1.5137963042783074
2.52,1.5322777954541835,1.515493341818008
2.53,1.5355910025919128,1.5170836812441182
2.54,1.5385445437156327,1.5185013809835037
2.55,1.5410185827190557,1.5196889197051469
2.56,1.5429237403134695,1.5206033953504654
2.57,1.5442113334914533,1.5212214400758977
2.58,1.5448791130433714,1.5215419742608183
2.59,1.5449712315216495,1.5215861911303918
2.6,1.544572046087563,1.5213945821220303
2.61,1.5437944001455957,1.521021312069886
2.62,1.5427640328869703,1.5205267357857457
2.63,1.5416025222851433,1.5199692106968687
2.64,1.5404114989546516,1.5193975194982328
2.65,1.539260684775786,1.5188451286923772
2.66,1.5381816326183786,1.5183271836568217
2.67,1.5371680047682628,1.5178406422887663
2.68,1.5361820428047752,1.5173673805462922
2.69,1.5351657968565589,1.5168795824911483
2.7,1.5340549158301962,1.516346359598494
2.71,1.5327924924698197,1.5157403963855134
2.72,1.5313406406458094,1.5150435075099886
2.73,1.529688081579822,1.5142502791583146
2.74,1.5278528730818786,1.5133693790793017
2.75,1.5258803351866574,1.5124225608895956
2.76,1.5238370208414105,1.5114417700038771
2.77,1.521802115924277,1.510465015643653
2.78,1.5198578664829894,1.509531775911835
2.79,1.5180805356621234,1.5086786571178192
2.8,1.516533060907383,1.507935869235544
2.81,1.5152601192247197,1.5073248572278655
2.82,1.514285824069845,1.5068571955535257
2.83,1.5136138616393118,1.5065346535868696
2.84,1.5132295829362492,1.5063501998093995
2.85,1.5131034199783022,1.506289641589585
2.86,1.5131949775115854,1.506333589205561
2.87,1.5134572327358864,1.5064594717132254
2.88,1.5138404137451924,1.5066433985976924
2.89,1.5142952837305004,1.5068617361906402
2.9,1.514775702529663,1.5070923372142384
2.91,1.5152404516529925,1.5073154167934364
2.92,1.5156543865182255,1.5075141055287482
2.93,1.5159890219884633,1.5076747305544624
2.94,1.5162226713493951,1.5077868822477096
2.95,1.5163402535522486,1.5078433217050793
2.96,1.5163328674959329,1.5078397763980478
2.97,1.516197212182549,1.5077746618476235
2.98,1.5159349123534147,1.5076487579296391
2.99,1.5155517931685032,1.5074648607208816
3.0,1.5150571354494735,1.5072274250157474
3.01,1.5144629347128482,1.506942208662167
3.02,1.513783181876448,1.506615927300695
3.03,1.5130331801741734,1.5062559264836033
3.04,1.5122289105929858,1.5058698770846333
3.05,1.5113864563848256,1.5054654990647163
3.06,1.510521495468001,1.5050503178246406
3.07,1.509648867586198,1.5046314564413752
3.08,1.5087822208683677,1.5042154660168165
3.09,1.5079337399708057,1.5038081951859867
3.1,1.5071139553937352,1.503414698588993
3.11,1.5063316309926085,1.503039182876452
3.12,1.5055937243009785,1.5026849876644697
3.13,1.504905412187539,1.5023545978500188
3.14,1.5042701727000714,1.5020496828960341
3.15,1.5036899127844863,1.5017711581365534
3.16,1.5031651309494456,1.501519262855734
3.17,1.5022739938964498,1.5010915170702959
3.18,1.5011390432115799,1.5005467407415582
3.19,1.5002986742700042,1.500143363649602
3.2,1.5,1.5
3.21,1.5005147675916795,1.500247088444006
3.22,1.5022166018739476,1.501063968899495
3.23,1.5049469490701373,1.502374535553666
3.24,1.507619309728583,1.5036572686697198
3.25,1.509727523321546,1.504669211194342
3.26,1.512198220201058,1.505855145696508
3.27,1.5150216581713727,1.507210395922259
3.28,1.5181633656698716,1.5087184155215383
3.29,1.5215613533260601,1.5103494495965089
3.3,1.5251258574589375,1.51206041158029
3.31,1.5287423005798073,1.5137963042783076
3.32,1.5322777954541837,1.515493341818008
3.33,1.5355910025919128,1.5170836812441182
3.34,1.5385445437156327,1.5185013809835037
3.35,1.5410185827190557,1.5196889197051469
3.36,1.5429237403134695,1.5206033953504654
3.37,1.5442113334914533,1.5212214400758977
3.38,1.5448791130433714,1.5215419742608183
3.39,1.5449712315216495,1.5215861911303918
3.4,1.544572046087563,1.5213945821220303
3.41,1.5437944001455957,1.521021312069886
3.42,1.5427640328869703,1.5205267357857457
3.43,1.5416025222851435,1.5199692106968687
3.44,1.5404114989546516,1.5193975194982328
3.45,1.539260684775786,1.5188451286923772
3.46,1.5381816326183786,1.5183271836568217
3.47,1.5371680047682628,1.517840642288766
3.48,1.5361820428047754,1.5173673805462922
3.49,1.5351657968565589,1.5168795824911483
3.5,1.5340549158301962,1.516346359598494
3.51,1.5327924924698197,1.5157403963855134
3.52,1.5313406406458094,1.5150435075099886
3.53,1.529688081579822,1.5142502791583146
3.54,1.5278528730818786,1.5133693790793017
3.55,1.5258803351866574,1.5124225608895956
3.56,1.5238370208414105,1.5114417700038771
3.57,1.5218021159242767,1.5104650156436528
3.58,1.5198578664829894,1.509531775911835
3.59,1.5180805356621234,1.5086786571178192
3.6,1.516533060907383,1.507935869235544
3.61,1.5152601192247197,1.5073248572278655
3.62,1.514285824069845,1.5068571955535255
3.63,1.5136138616393118,1.5065346535868696
3.64,1.5132295829362492,1.5063501998093995
3.65,1.5131034199783022,1.506289641589585
3.66,1.5131949775115854,1.506333589205561
3.67,1.5134572327358864,1.5064594717132254
3.68,1.5138404137451922,1.5066433985976924
3.69,1.5142952837305004,1.5068617361906402
3.7,1.514775702529663,1.5070923372142384
3.71,1.5152404516529925,1.5073154167934364
3.72,1.5156543865182255,1.5075141055287482
3.73,1.5159890219884633,1.5076747305544624
3.74,1.5162226713493951,1.5077868822477096
3.75,1.5163402535522486,1.5078433217050793
3.76,1.5163328674959329,1.5078397763980478
3.77,1.516197212182549,1.5077746618476235
3.78,1.5159349123534147,1.5076487579296391
3.79,1.5155517931685032,1.5074648607208816
3.8,1.5150571354494735,1.5072274250157474
3.81,1.5144629347128482,1.506942208662167
3.82,1.5137831818764478,1.506615927300695
3.83,1.5130331801741734,1.5062559264836033
3.84,1.5122289105929858,1.5058698770846333
3.85,1.5113864563848256,1.5054654990647163
3.86,1.510521495468001,1.5050503178246406
3.87,1.509648867586198,1.5046314564413752
3.88,1.5087822208683677,1.5042154660168165
3.89,1.5079337399708057,1.5038081951859867
3.9,1.5071139553937352,1.503414698588993
3.91,1.5063316309926085,1.503039182876452
3.92,1.5055937243009785,1.5026849876644697
3.93,1.504905412187539,1.5023545978500188
3.94,1.5042701727000714,1.5020496828960341
3.95,1.5036899127844863,1.5017711581365534
3.96,1.5031651309494456,1.501519262855734
3.97,1.5022739938964498,1.5010915170702959
3.98,1.5011390432115799,1.5005467407415582
3.99,1.5002986742700042,1.500143363649602
4.0,1.5,1.5
4.01,1.5005147675916795,1.500247088444006
4.02,1.5022166018739473,1.5010639688994947
4.03,1.5049469490701373,1.502374535553666
4.04,1.5076193097285828,1.5036572686697198
4.05,1.509727523321546,1.504669211194342
4.06,1.512198220201058,1.505855145696508
4.07,1.5150216581713727,1.507210395922259
4.08,1.5181633656698716,1.5087184155215383
4.09,1.5215613533260601,1.5103494495965089
4.1,1.5251258574589375,1.51206041158029
4.11,1.5287423005798073,1.5137963042783076
4.12,1.5322777954541837,1.515493341818008
4.13,1.5355910025919128,1.5170836812441182
4.14,1.5385445437156327,1.5185013809835037
4.15,1.5410185827190557,1.5196889197051469
4.16,1.5429237403134695,1.5206033953504654
4.17,1.5442113334914533,1.5212214400758977
4.18,1.5448791130433714,1.5215419742608183
4.19,1.5449712315216495,1.5215861911303918
4.2,1.544572046087563,1.5213945821220303
4.21,1.5437944001455957,1.521021312069886
4.22,1.5427640328869703,1.5205267357857457
4.23,1.5416025222851433,1.5199692106968687
4.24,1.5404114989546516,1.5193975194982328
4.25,1.539260684775786,1.5188451286923772
4.26,1.5381816326183786,1.5183271836568217
4.27,1.5371680047682628,1.5178406422887663
4.28,1.5361820428047754,1.5173673805462922
4.29,1.5351657968565589,1.5168795824911483
4.3,1.5340549158301962,1.516346359598494
4.31,1.53279249246982,1.5157403963855136
4.32,1.5313406406458094,1.5150435075099886
4.33,1.529688081579822,1.5142502791583146
4.34,1.5278528730818786,1.5133693790793017
4.35,1.5258803351866574,1.5124225608895956
4.36,1.5238370208414105,1.5114417700038771
4.37,1.5218021159242767,1.5104650156436528
4.38,1.5198578664829894,1.509531775911835
4.39,1.5180805356621234,1.5086786571178192
4.4,1.516533060907383,1.507935869235544
4.41,1.5152601192247197,1.5073248572278655
4.42,1.514285824069845,1.5068571955535255
4.43,1.5136138616393118,1.5065346535868696
4.44,1.5132295829362492,1.5063501998093995
4.45,1.5131034199783022,1.506289641589585
4.46,1.5131949775115854,1.506333589205561
4.47,1.5134572327358864,1.5064594717132254
4.48,1.5138404137451924,1.5066433985976924
4.49,1.5142952837305004,1.5068617361906402
4.5,1.514775702529663,1.5070923372142384
4.51,1.5152404516529925,1.5073154167934364
4.52,1.5156543865182255,1.5075141055287482
4.53,1.5159890219884633,1.5076747305544624
4.54,1.5162226713493951,1.5077868822477096
4.55,1.5163402535522486,1.5078433217050793
4.56,1.5163328674959329,1.5078397763980478
4.57,1.516197212182549,1.5077746618476235
4.58,1.5159349123534147,1.5076487579296391
4.59,1.5155517931685032,1.5074648607208816
4.6,1.5150571354494735,1.5072274250157474
4.61,1.5144629347128482,1.506942208662167
4.62,1.5137831818764478,1.506615927300695
4.63,1.5130331801741734,1.5062559264836033
4.64,1.5122289105929858,1.5058698770846333
4.65,1.5113864563848256,1.5054654990647163
4.66,1.510521495468001,1.5050503178246406
4.67,1.509648867586198,1.5046314564413752
4.68,1.5087822208683677,1.5042154660168165
4.69,1.5079337399708057,1.5038081951859867
4.7,1.5071139553937352,1.503414698588993
4.71,1.5063316309926085,1.503039182876452
4.72,1.5055937243009785,1.5026849876644697
4.73,1.504905412187539,1.5023545978500186
4.74,1.5042701727000714,1.5020496828960341
4.75,1.5036899127844863,1.5017711581365534
4.76,1.5031651309494456,1.501519262855734
4.77,1.5022739938964498,1.5010915170702959
4.78,1.5011390432115799,1.5005467407415582
4.79,1.5002986742700042,1.500143363649602
4.8,1.5,1.5
4.81,1.5005147675916792,1.500247088444006
4.82,1.5022166018739476,1.501063968899495
4.83,1.5049469490701373,1.502374535553666
4.84,1.5076193097285828,1.5036572686697198
4.85,1.509727523321546,1.504669211194342
4.86,1.5121982202010582,1.505855145696508
4.87,1.5150216581713727,1.507210395922259
4.88,1.5181633656698716,1.5087184155215383
4.89,1.5215613533260601,1.5103494495965089
4.9,1.5251258574589375,1.51206041158029
4.91,1.5287423005798073,1.5137963042783076
4.92,1.5322777954541837,1.515493341818008
4.93,1.5355910025919128,1.5170836812441182
4.94,1.5385445437156329,1.5185013809835037
4.95,1.5410185827190557,1.5196889197051469
4.96,1.5429237403134695,1.5206033953504654
4.97,1.5442113334914533,1.5212214400758977
4.98,1.5448791130433714,1.5215419742608183
4.99,1.5449712315216495,1.5215861911303918
5.0,1.544572046087563,1.5213945821220303
5.01,1.5437944001455957,1.521021312069886
5.02,1.5427640328869703,1.5205267357857457
5.03,1.5416025222851435,1.5199692106968687
5.04,1.5404114989546516,1.5193975194982328
5.05,1.539260684775786,1.5188451286923772
5.06,1.5381816326183786,1.5183271836568217
5.07,1.5371680047682628,1.517840642288766
5.08,1.5361820428047754,1.5173673805462922
5.09,1.5351657968565589,1.5168795824911483
5.1,1.5340549158301962,1.516346359598494
5.11,1.5327924924698197,1.5157403963855134
5.12,1.5313406406458094,1.5150435075099886
5.13,1.529688081579822,1.5142502791583146
5.14,1.5278528730818786,1.5133693790793017
5.15,1.5258803351866574,1.5124225608895956
5.16,1.5238370208414105,1.5114417700038771
5.17,1.5218021159242767,1.5104650156436528
5.18,1.5198578664829894,1.509531775911835
5.19,1.5180805356621232,1.5086786571178192
5.2,1.516533060907383,1.507935869235544
5.21,1.5152601192247197,1.5073248572278655
5.22,1.514285824069845,1.5068571955535255
5.23,1.5136138616393118,1.5065346535868696
5.24,1.5132295829362492,1.5063501998093995
5.25,1.5131034199783022,1.506289641589585
5.26,1.5131949775115854,1.506333589205561
5.27,1.5134572327358864,1.5064594717132254
5.28,1.5138404137451922,1.5066433985976924
5.29,1.5142952837305004,1.5068617361906402
5.3,1.514775702529663,1.5070923372142384
5.31,1.5152404516529925,1.5073154167934364
5.32,1.5156543865182255,1.5075141055287482
5.33,1.5159890219884633,1.5076747305544624
5.34,1.5162226713493951,1.5077868822477096
5.35,1.5163402535522486,1.5078433217050793
5.36,1.5163328674959329,1.5078397763980478
5.37,1.516197212182549,1.5077746618476235
5.38,1.5159349123534147,1.5076487579296391
5.39,1.5155517931685032,1.5074648607208816
5.4,1.5150571354494735,1.5072274250157474
5.41,1.5144629347128482,1.506942208662167
5.42,1.5137831818764478,1.506615927300695
5.43,1.5130331801741734,1.5062559264836033
5.44,1.5122289105929858,1.5058698770846333
5.45,1.5113864563848256,1.5054654990647163
5.46,1.510521495468001,1.5050503178246406
5.47,1.509648867586198,1.5046314564413752
5.48,1.5087822208683677,1.5042154660168165
5.49,1.5079337399708057,1.5038081951859867
5.5,1.5071139553937352,1.503414698588993
5.51,1.5063316309926085,1.503039182876452
5.52,1.5055937243009785,1.5026849876644697
5.53,1.504905412187539,1.5023545978500188
5.54,1.5042701727000714,1.5020496828960341
5.55,1.5036899127844863,1.5017711581365534
5.56,1.5031651309494458,1.501519262855734
5.57,1.5022739938964498,1.5010915170702959
5.58,1.5011390432115799,1.5005467407415582
5.59,1.5002986742700042,1.500143363649602
5.6,1.5,1.5
5.61,1.5005147675916795,1.500247088444006
5.62,1.5022166018739476,1.501063968899495
5.63,1.5049469490701373,1.502374535553666
5.64,1.5076193097285828,1.5036572686697198
5.65,1.509727523321546,1.504669211194342
5.66,1.5121982202010582,1.505855145696508
5.67,1.5150216581713727,1.507210395922259
5.68,1.5181633656698716,1.5087184155215383
5.69,1.5215613533260604,1.5103494495965089
5.7,1.5251258574589375,1.51206041158029
5.71,1.5287423005798073,1.5137963042783076
5.72,1.5322777954541837,1.515493341818008
5.73,1.535591002591913,1.5170836812441182
5.74,1.5385445437156327,1.5185013809835037
5.75,1.5410185827190557,1.5196889197051469
5.76,1.5429237403134695,1.5206033953504654
5.77,1.5442113334914531,1.5212214400758974
5.78,1.5448791130433714,1.5215419742608183
5.79,1.5449712315216495,1.5215861911303918
5.8,1.544572046087563,1.5213945821220303
5.81,1.5437944001455957,1.521021312069886
5.82,1.5427640328869703,1.5205267357857457
5.83,1.5416025222851435,1.5199692106968687
5.84,1.5404114989546516,1.5193975194982328
5.85,1.539260684775786,1.5188451286923772
5.86,1.5381816326183786,1.5183271836568217
5.87,1.5371680047682628,1.517840642288766
5.88,1.5361820428047754,1.5173673805462922
5.89,1.5351657968565589,1.5168795824911483
5.9,1.5340549158301962,1.516346359598494
5.91,1.5327924924698197,1.5157403963855134
5.92,1.5313406406458094,1.5150435075099886
5.93,1.529688081579822,1.5142502791583146
5.94,1.5278528730818786,1.5133693790793017
5.95,1.5258803351866574,1.5124225608895956
5.96,1.5238370208414105,1.5114417700038771
5.97,1.5218021159242767,1.5104650156436528
5.98,1.5198578664829894,1.509531775911835
5.99,1.5180805356621234,1.5086786571178192
6.0,1.516533060907383,1.507935869235544
6.01,1.5152601192247197,1.5073248572278655
6.02,1.5142858240698451,1.5068571955535257
6.03,1.5136138616393118,1.5065346535868696
6.04,1.5132295829362492,1.5063501998093995
6.05,1.5131034199783022,1.506289641589585
6.06,1.5131949775115854,1.506333589205561
6.07,1.5134572327358864,1.5064594717132254
6.08,1.5138404137451922,1.5066433985976924
6.09,1.5142952837305004,1.5068617361906402
6.1,1.514775702529663,1.5070923372142384
6.11,1.5152404516529925,1.5073154167934364
6.12,1.5156543865182255,1.5075141055287482
6.13,1.5159890219884633,1.5076747305544624
6.14,1.5162226713493951,1.5077868822477096
6.15,1.5163402535522486,1.5078433217050793
6.16,1.5163328674959329,1.5078397763980478
6.17,1.516197212182549,1.5077746618476235
6.18,1.5159349123534147,1.5076487579296391
6.19,1.5155517931685032,1.5074648607208816
6.2,1.5150571354494735,1.5072274250157474
6.21,1.5144629347128482,1.506942208662167
6.22,1.5137831818764478,1.506615927300695
6.23,1.5130331801741734,1.5062559264836033
6.24,1.5122289105929858,1.5058698770846333
6.25,1.5113864563848256,1.5054654990647163
6.26,1.510521495468001,1.5050503178246406
6.27,1.5096488675861983,1.5046314564413752
6.28,1.5087822208683677,1.5042154660168165
6.29,1.5079337399708057,1.5038081951859867
6.3,1.5071139553937352,1.503414698588993
6.31,1.5063316309926085,1.503039182876452
6.32,1.5055937243009785,1.5026849876644697
6.33,1.504905412187539,1.5023545978500188
6.34,1.5042701727000714,1.5020496828960341
6.35,1.5036899127844863,1.5017711581365534
6.36,1.5031651309494456,1.501519262855734
6.37,1.5022739938964498,1.5010915170702959
6.38,1.5011390432115799,1.5005467407415582
6.39,1.5002986742700042,1.500143363649602
6.4,1.5,1.5
6.41,1.5005147675916792,1.500247088444006
6.42,1.5022166018739476,1.501063968899495
6.43,1.5049469490701373,1.502374535553666
6.44,1.507619309728583,1.5036572686697198
6.45,1.509727523321546,1.504669211194342
6.46,1.512198220201058,1.505855145696508
6.47,1.5150216581713727,1.507210395922259
6.48,1.518163365669872,1.5087184155215385
6.49,1.5215613533260604,1.5103494495965089
6.5,1.5251258574589375,1.51206041158029
6.51,1.528742300579807,1.5137963042783074
6.52,1.5322777954541833,1.5154933418180079
6.53,1.5355910025919128,1.5170836812441182
6.54,1.5385445437156329,1.5185013809835037
6.55,1.5410185827190557,1.5196889197051469
6.56,1.5429237403134695,1.5206033953504654
6.57,1.5442113334914533,1.5212214400758977
6.58,1.5448791130433714,1.5215419742608183
6.59,1.5449712315216495,1.5215861911303918
6.6,1.544572046087563,1.5213945821220303
6.61,1.5437944001455957,1.521021312069886
6.62,1.5427640328869703,1.5205267357857457
6.63,1.5416025222851435,1.5199692106968687
6.64,1.5404114989546516,1.5193975194982328
6.65,1.539260684775786,1.5188451286923772
6.66,1.5381816326183786,1.5183271836568217
6.67,1.5371680047682628,1.517840642288766
6.68,1.5361820428047754,1.5173673805462922
6.69,1.5351657968565589,1.5168795824911483
6.7,1.5340549158301962,1.516346359598494
6.71,1.53279249246982,1.5157403963855136
6.72,1.5313406406458094,1.5150435075099886
6.73,1.5296880815798217,1.5142502791583143
6.74,1.5278528730818786,1.5133693790793017
6.75,1.5258803351866574,1.5124225608895956
6.76,1.5238370208414107,1.5114417700038771
6.77,1.5218021159242772,1.510465015643653
6.78,1.5198578664829894,1.509531775911835
6.79,1.5180805356621232,1.5086786571178192
6.8,1.516533060907383,1.507935869235544
6.81,1.5152601192247197,1.5073248572278655
6.82,1.514285824069845,1.5068571955535255
6.83,1.5136138616393118,1.5065346535868696
6.84,1.5132295829362492,1.5063501998093995
6.85,1.5131034199783022,1.506289641589585
6.86,1.5131949775115854,1.506333589205561
6.87,1.5134572327358864,1.5064594717132254
6.88,1.5138404137451922,1.5066433985976924
6.89,1.5142952837305004,1.5068617361906402
6.9,1.514775702529663,1.5070923372142384
6.91,1.5152404516529925,1.5073154167934364
6.92,1.5156543865182255,1.5075141055287482
6.93,1.5159890219884633,1.5076747305544624
6.94,1.5162226713493951,1.5077868822477096
6.95,1.5163402535522486,1.5078433217050793
6.96,1.5163328674959329,1.5078397763980478
6.97,1.516197212182549,1.5077746618476235
6.98,1.5159349123534147,1.5076487579296391
6.99,1.5155517931685032,1.5074648607208816
7.0,1.5150571354494735,1.5072274250157474
7.01,1.5144629347128482,1.506942208662167
7.02,1.5137831818764478,1.506615927300695
7.03,1.5130331801741734,1.5062559264836033
7.04,1.5122289105929858,1.5058698770846333
7.05,1.5113864563848256,1.5054654990647163
7.06,1.5105214954680013,1.5050503178246406
7.07,1.509648867586198,1.5046314564413752
7.08,1.5087822208683677,1.5042154660168165
7.09,1.5079337399708057,1.5038081951859867
7.1,1.5071139553937352,1.503414698588993
7.11,1.5063316309926085,1.503039182876452
7.12,1.5055937243009785,1.5026849876644697
7.13,1.504905412187539,1.5023545978500188
7.14,1.5042701727000711,1.5020496828960341
7.15,1.5036899127844863,1.5017711581365534
7.16,1.5031651309494458,1.501519262855734
7.17,1.5022739938964498,1.5010915170702959
7.18,1.5011390432115799,1.5005467407415582
7.19,1.5002986742700042,1.500143363649602
7.2,1.5,1.5
7.21,1.5005147675916792,1.500247088444006
7.22,1.5022166018739476,1.501063968899495
7.23,1.5049469490701373,1.502374535553666
7.24,1.507619309728583,1.5036572686697198
7.25,1.509727523321546,1.504669211194342
7.26,1.512198220201058,1.505855145696508
7.27,1.5150216581713727,1.507210395922259
7.28,1.5181633656698716,1.5087184155215383
7.29,1.5215613533260604,1.5103494495965089
7.3,1.5251258574589375,1.51206041158029
7.31,1.528742300579807,1.5137963042783074
7.32,1.5322777954541837,1.515493341818008
7.33,1.5355910025919128,1.5170836812441182
7.34,1.5385445437156329,1.5185013809835037
7.35,1.5410185827190557,1.5196889197051469
7.36,1.5429237403134695,1.5206033953504654
7.37,1.5442113334914533,1.5212214400758977
7.38,1.5448791130433714,1.5215419742608183
7.39,1.5449712315216495,1.5215861911303918
7.4,1.544572046087563,1.5213945821220303
7.41,1.5437944001455957,1.521021312069886
7.42,1.5427640328869703,1.5205267357857457
7.43,1.5416025222851435,1.5199692106968687
7.44,1.5404114989546516,1.5193975194982328
7.45,1.539260684775786,1.5188451286923772
7.46,1.5381816326183786,1.5183271836568217
7.47,1.5371680047682628,1.517840642288766
7.48,1.5361820428047754,1.5173673805462922
7.49,1.5351657968565589,1.5168795824911483
7.5,1.5340549158301962,1.516346359598494
7.51,1.53279249246982,1.5157403963855136
7.52,1.5313406406458094,1.5150435075099886
7.53,1.529688081579822,1.5142502791583146
7.54,1.5278528730818786,1.5133693790793017
7.55,1.5258803351866574,1.5124225608895956
7.56,1.5238370208414107,1.5114417700038771
7.57,1.5218021159242767,1.5104650156436528
7.58,1.5198578664829894,1.509531775911835
7.59,1.5180805356621232,1.5086786571178192
7.6,1.516533060907383,1.507935869235544
7.61,1.5152601192247197,1.5073248572278655
7.62,1.514285824069845,1.5068571955535255
7.63,1.5136138616393118,1.5065346535868696
7.64,1.5132295829362492,1.5063501998093995
7.65,1.5131034199783022,1.506289641589585
7.66,1.5131949775115854,1.506333589205561
7.67,1.5134572327358864,1.5064594717132254
7.68,1.5138404137451922,1.5066433985976924
7.69,1.5142952837305004,1.5068617361906402
7.7,1.514775702529663,1.5070923372142384
7.71,1.5152404516529925,1.5073154167934364
7.72,1.5156543865182255,1.5075141055287482
7.73,1.5159890219884633,1.5076747305544624
7.74,1.5162226713493951,1.5077868822477096
7.75,1.5163402535522486,1.5078433217050793
7.76,1.5163328674959329,1.5078397763980478
7.77,1.516197212182549,1.5077746618476235
7.78,1.5159349123534147,1.5076487579296391
7.79,1.5155517931685032,1.5074648607208816
7.8,1.5150571354494735,1.5072274250157474
7.81,1.5144629347128482,1.506942208662167
7.82,1.5137831818764478,1.506615927300695
7.83,1.5130331801741734,1.5062559264836033
7.84,1.5122289105929858,1.5058698770846333
7.85,1.5113864563848256,1.5054654990647163
7.86,1.5105214954680013,1.5050503178246406
7.87,1.509648867586198,1.5046314564413752
7.88,1.5087822208683677,1.5042154660168165
7.89,1.5079337399708057,1.5038081951859867
7.9,1.5071139553937352,1.503414698588993
7.91,1.5063316309926085,1.503039182876452
7.92,1.5055937243009785,1.5026849876644697
7.93,1.504905412187539,1.5023545978500188
7.94,1.5042701727000711,1.5020496828960341
7.95,1.5036899127844863,1.5017711581365534
7.96,1.5031651309494458,1.501519262855734
7.97,1.5022739938964498,1.5010915170702959
7.98,1.5011390432115799,1.5005467407415582
7.99,1.5002986742700042,1.500143363649602
8.0,1.5,1.5
8.01,1.5005147675916792,1.500247088444006
8.02,1.5022166018739476,1.501063968899495
8.03,1.5049469490701373,1.502374535553666
8.04,1.5076193097285828,1.5036572686697198
8.05,1.509727523321546,1.504669211194342
8.06,1.512198220201058,1.505855145696508
8.07,1.5150216581713727,1.507210395922259
8.08,1.5181633656698716,1.5087184155215383
8.09,1.5215613533260604,1.5103494495965089
8.1,1.5251258574589375,1.51206041158029
8.11,1.528742300579807,1.5137963042783074
8.12,1.5322777954541833,1.5154933418180079
8.13,1.5355910025919133,1.5170836812441184
8.14,1.5385445437156329,1.5185013809835037
8.15,1.5410185827190557,1.5196889197051469
8.16,1.5429237403134695,1.5206033953504654
8.17,1.5442113334914533,1.5212214400758977
8.18,1.5448791130433714,1.5215419742608183
8.19,1.5449712315216495,1.5215861911303918
8.2,1.544572046087563,1.5213945821220303
8.21,1.5437944001455957,1.521021312069886
8.22,1.5427640328869703,1.5205267357857457
8.23,1.5416025222851435,1.5199692106968687
8.24,1.5404114989546516,1.5193975194982328
8.25,1.539260684775786,1.5188451286923772
8.26,1.5381816326183786,1.5183271836568217
8.27,1.5371680047682628,1.517840642288766
8.28,1.5361820428047754,1.5173673805462922
8.29,1.535165796856559,1.5168795824911483
8.3,1.5340549158301962,1.516346359598494
8.31,1.53279249246982,1.5157403963855136
8.32,1.5313406406458094,1.5150435075099886
8.33,1.529688081579822,1.5142502791583146
8.34,1.5278528730818786,1.5133693790793017
8.35,1.5258803351866574,1.5124225608895956
8.36,1.5238370208414107,1.5114417700038771
8.37,1.5218021159242772,1.510465015643653
8.38,1.5198578664829892,1.5095317759118347
8.39,1.5180805356621232,1.5086786571178192
8.4,1.516533060907383,1.507935869235544
8.41,1.5152601192247197,1.5073248572278655
8.42,1.514285824069845,1.5068571955535255
8.43,1.5136138616393118,1.5065346535868696
8.44,1.5132295829362492,1.5063501998093995
8.45,1.5131034199783022,1.506289641589585
8.46,1.5131949775115854,1.506333589205561
8.47,1.5134572327358864,1.5064594717132254
8.48,1.5138404137451922,1.5066433985976924
8.49,1.5142952837305004,1.5068617361906402
8.5,1.514775702529663,1.5070923372142384
8.51,1.5152404516529925,1.5073154167934364
8.52,1.5156543865182255,1.5075141055287482
8.53,1.5159890219884633,1.5076747305544624
8.54,1.5162226713493951,1.5077868822477096
8.55,1.5163402535522486,1.5078433217050793
8.56,1.5163328674959329,1.5078397763980478
8.57,1.516197212182549,1.5077746618476235
8.58,1.5159349123534147,1.5076487579296391
8.59,1.5155517931685032,1.5074648607208816
8.6,1.5150571354494735,1.5072274250157474
8.61,1.5144629347128482,1.506942208662167
8.62,1.513783181876448,1.506615927300695
8.63,1.5130331801741734,1.5062559264836033
8.64,1.5122289105929858,1.5058698770846333
8.65,1.5113864563848256,1.5054654990647163
8.66,1.5105214954680013,1.5050503178246406
8.67,1.509648867586198,1.5046314564413752
8.68,1.5087822208683677,1.5042154660168165
8.69,1.5079337399708057,1.5038081951859867
8.7,1.5071139553937352,1.503414698588993
8.71,1.5063316309926083,1.503039182876452
8.72,1.5055937243009785,1.5026849876644697
8.73,1.504905412187539,1.5023545978500188
8.74,1.5042701727000711,1.5020496828960341
8.75,1.5036899127844863,1.5017711581365534
8.76,1.5031651309494458,1.501519262855734
8.77,1.5022739938964498,1.5010915170702959
8.78,1.5011390432115799,1.5005467407415582
8.79,1.5002986742700042,1.500143363649602
8.8,1.5,1.5
8.81,1.5005147675916792,1.500247088444006
8.82,1.5022166018739476,1.501063968899495
8.83,1.5049469490701373,1.502374535553666
8.84,1.507619309728583,1.5036572686697198
8.85,1.509727523321546,1.504669211194342
8.86,1.512198220201058,1.505855145696508
8.87,1.5150216581713722,1.5072103959222587
8.88,1.518163365669872,1.5087184155215385
8.89,1.5215613533260604,1.5103494495965089
8.9,1.5251258574589375,1.51206041158029
8.91,1.528742300579807,1.5137963042783074
8.92,1.5322777954541837,1.515493341818008
8.93,1.5355910025919128,1.5170836812441182
8.94,1.5385445437156329,1.5185013809835037
8.95,1.5410185827190557,1.5196889197051469
8.96,1.5429237403134697,1.5206033953504654
8.97,1.5442113334914533,1.5212214400758977
8.98,1.5448791130433714,1.5215419742608183
8.99,1.5449712315216495,1.5215861911303918
9.0,1.544572046087563,1.5213945821220303
9.01,1.5437944001455957,1.521021312069886
9.02,1.5427640328869703,1.5205267357857457
9.03,1.5416025222851435,1.5199692106968687
9.04,1.5404114989546516,1.5193975194982328
9.05,1.539260684775786,1.5188451286923772
9.06,1.5381816326183786,1.5183271836568217
9.07,1.5371680047682628,1.517840642288766
9.08,1.5361820428047754,1.5173673805462922
9.09,1.5351657968565589,1.5168795824911483
9.1,1.5340549158301962,1.516346359598494
9.11,1.53279249246982,1.5157403963855136
9.12,1.5313406406458097,1.5150435075099886
9.13,1.5296880815798217,1.5142502791583143
9.14,1.5278528730818786,1.5133693790793017
9.15,1.5258803351866574,1.5124225608895956
9.16,1.5238370208414107,1.5114417700038771
9.17,1.5218021159242767,1.5104650156436528
9.18,1.5198578664829894,1.509531775911835
9.19,1.5180805356621232,1.5086786571178192
9.2,1.516533060907383,1.507935869235544
9.21,1.5152601192247197,1.5073248572278655
9.22,1.514285824069845,1.5068571955535255
9.23,1.5136138616393118,1.5065346535868696
9.24,1.5132295829362492,1.5063501998093995
9.25,1.5131034199783022,1.506289641589585
9.26,1.5131949775115854,1.506333589205561
9.27,1.5134572327358864,1.5064594717132254
9.28,1.5138404137451922,1.5066433985976924
9.29,1.5142952837305004,1.5068617361906402
9.3,1.514775702529663,1.5070923372142384
9.31,1.5152404516529925,1.5073154167934364
9.32,1.5156543865182255,1.5075141055287482
9.33,1.5159890219884633,1.5076747305544624
9.34,1.5162226713493951,1.5077868822477096
9.35,1.5163402535522486,1.5078433217050793
9.36,1.5163328674959329,1.5078397763980478
9.37,1.516197212182549,1.5077746618476235
9.38,1.5159349123534147,1.5076487579296391
9.39,1.5155517931685032,1.5074648607208816
9.4,1.5150571354494735,1.5072274250157474
9.41,1.5144629347128482,1.506942208662167
9.42,1.5137831818764478,1.506615927300695
9.43,1.5130331801741734,1.5062559264836033
9.44,1.5122289105929858,1.5058698770846333
9.45,1.5113864563848256,1.5054654990647163
9.46,1.510521495468001,1.5050503178246406
9.47,1.509648867586198,1.5046314564413752
9.48,1.5087822208683677,1.5042154660168165
9.49,1.5079337399708057,1.5038081951859867
9.5,1.5071139553937352,1.503414698588993
9.51,1.5063316309926085,1.503039182876452
9.52,1.5055937243009785,1.5026849876644697
9.53,1.504905412187539,1.5023545978500188
9.54,1.5042701727000714,1.5020496828960341
9.55,1.5036899127844863,1.5017711581365534
9.56,1.5031651309494458,1.501519262855734
9.57,1.5022739938964498,1.5010915170702959
9.58,1.5011390432115799,1.5005467407415582
9.59,1.5002986742700042,1.500143363649602
9.6,1.5,1.5
9.61,1.5005147675916792,1.500247088444006
9.62,1.5022166018739471,1.5010639688994947
9.63,1.5049469490701377,1.5023745355536662
9.64,1.507619309728583,1.5036572686697198
9.65,1.509727523321546,1.504669211194342
9.66,1.512198220201058,1.505855145696508
9.67,1.5150216581713727,1.507210395922259
9.68,1.5181633656698716,1.5087184155215383
9.69,1.5215613533260604,1.5103494495965089
9.7,1.5251258574589375,1.51206041158029
9.71,1.5287423005798075,1.5137963042783076
9.72,1.5322777954541837,1.515493341818008
9.73,1.5355910025919128,1.5170836812441182
9.74,1.5385445437156329,1.5185013809835037
9.75,1.5410185827190557,1.5196889197051469
9.76,1.5429237403134695,1.5206033953504654
9.77,1.5442113334914533,1.5212214400758977
9.78,1.5448791130433714,1.5215419742608183
9.79,1.5449712315216495,1.5215861911303918
9.8,1.544572046087563,1.5213945821220303
9.81,1.5437944001455957,1.521021312069886
9.82,1.5427640328869703,1.5205267357857457
9.83,1.5416025222851435,1.5199692106968687
9.84,1.5404114989546516,1.5193975194982328
9.85,1.539260684775786,1.5188451286923772
9.86,1.5381816326183786,1.5183271836568217
9.87,1.537168004768263,1.5178406422887663
9.88,1.5361820428047752,1.5173673805462922
9.89,1.5351657968565589,1.5168795824911483
9.9,1.5340549158301962,1.516346359598494
9.91,1.53279249246982,1.5157403963855136
9.92,1.5313406406458094,1.5150435075099886
9.93,1.529688081579822,1.5142502791583146
9.94,1.5278528730818786,1.5133693790793017
9.95,1.5258803351866574,1.5124225608895956
9.96,1.5238370208414103,1.511441770003877
9.97,1.5218021159242767,1.5104650156436528
9.98,1.5198578664829894,1.509531775911835
9.99,1.5180805356621232,1.5086786571178192
10.0,1.516533060907383,1.507935869235544
10.01,1.5152601192247197,1.5073248572278655
10.02,1.514285824069845,1.5068571955535255
10.03,1.5136138616393118,1.5065346535868696
10.04,1.5132295829362492,1.5063501998093998
10.05,1.5131034199783022,1.506289641589585
10.06,1.5131949775115854,1.506333589205561
10.07,1.5134572327358864,1.5064594717132254
10.08,1.5138404137451922,1.5066433985976924
10.09,1.5142952837305004,1.5068617361906402
10.1,1.514775702529663,1.5070923372142384
10.11,1.5152404516529925,1.5073154167934364
10.12,1.5156543865182255,1.5075141055287482
10.13,1.5159890219884633,1.5076747305544624
10.14,1.5162226713493951,1.5077868822477096
10.15,1.5163402535522486,1.5078433217050793
10.16,1.5163328674959329,1.5078397763980478
10.17,1.516197212182549,1.5077746618476235
10.18,1.5159349123534147,1.5076487579296391
10.19,1.5155517931685032,1.5074648607208816
10.2,1.5150571354494735,1.5072274250157474
10.21,1.514462934712848,1.506942208662167
10.22,1.5137831818764478,1.506615927300695
10.23,1.5130331801741734,1.5062559264836033
10.24,1.5122289105929858,1.5058698770846333
10.25,1.5113864563848256,1.5054654990647163
10.26,1.5105214954680013,1.5050503178246406
10.27,1.509648867586198,1.5046314564413752
10.28,1.5087822208683677,1.5042154660168165
10.29,1.5079337399708057,1.5038081951859867
10.3,1.5071139553937352,1.503414698588993
10.31,1.5063316309926085,1.503039182876452
10.32,1.5055937243009785,1.5026849876644697
10.33,1.504905412187539,1.5023545978500188
10.34,1.5042701727000711,1.5020496828960341
10.35,1.5036899127844863,1.5017711581365534
10.36,1.5031651309494458,1.501519262855734
10.37,1.50227399389645,1.5010915170702959
10.38,1.5011390432115796,1.5005467407415582
10.39,1.5002986742700042,1.500143363649602
10.4,1.5,1.5
10.41,1.5005147675916792,1.500247088444006
10.42,1.5022166018739476,1.501063968899495
10.43,1.5049469490701373,1.502374535553666
10.44,1.507619309728583,1.5036572686697198
10.45,1.509727523321546,1.504669211194342
10.46,1.5121982202010582,1.505855145696508
10.47,1.5150216581713727,1.507210395922259
10.48,1.5181633656698716,1.5087184155215383
10.49,1.5215613533260604,1.5103494495965089
10.5,1.5251258574589375,1.51206041158029
10.51,1.528742300579807,1.5137963042783074
10.52,1.5322777954541837,1.515493341818008
10.53,1.5355910025919128,1.5170836812441182
10.54,1.5385445437156324,1.5185013809835035
10.55,1.5410185827190557,1.5196889197051469
10.56,1.5429237403134695,1.5206033953504654
10.57,1.5442113334914533,1.5212214400758977
10.58,1.5448791130433714,1.5215419742608183
10.59,1.5449712315216495,1.5215861911303918
10.6,1.544572046087563,1.5213945821220303
10.61,1.5437944001455957,1.521021312069886
10.62,1.5427640328869705,1.520526735785746
10.63,1.5416025222851433,1.5199692106968687
10.64,1.5404114989546516,1.5193975194982328
10.65,1.539260684775786,1.5188451286923772
10.66,1.5381816326183786,1.5183271836568217
10.67,1.5371680047682628,1.517840642288766
10.68,1.5361820428047754,1.5173673805462922
10.69,1.5351657968565589,1.5168795824911483
10.7,1.5340549158301962,1.516346359598494
10.71,1.5327924924698197,1.5157403963855134
10.72,1.5313406406458094,1.5150435075099886
10.73,1.529688081579822,1.5142502791583146
10.74,1.5278528730818786,1.5133693790793017
10.75,1.5258803351866574,1.5124225608895956
10.76,1.5238370208414107,1.5114417700038771
10.77,1.5218021159242767,1.5104650156436528
10.78,1.5198578664829894,1.509531775911835
10.79,1.5180805356621234,1.5086786571178192
10.8,1.516533060907383,1.507935869235544
10.81,1.5152601192247197,1.5073248572278655
10.82,1.514285824069845,1.5068571955535255
10.83,1.5136138616393118,1.5065346535868696
10.84,1.5132295829362492,1.5063501998093995
10.85,1.5131034199783022,1.506289641589585
10.86,1.5131949775115854,1.506333589205561
10.87,1.5134572327358864,1.5064594717132254
10.88,1.5138404137451924,1.5066433985976924
10.89,1.5142952837305004,1.5068617361906402
10.9,1.514775702529663,1.5070923372142384
10.91,1.5152404516529925,1.5073154167934364
10.92,1.5156543865182255,1.5075141055287482
10.93,1.5159890219884633,1.5076747305544624
10.94,1.5162226713493951,1.5077868822477096
10.95,1.5163402535522486,1.5078433217050793
10.96,1.5163328674959329,1.5078397763980478
10.97,1.516197212182549,1.5077746618476235
10.98,1.5159349123534147,1.5076487579296391
10.99,1.5155517931685032,1.5074648607208816
11.0,1.5150571354494735,1.5072274250157474
11.01,1.5144629347128482,1.506942208662167
11.02,1.5137831818764478,1.506615927300695
11.03,1.5130331801741734,1.5062559264836033
11.04,1.512228910592986,1.5058698770846333
11.05,1.5113864563848256,1.5054654990647163
11.06,1.5105214954680013,1.5050503178246406
11.07,1.509648867586198,1.5046314564413752
11.08,1.5087822208683677,1.5042154660168165
11.09,1.5079337399708057,1.5038081951859867
11.1,1.5071139553937352,1.503414698588993
11.11,1.5063316309926085,1.503039182876452
11.12,1.5055937243009787,1.5026849876644697
11.13,1.504905412187539,1.5023545978500186
11.14,1.5042701727000711,1.5020496828960341
11.15,1.5036899127844863,1.5017711581365534
11.16,1.5031651309494458,1.501519262855734
11.17,1.5022739938964498,1.5010915170702959
11.18,1.5011390432115799,1.5005467407415582
11.19,1.5002986742700042,1.500143363649602
11.2,1.5,1.5
11.21,1.5005147675916795,1.5002470884440062
11.22,1.5022166018739476,1.501063968899495
11.23,1.5049469490701373,1.502374535553666
11.24,1.507619309728583,1.5036572686697198
11.25,1.509727523321546,1.504669211194342
11.26,1.512198220201058,1.505855145696508
11.27,1.5150216581713727,1.507210395922259
11.28,1.5181633656698716,1.5087184155215383
11.29,1.52156135332606,1.5103494495965086
11.3,1.5251258574589375,1.51206041158029
11.31,1.528742300579807,1.5137963042783074
11.32,1.5322777954541837,1.515493341818008
11.33,1.5355910025919128,1.5170836812441182
11.34,1.5385445437156329,1.5185013809835037
11.35,1.5410185827190557,1.5196889197051469
11.36,1.5429237403134695,1.5206033953504654
11.37,1.5442113334914531,1.5212214400758974
11.38,1.5448791130433714,1.5215419742608183
11.39,1.5449712315216495,1.5215861911303918
11.4,1.544572046087563,1.5213945821220303
11.41,1.5437944001455957,1.521021312069886
11.42,1.5427640328869703,1.5205267357857457
11.43,1.5416025222851435,1.5199692106968687
11.44,1.5404114989546516,1.5193975194982328
11.45,1.539260684775786,1.5188451286923772
11.46,1.5381816326183786,1.5183271836568217
11.47,1.5371680047682628,1.517840642288766
11.48,1.5361820428047754,1.5173673805462922
11.49,1.5351657968565589,1.5168795824911483
11.5,1.5340549158301962,1.516346359598494
11.51,1.53279249246982,1.5157403963855136
11.52,1.5313406406458094,1.5150435075099886
11.53,1.529688081579822,1.5142502791583146
11.54,1.5278528730818788,1.5133693790793017
11.55,1.5258803351866574,1.5124225608895956
11.56,1.5238370208414107,1.5114417700038771
11.57,1.5218021159242767,1.5104650156436528
11.58,1.5198578664829894,1.509531775911835
11.59,1.5180805356621232,1.5086786571178192
11.6,1.516533060907383,1.507935869235544
11.61,1.5152601192247197,1.5073248572278655
11.62,1.5142858240698451,1.5068571955535257
11.63,1.5136138616393118,1.5065346535868696
11.64,1.5132295829362492,1.5063501998093995
11.65,1.5131034199783022,1.506289641589585
11.66,1.5131949775115854,1.506333589205561
11.67,1.5134572327358864,1.5064594717132254
11.68,1.5138404137451922,1.5066433985976924
11.69,1.5142952837305004,1.5068617361906402
11.7,1.514775702529663,1.5070923372142384
11.71,1.5152404516529925,1.5073154167934364
11.72,1.5156543865182255,1.5075141055287482
11.73,1.5159890219884633,1.5076747305544624
11.74,1.5162226713493951,1.5077868822477096
11.75,1.5163402535522486,1.5078433217050793
11.76,1.5163328674959329,1.5078397763980478
11.77,1.516197212182549,1.5077746618476235
11.78,1.5159349123534147,1.5076487579296391
11.79,1.5155517931685032,1.5074648607208816
11.8,1.5150571354494735,1.5072274250157474
11.81,1.5144629347128482,1.506942208662167
11.82,1.5137831818764478,1.506615927300695
11.83,1.5130331801741734,1.5062559264836033
11.84,1.5122289105929858,1.5058698770846333
11.85,1.5113864563848256,1.5054654990647163
11.86,1.5105214954680013,1.5050503178246406
11.87,1.5096488675861983,1.5046314564413752
11.88,1.5087822208683677,1.5042154660168165
11.89,1.5079337399708057,1.5038081951859867
11.9,1.5071139553937352,1.503414698588993
11.91,1.5063316309926085,1.503039182876452
11.92,1.5055937243009785,1.5026849876644697
11.93,1.504905412187539,1.5023545978500188
11.94,1.5042701727000711,1.5020496828960341
11.95,1.5036899127844863,1.5017711581365534
11.96,1.5031651309494456,1.501519262855734
11.97,1.5022739938964498,1.5010915170702959
11.98,1.5011390432115799,1.5005467407415582
11.99,1.5002986742700042,1.500143363649602
12.0,1.5,1.5
12.01,1.5005147675916792,1.500247088444006
12.02,1.5022166018739476,1.501063968899495
12.03,1.5049469490701373,1.502374535553666
12.04,1.5076193097285828,1.5036572686697198
12.05,1.509727523321546,1.504669211194342
12.06,1.512198220201058,1.505855145696508
12.07,1.5150216581713727,1.507210395922259
12.08,1.5181633656698716,1.5087184155215383
12.09,1.5215613533260604,1.5103494495965089
12.1,1.5251258574589375,1.51206041158029
12.11,1.528742300579807,1.5137963042783074
12.12,1.5322777954541833,1.5154933418180079
12.13,1.5355910025919133,1.5170836812441184
12.14,1.5385445437156329,1.5185013809835037
12.15,1.5410185827190557,1.5196889197051469
12.16,1.5429237403134695,1.5206033953504654
12.17,1.5442113334914533,1.5212214400758977
12.18,1.5448791130433714,1.5215419742608183
12.19,1.5449712315216495,1.5215861911303918
12.2,1.544572046087563,1.5213945821220303
12.21,1.5437944001455957,1.521021312069886
12.22,1.5427640328869703,1.5205267357857457
12.23,1.5416025222851435,1.5199692106968687
12.24,1.5404114989546516,1.5193975194982328
12.25,1.539260684775786,1.5188451286923772
12.26,1.5381816326183786,1.5183271836568217
12.27,1.5371680047682628,1.517840642288766
12.28,1.5361820428047754,1.5173673805462922
12.29,1.535165796856559,1.5168795824911483
12.3,1.5340549158301962,1.516346359598494
12.31,1.53279249246982,1.5157403963855136
12.32,1.5313406406458094,1.5150435075099886
12.33,1.529688081579822,1.5142502791583146
12.34,1.5278528730818786,1.5133693790793017
12.35,1.5258803351866574,1.5124225608895956
12.36,1.5238370208414107,1.5114417700038771
12.37,1.5218021159242772,1.510465015643653
12.38,1.5198578664829892,1.5095317759118347
12.39,1.5180805356621232,1.5086786571178192
12.4,1.516533060907383,1.507935869235544
12.41,1.5152601192247197,1.5073248572278655
12.42,1.514285824069845,1.5068571955535255
12.43,1.5136138616393118,1.5065346535868696
12.44,1.5132295829362492,1.5063501998093995
12.45,1.5131034199783022,1.506289641589585
12.46,1.5131949775115854,1.506333589205561
12.47,1.5134572327358864,1.5064594717132254
12.48,1.5138404137451922,1.5066433985976924
12.49,1.5142952837305004,1.5068617361906402
12.5,1.514775702529663,1.5070923372142384
12.51,1.5152404516529925,1.5073154167934364
12.52,1.5156543865182255,1.5075141055287482
12.53,1.5159890219884633,1.5076747305544624
12.54,1.5162226713493951,1.5077868822477096
12.55,1.5163402535522486,1.5078433217050793
12.56,1.5163328674959329,1.5078397763980478
12.57,1.516197212182549,1.5077746618476235
12.58,1.5159349123534147,1.5076487579296391
12.59,1.5155517931685032,1.5074648607208816
12.6,1.5150571354494735,1.5072274250157474
12.61,1.5144629347128482,1.506942208662167
12.62,1.513783181876448,1.506615927300695
12.63,1.5130331801741734,1.5062559264836033
12.64,1.5122289105929858,1.5058698770846333
12.65,1.5113864563848256,1.5054654990647163
12.66,1.5105214954680013,1.5050503178246406
12.67,1.509648867586198,1.5046314564413752
12.68,1.5087822208683677,1.5042154660168165
12.69,1.5079337399708057,1.5038081951859867
12.7,1.5071139553937352,1.503414698588993
12.71,1.5063316309926083,1.503039182876452
12.72,1.5055937243009785,1.5026849876644697
12.73,1.504905412187539,1.5023545978500188
12.74,1.5042701727000711,1.5020496828960341
12.75,1.5036899127844863,1.5017711581365534
12.76,1.5031651309494458,1.501519262855734
12.77,1.5022739938964498,1.5010915170702959
12.78,1.5011390432115799,1.5005467407415582
12.79,1.5002986742700042,1.500143363649602
12.8,1.5,1.5
12.81,1.5005147675916792,1.500247088444006
12.82,1.5022166018739471,1.5010639688994947
12.83,1.5049469490701377,1.5023745355536662
12.84,1.507619309728583,1.5036572686697198
12.85,1.509727523321546,1.504669211194342
12.86,1.512198220201058,1.505855145696508
12.87,1.5150216581713722,1.5072103959222587
12.88,1.518163365669872,1.5087184155215385
12.89,1.5215613533260604,1.5103494495965089
12.9,1.5251258574589375,1.51206041158029
12.91,1.528742300579807,1.5137963042783074
12.92,1.5322777954541833,1.5154933418180079
12.93,1.5355910025919133,1.5170836812441184
12.94,1.5385445437156329,1.5185013809835037
12.95,1.5410185827190557,1.5196889197051469
12.96,1.54292374031347,1.5206033953504656
12.97,1.5442113334914531,1.5212214400758974
12.98,1.5448791130433714,1.5215419742608183
12.99,1.5449712315216495,1.5215861911303918
13.0,1.544572046087563,1.5213945821220303
13.01,1.5437944001455957,1.521021312069886
13.02,1.5427640328869705,1.520526735785746
13.03,1.5416025222851433,1.5199692106968687
13.04,1.5404114989546518,1.519397519498233
13.05,1.539260684775786,1.5188451286923772
13.06,1.5381816326183786,1.5183271836568217
13.07,1.537168004768263,1.5178406422887663
13.08,1.5361820428047752,1.5173673805462922
13.09,1.5351657968565589,1.5168795824911483
13.1,1.5340549158301962,1.516346359598494
13.11,1.53279249246982,1.5157403963855136
13.12,1.5313406406458097,1.5150435075099886
13.13,1.5296880815798217,1.5142502791583143
13.14,1.5278528730818786,1.5133693790793017
13.15,1.5258803351866574,1.5124225608895956
13.16,1.5238370208414107,1.5114417700038771
13.17,1.5218021159242772,1.510465015643653
13.18,1.5198578664829892,1.5095317759118347
13.19,1.5180805356621232,1.5086786571178192
13.2,1.516533060907383,1.507935869235544
13.21,1.5152601192247195,1.5073248572278652
13.22,1.5142858240698451,1.5068571955535257
13.23,1.5136138616393118,1.5065346535868696
13.24,1.5132295829362492,1.5063501998093995
13.25,1.5131034199783022,1.506289641589585
13.26,1.5131949775115854,1.506333589205561
13.27,1.5134572327358864,1.5064594717132254
13.28,1.5138404137451924,1.5066433985976924
13.29,1.5142952837305002,1.50686173619064
13.3,1.514775702529663,1.5070923372142384
13.31,1.5152404516529925,1.5073154167934364
13.32,1.5156543865182255,1.5075141055287482
13.33,1.5159890219884633,1.5076747305544624
13.34,1.5162226713493951,1.5077868822477096
13.35,1.5163402535522486,1.5078433217050793
13.36,1.5163328674959329,1.5078397763980478
13.37,1.516197212182549,1.5077746618476235
13.38,1.5159349123534147,1.5076487579296391
13.39,1.5155517931685032,1.5074648607208816
13.4,1.5150571354494735,1.5072274250157474
13.41,1.5144629347128482,1.506942208662167
13.42,1.513783181876448,1.506615927300695
13.43,1.5130331801741734,1.5062559264836033
13.44,1.5122289105929858,1.5058698770846333
13.45,1.5113864563848256,1.5054654990647163
13.46,1.5105214954680009,1.5050503178246404
13.47,1.5096488675861983,1.5046314564413752
13.48,1.5087822208683677,1.5042154660168165
13.49,1.5079337399708057,1.5038081951859867
13.5,1.5071139553937352,1.503414698588993
13.51,1.5063316309926085,1.503039182876452
13.52,1.5055937243009787,1.5026849876644697
13.53,1.504905412187539,1.5023545978500186
13.54,1.5042701727000714,1.5020496828960344
13.55,1.5036899127844863,1.5017711581365534
13.56,1.5031651309494458,1.501519262855734
13.57,1.50227399389645,1.5010915170702959
13.58,1.5011390432115796,1.5005467407415582
13.59,1.5002986742700042,1.500143363649602
13.6,1.5,1.5
13.61,1.5005147675916792,1.500247088444006
13.62,1.5022166018739471,1.5010639688994947
13.63,1.5049469490701377,1.5023745355536662
13.64,1.507619309728583,1.5036572686697198
13.65,1.509727523321546,1.504669211194342
13.66,1.512198220201058,1.505855145696508
13.67,1.5150216581713722,1.5072103959222587
13.68,1.518163365669872,1.5087184155215385
13.69,1.5215613533260604,1.5103494495965089
13.7,1.5251258574589375,1.51206041158029
13.71,1.528742300579807,1.5137963042783074
13.72,1.5322777954541833,1.5154933418180079
13.73,1.5355910025919133,1.5170836812441184
13.74,1.5385445437156329,1.5185013809835037
13.75,1.5410185827190557,1.5196889197051469
13.76,1.5429237403134695,1.5206033953504654
13.77,1.5442113334914531,1.5212214400758974
13.78,1.5448791130433714,1.5215419742608183
13.79,1.5449712315216495,1.5215861911303918
13.8,1.544572046087563,1.5213945821220303
13.81,1.5437944001455957,1.521021312069886
13.82,1.5427640328869705,1.520526735785746
13.83,1.5416025222851433,1.5199692106968687
13.84,1.5404114989546516,1.5193975194982328
13.85,1.539260684775786,1.5188451286923772
13.86,1.5381816326183786,1.5183271836568217
13.87,1.537168004768263,1.5178406422887663
13.88,1.5361820428047752,1.5173673805462922
13.89,1.5351657968565589,1.5168795824911483
13.9,1.5340549158301962,1.516346359598494
13.91,1.53279249246982,1.5157403963855136
13.92,1.5313406406458097,1.5150435075099886
13.93,1.5296880815798217,1.5142502791583143
13.94,1.5278528730818786,1.5133693790793017
13.95,1.5258803351866574,1.5124225608895956
13.96,1.5238370208414107,1.5114417700038771
13.97,1.5218021159242772,1.510465015643653
13.98,1.5198578664829892,1.5095317759118347
13.99,1.5180805356621232,1.5086786571178192
14.0,1.516533060907383,1.507935869235544
14.01,1.5152601192247197,1.5073248572278655
14.02,1.5142858240698451,1.5068571955535257
14.03,1.5136138616393118,1.5065346535868696
14.04,1.5132295829362492,1.5063501998093995
14.05,1.5131034199783022,1.506289641589585
14.06,1.5131949775115854,1.506333589205561
14.07,1.5134572327358864,1.5064594717132254
14.08,1.5138404137451924,1.5066433985976924
14.09,1.5142952837305004,1.5068617361906402
14.1,1.514775702529663,1.5070923372142384
14.11,1.5152404516529925,1.5073154167934364
14.12,1.5156543865182255,1.5075141055287482
14.13,1.5159890219884633,1.5076747305544624
14.14,1.5162226713493951,1.5077868822477096
14.15,1.5163402535522486,1.5078433217050793
14.16,1.5163328674959329,1.5078397763980478
14.17,1.516197212182549,1.5077746618476235
14.18,1.5159349123534147,1.5076487579296391
14.19,1.5155517931685032,1.5074648607208816
14.2,1.5150571354494735,1.5072274250157474
14.21,1.5144629347128482,1.506942208662167
14.22,1.513783181876448,1.506615927300695
14.23,1.5130331801741734,1.5062559264836033
14.24,1.5122289105929858,1.5058698770846333
14.25,1.5113864563848256,1.5054654990647163
14.26,1.5105214954680013,1.5050503178246406
14.27,1.5096488675861983,1.5046314564413752
14.28,1.5087822208683677,1.5042154660168165
14.29,1.5079337399708057,1.5038081951859867
14.3,1.5071139553937352,1.503414698588993
14.31,1.5063316309926085,1.503039182876452
14.32,1.5055937243009787,1.5026849876644697
14.33,1.504905412187539,1.5023545978500186
14.34,1.5042701727000711,1.5020496828960341
14.35,1.5036899127844863,1.5017711581365534
14.36,1.5031651309494458,1.501519262855734
14.37,1.50227399389645,1.5010915170702959
14.38,1.5011390432115796,1.5005467407415582
14.39,1.5002986742700042,1.500143363649602
14.4,1.5,1.5
14.41,1.5005147675916792,1.500247088444006
14.42,1.5022166018739471,1.5010639688994947
14.43,1.5049469490701377,1.5023745355536662
14.44,1.507619309728583,1.5036572686697198
14.45,1.509727523321546,1.504669211194342
14.46,1.512198220201058,1.505855145696508
14.47,1.5150216581713722,1.5072103959222587
14.48,1.518163365669872,1.5087184155215385
14.49,1.5215613533260604,1.5103494495965089
14.5,1.5251258574589375,1.51206041158029
14.51,1.528742300579807,1.5137963042783074
14.52,1.5322777954541833,1.5154933418180079
14.53,1.5355910025919133,1.5170836812441184
14.54,1.5385445437156329,1.5185013809835037
14.55,1.5410185827190557,1.5196889197051469
14.56,1.5429237403134695,1.5206033953504654
14.57,1.5442113334914531,1.5212214400758974
14.58,1.5448791130433714,1.5215419742608183
14.59,1.5449712315216495,1.5215861911303918
14.6,1.544572046087563,1.5213945821220303
14.61,1.5437944001455957,1.521021312069886
14.62,1.5427640328869705,1.520526735785746
14.63,1.5416025222851433,1.5199692106968687
14.64,1.5404114989546516,1.5193975194982328
14.65,1.539260684775786,1.5188451286923772
14.66,1.5381816326183786,1.5183271836568217
14.67,1.537168004768263,1.5178406422887663
14.68,1.5361820428047752,1.5173673805462922
14.69,1.5351657968565589,1.5168795824911483
14.7,1.5340549158301962,1.516346359598494
14.71,1.53279249246982,1.5157403963855136
14.72,1.5313406406458097,1.5150435075099886
14.73,1.5296880815798217,1.5142502791583143
14.74,1.5278528730818786,1.5133693790793017
14.75,1.5258803351866574,1.5124225608895956
14.76,1.5238370208414107,1.5114417700038771
14.77,1.5218021159242772,1.510465015643653
14.78,1.5198578664829892,1.5095317759118347
14.79,1.5180805356621232,1.5086786571178192
14.8,1.516533060907383,1.507935869235544
14.81,1.5152601192247197,1.5073248572278655
14.82,1.5142858240698451,1.5068571955535257
14.83,1.5136138616393118,1.5065346535868696
14.84,1.5132295829362492,1.5063501998093995
14.85,1.5131034199783022,1.506289641589585
14.86,1.5131949775115854,1.506333589205561
14.87,1.5134572327358864,1.5064594717132254
14.88,1.5138404137451924,1.5066433985976924
14.89,1.5142952837305004,1.5068617361906402
14.9,1.514775702529663,1.5070923372142384
14.91,1.5152404516529925,1.5073154167934364
14.92,1.5156543865182255,1.5075141055287482
14.93,1.5159890219884633,1.5076747305544624
14.94,1.5162226713493951,1.5077868822477096
14.95,1.5163402535522486,1.5078433217050793
14.96,1.5163328674959329,1.5078397763980478
14.97,1.516197212182549,1.5077746618476235
14.98,1.5159349123534147,1.5076487579296391
14.99,1.5155517931685032,1.5074648607208816
15.0,1.5150571354494735,1.5072274250157474
15.01,1.5144629347128482,1.506942208662167
15.02,1.513783181876448,1.506615927300695
15.03,1.5130331801741734,1.5062559264836033
15.04,1.5122289105929858,1.5058698770846333
15.05,1.5113864563848256,1.5054654990647163
15.06,1.5105214954680013,1.5050503178246406
15.07,1.5096488675861983,1.5046314564413752
15.08,1.5087822208683677,1.5042154660168165
15.09,1.5079337399708057,1.5038081951859867
15.1,1.5071139553937352,1.503414698588993
15.11,1.5063316309926085,1.503039182876452
15.12,1.5055937243009787,1.5026849876644697
15.13,1.504905412187539,1.5023545978500186
15.14,1.5042701727000711,1.5020496828960341
15.15,1.5036899127844863,1.5017711581365534
15.16,1.5031651309494458,1.501519262855734
15.17,1.50227399389645,1.5010915170702959
15.18,1.5011390432115796,1.5005467407415582
15.19,1.5002986742700042,1.500143363649602
15.2,1.5,1.5
15.21,1.5005147675916792,1.500247088444006
15.22,1.5022166018739471,1.5010639688994947
15.23,1.5049469490701377,1.5023745355536662
15.24,1.507619309728583,1.5036572686697198
15.25,1.509727523321546,1.504669211194342
15.26,1.512198220201058,1.505855145696508
15.27,1.5150216581713722,1.5072103959222587
15.28,1.518163365669872,1.5087184155215385
15.29,1.5215613533260604,1.5103494495965089
15.3,1.5251258574589375,1.51206041158029
15.31,1.528742300579807,1.5137963042783074
15.32,1.5322777954541833,1.5154933418180079
15.33,1.5355910025919133,1.5170836812441184
15.34,1.5385445437156329,1.5185013809835037
15.35,1.5410185827190557,1.5196889197051469
15.36,1.5429237403134695,1.5206033953504654
15.37,1.5442113334914531,1.5212214400758974
15.38,1.5448791130433714,1.5215419742608183
15.39,1.5449712315216495,1.5215861911303918
15.4,1.544572046087563,1.5213945821220303
15.41,1.5437944001455957,1.521021312069886
15.42,1.5427640328869705,1.520526735785746
15.43,1.5416025222851433,1.5199692106968687
15.44,1.5404114989546516,1.5193975194982328
15.45,1.539260684775786,1.5188451286923772
15.46,1.5381816326183786,1.5183271836568217
15.47,1.537168004768263,1.5178406422887663
15.48,1.5361820428047752,1.5173673805462922
15.49,1.5351657968565589,1.5168795824911483
15.5,1.5340549158301962,1.516346359598494
15.51,1.53279249246982,1.5157403963855136
15.52,1.5313406406458097,1.5150435075099886
15.53,1.5296880815798217,1.5142502791583143
15.54,1.5278528730818786,1.5133693790793017
15.55,1.5258803351866574,1.5124225608895956
15.56,1.5238370208414107,1.5114417700038771
15.57,1.5218021159242772,1.510465015643653
15.58,1.5198578664829892,1.5095317759118347
15.59,1.5180805356621232,1.5086786571178192
15.6,1.516533060907383,1.507935869235544
15.61,1.5152601192247197,1.5073248572278655
15.62,1.5142858240698451,1.5068571955535257
15.63,1.5136138616393118,1.5065346535868696
15.64,1.5132295829362492,1.5063501998093995
15.65,1.5131034199783022,1.506289641589585
15.66,1.5131949775115854,1.506333589205561
15.67,1.5134572327358864,1.5064594717132254
15.68,1.5138404137451924,1.5066433985976924
15.69,1.5142952837305004,1.5068617361906402
15.7,1.514775702529663,1.5070923372142384
15.71,1.5152404516529925,1.5073154167934364
15.72,1.5156543865182255,1.5075141055287482
15.73,1.5159890219884633,1.5076747305544624
15.74,1.5162226713493951,1.5077868822477096
15.75,1.5163402535522486,1.5078433217050793
15.76,1.5163328674959329,1.5078397763980478
15.77,1.516197212182549,1.5077746618476235
15.78,1.5159349123534147,1.5076487579296391
15.79,1.5155517931685032,1.5074648607208816
15.8,1.5150571354494735,1.5072274250157474
15.81,1.5144629347128482,1.506942208662167
15.82,1.513783181876448,1.506615927300695
15.83,1.5130331801741734,1.5062559264836033
15.84,1.5122289105929858,1.5058698770846333
15.85,1.5113864563848256,1.5054654990647163
15.86,1.5105214954680013,1.5050503178246406
15.87,1.5096488675861983,1.5046314564413752
15.88,1.5087822208683677,1.5042154660168165
15.89,1.5079337399708057,1.5038081951859867
15.9,1.5071139553937352,1.503414698588993
15.91,1.5063316309926085,1.503039182876452
15.92,1.5055937243009787,1.5026849876644697
15.93,1.504905412187539,1.5023545978500186
15.94,1.5042701727000711,1.5020496828960341
15.95,1.5036899127844863,1.5017711581365534
15.96,1.5031651309494458,1.501519262855734
15.97,1.50227399389645,1.5010915170702959
15.98,1.5011390432115796,1.5005467407415582
15.99,1.5002986742700042,1.500143363649602
16.0,1.5,1.5
16.01,1.5005147675916797,1.5002470884440062
16.02,1.5022166018739471,1.5010639688994947
16.03,1.5049469490701377,1.5023745355536662
16.04,1.507619309728583,1.5036572686697198
16.05,1.509727523321546,1.504669211194342
16.06,1.512198220201058,1.505855145696508
16.07,1.5150216581713722,1.5072103959222587
16.08,1.5181633656698712,1.508718415521538
16.09,1.5215613533260604,1.5103494495965089
16.1,1.5251258574589375,1.51206041158029
16.11,1.528742300579807,1.5137963042783074
16.12,1.5322777954541833,1.5154933418180079
16.13,1.5355910025919133,1.5170836812441184
16.14,1.5385445437156329,1.5185013809835037
16.15,1.5410185827190557,1.5196889197051469
16.16,1.5429237403134695,1.5206033953504654
16.17,1.5442113334914533,1.5212214400758977
16.18,1.5448791130433714,1.5215419742608183
16.19,1.5449712315216495,1.5215861911303918
16.2,1.544572046087563,1.5213945821220303
16.21,1.5437944001455957,1.521021312069886
16.22,1.5427640328869705,1.520526735785746
16.23,1.5416025222851433,1.5199692106968687
16.24,1.5404114989546518,1.519397519498233
16.25,1.539260684775786,1.5188451286923772
16.26,1.5381816326183784,1.5183271836568217
16.27,1.537168004768263,1.5178406422887663
16.28,1.5361820428047752,1.5173673805462922
16.29,1.5351657968565589,1.5168795824911483
16.3,1.5340549158301962,1.516346359598494
16.31,1.53279249246982,1.5157403963855136
16.32,1.5313406406458097,1.5150435075099886
16.33,1.5296880815798222,1.5142502791583146
16.34,1.5278528730818786,1.5133693790793017
16.35,1.5258803351866574,1.5124225608895956
16.36,1.5238370208414107,1.5114417700038771
16.37,1.5218021159242772,1.510465015643653
16.38,1.5198578664829892,1.5095317759118347
16.39,1.5180805356621232,1.5086786571178192
16.4,1.516533060907383,1.507935869235544
16.41,1.5152601192247197,1.5073248572278655
16.42,1.514285824069845,1.5068571955535255
16.43,1.5136138616393118,1.5065346535868696
16.44,1.5132295829362492,1.5063501998093995
16.45,1.5131034199783022,1.506289641589585
16.46,1.5131949775115854,1.506333589205561
16.47,1.5134572327358864,1.5064594717132254
16.48,1.5138404137451924,1.5066433985976924
16.49,1.5142952837305002,1.50686173619064
16.5,1.514775702529663,1.5070923372142384
16.51,1.5152404516529925,1.5073154167934364
16.52,1.5156543865182255,1.5075141055287482
16.53,1.5159890219884633,1.5076747305544624
16.54,1.5162226713493951,1.5077868822477096
16.55,1.5163402535522486,1.5078433217050793
16.56,1.5163328674959329,1.5078397763980478
16.57,1.516197212182549,1.5077746618476235
16.58,1.5159349123534147,1.5076487579296391
16.59,1.5155517931685032,1.5074648607208816
16.6,1.5150571354494735,1.5072274250157474
16.61,1.5144629347128482,1.506942208662167
16.62,1.513783181876448,1.506615927300695
16.63,1.5130331801741734,1.5062559264836033
16.64,1.5122289105929858,1.5058698770846333
16.65,1.5113864563848256,1.5054654990647163
16.66,1.5105214954680013,1.5050503178246406
16.67,1.509648867586198,1.504631456441375
16.68,1.5087822208683677,1.5042154660168165
16.69,1.5079337399708057,1.5038081951859867
16.7,1.5071139553937352,1.503414698588993
16.71,1.5063316309926085,1.503039182876452
16.72,1.5055937243009787,1.5026849876644697
16.73,1.504905412187539,1.5023545978500186
16.74,1.5042701727000714,1.5020496828960344
16.75,1.5036899127844863,1.5017711581365534
16.76,1.5031651309494456,1.501519262855734
16.77,1.50227399389645,1.5010915170702959
16.78,1.5011390432115796,1.5005467407415582
16.79,1.5002986742700042,1.500143363649602
16.8,1.5,1.5
16.81,1.5005147675916792,1.500247088444006
16.82,1.5022166018739471,1.5010639688994947
16.83,1.5049469490701368,1.5023745355536657
16.84,1.507619309728583,1.5036572686697198
16.85,1.509727523321546,1.504669211194342
16.86,1.512198220201058,1.505855145696508
16.87,1.5150216581713722,1.5072103959222587
16.88,1.518163365669872,1.5087184155215385
16.89,1.5215613533260604,1.5103494495965089
16.9,1.5251258574589375,1.51206041158029
16.91,1.528742300579807,1.5137963042783074
16.92,1.5322777954541842,1.5154933418180083
16.93,1.5355910025919133,1.5170836812441184
16.94,1.5385445437156329,1.5185013809835037
16.95,1.5410185827190557,1.5196889197051469
16.96,1.5429237403134695,1.5206033953504654
16.97,1.5442113334914531,1.5212214400758974
16.98,1.5448791130433714,1.5215419742608183
16.99,1.5449712315216495,1.5215861911303918
17.0,1.544572046087563,1.5213945821220303
17.01,1.5437944001455954,1.521021312069886
17.02,1.5427640328869705,1.520526735785746
17.03,1.5416025222851433,1.5199692106968687
17.04,1.5404114989546516,1.5193975194982328
17.05,1.539260684775786,1.5188451286923772
17.06,1.5381816326183786,1.5183271836568217
17.07,1.537168004768263,1.5178406422887663
17.08,1.5361820428047754,1.5173673805462922
17.09,1.5351657968565589,1.5168795824911483
17.1,1.5340549158301962,1.516346359598494
17.11,1.53279249246982,1.5157403963855136
17.12,1.5313406406458097,1.5150435075099886
17.13,1.5296880815798217,1.5142502791583143
17.14,1.5278528730818786,1.5133693790793017
17.15,1.5258803351866574,1.5124225608895956
17.16,1.5238370208414107,1.5114417700038771
17.17,1.5218021159242765,1.5104650156436528
17.18,1.5198578664829892,1.5095317759118347
17.19,1.5180805356621232,1.5086786571178192
17.2,1.516533060907383,1.507935869235544
17.21,1.5152601192247197,1.5073248572278655
17.22,1.5142858240698451,1.5068571955535257
17.23,1.5136138616393118,1.5065346535868696
17.24,1.5132295829362494,1.5063501998093998
17.25,1.5131034199783022,1.506289641589585
17.26,1.5131949775115854,1.506333589205561
17.27,1.5134572327358864,1.5064594717132254
17.28,1.5138404137451924,1.5066433985976924
17.29,1.5142952837305004,1.5068617361906402
17.3,1.514775702529663,1.5070923372142384
17.31,1.5152404516529925,1.5073154167934364
17.32,1.5156543865182255,1.5075141055287482
17.33,1.5159890219884633,1.5076747305544624
17.34,1.5162226713493951,1.5077868822477096
17.35,1.5163402535522486,1.5078433217050793
17.36,1.5163328674959329,1.5078397763980478
17.37,1.516197212182549,1.5077746618476235
17.38,1.5159349123534147,1.5076487579296391
17.39,1.5155517931685032,1.5074648607208816
17.4,1.5150571354494735,1.5072274250157474
17.41,1.5144629347128482,1.506942208662167
17.42,1.5137831818764478,1.506615927300695
17.43,1.5130331801741734,1.5062559264836033
17.44,1.5122289105929858,1.5058698770846333
17.45,1.5113864563848256,1.5054654990647163
17.46,1.5105214954680013,1.5050503178246406
17.47,1.5096488675861983,1.5046314564413752
17.48,1.5087822208683677,1.5042154660168165
17.49,1.507933739970806,1.5038081951859867
17.5,1.5071139553937352,1.503414698588993
17.51,1.5063316309926083,1.503039182876452
17.52,1.5055937243009787,1.5026849876644697
17.53,1.504905412187539,1.5023545978500186
17.54,1.5042701727000711,1.5020496828960341
17.55,1.5036899127844863,1.5017711581365534
17.56,1.5031651309494458,1.501519262855734
17.57,1.50227399389645,1.5010915170702959
17.58,1.5011390432115799,1.5005467407415585
17.59,1.5002986742700042,1.500143363649602
17.6,1.5,1.5
17.61,1.5005147675916792,1.500247088444006
17.62,1.5022166018739471,1.5010639688994947
17.63,1.5049469490701377,1.5023745355536662
17.64,1.507619309728583,1.5036572686697198
17.65,1.509727523321546,1.504669211194342
17.66,1.512198220201058,1.505855145696508
17.67,1.5150216581713731,1.5072103959222591
17.68,1.518163365669872,1.5087184155215385
17.69,1.5215613533260604,1.5103494495965089
17.7,1.5251258574589375,1.51206041158029
17.71,1.528742300579807,1.5137963042783074
17.72,1.5322777954541833,1.5154933418180079
17.73,1.5355910025919133,1.5170836812441184
17.74,1.538544543715632,1.5185013809835033
17.75,1.5410185827190557,1.5196889197051469
17.76,1.54292374031347,1.5206033953504656
17.77,1.5442113334914531,1.5212214400758974
17.78,1.5448791130433714,1.5215419742608183
17.79,1.5449712315216495,1.5215861911303918
17.8,1.544572046087563,1.5213945821220303
17.81,1.5437944001455957,1.521021312069886
17.82,1.5427640328869705,1.520526735785746
17.83,1.5416025222851435,1.519969210696869
17.84,1.5404114989546516,1.5193975194982328
17.85,1.539260684775786,1.5188451286923772
17.86,1.5381816326183786,1.5183271836568217
17.87,1.537168004768263,1.5178406422887663
17.88,1.5361820428047752,1.5173673805462922
17.89,1.5351657968565589,1.5168795824911483
17.9,1.5340549158301962,1.516346359598494
17.91,1.53279249246982,1.5157403963855136
17.92,1.5313406406458092,1.5150435075099884
17.93,1.5296880815798217,1.5142502791583143
17.94,1.5278528730818786,1.5133693790793017
17.95,1.5258803351866574,1.5124225608895956
17.96,1.5238370208414107,1.5114417700038771
17.97,1.5218021159242772,1.510465015643653
17.98,1.5198578664829892,1.5095317759118347
17.99,1.5180805356621236,1.5086786571178195
18.0,1.516533060907383,1.507935869235544
18.01,1.5152601192247195,1.5073248572278652
18.02,1.5142858240698451,1.5068571955535257
18.03,1.5136138616393118,1.5065346535868696
18.04,1.5132295829362492,1.5063501998093995
18.05,1.5131034199783022,1.506289641589585
18.06,1.5131949775115854,1.506333589205561
18.07,1.5134572327358864,1.5064594717132254
18.08,1.5138404137451922,1.5066433985976924
18.09,1.5142952837305004,1.5068617361906402
18.1,1.514775702529663,1.5070923372142384
18.11,1.5152404516529925,1.5073154167934364
18.12,1.5156543865182255,1.5075141055287482
18.13,1.5159890219884633,1.5076747305544624
18.14,1.5162226713493951,1.5077868822477096
18.15,1.5163402535522486,1.5078433217050793
18.16,1.5163328674959329,1.5078397763980478
18.17,1.516197212182549,1.5077746618476235
18.18,1.5159349123534147,1.5076487579296391
18.19,1.5155517931685032,1.5074648607208816
18.2,1.5150571354494735,1.5072274250157474
18.21,1.5144629347128482,1.506942208662167
18.22,1.513783181876448,1.506615927300695
18.23,1.5130331801741734,1.5062559264836033
18.24,1.512228910592986,1.5058698770846333
18.25,1.5113864563848256,1.5054654990647163
18.26,1.5105214954680009,1.5050503178246404
18.27,1.5096488675861983,1.5046314564413752
18.28,1.5087822208683677,1.5042154660168165
18.29,1.5079337399708057,1.5038081951859867
18.3,1.5071139553937352,1.503414698588993
18.31,1.5063316309926085,1.503039182876452
18.32,1.5055937243009787,1.5026849876644697
18.33,1.5049054121875391,1.5023545978500188
18.34,1.5042701727000711,1.5020496828960341
18.35,1.5036899127844863,1.5017711581365534
18.36,1.5031651309494458,1.501519262855734
18.37,1.50227399389645,1.5010915170702959
18.38,1.5011390432115796,1.5005467407415582
18.39,1.5002986742700042,1.500143363649602
18.4,1.5,1.5
18.41,1.5005147675916792,1.500247088444006
18.42,1.5022166018739478,1.501063968899495
18.43,1.5049469490701377,1.5023745355536662
18.44,1.507619309728583,1.5036572686697198
18.45,1.509727523321546,1.504669211194342
18.46,1.512198220201058,1.505855145696508
18.47,1.5150216581713722,1.5072103959222587
18.48,1.518163365669872,1.5087184155215385
18.49,1.5215613533260592,1.5103494495965084
18.5,1.5251258574589375,1.51206041158029
18.51,1.528742300579808,1.5137963042783078
18.52,1.5322777954541833,1.5154933418180079
18.53,1.5355910025919133,1.5170836812441184
18.54,1.5385445437156329,1.5185013809835037
18.55,1.5410185827190557,1.5196889197051469
18.56,1.5429237403134695,1.5206033953504654
18.57,1.5442113334914531,1.5212214400758974
18.58,1.5448791130433714,1.5215419742608183
18.59,1.5449712315216495,1.5215861911303918
18.6,1.544572046087563,1.5213945821220303
18.61,1.5437944001455957,1.521021312069886
18.62,1.5427640328869705,1.520526735785746
18.63,1.5416025222851433,1.5199692106968687
18.64,1.5404114989546516,1.5193975194982328
18.65,1.539260684775786,1.5188451286923772
18.66,1.5381816326183786,1.5183271836568217
18.67,1.5371680047682625,1.517840642288766
18.68,1.5361820428047752,1.5173673805462922
18.69,1.5351657968565589,1.5168795824911483
18.7,1.5340549158301962,1.516346359598494
18.71,1.53279249246982,1.5157403963855136
18.72,1.5313406406458097,1.5150435075099886
18.73,1.5296880815798217,1.5142502791583143
18.74,1.527852873081879,1.513369379079302
18.75,1.5258803351866574,1.5124225608895956
18.76,1.52383702084141,1.511441770003877
18.77,1.5218021159242772,1.510465015643653
18.78,1.5198578664829892,1.5095317759118347
18.79,1.5180805356621232,1.5086786571178192
18.8,1.516533060907383,1.507935869235544
18.81,1.5152601192247197,1.5073248572278655
18.82,1.5142858240698451,1.5068571955535257
18.83,1.5136138616393118,1.5065346535868698
18.84,1.5132295829362492,1.5063501998093995
18.85,1.5131034199783022,1.506289641589585
18.86,1.5131949775115854,1.506333589205561
18.87,1.5134572327358864,1.5064594717132254
18.88,1.5138404137451924,1.5066433985976924
18.89,1.5142952837305004,1.5068617361906402
18.9,1.514775702529663,1.5070923372142384
18.91,1.5152404516529925,1.5073154167934364
18.92,1.5156543865182257,1.5075141055287482
18.93,1.5159890219884633,1.5076747305544624
18.94,1.5162226713493951,1.5077868822477096
18.95,1.5163402535522486,1.5078433217050793
18.96,1.5163328674959329,1.5078397763980478
18.97,1.516197212182549,1.5077746618476235
18.98,1.5159349123534147,1.5076487579296391
18.99,1.5155517931685034,1.5074648607208816
19.0,1.5150571354494735,1.5072274250157474
19.01,1.514462934712848,1.506942208662167
19.02,1.513783181876448,1.506615927300695
19.03,1.5130331801741734,1.5062559264836033
19.04,1.5122289105929858,1.5058698770846333
19.05,1.5113864563848256,1.5054654990647163
19.06,1.5105214954680013,1.5050503178246406
19.07,1.5096488675861983,1.5046314564413752
19.08,1.5087822208683679,1.5042154660168165
19.09,1.5079337399708057,1.5038081951859867
19.1,1.5071139553937352,1.503414698588993
19.11,1.5063316309926085,1.503039182876452
19.12,1.5055937243009787,1.5026849876644697
19.13,1.504905412187539,1.5023545978500186
19.14,1.5042701727000711,1.5020496828960341
19.15,1.5036899127844863,1.5017711581365534
19.16,1.5031651309494458,1.501519262855734
19.17,1.5022739938964496,1.5010915170702959
19.18,1.5011390432115796,1.5005467407415582
19.19,1.5002986742700042,1.500143363649602
19.2,1.5,1.5
19.21,1.5005147675916792,1.500247088444006
19.22,1.5022166018739471,1.5010639688994947
19.23,1.5049469490701377,1.5023745355536662
19.24,1.5076193097285826,1.5036572686697196
19.25,1.509727523321546,1.504669211194342
19.26,1.5121982202010587,1.5058551456965081
19.27,1.5150216581713722,1.5072103959222587
19.28,1.518163365669872,1.5087184155215385
19.29,1.5215613533260604,1.5103494495965089
19.3,1.5251258574589375,1.51206041158029
19.31,1.528742300579807,1.5137963042783074
19.32,1.5322777954541833,1.5154933418180079
19.33,1.5355910025919124,1.517083681244118
19.34,1.5385445437156329,1.5185013809835037
19.35,1.5410185827190557,1.5196889197051469
19.36,1.5429237403134695,1.5206033953504654
19.37,1.5442113334914531,1.5212214400758974
19.38,1.5448791130433714,1.5215419742608183
19.39,1.5449712315216495,1.5215861911303918
19.4,1.544572046087563,1.5213945821220303
19.41,1.5437944001455957,1.521021312069886
19.42,1.54276403288697,1.5205267357857457
19.43,1.5416025222851433,1.5199692106968687
19.44,1.5404114989546516,1.5193975194982328
19.45,1.539260684775786,1.5188451286923772
19.46,1.5381816326183786,1.5183271836568217
19.47,1.537168004768263,1.5178406422887663
19.48,1.5361820428047752,1.5173673805462922
19.49,1.535165796856559,1.5168795824911483
19.5,1.5340549158301962,1.516346359598494
19.51,1.5327924924698195,1.5157403963855134
19.52,1.5313406406458097,1.5150435075099886
19.53,1.5296880815798217,1.5142502791583143
19.54,1.5278528730818786,1.5133693790793017
19.55,1.5258803351866574,1.5124225608895956
19.56,1.5238370208414107,1.5114417700038771
19.57,1.5218021159242772,1.510465015643653
19.58,1.5198578664829898,1.509531775911835
19.59,1.5180805356621232,1.5086786571178192
19.6,1.516533060907383,1.507935869235544
19.61,1.5152601192247197,1.5073248572278655
19.62,1.5142858240698451,1.5068571955535257
19.63,1.5136138616393118,1.5065346535868696
19.64,1.5132295829362492,1.5063501998093995
19.65,1.5131034199783022,1.506289641589585
19.66,1.5131949775115854,1.506333589205561
19.67,1.5134572327358864,1.5064594717132254
19.68,1.5138404137451924,1.5066433985976924
19.69,1.5142952837305004,1.5068617361906402
19.7,1.514775702529663,1.5070923372142384
19.71,1.5152404516529925,1.5073154167934364
19.72,1.5156543865182255,1.5075141055287482
19.73,1.5159890219884633,1.5076747305544624
19.74,1.5162226713493951,1.5077868822477096
19.75,1.5163402535522486,1.5078433217050793
19.76,1.5163328674959329,1.5078397763980478
19.77,1.516197212182549,1.5077746618476235
19.78,1.5159349123534147,1.5076487579296391
19.79,1.5155517931685032,1.5074648607208816
19.8,1.5150571354494735,1.5072274250157474
19.81,1.5144629347128482,1.506942208662167
19.82,1.513783181876448,1.506615927300695
19.83,1.5130331801741737,1.5062559264836033
19.84,1.5122289105929858,1.5058698770846333
19.85,1.5113864563848256,1.5054654990647163
19.86,1.5105214954680013,1.5050503178246406
19.87,1.5096488675861983,1.5046314564413752
19.88,1.5087822208683677,1.5042154660168165
19.89,1.5079337399708057,1.5038081951859867
19.9,1.5071139553937352,1.503414698588993
19.91,1.5063316309926085,1.503039182876452
19.92,1.5055937243009785,1.5026849876644697
19.93,1.504905412187539,1.5023545978500186
19.94,1.5042701727000711,1.5020496828960341
19.95,1.5036899127844863,1.5017711581365534
19.96,1.5031651309494458,1.501519262855734
19.97,1.50227399389645,1.5010915170702959
19.98,1.5011390432115796,1.5005467407415582
19.99,1.5002986742700044,1.500143363649602
20.0,1.5,1.5
20.01,1.5005147675916797,1.5002470884440062
20.02,1.5022166018739471,1.5010639688994947
20.03,1.5049469490701377,1.5023745355536662
20.04,1.507619309728583,1.5036572686697198
20.05,1.509727523321546,1.504669211194342
20.06,1.512198220201058,1.505855145696508
20.07,1.5150216581713722,1.5072103959222587
20.08,1.5181633656698712,1.508718415521538
20.09,1.5215613533260604,1.5103494495965089
20.1,1.5251258574589375,1.51206041158029
20.11,1.528742300579807,1.5137963042783074
20.12,1.5322777954541833,1.5154933418180079
20.13,1.5355910025919133,1.5170836812441184
20.14,1.5385445437156329,1.5185013809835037
20.15,1.5410185827190557,1.5196889197051469
20.16,1.5429237403134695,1.5206033953504654
20.17,1.5442113334914533,1.5212214400758977
20.18,1.5448791130433714,1.5215419742608183
20.19,1.5449712315216495,1.5215861911303918
20.2,1.544572046087563,1.5213945821220303
20.21,1.5437944001455957,1.521021312069886
20.22,1.5427640328869705,1.520526735785746
20.23,1.5416025222851433,1.5199692106968687
20.24,1.5404114989546518,1.519397519498233
20.25,1.539260684775786,1.5188451286923772
20.26,1.5381816326183784,1.5183271836568217
20.27,1.537168004768263,1.5178406422887663
20.28,1.5361820428047752,1.5173673805462922
20.29,1.5351657968565589,1.5168795824911483
20.3,1.5340549158301962,1.516346359598494
20.31,1.53279249246982,1.5157403963855136
20.32,1.5313406406458097,1.5150435075099886
20.33,1.5296880815798222,1.5142502791583146
20.34,1.5278528730818786,1.5133693790793017
20.35,1.5258803351866574,1.5124225608895956
20.36,1.5238370208414107,1.5114417700038771
20.37,1.5218021159242772,1.510465015643653
20.38,1.5198578664829892,1.5095317759118347
20.39,1.5180805356621232,1.5086786571178192
20.4,1.516533060907383,1.507935869235544
20.41,1.5152601192247197,1.5073248572278655
20.42,1.514285824069845,1.5068571955535255
20.43,1.5136138616393118,1.5065346535868696
20.44,1.5132295829362492,1.5063501998093995
20.45,1.5131034199783022,1.506289641589585
20.46,1.5131949775115854,1.506333589205561
20.47,1.5134572327358864,1.5064594717132254
20.48,1.5138404137451924,1.5066433985976924
20.49,1.5142952837305002,1.50686173619064
20.5,1.514775702529663,1.5070923372142384
20.51,1.5152404516529925,1.5073154167934364
20.52,1.5156543865182255,1.5075141055287482
20.53,1.5159890219884633,1.5076747305544624
20.54,1.5162226713493951,1.5077868822477096
20.55,1.5163402535522486,1.5078433217050793
20.56,1.5163328674959329,1.5078397763980478
20.57,1.516197212182549,1.5077746618476235
20.58,1.5159349123534147,1.5076487579296391
20.59,1.5155517931685032,1.5074648607208816
20.6,1.5150571354494735,1.5072274250157474
20.61,1.5144629347128482,1.506942208662167
20.62,1.513783181876448,1.506615927300695
20.63,1.5130331801741734,1.5062559264836033
20.64,1.5122289105929858,1.5058698770846333
20.65,1.5113864563848256,1.5054654990647163
20.66,1.5105214954680013,1.5050503178246406
20.67,1.509648867586198,1.504631456441375
20.68,1.5087822208683677,1.5042154660168165
20.69,1.5079337399708057,1.5038081951859867
20.7,1.5071139553937352,1.503414698588993
20.71,1.5063316309926085,1.503039182876452
20.72,1.5055937243009787,1.5026849876644697
20.73,1.504905412187539,1.5023545978500186
20.74,1.5042701727000714,1.5020496828960344
20.75,1.5036899127844863,1.5017711581365534
20.76,1.5031651309494456,1.501519262855734
20.77,1.50227399389645,1.5010915170702959
20.78,1.5011390432115796,1.5005467407415582
20.79,1.5002986742700042,1.500143363649602
20.8,1.5,1.5
20.81,1.5005147675916792,1.500247088444006
20.82,1.5022166018739471,1.5010639688994947
20.83,1.5049469490701368,1.5023745355536657
20.84,1.507619309728583,1.5036572686697198
20.85,1.509727523321546,1.504669211194342
20.86,1.512198220201058,1.505855145696508
20.87,1.5150216581713722,1.5072103959222587
20.88,1.518163365669872,1.5087184155215385
20.89,1.5215613533260604,1.5103494495965089
20.9,1.5251258574589375,1.51206041158029
20.91,1.528742300579807,1.5137963042783074
20.92,1.5322777954541842,1.5154933418180083
20.93,1.5355910025919133,1.5170836812441184
20.94,1.5385445437156329,1.5185013809835037
20.95,1.5410185827190557,1.5196889197051469
20.96,1.5429237403134695,1.5206033953504654
20.97,1.5442113334914531,1.5212214400758974
20.98,1.5448791130433714,1.5215419742608183
20.99,1.5449712315216495,1.5215861911303918
21.0,1.544572046087563,1.5213945821220303
21.01,1.5437944001455954,1.521021312069886
21.02,1.5427640328869705,1.520526735785746
21.03,1.5416025222851433,1.5199692106968687
21.04,1.5404114989546516,1.5193975194982328
21.05,1.539260684775786,1.5188451286923772
21.06,1.5381816326183786,1.5183271836568217
21.07,1.537168004768263,1.5178406422887663
21.08,1.5361820428047754,1.5173673805462922
21.09,1.5351657968565589,1.5168795824911483
21.1,1.5340549158301962,1.516346359598494
21.11,1.53279249246982,1.5157403963855136
21.12,1.5313406406458097,1.5150435075099886
21.13,1.5296880815798217,1.5142502791583143
21.14,1.5278528730818786,1.5133693790793017
21.15,1.5258803351866574,1.5124225608895956
21.16,1.5238370208414107,1.5114417700038771
21.17,1.5218021159242765,1.5104650156436528
21.18,1.5198578664829892,1.5095317759118347
21.19,1.5180805356621232,1.5086786571178192
21.2,1.516533060907383,1.507935869235544
21.21,1.5152601192247197,1.5073248572278655
21.22,1.5142858240698451,1.5068571955535257
21.23,1.5136138616393118,1.5065346535868696
21.24,1.5132295829362494,1.5063501998093998
21.25,1.5131034199783022,1.506289641589585
21.26,1.5131949775115854,1.506333589205561
21.27,1.5134572327358864,1.5064594717132254
21.28,1.5138404137451924,1.5066433985976924
21.29,1.5142952837305004,1.5068617361906402
21.3,1.514775702529663,1.5070923372142384
21.31,1.5152404516529925,1.5073154167934364
21.32,1.5156543865182255,1.5075141055287482
21.33,1.5159890219884633,1.5076747305544624
21.34,1.5162226713493951,1.5077868822477096
21.35,1.5163402535522486,1.5078433217050793
21.36,1.5163328674959329,1.5078397763980478
21.37,1.516197212182549,1.5077746618476235
21.38,1.5159349123534147,1.5076487579296391
21.39,1.5155517931685032,1.5074648607208816
21.4,1.5150571354494735,1.5072274250157474
21.41,1.5144629347128482,1.506942208662167
21.42,1.5137831818764478,1.506615927300695
21.43,1.5130331801741734,1.5062559264836033
21.44,1.5122289105929858,1.5058698770846333
21.45,1.5113864563848256,1.5054654990647163
21.46,1.5105214954680013,1.5050503178246406
21.47,1.5096488675861983,1.5046314564413752
21.48,1.5087822208683677,1.5042154660168165
21.49,1.507933739970806,1.5038081951859867
21.5,1.5071139553937352,1.503414698588993
21.51,1.5063316309926083,1.503039182876452
21.52,1.5055937243009787,1.5026849876644697
21.53,1.504905412187539,1.5023545978500186
21.54,1.5042701727000711,1.5020496828960341
21.55,1.5036899127844863,1.5017711581365534
21.56,1.5031651309494458,1.501519262855734
21.57,1.50227399389645,1.5010915170702959
21.58,1.5011390432115799,1.5005467407415585
21.59,1.5002986742700042,1.500143363649602
21.6,1.5,1.5
21.61,1.5005147675916792,1.500247088444006
21.62,1.5022166018739471,1.5010639688994947
21.63,1.5049469490701377,1.5023745355536662
21.64,1.507619309728583,1.5036572686697198
21.65,1.509727523321546,1.504669211194342
21.66,1.512198220201058,1.505855145696508
21.67,1.5150216581713731,1.5072103959222591
21.68,1.518163365669872,1.5087184155215385
21.69,1.5215613533260604,1.5103494495965089
21.7,1.5251258574589375,1.51206041158029
21.71,1.528742300579807,1.5137963042783074
21.72,1.5322777954541833,1.5154933418180079
21.73,1.5355910025919133,1.5170836812441184
21.74,1.538544543715632,1.5185013809835033
21.75,1.5410185827190557,1.5196889197051469
21.76,1.54292374031347,1.5206033953504656
21.77,1.5442113334914531,1.5212214400758974
21.78,1.5448791130433714,1.5215419742608183
21.79,1.5449712315216495,1.5215861911303918
21.8,1.544572046087563,1.5213945821220303
21.81,1.5437944001455957,1.521021312069886
21.82,1.5427640328869705,1.520526735785746
21.83,1.5416025222851435,1.519969210696869
21.84,1.5404114989546516,1.5193975194982328
21.85,1.539260684775786,1.5188451286923772
21.86,1.5381816326183786,1.5183271836568217
21.87,1.537168004768263,1.5178406422887663
21.88,1.5361820428047752,1.5173673805462922
21.89,1.5351657968565589,1.5168795824911483
21.9,1.5340549158301962,1.516346359598494
21.91,1.53279249246982,1.5157403963855136
21.92,1.5313406406458092,1.5150435075099884
21.93,1.5296880815798217,1.5142502791583143
21.94,1.5278528730818786,1.5133693790793017
21.95,1.5258803351866574,1.5124225608895956
21.96,1.5238370208414107,1.5114417700038771
21.97,1.5218021159242772,1.510465015643653
21.98,1.5198578664829892,1.5095317759118347
21.99,1.5180805356621236,1.5086786571178195
22.0,1.516533060907383,1.507935869235544
22.01,1.5152601192247195,1.5073248572278652
22.02,1.5142858240698451,1.5068571955535257
22.03,1.5136138616393118,1.5065346535868696
22.04,1.5132295829362492,1.5063501998093995
22.05,1.5131034199783022,1.506289641589585
22.06,1.5131949775115854,1.506333589205561
22.07,1.5134572327358864,1.5064594717132254
22.08,1.5138404137451922,1.5066433985976924
22.09,1.5142952837305004,1.5068617361906402
22.1,1.514775702529663,1.5070923372142384
22.11,1.5152404516529925,1.5073154167934364
22.12,1.5156543865182255,1.5075141055287482
22.13,1.5159890219884633,1.5076747305544624
22.14,1.5162226713493951,1.5077868822477096
22.15,1.5163402535522486,1.5078433217050793
22.16,1.5163328674959329,1.5078397763980478
22.17,1.516197212182549,1.5077746618476235
22.18,1.5159349123534147,1.5076487579296391
22.19,1.5155517931685032,1.5074648607208816
22.2,1.5150571354494735,1.5072274250157474
22.21,1.5144629347128482,1.506942208662167
22.22,1.513783181876448,1.506615927300695
22.23,1.5130331801741734,1.5062559264836033
22.24,1.512228910592986,1.5058698770846333
22.25,1.5113864563848256,1.5054654990647163
22.26,1.5105214954680009,1.5050503178246404
22.27,1.5096488675861983,1.5046314564413752
22.28,1.5087822208683677,1.5042154660168165
22.29,1.5079337399708057,1.5038081951859867
22.3,1.5071139553937352,1.503414698588993
22.31,1.5063316309926085,1.503039182876452
22.32,1.5055937243009787,1.5026849876644697
22.33,1.5049054121875391,1.5023545978500188
22.34,1.5042701727000711,1.5020496828960341
22.35,1.5036899127844863,1.5017711581365534
22.36,1.5031651309494458,1.501519262855734
22.37,1.50227399389645,1.5010915170702959
22.38,1.5011390432115796,1.5005467407415582
22.39,1.5002986742700042,1.500143363649602
22.4,1.5,1.5
22.41,1.5005147675916792,1.500247088444006
22.42,1.5022166018739478,1.501063968899495
22.43,1.5049469490701377,1.5023745355536662
22.44,1.507619309728583,1.5036572686697198
22.45,1.509727523321546,1.504669211194342
22.46,1.512198220201058,1.505855145696508
22.47,1.5150216581713722,1.5072103959222587
22.48,1.518163365669872,1.5087184155215385
22.49,1.5215613533260592,1.5103494495965084
22.5,1.5251258574589375,1.51206041158029
22.51,1.528742300579808,1.5137963042783078
22.52,1.5322777954541833,1.5154933418180079
22.53,1.5355910025919133,1.5170836812441184
22.54,1.5385445437156329,1.5185013809835037
22.55,1.5410185827190557,1.5196889197051469
22.56,1.5429237403134695,1.5206033953504654
22.57,1.5442113334914531,1.5212214400758974
22.58,1.5448791130433714,1.5215419742608183
22.59,1.5449712315216495,1.5215861911303918
22.6,1.544572046087563,1.5213945821220303
22.61,1.5437944001455957,1.521021312069886
22.62,1.5427640328869705,1.520526735785746
22.63,1.5416025222851433,1.5199692106968687
22.64,1.5404114989546516,1.5193975194982328
22.65,1.539260684775786,1.5188451286923772
22.66,1.5381816326183786,1.5183271836568217
22.67,1.5371680047682625,1.517840642288766
22.68,1.5361820428047752,1.5173673805462922
22.69,1.5351657968565589,1.5168795824911483
22.7,1.5340549158301962,1.516346359598494
22.71,1.53279249246982,1.5157403963855136
22.72,1.5313406406458097,1.5150435075099886
22.73,1.5296880815798217,1.5142502791583143
22.74,1.527852873081879,1.513369379079302
22.75,1.5258803351866574,1.5124225608895956
22.76,1.52383702084141,1.511441770003877
22.77,1.5218021159242772,1.510465015643653
22.78,1.5198578664829892,1.5095317759118347
22.79,1.5180805356621232,1.5086786571178192
22.8,1.516533060907383,1.507935869235544
22.81,1.5152601192247197,1.5073248572278655
22.82,1.5142858240698451,1.5068571955535257
22.83,1.5136138616393118,1.5065346535868698
22.84,1.5132295829362492,1.5063501998093995
22.85,1.5131034199783022,1.506289641589585
22.86,1.5131949775115854,1.506333589205561
22.87,1.5134572327358864,1.5064594717132254
22.88,1.5138404137451924,1.5066433985976924
22.89,1.5142952837305004,1.5068617361906402
22.9,1.514775702529663,1.5070923372142384
22.91,1.5152404516529925,1.5073154167934364
22.92,1.5156543865182257,1.5075141055287482
22.93,1.5159890219884633,1.5076747305544624
22.94,1.5162226713493951,1.5077868822477096
22.95,1.5163402535522486,1.5078433217050793
22.96,1.5163328674959329,1.5078397763980478
22.97,1.516197212182549,1.5077746618476235
22.98,1.5159349123534147,1.5076487579296391
22.99,1.5155517931685034,1.5074648607208816
23.0,1.5150571354494735,1.5072274250157474
23.01,1.514462934712848,1.506942208662167
23.02,1.513783181876448,1.506615927300695
23.03,1.5130331801741734,1.5062559264836033
23.04,1.5122289105929858,1.5058698770846333
23.05,1.5113864563848256,1.5054654990647163
23.06,1.5105214954680013,1.5050503178246406
23.07,1.5096488675861983,1.5046314564413752
23.08,1.5087822208683679,1.5042154660168165
23.09,1.5079337399708057,1.5038081951859867
23.1,1.5071139553937352,1.503414698588993
23.11,1.5063316309926085,1.503039182876452
23.12,1.5055937243009787,1.5026849876644697
23.13,1.504905412187539,1.5023545978500186
23.14,1.5042701727000711,1.5020496828960341
23.15,1.5036899127844863,1.5017711581365534
23.16,1.5031651309494458,1.501519262855734
23.17,1.5022739938964496,1.5010915170702959
23.18,1.5011390432115796,1.5005467407415582
23.19,1.5002986742700042,1.500143363649602
23.2,1.5,1.5
23.21,1.5005147675916792,1.500247088444006
23.22,1.5022166018739471,1.5010639688994947
23.23,1.5049469490701377,1.5023745355536662
23.24,1.5076193097285826,1.5036572686697196
23.25,1.509727523321546,1.504669211194342
23.26,1.5121982202010587,1.5058551456965081
23.27,1.5150216581713722,1.5072103959222587
23.28,1.518163365669872,1.5087184155215385
23.29,1.5215613533260604,1.5103494495965089
23.3,1.5251258574589375,1.51206041158029
23.31,1.528742300579807,1.5137963042783074
23.32,1.5322777954541833,1.5154933418180079
23.33,1.5355910025919124,1.517083681244118
23.34,1.5385445437156329,1.5185013809835037
23.35,1.5410185827190557,1.5196889197051469
23.36,1.5429237403134695,1.5206033953504654
23.37,1.5442113334914531,1.5212214400758974
23.38,1.5448791130433714,1.5215419742608183
23.39,1.5449712315216495,1.5215861911303918
23.4,1.544572046087563,1.5213945821220303
23.41,1.5437944001455957,1.521021312069886
23.42,1.54276403288697,1.5205267357857457
23.43,1.5416025222851433,1.5199692106968687
23.44,1.5404114989546516,1.5193975194982328
23.45,1.539260684775786,1.5188451286923772
23.46,1.5381816326183786,1.5183271836568217
23.47,1.537168004768263,1.5178406422887663
23.48,1.5361820428047752,1.5173673805462922
23.49,1.535165796856559,1.5168795824911483
23.5,1.5340549158301962,1.516346359598494
23.51,1.5327924924698195,1.5157403963855134
23.52,1.5313406406458097,1.5150435075099886
23.53,1.5296880815798217,1.5142502791583143
23.54,1.5278528730818786,1.5133693790793017
23.55,1.5258803351866574,1.5124225608895956
23.56,1.5238370208414107,1.5114417700038771
23.57,1.5218021159242772,1.510465015643653
23.58,1.5198578664829898,1.509531775911835
23.59,1.5180805356621232,1.5086786571178192
23.6,1.516533060907383,1.507935869235544
23.61,1.5152601192247197,1.5073248572278655
23.62,1.5142858240698451,1.5068571955535257
23.63,1.5136138616393118,1.5065346535868696
23.64,1.5132295829362492,1.5063501998093995
23.65,1.5131034199783022,1.506289641589585
23.66,1.5131949775115854,1.506333589205561
23.67,1.5134572327358864,1.5064594717132254
23.68,1.5138404137451924,1.5066433985976924
23.69,1.5142952837305004,1.5068617361906402
23.7,1.514775702529663,1.5070923372142384
23.71,1.5152404516529925,1.5073154167934364
23.72,1.5156543865182255,1.5075141055287482
23.73,1.5159890219884633,1.5076747305544624
23.74,1.5162226713493951,1.5077868822477096
23.75,1.5163402535522486,1.5078433217050793
23.76,1.5163328674959329,1.5078397763980478
23.77,1.516197212182549,1.5077746618476235
23.78,1.5159349123534147,1.5076487579296391
23.79,1.5155517931685032,1.5074648607208816
23.8,1.5150571354494735,1.5072274250157474
23.81,1.5144629347128482,1.506942208662167
23.82,1.513783181876448,1.506615927300695
23.83,1.5130331801741737,1.5062559264836033
23.84,1.5122289105929858,1.5058698770846333
23.85,1.5113864563848256,1.5054654990647163
23.86,1.5105214954680013,1.5050503178246406
23.87,1.5096488675861983,1.5046314564413752
23.88,1.5087822208683677,1.5042154660168165
23.89,1.5079337399708057,1.5038081951859867
23.9,1.5071139553937352,1.503414698588993
23.91,1.5063316309926085,1.503039182876452
23.92,1.5055937243009785,1.5026849876644697
23.93,1.504905412187539,1.5023545978500186
23.94,1.5042701727000711,1.5020496828960341
23.95,1.5036899127844863,1.5017711581365534
23.96,1.5031651309494458,1.501519262855734
23.97,1.50227399389645,1.5010915170702959
23.98,1.5011390432115796,1.5005467407415582
23.99,1.5002986742700044,1.500143363649602
24.0,1.5,1.5
24.01,1.5005147675916797,1.5002470884440062
24.02,1.5022166018739471,1.5010639688994947
24.03,1.5049469490701377,1.5023745355536662
24.04,1.507619309728583,1.5036572686697198
24.05,1.509727523321546,1.504669211194342
24.06,1.512198220201058,1.505855145696508
24.07,1.5150216581713722,1.5072103959222587
24.08,1.5181633656698712,1.508718415521538
24.09,1.5215613533260604,1.5103494495965089
24.1,1.5251258574589375,1.51206041158029
24.11,1.528742300579807,1.5137963042783074
24.12,1.5322777954541833,1.5154933418180079
24.13,1.5355910025919133,1.5170836812441184
24.14,1.5385445437156329,1.5185013809835037
24.15,1.5410185827190557,1.5196889197051469
24.16,1.5429237403134695,1.5206033953504654
24.17,1.5442113334914533,1.5212214400758977
24.18,1.5448791130433714,1.5215419742608183
24.19,1.5449712315216495,1.5215861911303918
24.2,1.544572046087563,1.5213945821220303
24.21,1.5437944001455957,1.521021312069886
24.22,1.5427640328869705,1.520526735785746
24.23,1.5416025222851433,1.5199692106968687
24.24,1.5404114989546518,1.519397519498233
24.25,1.539260684775786,1.5188451286923772
24.26,1.5381816326183784,1.5183271836568217
24.27,1.537168004768263,1.5178406422887663
24.28,1.5361820428047752,1.5173673805462922
24.29,1.5351657968565589,1.5168795824911483
24.3,1.5340549158301962,1.516346359598494
24.31,1.53279249246982,1.5157403963855136
24.32,1.5313406406458097,1.5150435075099886
24.33,1.5296880815798222,1.5142502791583146
24.34,1.5278528730818786,1.5133693790793017
24.35,1.5258803351866574,1.5124225608895956
24.36,1.5238370208414107,1.5114417700038771
24.37,1.5218021159242772,1.510465015643653
24.38,1.5198578664829892,1.5095317759118347
24.39,1.5180805356621232,1.5086786571178192
24.4,1.516533060907383,1.507935869235544
24.41,1.5152601192247197,1.5073248572278655
24.42,1.514285824069845,1.5068571955535255
24.43,1.5136138616393118,1.5065346535868696
24.44,1.5132295829362492,1.5063501998093995
24.45,1.5131034199783022,1.506289641589585
24.46,1.5131949775115854,1.506333589205561
24.47,1.5134572327358864,1.5064594717132254
24.48,1.5138404137451924,1.5066433985976924
24.49,1.5142952837305002,1.50686173619064
24.5,1.514775702529663,1.5070923372142384
24.51,1.5152404516529925,1.5073154167934364
24.52,1.5156543865182255,1.5075141055287482
24.53,1.5159890219884633,1.5076747305544624
24.54,1.5162226713493951,1.5077868822477096
24.55,1.5163402535522486,1.5078433217050793
24.56,1.5163328674959329,1.5078397763980478
24.57,1.516197212182549,1.5077746618476235
24.58,1.5159349123534147,1.5076487579296391
24.59,1.5155517931685032,1.5074648607208816
24.6,1.5150571354494735,1.5072274250157474
24.61,1.5144629347128482,1.506942208662167
24.62,1.513783181876448,1.506615927300695
24.63,1.5130331801741734,1.5062559264836033
24.64,1.5122289105929858,1.5058698770846333
24.65,1.5113864563848256,1.5054654990647163
24.66,1.5105214954680013,1.5050503178246406
24.67,1.509648867586198,1.504631456441375
24.68,1.5087822208683677,1.5042154660168165
24.69,1.5079337399708057,1.5038081951859867
24.7,1.5071139553937352,1.503414698588993
24.71,1.5063316309926085,1.503039182876452
24.72,1.5055937243009787,1.5026849876644697
24.73,1.504905412187539,1.5023545978500186
24.74,1.5042701727000714,1.5020496828960344
24.75,1.5036899127844863,1.5017711581365534
24.76,1.5031651309494456,1.501519262855734
24.77,1.50227399389645,1.5010915170702959
24.78,1.5011390432115796,1.5005467407415582
24.79,1.5002986742700042,1.500143363649602
24.8,1.5,1.5
24.81,1.5005147675916792,1.500247088444006
24.82,1.5022166018739471,1.5010639688994947
24.83,1.5049469490701368,1.5023745355536657
24.84,1.507619309728583,1.5036572686697198
24.85,1.509727523321546,1.504669211194342
24.86,1.512198220201058,1.505855145696508
24.87,1.5150216581713722,1.5072103959222587
24.88,1.518163365669872,1.5087184155215385
24.89,1.5215613533260604,1.5103494495965089
24.9,1.5251258574589375,1.51206041158029
24.91,1.528742300579807,1.5137963042783074
24.92,1.5322777954541842,1.5154933418180083
24.93,1.5355910025919133,1.5170836812441184
24.94,1.5385445437156329,1.5185013809835037
24.95,1.5410185827190557,1.5196889197051469
24.96,1.5429237403134695,1.5206033953504654
24.97,1.5442113334914531,1.5212214400758974
24.98,1.5448791130433714,1.5215419742608183
24.99,1.5449712315216495,1.5215861911303918
25.0,1.544572046087563,1.5213945821220303
25.01,1.5437944001455954,1.521021312069886
25.02,1.5427640328869705,1.520526735785746
25.03,1.5416025222851433,1.5199692106968687
25.04,1.5404114989546516,1.5193975194982328
25.05,1.539260684775786,1.5188451286923772
25.06,1.5381816326183786,1.5183271836568217
25.07,1.537168004768263,1.5178406422887663
25.08,1.5361820428047754,1.5173673805462922
25.09,1.5351657968565589,1.5168795824911483
25.1,1.5340549158301962,1.516346359598494
25.11,1.53279249246982,1.5157403963855136
25.12,1.5313406406458097,1.5150435075099886
25.13,1.5296880815798217,1.5142502791583143
25.14,1.5278528730818786,1.5133693790793017
25.15,1.5258803351866574,1.5124225608895956
25.16,1.5238370208414107,1.5114417700038771
25.17,1.5218021159242765,1.5104650156436528
25.18,1.5198578664829892,1.5095317759118347
25.19,1.5180805356621232,1.5086786571178192
25.2,1.516533060907383,1.507935869235544
25.21,1.5152601192247197,1.5073248572278655
25.22,1.5142858240698451,1.5068571955535257
25.23,1.5136138616393118,1.5065346535868696
25.24,1.5132295829362494,1.5063501998093998
25.25,1.5131034199783022,1.506289641589585
25.26,1.5131949775115854,1.506333589205561
25.27,1.5134572327358864,1.5064594717132254
25.28,1.5138404137451924,1.5066433985976924
25.29,1.5142952837305004,1.5068617361906402
25.3,1.514775702529663,1.5070923372142384
25.31,1.5152404516529925,1.5073154167934364
25.32,1.5156543865182255,1.5075141055287482
25.33,1.5159890219884633,1.5076747305544624
25.34,1.5162226713493951,1.5077868822477096
25.35,1.5163402535522486,1.5078433217050793
25.36,1.5163328674959329,1.5078397763980478
25.37,1.516197212182549,1.5077746618476235
25.38,1.5159349123534147,1.5076487579296391
25.39,1.5155517931685032,1.5074648607208816
25.4,1.5150571354494735,1.5072274250157474
25.41,1.5144629347128482,1.506942208662167
25.42,1.5137831818764478,1.506615927300695
25.43,1.5130331801741734,1.5062559264836033
25.44,1.5122289105929858,1.5058698770846333
25.45,1.5113864563848256,1.5054654990647163
25.46,1.5105214954680013,1.5050503178246406
25.47,1.5096488675861983,1.5046314564413752
25.48,1.5087822208683677,1.5042154660168165
25.49,1.507933739970806,1.5038081951859867
25.5,1.5071139553937352,1.503414698588993
25.51,1.5063316309926083,1.503039182876452
25.52,1.5055937243009787,1.5026849876644697
25.53,1.504905412187539,1.5023545978500186
25.54,1.5042701727000711,1.5020496828960341
25.55,1.5036899127844863,1.5017711581365534
25.56,1.5031651309494458,1.501519262855734
25.57,1.50227399389645,1.5010915170702959
25.58,1.5011390432115799,1.5005467407415585
25.59,1.5002986742700042,1.500143363649602
25.6,1.5,1.5
25.61,1.5005147675916797,1.5002470884440062
25.62,1.5022166018739471,1.5010639688994947
25.63,1.5049469490701377,1.5023745355536662
25.64,1.5076193097285826,1.5036572686697196
25.65,1.509727523321546,1.504669211194342
25.66,1.5121982202010587,1.5058551456965081
25.67,1.5150216581713738,1.5072103959222596
25.68,1.518163365669872,1.5087184155215385
25.69,1.5215613533260592,1.5103494495965084
25.7,1.5251258574589375,1.51206041158029
25.71,1.528742300579808,1.5137963042783078
25.72,1.5322777954541833,1.5154933418180079
25.73,1.5355910025919133,1.5170836812441184
25.74,1.538544543715632,1.5185013809835033
25.75,1.5410185827190557,1.5196889197051469
25.76,1.54292374031347,1.5206033953504656
25.77,1.5442113334914531,1.5212214400758974
25.78,1.5448791130433714,1.5215419742608183
25.79,1.5449712315216495,1.5215861911303918
25.8,1.544572046087563,1.5213945821220303
25.81,1.5437944001455954,1.521021312069886
25.82,1.5427640328869705,1.520526735785746
25.83,1.541602522285144,1.5199692106968692
25.84,1.5404114989546518,1.519397519498233
25.85,1.539260684775786,1.5188451286923772
25.86,1.5381816326183784,1.5183271836568217
25.87,1.537168004768263,1.5178406422887663
25.88,1.5361820428047752,1.5173673805462922
25.89,1.535165796856559,1.5168795824911483
25.9,1.5340549158301962,1.516346359598494
25.91,1.5327924924698195,1.5157403963855134
25.92,1.531340640645809,1.5150435075099882
25.93,1.5296880815798217,1.5142502791583143
25.94,1.527852873081879,1.513369379079302
25.95,1.5258803351866574,1.5124225608895956
25.96,1.52383702084141,1.511441770003877
25.97,1.5218021159242772,1.510465015643653
25.98,1.5198578664829892,1.5095317759118347
25.99,1.5180805356621236,1.5086786571178195
26.0,1.516533060907383,1.507935869235544
26.01,1.5152601192247195,1.5073248572278652
26.02,1.5142858240698451,1.5068571955535257
26.03,1.5136138616393118,1.5065346535868696
26.04,1.5132295829362494,1.5063501998093998
26.05,1.5131034199783022,1.506289641589585
26.06,1.5131949775115854,1.506333589205561
26.07,1.5134572327358864,1.5064594717132254
26.08,1.5138404137451922,1.5066433985976921
26.09,1.5142952837305002,1.50686173619064
26.1,1.514775702529663,1.5070923372142384
26.11,1.5152404516529925,1.5073154167934364
26.12,1.5156543865182255,1.5075141055287482
26.13,1.5159890219884633,1.5076747305544624
26.14,1.5162226713493951,1.5077868822477096
26.15,1.5163402535522486,1.5078433217050793
26.16,1.5163328674959329,1.5078397763980478
26.17,1.5161972121825489,1.5077746618476235
26.18,1.5159349123534147,1.5076487579296391
26.19,1.5155517931685034,1.5074648607208816
26.2,1.5150571354494735,1.5072274250157474
26.21,1.514462934712848,1.506942208662167
26.22,1.513783181876448,1.506615927300695
26.23,1.5130331801741734,1.5062559264836033
26.24,1.512228910592986,1.5058698770846333
26.25,1.5113864563848256,1.5054654990647163
26.26,1.5105214954680009,1.5050503178246404
26.27,1.5096488675861983,1.5046314564413752
26.28,1.5087822208683677,1.5042154660168165
26.29,1.507933739970806,1.5038081951859867
26.3,1.5071139553937352,1.503414698588993
26.31,1.5063316309926083,1.503039182876452
26.32,1.5055937243009787,1.5026849876644697
26.33,1.5049054121875391,1.5023545978500188
26.34,1.5042701727000714,1.5020496828960344
26.35,1.5036899127844863,1.5017711581365534
26.36,1.5031651309494456,1.501519262855734
26.37,1.50227399389645,1.5010915170702959
26.38,1.5011390432115796,1.5005467407415582
26.39,1.5002986742700044,1.500143363649602
26.4,1.5,1.5
26.41,1.5005147675916797,1.5002470884440062
26.42,1.5022166018739485,1.5010639688994953
26.43,1.5049469490701377,1.5023745355536662
26.44,1.5076193097285826,1.5036572686697196
26.45,1.509727523321546,1.504669211194342
26.46,1.5121982202010587,1.5058551456965081
26.47,1.5150216581713722,1.5072103959222587
26.48,1.518163365669872,1.5087184155215385
26.49,1.5215613533260592,1.5103494495965084
26.5,1.5251258574589375,1.51206041158029
26.51,1.528742300579808,1.5137963042783078
26.52,1.5322777954541833,1.5154933418180079
26.53,1.5355910025919133,1.5170836812441184
26.54,1.538544543715632,1.5185013809835033
26.55,1.5410185827190557,1.5196889197051469
26.56,1.54292374031347,1.5206033953504656
26.57,1.5442113334914531,1.5212214400758974
26.58,1.5448791130433712,1.5215419742608183
26.59,1.5449712315216495,1.5215861911303918
26.6,1.544572046087563,1.5213945821220303
26.61,1.5437944001455954,1.521021312069886
26.62,1.5427640328869705,1.520526735785746
26.63,1.5416025222851433,1.5199692106968687
26.64,1.5404114989546518,1.519397519498233
26.65,1.539260684775786,1.5188451286923772
26.66,1.5381816326183784,1.5183271836568217
26.67,1.5371680047682623,1.517840642288766
26.68,1.5361820428047752,1.5173673805462922
26.69,1.535165796856559,1.5168795824911483
26.7,1.5340549158301962,1.516346359598494
26.71,1.5327924924698195,1.5157403963855134
26.72,1.5313406406458097,1.5150435075099886
26.73,1.5296880815798217,1.5142502791583143
26.74,1.527852873081879,1.513369379079302
26.75,1.5258803351866574,1.5124225608895956
26.76,1.52383702084141,1.511441770003877
26.77,1.5218021159242772,1.510465015643653
26.78,1.5198578664829892,1.5095317759118347
26.79,1.5180805356621236,1.5086786571178195
26.8,1.516533060907383,1.507935869235544
26.81,1.5152601192247195,1.5073248572278652
26.82,1.5142858240698451,1.5068571955535257
26.83,1.513613861639312,1.5065346535868698
26.84,1.5132295829362494,1.5063501998093998
26.85,1.5131034199783022,1.506289641589585
26.86,1.5131949775115854,1.506333589205561
26.87,1.5134572327358864,1.5064594717132254
26.88,1.5138404137451924,1.5066433985976924
26.89,1.5142952837305002,1.50686173619064
26.9,1.514775702529663,1.5070923372142384
26.91,1.5152404516529925,1.5073154167934364
26.92,1.5156543865182257,1.5075141055287484
26.93,1.5159890219884633,1.5076747305544624
26.94,1.5162226713493951,1.5077868822477096
26.95,1.5163402535522486,1.5078433217050793
26.96,1.5163328674959329,1.5078397763980478
26.97,1.516197212182549,1.5077746618476235
26.98,1.5159349123534147,1.5076487579296391
26.99,1.5155517931685034,1.5074648607208816
27.0,1.5150571354494735,1.5072274250157474
27.01,1.514462934712848,1.506942208662167
27.02,1.513783181876448,1.506615927300695
27.03,1.5130331801741734,1.5062559264836033
27.04,1.512228910592986,1.5058698770846333
27.05,1.5113864563848256,1.5054654990647163
27.06,1.5105214954680009,1.5050503178246404
27.07,1.5096488675861983,1.5046314564413752
27.08,1.508782220868368,1.5042154660168168
27.09,1.507933739970806,1.5038081951859867
27.1,1.5071139553937352,1.503414698588993
27.11,1.5063316309926083,1.503039182876452
27.12,1.5055937243009787,1.5026849876644697
27.13,1.504905412187539,1.5023545978500186
27.14,1.5042701727000714,1.5020496828960344
27.15,1.5036899127844863,1.5017711581365534
27.16,1.5031651309494456,1.501519262855734
27.17,1.5022739938964493,1.5010915170702956
27.18,1.5011390432115796,1.5005467407415582
27.19,1.5002986742700044,1.500143363649602
27.2,1.5,1.5
27.21,1.5005147675916797,1.5002470884440062
27.22,1.5022166018739471,1.5010639688994947
27.23,1.5049469490701377,1.5023745355536662
27.24,1.5076193097285826,1.5036572686697196
27.25,1.509727523321546,1.504669211194342
27.26,1.5121982202010587,1.5058551456965081
27.27,1.5150216581713722,1.5072103959222587
27.28,1.518163365669872,1.5087184155215385
27.29,1.5215613533260592,1.5103494495965084
27.3,1.5251258574589375,1.51206041158029
27.31,1.528742300579808,1.5137963042783078
27.32,1.5322777954541833,1.5154933418180079
27.33,1.5355910025919133,1.5170836812441184
27.34,1.538544543715632,1.5185013809835033
27.35,1.5410185827190557,1.5196889197051469
27.36,1.54292374031347,1.5206033953504656
27.37,1.5442113334914531,1.5212214400758974
27.38,1.5448791130433714,1.5215419742608183
27.39,1.5449712315216495,1.5215861911303918
27.4,1.544572046087563,1.5213945821220303
27.41,1.5437944001455954,1.521021312069886
27.42,1.5427640328869705,1.520526735785746
27.43,1.5416025222851433,1.5199692106968687
27.44,1.5404114989546518,1.519397519498233
27.45,1.539260684775786,1.5188451286923772
27.46,1.5381816326183784,1.5183271836568217
27.47,1.537168004768263,1.5178406422887663
27.48,1.5361820428047752,1.5173673805462922
27.49,1.535165796856559,1.5168795824911483
27.5,1.5340549158301962,1.516346359598494
27.51,1.5327924924698195,1.5157403963855134
27.52,1.5313406406458097,1.5150435075099886
27.53,1.5296880815798217,1.5142502791583143
27.54,1.527852873081879,1.513369379079302
27.55,1.5258803351866574,1.5124225608895956
27.56,1.52383702084141,1.511441770003877
27.57,1.5218021159242772,1.510465015643653
27.58,1.5198578664829892,1.5095317759118347
27.59,1.5180805356621236,1.5086786571178195
27.6,1.516533060907383,1.507935869235544
27.61,1.5152601192247195,1.5073248572278652
27.62,1.5142858240698451,1.5068571955535257
27.63,1.5136138616393118,1.5065346535868696
27.64,1.5132295829362494,1.5063501998093998
27.65,1.5131034199783022,1.506289641589585
27.66,1.5131949775115854,1.506333589205561
27.67,1.5134572327358864,1.5064594717132254
27.68,1.5138404137451924,1.5066433985976924
27.69,1.5142952837305002,1.50686173619064
27.7,1.514775702529663,1.5070923372142384
27.71,1.5152404516529925,1.5073154167934364
27.72,1.5156543865182255,1.5075141055287482
27.73,1.5159890219884633,1.5076747305544624
27.74,1.5162226713493951,1.5077868822477096
27.75,1.5163402535522486,1.5078433217050793
27.76,1.5163328674959329,1.5078397763980478
27.77,1.516197212182549,1.5077746618476235
27.78,1.5159349123534147,1.5076487579296391
27.79,1.5155517931685034,1.5074648607208816
27.8,1.5150571354494735,1.5072274250157474
27.81,1.514462934712848,1.506942208662167
27.82,1.513783181876448,1.506615927300695
27.83,1.5130331801741734,1.5062559264836033
27.84,1.512228910592986,1.5058698770846333
27.85,1.5113864563848256,1.5054654990647163
27.86,1.5105214954680009,1.5050503178246404
27.87,1.5096488675861983,1.5046314564413752
27.88,1.5087822208683677,1.5042154660168165
27.89,1.507933739970806,1.5038081951859867
27.9,1.5071139553937352,1.503414698588993
27.91,1.5063316309926083,1.503039182876452
27.92,1.5055937243009787,1.5026849876644697
27.93,1.504905412187539,1.5023545978500186
27.94,1.5042701727000714,1.5020496828960344
27.95,1.5036899127844863,1.5017711581365534
27.96,1.5031651309494456,1.501519262855734
27.97,1.50227399389645,1.5010915170702959
27.98,1.5011390432115796,1.5005467407415582
27.99,1.5002986742700044,1.500143363649602
28.0,1.5,1.5
28.01,1.5005147675916797,1.5002470884440062
28.02,1.5022166018739471,1.5010639688994947
28.03,1.5049469490701377,1.5023745355536662
28.04,1.5076193097285826,1.5036572686697196
28.05,1.509727523321546,1.504669211194342
28.06,1.5121982202010587,1.5058551456965081
28.07,1.5150216581713722,1.5072103959222587
28.08,1.518163365669872,1.5087184155215385
28.09,1.5215613533260592,1.5103494495965084
28.1,1.5251258574589375,1.51206041158029
28.11,1.528742300579808,1.5137963042783078
28.12,1.5322777954541833,1.5154933418180079
28.13,1.5355910025919133,1.5170836812441184
28.14,1.538544543715632,1.5185013809835033
28.15,1.5410185827190557,1.5196889197051469
28.16,1.54292374031347,1.5206033953504656
28.17,1.5442113334914531,1.5212214400758974
28.18,1.5448791130433714,1.5215419742608183
28.19,1.5449712315216495,1.5215861911303918
28.2,1.544572046087563,1.5213945821220303
28.21,1.5437944001455954,1.521021312069886
28.22,1.5427640328869705,1.520526735785746
28.23,1.5416025222851433,1.5199692106968687
28.24,1.5404114989546518,1.519397519498233
28.25,1.539260684775786,1.5188451286923772
28.26,1.5381816326183784,1.5183271836568217
28.27,1.537168004768263,1.5178406422887663
28.28,1.5361820428047752,1.5173673805462922
28.29,1.535165796856559,1.5168795824911483
28.3,1.5340549158301962,1.516346359598494
28.31,1.5327924924698195,1.5157403963855134
28.32,1.5313406406458097,1.5150435075099886
28.33,1.5296880815798217,1.5142502791583143
28.34,1.527852873081879,1.513369379079302
28.35,1.5258803351866574,1.5124225608895956
28.36,1.52383702084141,1.511441770003877
28.37,1.5218021159242772,1.510465015643653
28.38,1.5198578664829892,1.5095317759118347
28.39,1.5180805356621236,1.5086786571178195
28.4,1.516533060907383,1.507935869235544
28.41,1.5152601192247195,1.5073248572278652
28.42,1.5142858240698451,1.5068571955535257
28.43,1.5136138616393118,1.5065346535868696
28.44,1.5132295829362494,1.5063501998093998
28.45,1.5131034199783022,1.506289641589585
28.46,1.5131949775115854,1.506333589205561
28.47,1.5134572327358864,1.5064594717132254
28.48,1.5138404137451924,1.5066433985976924
28.49,1.5142952837305002,1.50686173619064
28.5,1.514775702529663,1.5070923372142384
28.51,1.5152404516529925,1.5073154167934364
28.52,1.5156543865182255,1.5075141055287482
28.53,1.5159890219884633,1.5076747305544624
28.54,1.5162226713493951,1.5077868822477096
28.55,1.5163402535522486,1.5078433217050793
28.56,1.5163328674959329,1.5078397763980478
28.57,1.516197212182549,1.5077746618476235
28.58,1.5159349123534147,1.5076487579296391
28.59,1.5155517931685034,1.5074648607208816
28.6,1.5150571354494735,1.5072274250157474
28.61,1.514462934712848,1.506942208662167
28.62,1.513783181876448,1.506615927300695
28.63,1.5130331801741734,1.5062559264836033
28.64,1.512228910592986,1.5058698770846333
28.65,1.5113864563848256,1.5054654990647163
28.66,1.5105214954680009,1.5050503178246404
28.67,1.5096488675861983,1.5046314564413752
28.68,1.5087822208683677,1.5042154660168165
28.69,1.507933739970806,1.5038081951859867
28.7,1.5071139553937352,1.503414698588993
28.71,1.5063316309926083,1.503039182876452
28.72,1.5055937243009787,1.5026849876644697
28.73,1.504905412187539,1.5023545978500186
28.74,1.5042701727000714,1.5020496828960344
28.75,1.5036899127844863,1.5017711581365534
28.76,1.5031651309494456,1.501519262855734
28.77,1.50227399389645,1.5010915170702959
28.78,1.5011390432115796,1.5005467407415582
28.79,1.5002986742700044,1.500143363649602
28.8,1.5,1.5
28.81,1.5005147675916797,1.5002470884440062
28.82,1.5022166018739471,1.5010639688994947
28.83,1.5049469490701377,1.5023745355536662
28.84,1.5076193097285826,1.5036572686697196
28.85,1.509727523321546,1.504669211194342
28.86,1.5121982202010587,1.5058551456965081
28.87,1.5150216581713722,1.5072103959222587
28.88,1.518163365669872,1.5087184155215385
28.89,1.5215613533260592,1.5103494495965084
28.9,1.5251258574589375,1.51206041158029
28.91,1.528742300579808,1.5137963042783078
28.92,1.5322777954541833,1.5154933418180079
28.93,1.5355910025919133,1.5170836812441184
28.94,1.538544543715632,1.5185013809835033
28.95,1.5410185827190557,1.5196889197051469
28.96,1.54292374031347,1.5206033953504656
28.97,1.5442113334914531,1.5212214400758974
28.98,1.5448791130433714,1.5215419742608183
28.99,1.5449712315216495,1.5215861911303918
29.0,1.544572046087563,1.5213945821220303
29.01,1.5437944001455954,1.521021312069886
29.02,1.5427640328869705,1.520526735785746
29.03,1.5416025222851433,1.5199692106968687
29.04,1.5404114989546518,1.519397519498233
29.05,1.539260684775786,1.5188451286923772
29.06,1.5381816326183784,1.5183271836568217
29.07,1.537168004768263,1.5178406422887663
29.08,1.5361820428047752,1.5173673805462922
29.09,1.535165796856559,1.5168795824911483
29.1,1.5340549158301962,1.516346359598494
29.11,1.5327924924698195,1.5157403963855134
29.12,1.5313406406458097,1.5150435075099886
29.13,1.5296880815798217,1.5142502791583143
29.14,1.527852873081879,1.513369379079302
29.15,1.5258803351866574,1.5124225608895956
29.16,1.52383702084141,1.511441770003877
29.17,1.5218021159242772,1.510465015643653
29.18,1.5198578664829892,1.5095317759118347
29.19,1.5180805356621236,1.5086786571178195
29.2,1.516533060907383,1.507935869235544
29.21,1.5152601192247195,1.5073248572278652
29.22,1.5142858240698451,1.5068571955535257
29.23,1.5136138616393118,1.5065346535868696
29.24,1.5132295829362494,1.5063501998093998
29.25,1.5131034199783022,1.506289641589585
29.26,1.5131949775115854,1.506333589205561
29.27,1.5134572327358864,1.5064594717132254
29.28,1.5138404137451924,1.5066433985976924
29.29,1.5142952837305002,1.50686173619064
29.3,1.514775702529663,1.5070923372142384
29.31,1.5152404516529925,1.5073154167934364
29.32,1.5156543865182255,1.5075141055287482
29.33,1.5159890219884633,1.5076747305544624
29.34,1.5162226713493951,1.5077868822477096
29.35,1.5163402535522486,1.5078433217050793
29.36,1.5163328674959329,1.5078397763980478
29.37,1.516197212182549,1.5077746618476235
29.38,1.5159349123534147,1.5076487579296391
29.39,1.5155517931685034,1.5074648607208816
29.4,1.5150571354494735,1.5072274250157474
29.41,1.514462934712848,1.506942208662167
29.42,1.513783181876448,1.506615927300695
29.43,1.5130331801741734,1.5062559264836033
29.44,1.512228910592986,1.5058698770846333
29.45,1.5113864563848256,1.5054654990647163
29.46,1.5105214954680009,1.5050503178246404
29.47,1.5096488675861983,1.5046314564413752
29.48,1.5087822208683677,1.5042154660168165
29.49,1.507933739970806,1.5038081951859867
29.5,1.5071139553937352,1.503414698588993
29.51,1.5063316309926083,1.503039182876452
29.52,1.5055937243009787,1.5026849876644697
29.53,1.504905412187539,1.5023545978500186
29.54,1.5042701727000714,1.5020496828960344
29.55,1.5036899127844863,1.5017711581365534
29.56,1.5031651309494456,1.501519262855734
29.57,1.50227399389645,1.5010915170702959
29.58,1.5011390432115796,1.5005467407415582
29.59,1.5002986742700044,1.500143363649602
29.6,1.5,1.5
29.61,1.5005147675916797,1.5002470884440062
29.62,1.5022166018739471,1.5010639688994947
29.63,1.5049469490701377,1.5023745355536662
29.64,1.5076193097285826,1.5036572686697196
29.65,1.509727523321546,1.504669211194342
29.66,1.5121982202010587,1.5058551456965081
29.67,1.5150216581713722,1.5072103959222587
29.68,1.518163365669872,1.5087184155215385
29.69,1.5215613533260592,1.5103494495965084
29.7,1.5251258574589375,1.51206041158029
29.71,1.528742300579808,1.5137963042783078
29.72,1.5322777954541833,1.5154933418180079
29.73,1.5355910025919133,1.5170836812441184
29.74,1.538544543715632,1.5185013809835033
29.75,1.5410185827190557,1.5196889197051469
29.76,1.54292374031347,1.5206033953504656
29.77,1.5442113334914531,1.5212214400758974
29.78,1.5448791130433714,1.5215419742608183
29.79,1.5449712315216495,1.5215861911303918
29.8,1.544572046087563,1.5213945821220303
29.81,1.5437944001455954,1.521021312069886
29.82,1.5427640328869705,1.520526735785746
29.83,1.5416025222851433,1.5199692106968687
29.84,1.5404114989546518,1.519397519498233
29.85,1.539260684775786,1.5188451286923772
29.86,1.5381816326183784,1.5183271836568217
29.87,1.537168004768263,1.5178406422887663
29.88,1.5361820428047752,1.5173673805462922
29.89,1.535165796856559,1.5168795824911483
29.9,1.5340549158301962,1.516346359598494
29.91,1.5327924924698195,1.5157403963855134
29.92,1.5313406406458097,1.5150435075099886
29.93,1.5296880815798217,1.5142502791583143
29.94,1.527852873081879,1.513369379079302
29.95,1.5258803351866574,1.5124225608895956
29.96,1.52383702084141,1.511441770003877
29.97,1.5218021159242772,1.510465015643653
29.98,1.5198578664829892,1.5095317759118347
29.99,1.5180805356621236,1.5086786571178195
