time_s,ir_v,red_v
0.0,1.5,1.5
0.01,1.500465387912118,1.5002233861978165
0.02,1.501382180621149,1.5006634466981514
0.03,1.502875644962769,1.5013803095821292
0.04,1.5049647386278957,1.50238307454139
0.05,1.507617805483751,1.5036565466322005
0.06,1.510780360624194,1.5051745730996131
0.07,1.5143761575222014,1.5069005556106567
0.08,1.5182770939171315,1.508773005080223
0.09,1.522317720176652,1.510712505684793
0.1,1.526339678429067,1.5126430456459523
0.11,1.5302008249238133,1.5144963959634303
0.12,1.533765019699931,1.5162072094559669
0.13,1.5369035063311458,1.51771368303895
0.14,1.5395453936979175,1.5189817889750004
0.15,1.5416630402952434,1.5199982593417167
0.16,1.5432567277550697,1.5207632293224336
0.17,1.5443037508428097,1.5212658004045487
0.18,1.5448265388607978,1.521516738653183
0.19,1.544999138507992,1.521599586483836
0.2,1.5447661274671554,1.5214877411842347
0.21,1.544269555862993,1.5212493868142367
0.22,1.5435020362213254,1.5208809773862362
0.23,1.542545690573752,1.5204219314754008
0.24,1.5414564545452594,1.5198990981817246
0.25,1.5402659485302865,1.5193276552945376
0.26,1.5389992298930883,1.5187196303486825
0.27,1.5376768825761973,1.5180849036365747
0.28,1.5363126730173826,1.5174300830483436
0.29,1.5349092589505018,1.516756444296241
0.3,1.5334659131616355,1.516063638317585
0.31,1.5319785731099547,1.5153497150927782
0.32,1.530441280603409,1.5146118146896361
0.33,1.5288517644815147,1.513848846951127
0.34,1.5272132859751582,1.513062377268076
0.35,1.5255346948653459,1.512256653535366
0.36,1.5238367284834384,1.5114416296720505
0.37,1.5221461456362158,1.5106301499053836
0.38,1.5204925058595835,1.5098364028126001
0.39,1.5189149696566164,1.509079185435176
0.4,1.5174573927372694,1.5083795485138893
0.41,1.5161564098019154,1.5077550767049193
0.42,1.51504094671458,1.5072196544229983
0.43,1.5141428805235773,1.5067885826513172
0.44,1.513495867587626,1.5064780164420604
0.45,1.5131142117921264,1.5062948216602206
0.46,1.5129555176384748,1.506218648466468
0.47,1.5130561913363636,1.5062669718414545
0.48,1.5133299270272256,1.5063983649730683
0.49,1.5138079959992319,1.5066278380796314
0.5,1.5144030406326054,1.5069134595036506
0.51,1.5150525230448693,1.5072252110615372
0.52,1.515692483447492,1.5075323920547963
0.53,1.5162572036962956,1.5078034577742219
0.54,1.5166957476362586,1.5080139588654042
0.55,1.516902573192492,1.5081132351323963
0.56,1.5169174868613482,1.508120393693447
0.57,1.5166883092839272,1.508010388456285
0.58,1.5162172703817487,1.5077842897832394
0.59,1.515559404892847,1.5074685143485664
0.6,1.5147514317557216,1.5070806872427465
0.61,1.513854558141902,1.5066501879081131
0.62,1.5129355308227241,1.5062090547949076
0.63,1.5120463014207781,1.5057822246819734
0.64,1.5112201751768588,1.5053856840848923
0.65,1.5104791860608384,1.5050300093092024
0.66,1.5098288829345257,1.5047178638085723
0.67,1.5092513573588804,1.5044406515322626
0.68,1.5087221055105329,1.5041866106450559
0.69,1.5082125330297276,1.5039420158542693
0.7,1.5076792937424033,1.5036860609963536
0.71,1.5070914865890517,1.5034039135627448
0.72,1.5064234295859933,1.5030832462012769
0.73,1.5056542291003279,1.5027140299681574
0.74,1.504785070689395,1.5022968339309097
0.75,1.5038350195996464,1.5018408094078302
0.76,1.50283823043108,1.5013623506069183
0.77,1.5018562016787473,1.5008909768057987
0.78,1.5009791868680622,1.5004700096966699
0.79,1.500354102136771,1.50016996902565
0.8,1.5,1.5
0.81,1.500465387912118,1.5002233861978165
0.82,1.501382180621149,1.5006634466981514
0.83,1.502875644962769,1.5013803095821292
0.84,1.5049647386278957,1.50238307454139
0.85,1.507617805483751,1.5036565466322005
0.86,1.510780360624194,1.5051745730996131
0.87,1.5143761575222014,1.5069005556106567
0.88,1.5182770939171315,1.508773005080223
0.89,1.522317720176652,1.510712505684793
0.9,1.526339678429067,1.5126430456459523
0.91,1.5302008249238133,1.5144963959634303
0.92,1.533765019699931,1.5162072094559669
0.93,1.5369035063311458,1.51771368303895
0.94,1.5395453936979175,1.5189817889750004
0.95,1.5416630402952434,1.5199982593417167
0.96,1.5432567277550697,1.5207632293224336
0.97,1.5443037508428097,1.5212658004045487
0.98,1.5448265388607978,1.521516738653183
0.99,1.544999138507992,1.521599586483836
1.0,1.5447661274671554,1.5214877411842347
1.01,1.544269555862993,1.5212493868142367
1.02,1.5435020362213254,1.5208809773862362
1.03,1.542545690573752,1.5204219314754008
1.04,1.5414564545452594,1.5198990981817246
1.05,1.5402659485302865,1.5193276552945376
1.06,1.5389992298930883,1.5187196303486825
1.07,1.5376768825761975,1.5180849036365747
1.08,1.5363126730173826,1.5174300830483436
1.09,1.5349092589505016,1.516756444296241
1.1,1.5334659131616355,1.516063638317585
1.11,1.5319785731099547,1.5153497150927782
1.12,1.530441280603409,1.5146118146896361
1.13,1.5288517644815147,1.513848846951127
1.14,1.5272132859751582,1.513062377268076
1.15,1.5255346948653459,1.512256653535366
1.16,1.5238367284834384,1.5114416296720505
1.17,1.5221461456362158,1.5106301499053836
1.18,1.5204925058595835,1.5098364028126001
1.19,1.5189149696566164,1.509079185435176
1.2,1.5174573927372694,1.5083795485138893
1.21,1.5161564098019154,1.5077550767049193
1.22,1.51504094671458,1.5072196544229983
1.23,1.5141428805235773,1.5067885826513172
1.24,1.513495867587626,1.5064780164420604
1.25,1.5131142117921264,1.5062948216602206
1.26,1.5129555176384748,1.506218648466468
1.27,1.5130561913363636,1.5062669718414545
1.28,1.5133299270272256,1.5063983649730683
1.29,1.5138079959992319,1.5066278380796314
1.3,1.5144030406326054,1.5069134595036506
1.31,1.5150525230448693,1.5072252110615372
1.32,1.515692483447492,1.5075323920547963
1.33,1.5162572036962956,1.5078034577742219
1.34,1.5166957476362586,1.5080139588654042
1.35,1.516902573192492,1.5081132351323963
1.36,1.5169174868613482,1.508120393693447
1.37,1.5166883092839272,1.508010388456285
1.38,1.5162172703817487,1.5077842897832394
1.39,1.515559404892847,1.5074685143485664
1.4,1.5147514317557216,1.5070806872427465
1.41,1.513854558141902,1.5066501879081131
1.42,1.5129355308227241,1.5062090547949076
1.43,1.5120463014207781,1.5057822246819734
1.44,1.5112201751768588,1.5053856840848923
1.45,1.5104791860608384,1.5050300093092024
1.46,1.5098288829345257,1.5047178638085723
1.47,1.5092513573588804,1.5044406515322626
1.48,1.5087221055105329,1.5041866106450559
1.49,1.5082125330297276,1.5039420158542693
1.5,1.5076792937424033,1.5036860609963536
1.51,1.5070914865890517,1.5034039135627448
1.52,1.5064234295859933,1.5030832462012769
1.53,1.5056542291003279,1.5027140299681574
1.54,1.504785070689395,1.5022968339309097
1.55,1.5038350195996464,1.5018408094078302
1.56,1.50283823043108,1.5013623506069183
1.57,1.5018562016787473,1.5008909768057987
1.58,1.5009791868680622,1.5004700096966699
1.59,1.500354102136771,1.50016996902565
1.6,1.5,1.5
1.61,1.500465387912118,1.5002233861978165
1.62,1.5013821806211491,1.5006634466981514
1.63,1.502875644962769,1.5013803095821292
1.64,1.5049647386278957,1.50238307454139
1.65,1.507617805483751,1.5036565466322005
1.66,1.5107803606241943,1.5051745730996131
1.67,1.5143761575222014,1.5069005556106567
1.68,1.5182770939171315,1.508773005080223
1.69,1.522317720176652,1.510712505684793
1.7,1.526339678429067,1.5126430456459523
1.71,1.5302008249238135,1.5144963959634303
1.72,1.533765019699931,1.5162072094559669
1.73,1.5369035063311458,1.51771368303895
1.74,1.5395453936979173,1.5189817889750004
1.75,1.5416630402952434,1.5199982593417167
1.76,1.5432567277550697,1.5207632293224336
1.77,1.5443037508428097,1.5212658004045487
1.78,1.5448265388607978,1.521516738653183
1.79,1.544999138507992,1.521599586483836
1.8,1.5447661274671554,1.5214877411842347
1.81,1.544269555862993,1.5212493868142367
1.82,1.5435020362213254,1.5208809773862362
1.83,1.542545690573752,1.5204219314754008
1.84,1.5414564545452596,1.5198990981817246
1.85,1.5402659485302865,1.5193276552945376
1.86,1.5389992298930883,1.5187196303486823
1.87,1.5376768825761975,1.5180849036365747
1.88,1.5363126730173826,1.5174300830483436
1.89,1.5349092589505018,1.516756444296241
1.9,1.5334659131616355,1.516063638317585
1.91,1.5319785731099547,1.5153497150927782
1.92,1.530441280603409,1.5146118146896361
1.93,1.5288517644815147,1.513848846951127
1.94,1.5272132859751582,1.513062377268076
1.95,1.5255346948653459,1.512256653535366
1.96,1.5238367284834384,1.5114416296720505
1.97,1.5221461456362158,1.5106301499053836
1.98,1.5204925058595835,1.5098364028126001
1.99,1.5189149696566164,1.509079185435176
2.0,1.5174573927372694,1.5083795485138893
2.01,1.5161564098019154,1.5077550767049193
2.02,1.51504094671458,1.5072196544229983
2.03,1.5141428805235773,1.5067885826513172
2.04,1.513495867587626,1.5064780164420606
2.05,1.5131142117921264,1.5062948216602206
2.06,1.5129555176384748,1.506218648466468
2.07,1.5130561913363636,1.5062669718414545
2.08,1.5133299270272256,1.5063983649730683
2.09,1.5138079959992319,1.5066278380796314
2.1,1.5144030406326054,1.5069134595036506
2.11,1.5150525230448693,1.5072252110615372
2.12,1.515692483447492,1.5075323920547963
2.13,1.5162572036962956,1.5078034577742219
2.14,1.5166957476362586,1.5080139588654042
2.15,1.516902573192492,1.5081132351323963
2.16,1.5169174868613482,1.508120393693447
2.17,1.5166883092839272,1.508010388456285
2.18,1.5162172703817487,1.5077842897832394
2.19,1.515559404892847,1.5074685143485664
2.2,1.5147514317557216,1.5070806872427465
2.21,1.513854558141902,1.506650187908113
2.22,1.5129355308227241,1.5062090547949076
2.23,1.5120463014207781,1.5057822246819734
2.24,1.5112201751768588,1.5053856840848923
2.25,1.5104791860608384,1.5050300093092024
2.26,1.5098288829345257,1.5047178638085723
2.27,1.5092513573588804,1.5044406515322626
2.28,1.5087221055105329,1.5041866106450559
2.29,1.5082125330297276,1.5039420158542693
2.3,1.5076792937424033,1.5036860609963536
2.31,1.5070914865890517,1.5034039135627448
2.32,1.5064234295859933,1.5030832462012769
2.33,1.5056542291003279,1.5027140299681574
2.34,1.504785070689395,1.5022968339309097
2.35,1.5038350195996464,1.5018408094078302
2.36,1.50283823043108,1.5013623506069183
2.37,1.5018562016787473,1.5008909768057987
2.38,1.5009791868680622,1.5004700096966699
2.39,1.500354102136771,1.50016996902565
2.4,1.5,1.5
2.41,1.500465387912118,1.5002233861978165
2.42,1.501382180621149,1.5006634466981514
2.43,1.502875644962769,1.5013803095821292
2.44,1.5049647386278957,1.50238307454139
2.45,1.507617805483751,1.5036565466322005
2.46,1.5107803606241943,1.5051745730996131
2.47,1.5143761575222017,1.5069005556106567
2.48,1.5182770939171315,1.508773005080223
2.49,1.5223177201766522,1.510712505684793
2.5,1.526339678429067,1.5126430456459523
2.51,1.5302008249238133,1.5144963959634303
2.52,1.533765019699931,1.5162072094559669
2.53,1.5369035063311456,1.51771368303895
2.54,1.5395453936979173,1.5189817889750004
2.55,1.5416630402952434,1.5199982593417167
2.56,1.5432567277550697,1.5207632293224336
2.57,1.5443037508428097,1.5212658004045487
2.58,1.5448265388607978,1.521516738653183
2.59,1.544999138507992,1.521599586483836
2.6,1.5447661274671554,1.5214877411842347
2.61,1.544269555862993,1.5212493868142367
2.62,1.5435020362213254,1.5208809773862362
2.63,1.542545690573752,1.5204219314754008
2.64,1.5414564545452596,1.5198990981817246
2.65,1.5402659485302865,1.5193276552945376
2.66,1.5389992298930883,1.5187196303486823
2.67,1.5376768825761975,1.5180849036365747
2.68,1.5363126730173826,1.5174300830483436
2.69,1.5349092589505018,1.516756444296241
2.7,1.5334659131616355,1.516063638317585
2.71,1.5319785731099547,1.5153497150927782
2.72,1.5304412806034087,1.5146118146896361
2.73,1.5288517644815147,1.513848846951127
2.74,1.5272132859751582,1.513062377268076
2.75,1.5255346948653459,1.512256653535366
2.76,1.5238367284834384,1.5114416296720505
2.77,1.5221461456362158,1.5106301499053836
2.78,1.5204925058595837,1.5098364028126001
2.79,1.5189149696566164,1.509079185435176
2.8,1.5174573927372694,1.5083795485138893
2.81,1.5161564098019154,1.5077550767049193
2.82,1.51504094671458,1.5072196544229983
2.83,1.5141428805235773,1.5067885826513172
2.84,1.513495867587626,1.5064780164420606
2.85,1.5131142117921264,1.5062948216602206
2.86,1.5129555176384748,1.506218648466468
2.87,1.5130561913363636,1.5062669718414545
2.88,1.5133299270272256,1.5063983649730683
2.89,1.5138079959992319,1.5066278380796314
2.9,1.5144030406326054,1.5069134595036506
2.91,1.5150525230448693,1.5072252110615372
2.92,1.515692483447492,1.5075323920547963
2.93,1.5162572036962956,1.5078034577742219
2.94,1.5166957476362586,1.5080139588654042
2.95,1.516902573192492,1.5081132351323963
2.96,1.5169174868613482,1.508120393693447
2.97,1.5166883092839272,1.508010388456285
2.98,1.5162172703817487,1.5077842897832394
2.99,1.515559404892847,1.5074685143485664
3.0,1.5147514317557216,1.5070806872427465
3.01,1.513854558141902,1.5066501879081131
3.02,1.5129355308227241,1.5062090547949076
3.03,1.5120463014207781,1.5057822246819734
3.04,1.511220175176859,1.5053856840848923
3.05,1.5104791860608384,1.5050300093092024
3.06,1.5098288829345257,1.5047178638085723
3.07,1.5092513573588804,1.5044406515322626
3.08,1.5087221055105329,1.5041866106450559
3.09,1.5082125330297276,1.5039420158542693
3.1,1.5076792937424033,1.5036860609963536
3.11,1.5070914865890517,1.5034039135627448
3.12,1.5064234295859933,1.5030832462012769
3.13,1.5056542291003279,1.5027140299681574
3.14,1.504785070689395,1.5022968339309097
3.15,1.5038350195996464,1.5018408094078302
3.16,1.50283823043108,1.5013623506069183
3.17,1.5018562016787473,1.5008909768057987
3.18,1.5009791868680622,1.5004700096966699
3.19,1.500354102136771,1.50016996902565
3.2,1.5,1.5
3.21,1.500465387912118,1.5002233861978165
3.22,1.5013821806211491,1.5006634466981514
3.23,1.502875644962769,1.5013803095821292
3.24,1.504964738627896,1.50238307454139
3.25,1.507617805483751,1.5036565466322005
3.26,1.5107803606241939,1.5051745730996131
3.27,1.5143761575222017,1.5069005556106567
3.28,1.5182770939171313,1.508773005080223
3.29,1.522317720176652,1.510712505684793
3.3,1.526339678429067,1.5126430456459523
3.31,1.5302008249238135,1.5144963959634303
3.32,1.5337650196999313,1.516207209455967
3.33,1.5369035063311456,1.51771368303895
3.34,1.5395453936979173,1.5189817889750004
3.35,1.5416630402952434,1.5199982593417167
3.36,1.5432567277550697,1.5207632293224336
3.37,1.5443037508428097,1.5212658004045487
3.38,1.5448265388607978,1.521516738653183
3.39,1.544999138507992,1.521599586483836
3.4,1.5447661274671554,1.5214877411842347
3.41,1.544269555862993,1.5212493868142367
3.42,1.5435020362213254,1.5208809773862362
3.43,1.542545690573752,1.5204219314754008
3.44,1.5414564545452596,1.5198990981817246
3.45,1.5402659485302865,1.5193276552945376
3.46,1.5389992298930883,1.5187196303486823
3.47,1.5376768825761973,1.5180849036365747
3.48,1.5363126730173826,1.5174300830483436
3.49,1.5349092589505018,1.516756444296241
3.5,1.5334659131616355,1.516063638317585
3.51,1.5319785731099547,1.5153497150927782
3.52,1.5304412806034087,1.5146118146896361
3.53,1.5288517644815147,1.513848846951127
3.54,1.5272132859751582,1.513062377268076
3.55,1.5255346948653459,1.512256653535366
3.56,1.5238367284834384,1.5114416296720505
3.57,1.5221461456362158,1.5106301499053836
3.58,1.5204925058595837,1.5098364028126001
3.59,1.5189149696566164,1.509079185435176
3.6,1.5174573927372694,1.5083795485138893
3.61,1.5161564098019154,1.5077550767049193
3.62,1.51504094671458,1.5072196544229983
3.63,1.5141428805235773,1.5067885826513172
3.64,1.513495867587626,1.5064780164420606
3.65,1.5131142117921264,1.5062948216602206
3.66,1.5129555176384748,1.506218648466468
3.67,1.5130561913363636,1.5062669718414545
3.68,1.5133299270272256,1.5063983649730683
3.69,1.5138079959992319,1.5066278380796314
3.7,1.5144030406326054,1.5069134595036506
3.71,1.5150525230448693,1.5072252110615372
3.72,1.515692483447492,1.5075323920547963
3.73,1.5162572036962956,1.5078034577742219
3.74,1.5166957476362586,1.5080139588654042
3.75,1.516902573192492,1.5081132351323963
3.76,1.5169174868613482,1.508120393693447
3.77,1.5166883092839272,1.508010388456285
3.78,1.5162172703817487,1.5077842897832394
3.79,1.515559404892847,1.5074685143485664
3.8,1.5147514317557216,1.5070806872427465
3.81,1.513854558141902,1.506650187908113
3.82,1.5129355308227241,1.5062090547949076
3.83,1.5120463014207781,1.5057822246819734
3.84,1.511220175176859,1.5053856840848923
3.85,1.5104791860608384,1.5050300093092024
3.86,1.5098288829345257,1.5047178638085723
3.87,1.5092513573588804,1.5044406515322626
3.88,1.5087221055105329,1.5041866106450559
3.89,1.5082125330297276,1.5039420158542693
3.9,1.5076792937424033,1.5036860609963536
3.91,1.5070914865890517,1.5034039135627448
3.92,1.5064234295859933,1.5030832462012769
3.93,1.5056542291003279,1.5027140299681574
3.94,1.504785070689395,1.5022968339309097
3.95,1.5038350195996464,1.5018408094078302
3.96,1.50283823043108,1.5013623506069183
3.97,1.5018562016787473,1.5008909768057987
3.98,1.5009791868680622,1.5004700096966699
3.99,1.500354102136771,1.50016996902565
4.0,1.5,1.5
4.01,1.500465387912118,1.5002233861978165
4.02,1.501382180621149,1.5006634466981514
4.03,1.502875644962769,1.5013803095821292
4.04,1.5049647386278957,1.50238307454139
4.05,1.507617805483751,1.5036565466322005
4.06,1.5107803606241939,1.5051745730996131
4.07,1.5143761575222017,1.5069005556106567
4.08,1.5182770939171313,1.508773005080223
4.09,1.522317720176652,1.510712505684793
4.1,1.526339678429067,1.5126430456459523
4.11,1.5302008249238135,1.5144963959634303
4.12,1.5337650196999313,1.516207209455967
4.13,1.5369035063311456,1.51771368303895
4.14,1.5395453936979173,1.5189817889750004
4.15,1.5416630402952434,1.5199982593417167
4.16,1.5432567277550697,1.5207632293224336
4.17,1.5443037508428097,1.5212658004045487
4.18,1.5448265388607978,1.521516738653183
4.19,1.544999138507992,1.521599586483836
4.2,1.5447661274671554,1.5214877411842347
4.21,1.544269555862993,1.5212493868142367
4.22,1.5435020362213254,1.5208809773862362
4.23,1.5425456905737518,1.5204219314754008
4.24,1.5414564545452596,1.5198990981817246
4.25,1.5402659485302865,1.5193276552945376
4.26,1.5389992298930883,1.5187196303486823
4.27,1.5376768825761975,1.5180849036365747
4.28,1.5363126730173826,1.5174300830483436
4.29,1.5349092589505018,1.516756444296241
4.3,1.5334659131616355,1.516063638317585
4.31,1.5319785731099547,1.5153497150927782
4.32,1.5304412806034087,1.5146118146896361
4.33,1.5288517644815147,1.513848846951127
4.34,1.5272132859751582,1.513062377268076
4.35,1.5255346948653459,1.512256653535366
4.36,1.5238367284834384,1.5114416296720505
4.37,1.5221461456362158,1.5106301499053836
4.38,1.5204925058595837,1.5098364028126001
4.39,1.5189149696566164,1.509079185435176
4.4,1.5174573927372694,1.5083795485138893
4.41,1.5161564098019154,1.5077550767049193
4.42,1.51504094671458,1.5072196544229983
4.43,1.5141428805235773,1.5067885826513172
4.44,1.513495867587626,1.5064780164420604
4.45,1.5131142117921264,1.5062948216602206
4.46,1.5129555176384748,1.506218648466468
4.47,1.5130561913363636,1.5062669718414545
4.48,1.5133299270272256,1.5063983649730683
4.49,1.5138079959992319,1.5066278380796314
4.5,1.5144030406326054,1.5069134595036506
4.51,1.5150525230448693,1.5072252110615372
4.52,1.515692483447492,1.5075323920547963
4.53,1.5162572036962956,1.5078034577742219
4.54,1.5166957476362586,1.5080139588654042
4.55,1.516902573192492,1.5081132351323963
4.56,1.5169174868613482,1.508120393693447
4.57,1.5166883092839272,1.508010388456285
4.58,1.5162172703817487,1.5077842897832394
4.59,1.515559404892847,1.5074685143485664
4.6,1.5147514317557216,1.5070806872427465
4.61,1.513854558141902,1.506650187908113
4.62,1.5129355308227241,1.5062090547949076
4.63,1.5120463014207781,1.5057822246819734
4.64,1.511220175176859,1.5053856840848923
4.65,1.5104791860608384,1.5050300093092024
4.66,1.5098288829345257,1.5047178638085723
4.67,1.5092513573588804,1.5044406515322626
4.68,1.5087221055105329,1.5041866106450559
4.69,1.5082125330297276,1.5039420158542693
4.7,1.5076792937424033,1.5036860609963536
4.71,1.5070914865890517,1.5034039135627448
4.72,1.5064234295859933,1.5030832462012769
4.73,1.5056542291003279,1.5027140299681574
4.74,1.504785070689395,1.5022968339309097
4.75,1.5038350195996464,1.5018408094078302
4.76,1.50283823043108,1.5013623506069183
4.77,1.5018562016787473,1.5008909768057987
4.78,1.5009791868680622,1.5004700096966699
4.79,1.500354102136771,1.50016996902565
4.8,1.5,1.5
4.81,1.500465387912118,1.5002233861978165
4.82,1.5013821806211491,1.5006634466981514
4.83,1.502875644962769,1.5013803095821292
4.84,1.5049647386278957,1.50238307454139
4.85,1.507617805483751,1.5036565466322005
4.86,1.5107803606241943,1.5051745730996131
4.87,1.5143761575222017,1.5069005556106567
4.88,1.5182770939171313,1.508773005080223
4.89,1.522317720176652,1.510712505684793
4.9,1.526339678429067,1.5126430456459523
4.91,1.5302008249238135,1.5144963959634303
4.92,1.5337650196999313,1.516207209455967
4.93,1.5369035063311456,1.51771368303895
4.94,1.5395453936979175,1.5189817889750004
4.95,1.5416630402952434,1.5199982593417167
4.96,1.5432567277550697,1.5207632293224336
4.97,1.5443037508428097,1.5212658004045487
4.98,1.5448265388607978,1.521516738653183
4.99,1.544999138507992,1.521599586483836
5.0,1.5447661274671554,1.5214877411842347
5.01,1.544269555862993,1.5212493868142367
5.02,1.5435020362213254,1.5208809773862362
5.03,1.542545690573752,1.5204219314754008
5.04,1.5414564545452596,1.5198990981817246
5.05,1.5402659485302865,1.5193276552945376
5.06,1.5389992298930883,1.5187196303486825
5.07,1.5376768825761973,1.5180849036365747
5.08,1.5363126730173826,1.5174300830483436
5.09,1.5349092589505018,1.516756444296241
5.1,1.5334659131616355,1.516063638317585
5.11,1.5319785731099547,1.5153497150927782
5.12,1.5304412806034087,1.5146118146896361
5.13,1.5288517644815147,1.513848846951127
5.14,1.5272132859751582,1.513062377268076
5.15,1.5255346948653459,1.512256653535366
5.16,1.5238367284834384,1.5114416296720505
5.17,1.5221461456362158,1.5106301499053836
5.18,1.5204925058595837,1.5098364028126001
5.19,1.5189149696566164,1.509079185435176
5.2,1.5174573927372694,1.5083795485138893
5.21,1.5161564098019154,1.5077550767049193
5.22,1.51504094671458,1.5072196544229983
5.23,1.5141428805235773,1.5067885826513172
5.24,1.513495867587626,1.5064780164420606
5.25,1.5131142117921264,1.5062948216602206
5.26,1.5129555176384748,1.506218648466468
5.27,1.5130561913363636,1.5062669718414545
5.28,1.5133299270272256,1.5063983649730683
5.29,1.5138079959992319,1.5066278380796314
5.3,1.5144030406326054,1.5069134595036506
5.31,1.5150525230448693,1.5072252110615372
5.32,1.515692483447492,1.5075323920547963
5.33,1.5162572036962956,1.5078034577742219
5.34,1.5166957476362586,1.5080139588654042
5.35,1.516902573192492,1.5081132351323963
5.36,1.5169174868613482,1.508120393693447
5.37,1.5166883092839272,1.508010388456285
5.38,1.5162172703817487,1.5077842897832394
5.39,1.515559404892847,1.5074685143485664
5.4,1.5147514317557216,1.5070806872427465
5.41,1.513854558141902,1.506650187908113
5.42,1.5129355308227241,1.5062090547949076
5.43,1.5120463014207781,1.5057822246819734
5.44,1.5112201751768588,1.5053856840848923
5.45,1.5104791860608384,1.5050300093092024
5.46,1.5098288829345257,1.5047178638085723
5.47,1.5092513573588804,1.5044406515322626
5.48,1.5087221055105329,1.5041866106450557
5.49,1.5082125330297276,1.5039420158542693
5.5,1.5076792937424033,1.5036860609963536
5.51,1.5070914865890517,1.5034039135627448
5.52,1.5064234295859933,1.5030832462012769
5.53,1.5056542291003279,1.5027140299681574
5.54,1.504785070689395,1.5022968339309097
5.55,1.5038350195996464,1.5018408094078302
5.56,1.50283823043108,1.5013623506069183
5.57,1.5018562016787473,1.5008909768057987
5.58,1.5009791868680622,1.5004700096966699
5.59,1.500354102136771,1.50016996902565
5.6,1.5,1.5
5.61,1.500465387912118,1.5002233861978165
5.62,1.5013821806211491,1.5006634466981514
5.63,1.502875644962769,1.5013803095821292
5.64,1.5049647386278957,1.50238307454139
5.65,1.507617805483751,1.5036565466322005
5.66,1.5107803606241943,1.5051745730996131
5.67,1.5143761575222017,1.5069005556106567
5.68,1.5182770939171313,1.508773005080223
5.69,1.5223177201766522,1.5107125056847932
5.7,1.526339678429067,1.5126430456459523
5.71,1.5302008249238135,1.5144963959634303
5.72,1.5337650196999313,1.516207209455967
5.73,1.5369035063311458,1.51771368303895
5.74,1.5395453936979173,1.5189817889750004
5.75,1.5416630402952434,1.5199982593417167
5.76,1.5432567277550697,1.5207632293224336
5.77,1.5443037508428097,1.5212658004045487
5.78,1.5448265388607978,1.521516738653183
5.79,1.544999138507992,1.521599586483836
5.8,1.5447661274671554,1.5214877411842347
5.81,1.544269555862993,1.5212493868142367
5.82,1.5435020362213254,1.5208809773862362
5.83,1.542545690573752,1.5204219314754008
5.84,1.5414564545452596,1.5198990981817246
5.85,1.5402659485302865,1.5193276552945376
5.86,1.5389992298930883,1.5187196303486823
5.87,1.5376768825761973,1.5180849036365747
5.88,1.5363126730173826,1.5174300830483436
5.89,1.5349092589505018,1.516756444296241
5.9,1.5334659131616355,1.516063638317585
5.91,1.5319785731099547,1.5153497150927782
5.92,1.5304412806034087,1.5146118146896361
5.93,1.5288517644815147,1.513848846951127
5.94,1.5272132859751582,1.5130623772680758
5.95,1.5255346948653459,1.512256653535366
5.96,1.5238367284834384,1.5114416296720505
5.97,1.5221461456362158,1.5106301499053836
5.98,1.5204925058595835,1.5098364028126001
5.99,1.5189149696566164,1.509079185435176
6.0,1.5174573927372694,1.5083795485138893
6.01,1.5161564098019154,1.5077550767049193
6.02,1.51504094671458,1.5072196544229985
6.03,1.5141428805235773,1.5067885826513172
6.04,1.513495867587626,1.5064780164420606
6.05,1.5131142117921264,1.5062948216602206
6.06,1.5129555176384748,1.506218648466468
6.07,1.5130561913363636,1.5062669718414545
6.08,1.5133299270272256,1.5063983649730683
6.09,1.5138079959992319,1.5066278380796314
6.1,1.5144030406326054,1.5069134595036506
6.11,1.5150525230448693,1.5072252110615372
6.12,1.515692483447492,1.5075323920547963
6.13,1.5162572036962956,1.5078034577742219
6.14,1.5166957476362586,1.5080139588654042
6.15,1.516902573192492,1.5081132351323963
6.16,1.5169174868613482,1.508120393693447
6.17,1.5166883092839272,1.508010388456285
6.18,1.5162172703817487,1.5077842897832394
6.19,1.515559404892847,1.5074685143485664
6.2,1.5147514317557216,1.5070806872427465
6.21,1.513854558141902,1.506650187908113
6.22,1.5129355308227241,1.5062090547949076
6.23,1.512046301420778,1.5057822246819734
6.24,1.511220175176859,1.5053856840848923
6.25,1.5104791860608384,1.5050300093092024
6.26,1.5098288829345257,1.5047178638085723
6.27,1.5092513573588804,1.5044406515322626
6.28,1.5087221055105329,1.5041866106450559
6.29,1.5082125330297276,1.5039420158542693
6.3,1.5076792937424033,1.5036860609963536
6.31,1.507091486589052,1.5034039135627448
6.32,1.5064234295859933,1.5030832462012769
6.33,1.5056542291003279,1.5027140299681574
6.34,1.504785070689395,1.5022968339309097
6.35,1.5038350195996464,1.5018408094078302
6.36,1.50283823043108,1.5013623506069183
6.37,1.5018562016787473,1.5008909768057987
6.38,1.5009791868680622,1.5004700096966699
6.39,1.500354102136771,1.50016996902565
6.4,1.5,1.5
6.41,1.500465387912118,1.5002233861978165
6.42,1.5013821806211491,1.5006634466981514
6.43,1.502875644962769,1.5013803095821292
6.44,1.504964738627896,1.50238307454139
6.45,1.507617805483751,1.5036565466322005
6.46,1.5107803606241939,1.5051745730996131
6.47,1.5143761575222017,1.5069005556106567
6.48,1.518277093917132,1.5087730050802233
6.49,1.5223177201766522,1.5107125056847932
6.5,1.526339678429067,1.5126430456459523
6.51,1.530200824923813,1.5144963959634303
6.52,1.5337650196999308,1.5162072094559669
6.53,1.5369035063311456,1.51771368303895
6.54,1.5395453936979175,1.5189817889750004
6.55,1.5416630402952434,1.5199982593417167
6.56,1.5432567277550697,1.5207632293224334
6.57,1.5443037508428097,1.5212658004045487
6.58,1.5448265388607978,1.521516738653183
6.59,1.544999138507992,1.521599586483836
6.6,1.5447661274671554,1.5214877411842347
6.61,1.544269555862993,1.5212493868142367
6.62,1.5435020362213254,1.5208809773862362
6.63,1.542545690573752,1.5204219314754008
6.64,1.5414564545452594,1.5198990981817244
6.65,1.5402659485302865,1.5193276552945376
6.66,1.5389992298930883,1.5187196303486825
6.67,1.5376768825761973,1.5180849036365747
6.68,1.5363126730173826,1.5174300830483436
6.69,1.5349092589505016,1.5167564442962407
6.7,1.5334659131616355,1.516063638317585
6.71,1.5319785731099547,1.5153497150927782
6.72,1.5304412806034087,1.5146118146896361
6.73,1.5288517644815145,1.5138488469511269
6.74,1.5272132859751582,1.5130623772680758
6.75,1.5255346948653459,1.512256653535366
6.76,1.5238367284834387,1.5114416296720505
6.77,1.522146145636216,1.5106301499053836
6.78,1.5204925058595837,1.5098364028126001
6.79,1.5189149696566164,1.509079185435176
6.8,1.5174573927372694,1.5083795485138893
6.81,1.5161564098019154,1.5077550767049193
6.82,1.51504094671458,1.5072196544229983
6.83,1.5141428805235773,1.5067885826513172
6.84,1.513495867587626,1.5064780164420604
6.85,1.5131142117921264,1.5062948216602206
6.86,1.5129555176384748,1.506218648466468
6.87,1.5130561913363636,1.5062669718414545
6.88,1.5133299270272256,1.5063983649730683
6.89,1.5138079959992319,1.5066278380796314
6.9,1.5144030406326054,1.5069134595036506
6.91,1.5150525230448693,1.5072252110615372
6.92,1.515692483447492,1.5075323920547963
6.93,1.5162572036962956,1.5078034577742219
6.94,1.5166957476362586,1.5080139588654042
6.95,1.516902573192492,1.5081132351323963
6.96,1.5169174868613482,1.508120393693447
6.97,1.5166883092839272,1.508010388456285
6.98,1.5162172703817487,1.5077842897832394
6.99,1.515559404892847,1.5074685143485664
7.0,1.5147514317557216,1.5070806872427465
7.01,1.513854558141902,1.5066501879081131
7.02,1.5129355308227241,1.5062090547949076
7.03,1.5120463014207781,1.5057822246819734
7.04,1.5112201751768588,1.5053856840848923
7.05,1.5104791860608384,1.5050300093092024
7.06,1.5098288829345257,1.5047178638085723
7.07,1.5092513573588804,1.5044406515322626
7.08,1.5087221055105329,1.5041866106450559
7.09,1.5082125330297276,1.5039420158542693
7.1,1.5076792937424033,1.5036860609963536
7.11,1.507091486589052,1.5034039135627448
7.12,1.5064234295859933,1.5030832462012769
7.13,1.5056542291003279,1.5027140299681574
7.14,1.504785070689395,1.5022968339309095
7.15,1.5038350195996464,1.5018408094078302
7.16,1.50283823043108,1.5013623506069183
7.17,1.5018562016787473,1.5008909768057987
7.18,1.5009791868680622,1.5004700096966699
7.19,1.500354102136771,1.50016996902565
7.2,1.5,1.5
7.21,1.500465387912118,1.5002233861978165
7.22,1.5013821806211491,1.5006634466981514
7.23,1.502875644962769,1.5013803095821292
7.24,1.504964738627896,1.50238307454139
7.25,1.507617805483751,1.5036565466322005
7.26,1.5107803606241939,1.5051745730996131
7.27,1.5143761575222017,1.5069005556106567
7.28,1.5182770939171313,1.508773005080223
7.29,1.5223177201766522,1.5107125056847932
7.3,1.526339678429067,1.5126430456459523
7.31,1.530200824923813,1.5144963959634303
7.32,1.5337650196999313,1.516207209455967
7.33,1.5369035063311456,1.51771368303895
7.34,1.5395453936979175,1.5189817889750004
7.35,1.5416630402952434,1.5199982593417167
7.36,1.5432567277550697,1.5207632293224334
7.37,1.5443037508428097,1.5212658004045487
7.38,1.5448265388607978,1.521516738653183
7.39,1.544999138507992,1.521599586483836
7.4,1.5447661274671554,1.5214877411842347
7.41,1.544269555862993,1.5212493868142367
7.42,1.5435020362213254,1.5208809773862362
7.43,1.542545690573752,1.5204219314754008
7.44,1.5414564545452594,1.5198990981817244
7.45,1.5402659485302865,1.5193276552945376
7.46,1.5389992298930883,1.5187196303486825
7.47,1.5376768825761973,1.5180849036365747
7.48,1.5363126730173826,1.5174300830483436
7.49,1.5349092589505016,1.5167564442962407
7.5,1.5334659131616355,1.516063638317585
7.51,1.5319785731099547,1.5153497150927782
7.52,1.5304412806034087,1.5146118146896361
7.53,1.5288517644815147,1.513848846951127
7.54,1.5272132859751582,1.5130623772680758
7.55,1.5255346948653459,1.512256653535366
7.56,1.5238367284834387,1.5114416296720505
7.57,1.5221461456362158,1.5106301499053836
7.58,1.5204925058595837,1.5098364028126001
7.59,1.5189149696566164,1.509079185435176
7.6,1.5174573927372694,1.5083795485138893
7.61,1.5161564098019154,1.5077550767049193
7.62,1.51504094671458,1.5072196544229983
7.63,1.5141428805235773,1.5067885826513172
7.64,1.513495867587626,1.5064780164420604
7.65,1.5131142117921264,1.5062948216602206
7.66,1.5129555176384748,1.506218648466468
7.67,1.5130561913363636,1.5062669718414545
7.68,1.5133299270272256,1.5063983649730683
7.69,1.5138079959992319,1.5066278380796314
7.7,1.5144030406326054,1.5069134595036506
7.71,1.5150525230448693,1.5072252110615372
7.72,1.515692483447492,1.5075323920547963
7.73,1.5162572036962956,1.5078034577742219
7.74,1.5166957476362586,1.5080139588654042
7.75,1.516902573192492,1.5081132351323963
7.76,1.5169174868613482,1.508120393693447
7.77,1.5166883092839272,1.508010388456285
7.78,1.5162172703817487,1.5077842897832394
7.79,1.515559404892847,1.5074685143485664
7.8,1.5147514317557216,1.5070806872427465
7.81,1.513854558141902,1.5066501879081131
7.82,1.5129355308227241,1.5062090547949076
7.83,1.5120463014207781,1.5057822246819734
7.84,1.5112201751768588,1.5053856840848923
7.85,1.5104791860608384,1.5050300093092024
7.86,1.5098288829345257,1.5047178638085723
7.87,1.5092513573588804,1.5044406515322626
7.88,1.5087221055105329,1.5041866106450559
7.89,1.5082125330297276,1.5039420158542693
7.9,1.5076792937424033,1.5036860609963536
7.91,1.507091486589052,1.5034039135627448
7.92,1.5064234295859933,1.5030832462012769
7.93,1.5056542291003279,1.5027140299681574
7.94,1.504785070689395,1.5022968339309095
7.95,1.5038350195996464,1.5018408094078302
7.96,1.50283823043108,1.5013623506069183
7.97,1.5018562016787473,1.5008909768057987
7.98,1.5009791868680622,1.5004700096966699
7.99,1.500354102136771,1.50016996902565
8.0,1.5,1.5
8.01,1.500465387912118,1.5002233861978165
8.02,1.5013821806211491,1.5006634466981514
8.03,1.502875644962769,1.5013803095821292
8.04,1.5049647386278955,1.5023830745413898
8.05,1.507617805483751,1.5036565466322005
8.06,1.5107803606241939,1.5051745730996131
8.07,1.5143761575222017,1.5069005556106567
8.08,1.5182770939171313,1.508773005080223
8.09,1.5223177201766522,1.5107125056847932
8.1,1.526339678429067,1.5126430456459523
8.11,1.530200824923813,1.5144963959634303
8.12,1.5337650196999308,1.5162072094559669
8.13,1.536903506331146,1.5177136830389502
8.14,1.5395453936979175,1.5189817889750004
8.15,1.5416630402952434,1.5199982593417167
8.16,1.5432567277550697,1.5207632293224334
8.17,1.5443037508428097,1.5212658004045487
8.18,1.5448265388607978,1.521516738653183
8.19,1.544999138507992,1.521599586483836
8.2,1.5447661274671554,1.5214877411842347
8.21,1.5442695558629929,1.5212493868142367
8.22,1.5435020362213254,1.5208809773862362
8.23,1.542545690573752,1.5204219314754008
8.24,1.5414564545452594,1.5198990981817244
8.25,1.5402659485302865,1.5193276552945376
8.26,1.5389992298930883,1.5187196303486825
8.27,1.5376768825761973,1.5180849036365747
8.28,1.5363126730173826,1.5174300830483436
8.29,1.5349092589505018,1.516756444296241
8.3,1.5334659131616355,1.516063638317585
8.31,1.5319785731099547,1.5153497150927782
8.32,1.5304412806034087,1.5146118146896361
8.33,1.5288517644815147,1.513848846951127
8.34,1.5272132859751582,1.5130623772680758
8.35,1.5255346948653459,1.512256653535366
8.36,1.5238367284834387,1.5114416296720505
8.37,1.522146145636216,1.5106301499053836
8.38,1.5204925058595835,1.5098364028126001
8.39,1.5189149696566164,1.509079185435176
8.4,1.5174573927372694,1.5083795485138893
8.41,1.5161564098019154,1.5077550767049193
8.42,1.51504094671458,1.5072196544229983
8.43,1.5141428805235773,1.5067885826513172
8.44,1.513495867587626,1.5064780164420604
8.45,1.5131142117921264,1.5062948216602206
8.46,1.5129555176384748,1.506218648466468
8.47,1.5130561913363636,1.5062669718414545
8.48,1.5133299270272256,1.5063983649730683
8.49,1.5138079959992319,1.5066278380796314
8.5,1.5144030406326054,1.5069134595036506
8.51,1.5150525230448693,1.5072252110615372
8.52,1.515692483447492,1.5075323920547963
8.53,1.5162572036962956,1.5078034577742219
8.54,1.5166957476362586,1.508013958865404
8.55,1.516902573192492,1.5081132351323963
8.56,1.5169174868613482,1.508120393693447
8.57,1.5166883092839272,1.508010388456285
8.58,1.5162172703817487,1.5077842897832394
8.59,1.515559404892847,1.5074685143485664
8.6,1.5147514317557216,1.5070806872427465
8.61,1.513854558141902,1.5066501879081131
8.62,1.5129355308227241,1.5062090547949076
8.63,1.512046301420778,1.5057822246819734
8.64,1.5112201751768588,1.5053856840848923
8.65,1.5104791860608384,1.5050300093092024
8.66,1.5098288829345257,1.5047178638085723
8.67,1.5092513573588804,1.5044406515322626
8.68,1.5087221055105329,1.5041866106450559
8.69,1.5082125330297276,1.5039420158542693
8.7,1.5076792937424033,1.5036860609963536
8.71,1.5070914865890517,1.5034039135627448
8.72,1.5064234295859933,1.5030832462012769
8.73,1.5056542291003279,1.5027140299681574
8.74,1.504785070689395,1.5022968339309095
8.75,1.5038350195996464,1.5018408094078302
8.76,1.50283823043108,1.5013623506069183
8.77,1.5018562016787473,1.5008909768057987
8.78,1.5009791868680622,1.5004700096966699
8.79,1.500354102136771,1.50016996902565
8.8,1.5,1.5
8.81,1.500465387912118,1.5002233861978165
8.82,1.5013821806211491,1.5006634466981514
8.83,1.502875644962769,1.5013803095821292
8.84,1.504964738627896,1.50238307454139
8.85,1.507617805483751,1.5036565466322005
8.86,1.5107803606241939,1.5051745730996131
8.87,1.514376157522201,1.5069005556106565
8.88,1.518277093917132,1.5087730050802233
8.89,1.5223177201766522,1.5107125056847932
8.9,1.526339678429067,1.5126430456459523
8.91,1.530200824923813,1.5144963959634303
8.92,1.5337650196999313,1.516207209455967
8.93,1.5369035063311456,1.51771368303895
8.94,1.5395453936979175,1.5189817889750004
8.95,1.5416630402952434,1.5199982593417167
8.96,1.5432567277550697,1.5207632293224336
8.97,1.5443037508428097,1.5212658004045487
8.98,1.5448265388607978,1.521516738653183
8.99,1.544999138507992,1.521599586483836
9.0,1.5447661274671554,1.5214877411842347
9.01,1.544269555862993,1.5212493868142367
9.02,1.5435020362213254,1.5208809773862362
9.03,1.542545690573752,1.5204219314754008
9.04,1.5414564545452596,1.5198990981817246
9.05,1.5402659485302865,1.5193276552945376
9.06,1.5389992298930883,1.5187196303486825
9.07,1.5376768825761973,1.5180849036365747
9.08,1.5363126730173826,1.5174300830483436
9.09,1.5349092589505016,1.5167564442962407
9.1,1.5334659131616355,1.516063638317585
9.11,1.5319785731099547,1.5153497150927782
9.12,1.530441280603409,1.5146118146896363
9.13,1.5288517644815145,1.5138488469511269
9.14,1.5272132859751582,1.5130623772680758
9.15,1.5255346948653459,1.512256653535366
9.16,1.5238367284834387,1.5114416296720505
9.17,1.5221461456362158,1.5106301499053836
9.18,1.5204925058595837,1.5098364028126001
9.19,1.5189149696566164,1.509079185435176
9.2,1.5174573927372694,1.5083795485138893
9.21,1.5161564098019151,1.5077550767049193
9.22,1.51504094671458,1.5072196544229983
9.23,1.5141428805235773,1.5067885826513172
9.24,1.513495867587626,1.5064780164420604
9.25,1.5131142117921264,1.5062948216602206
9.26,1.5129555176384748,1.506218648466468
9.27,1.5130561913363636,1.5062669718414545
9.28,1.5133299270272256,1.5063983649730683
9.29,1.5138079959992319,1.5066278380796314
9.3,1.5144030406326054,1.5069134595036506
9.31,1.5150525230448693,1.5072252110615372
9.32,1.515692483447492,1.5075323920547963
9.33,1.5162572036962956,1.5078034577742219
9.34,1.5166957476362586,1.5080139588654042
9.35,1.516902573192492,1.5081132351323963
9.36,1.5169174868613482,1.508120393693447
9.37,1.5166883092839272,1.508010388456285
9.38,1.5162172703817487,1.5077842897832394
9.39,1.515559404892847,1.5074685143485664
9.4,1.5147514317557216,1.5070806872427465
9.41,1.513854558141902,1.5066501879081131
9.42,1.5129355308227241,1.5062090547949076
9.43,1.5120463014207781,1.5057822246819734
9.44,1.5112201751768588,1.5053856840848923
9.45,1.5104791860608384,1.5050300093092024
9.46,1.5098288829345257,1.5047178638085723
9.47,1.5092513573588804,1.5044406515322626
9.48,1.5087221055105329,1.5041866106450559
9.49,1.5082125330297276,1.5039420158542693
9.5,1.5076792937424033,1.5036860609963536
9.51,1.507091486589052,1.5034039135627448
9.52,1.5064234295859933,1.5030832462012769
9.53,1.5056542291003279,1.5027140299681574
9.54,1.504785070689395,1.5022968339309097
9.55,1.5038350195996464,1.5018408094078302
9.56,1.50283823043108,1.5013623506069183
9.57,1.5018562016787473,1.5008909768057987
9.58,1.5009791868680622,1.5004700096966699
9.59,1.500354102136771,1.50016996902565
9.6,1.5,1.5
9.61,1.500465387912118,1.5002233861978165
9.62,1.501382180621149,1.5006634466981514
9.63,1.5028756449627692,1.5013803095821292
9.64,1.504964738627896,1.50238307454139
9.65,1.507617805483751,1.5036565466322005
9.66,1.5107803606241939,1.5051745730996131
9.67,1.5143761575222017,1.5069005556106567
9.68,1.5182770939171313,1.508773005080223
9.69,1.5223177201766522,1.5107125056847932
9.7,1.526339678429067,1.5126430456459523
9.71,1.5302008249238137,1.5144963959634306
9.72,1.5337650196999313,1.516207209455967
9.73,1.5369035063311456,1.51771368303895
9.74,1.5395453936979175,1.5189817889750004
9.75,1.5416630402952434,1.5199982593417167
9.76,1.5432567277550697,1.5207632293224334
9.77,1.5443037508428097,1.5212658004045487
9.78,1.5448265388607978,1.521516738653183
9.79,1.544999138507992,1.521599586483836
9.8,1.5447661274671554,1.5214877411842347
9.81,1.544269555862993,1.5212493868142367
9.82,1.5435020362213254,1.5208809773862362
9.83,1.542545690573752,1.5204219314754008
9.84,1.5414564545452594,1.5198990981817244
9.85,1.5402659485302865,1.5193276552945376
9.86,1.5389992298930883,1.5187196303486825
9.87,1.5376768825761975,1.518084903636575
9.88,1.5363126730173824,1.5174300830483436
9.89,1.5349092589505016,1.5167564442962407
9.9,1.5334659131616355,1.516063638317585
9.91,1.5319785731099547,1.5153497150927782
9.92,1.5304412806034087,1.5146118146896361
9.93,1.5288517644815147,1.513848846951127
9.94,1.5272132859751582,1.5130623772680758
9.95,1.5255346948653459,1.512256653535366
9.96,1.5238367284834384,1.5114416296720503
9.97,1.5221461456362158,1.5106301499053836
9.98,1.5204925058595837,1.5098364028126001
9.99,1.5189149696566164,1.509079185435176
10.0,1.5174573927372694,1.5083795485138893
10.01,1.5161564098019154,1.5077550767049193
10.02,1.51504094671458,1.5072196544229983
10.03,1.5141428805235773,1.5067885826513172
10.04,1.513495867587626,1.5064780164420606
10.05,1.5131142117921264,1.5062948216602206
10.06,1.5129555176384748,1.506218648466468
10.07,1.5130561913363636,1.5062669718414545
10.08,1.5133299270272256,1.5063983649730683
10.09,1.5138079959992319,1.5066278380796314
10.1,1.5144030406326054,1.5069134595036506
10.11,1.5150525230448693,1.5072252110615372
10.12,1.515692483447492,1.5075323920547963
10.13,1.5162572036962956,1.5078034577742219
10.14,1.5166957476362586,1.5080139588654042
10.15,1.516902573192492,1.5081132351323963
10.16,1.5169174868613482,1.508120393693447
10.17,1.5166883092839272,1.508010388456285
10.18,1.5162172703817487,1.5077842897832394
10.19,1.515559404892847,1.5074685143485664
10.2,1.5147514317557216,1.5070806872427465
10.21,1.513854558141902,1.506650187908113
10.22,1.5129355308227241,1.5062090547949076
10.23,1.5120463014207781,1.5057822246819734
10.24,1.5112201751768588,1.5053856840848923
10.25,1.5104791860608384,1.5050300093092024
10.26,1.5098288829345257,1.5047178638085723
10.27,1.5092513573588804,1.5044406515322626
10.28,1.5087221055105329,1.5041866106450559
10.29,1.5082125330297276,1.5039420158542693
10.3,1.5076792937424033,1.5036860609963536
10.31,1.507091486589052,1.5034039135627448
10.32,1.5064234295859933,1.5030832462012769
10.33,1.5056542291003279,1.5027140299681574
10.34,1.504785070689395,1.5022968339309095
10.35,1.5038350195996464,1.5018408094078302
10.36,1.50283823043108,1.5013623506069183
10.37,1.5018562016787473,1.5008909768057987
10.38,1.5009791868680622,1.5004700096966699
10.39,1.500354102136771,1.50016996902565
10.4,1.5,1.5
10.41,1.500465387912118,1.5002233861978165
10.42,1.5013821806211491,1.5006634466981514
10.43,1.502875644962769,1.5013803095821292
10.44,1.504964738627896,1.50238307454139
10.45,1.507617805483751,1.5036565466322005
10.46,1.5107803606241945,1.5051745730996133
10.47,1.5143761575222017,1.5069005556106567
10.48,1.5182770939171313,1.508773005080223
10.49,1.5223177201766522,1.5107125056847932
10.5,1.526339678429067,1.5126430456459523
10.51,1.530200824923813,1.5144963959634303
10.52,1.5337650196999313,1.516207209455967
10.53,1.5369035063311456,1.51771368303895
10.54,1.5395453936979173,1.5189817889750004
10.55,1.5416630402952434,1.5199982593417167
10.56,1.5432567277550697,1.5207632293224334
10.57,1.5443037508428097,1.5212658004045487
10.58,1.5448265388607978,1.521516738653183
10.59,1.544999138507992,1.521599586483836
10.6,1.5447661274671554,1.5214877411842347
10.61,1.544269555862993,1.5212493868142367
10.62,1.5435020362213254,1.5208809773862362
10.63,1.5425456905737518,1.5204219314754008
10.64,1.5414564545452594,1.5198990981817244
10.65,1.5402659485302865,1.5193276552945376
10.66,1.5389992298930883,1.5187196303486825
10.67,1.5376768825761973,1.5180849036365747
10.68,1.5363126730173826,1.5174300830483436
10.69,1.5349092589505016,1.5167564442962407
10.7,1.5334659131616355,1.516063638317585
10.71,1.5319785731099544,1.5153497150927782
10.72,1.5304412806034087,1.5146118146896361
10.73,1.5288517644815147,1.513848846951127
10.74,1.5272132859751582,1.5130623772680758
10.75,1.5255346948653459,1.512256653535366
10.76,1.5238367284834387,1.5114416296720505
10.77,1.5221461456362158,1.5106301499053836
10.78,1.5204925058595837,1.5098364028126001
10.79,1.5189149696566167,1.509079185435176
10.8,1.5174573927372694,1.5083795485138893
10.81,1.5161564098019154,1.5077550767049193
10.82,1.51504094671458,1.5072196544229983
10.83,1.5141428805235773,1.5067885826513172
10.84,1.513495867587626,1.5064780164420604
10.85,1.5131142117921264,1.5062948216602206
10.86,1.5129555176384748,1.506218648466468
10.87,1.5130561913363636,1.5062669718414545
10.88,1.5133299270272256,1.5063983649730683
10.89,1.5138079959992319,1.5066278380796314
10.9,1.5144030406326054,1.5069134595036506
10.91,1.5150525230448693,1.5072252110615372
10.92,1.515692483447492,1.5075323920547963
10.93,1.5162572036962956,1.5078034577742219
10.94,1.5166957476362586,1.5080139588654042
10.95,1.516902573192492,1.5081132351323963
10.96,1.5169174868613482,1.508120393693447
10.97,1.5166883092839272,1.508010388456285
10.98,1.5162172703817487,1.5077842897832394
10.99,1.515559404892847,1.5074685143485664
11.0,1.5147514317557216,1.5070806872427465
11.01,1.513854558141902,1.5066501879081131
11.02,1.5129355308227241,1.5062090547949076
11.03,1.5120463014207781,1.5057822246819734
11.04,1.511220175176859,1.5053856840848923
11.05,1.5104791860608384,1.5050300093092024
11.06,1.5098288829345257,1.5047178638085723
11.07,1.5092513573588804,1.5044406515322626
11.08,1.5087221055105329,1.5041866106450559
11.09,1.5082125330297276,1.5039420158542693
11.1,1.5076792937424033,1.5036860609963536
11.11,1.507091486589052,1.5034039135627448
11.12,1.5064234295859933,1.5030832462012769
11.13,1.5056542291003279,1.5027140299681574
11.14,1.504785070689395,1.5022968339309095
11.15,1.5038350195996464,1.5018408094078302
11.16,1.50283823043108,1.5013623506069183
11.17,1.5018562016787473,1.5008909768057987
11.18,1.5009791868680622,1.5004700096966699
11.19,1.500354102136771,1.50016996902565
11.2,1.5,1.5
11.21,1.500465387912118,1.5002233861978167
11.22,1.5013821806211491,1.5006634466981514
11.23,1.502875644962769,1.5013803095821292
11.24,1.504964738627896,1.50238307454139
11.25,1.507617805483751,1.5036565466322005
11.26,1.5107803606241939,1.5051745730996131
11.27,1.5143761575222017,1.5069005556106567
11.28,1.5182770939171313,1.508773005080223
11.29,1.5223177201766518,1.5107125056847928
11.3,1.526339678429067,1.5126430456459523
11.31,1.530200824923813,1.5144963959634303
11.32,1.5337650196999313,1.516207209455967
11.33,1.5369035063311456,1.51771368303895
11.34,1.5395453936979175,1.5189817889750004
11.35,1.5416630402952434,1.5199982593417167
11.36,1.5432567277550697,1.5207632293224334
11.37,1.5443037508428097,1.5212658004045485
11.38,1.544826538860798,1.521516738653183
11.39,1.544999138507992,1.521599586483836
11.4,1.5447661274671554,1.5214877411842347
11.41,1.544269555862993,1.5212493868142367
11.42,1.5435020362213254,1.5208809773862362
11.43,1.542545690573752,1.5204219314754008
11.44,1.5414564545452594,1.5198990981817244
11.45,1.5402659485302865,1.5193276552945376
11.46,1.5389992298930881,1.5187196303486823
11.47,1.5376768825761973,1.5180849036365747
11.48,1.5363126730173826,1.5174300830483436
11.49,1.5349092589505016,1.5167564442962407
11.5,1.5334659131616355,1.516063638317585
11.51,1.5319785731099547,1.5153497150927782
11.52,1.5304412806034087,1.5146118146896361
11.53,1.5288517644815147,1.513848846951127
11.54,1.5272132859751584,1.513062377268076
11.55,1.5255346948653459,1.512256653535366
11.56,1.5238367284834387,1.5114416296720505
11.57,1.5221461456362158,1.5106301499053836
11.58,1.5204925058595837,1.5098364028126001
11.59,1.5189149696566164,1.509079185435176
11.6,1.5174573927372694,1.5083795485138893
11.61,1.5161564098019154,1.5077550767049193
11.62,1.5150409467145802,1.5072196544229985
11.63,1.5141428805235773,1.506788582651317
11.64,1.513495867587626,1.5064780164420604
11.65,1.5131142117921264,1.5062948216602206
11.66,1.5129555176384748,1.506218648466468
11.67,1.5130561913363636,1.5062669718414545
11.68,1.5133299270272256,1.5063983649730683
11.69,1.5138079959992319,1.5066278380796314
11.7,1.5144030406326054,1.5069134595036506
11.71,1.5150525230448693,1.5072252110615374
11.72,1.515692483447492,1.5075323920547963
11.73,1.5162572036962956,1.5078034577742219
11.74,1.5166957476362586,1.5080139588654042
11.75,1.516902573192492,1.5081132351323963
11.76,1.5169174868613482,1.508120393693447
11.77,1.5166883092839272,1.508010388456285
11.78,1.5162172703817487,1.5077842897832394
11.79,1.515559404892847,1.5074685143485667
11.8,1.5147514317557216,1.5070806872427465
11.81,1.513854558141902,1.5066501879081131
11.82,1.5129355308227241,1.5062090547949076
11.83,1.5120463014207781,1.5057822246819734
11.84,1.5112201751768588,1.5053856840848923
11.85,1.5104791860608384,1.5050300093092024
11.86,1.5098288829345257,1.5047178638085723
11.87,1.5092513573588804,1.5044406515322626
11.88,1.5087221055105329,1.5041866106450557
11.89,1.5082125330297276,1.5039420158542693
11.9,1.5076792937424033,1.5036860609963536
11.91,1.507091486589052,1.5034039135627448
11.92,1.5064234295859933,1.5030832462012769
11.93,1.5056542291003279,1.5027140299681574
11.94,1.504785070689395,1.5022968339309095
11.95,1.5038350195996464,1.5018408094078302
11.96,1.5028382304310797,1.5013623506069183
11.97,1.5018562016787473,1.5008909768057987
11.98,1.5009791868680622,1.5004700096966699
11.99,1.500354102136771,1.50016996902565
12.0,1.5,1.5
12.01,1.500465387912118,1.5002233861978165
12.02,1.5013821806211491,1.5006634466981514
12.03,1.502875644962769,1.5013803095821292
12.04,1.5049647386278955,1.5023830745413898
12.05,1.507617805483751,1.5036565466322005
12.06,1.5107803606241939,1.5051745730996131
12.07,1.5143761575222017,1.5069005556106567
12.08,1.5182770939171313,1.508773005080223
12.09,1.5223177201766522,1.5107125056847932
12.1,1.526339678429067,1.5126430456459523
12.11,1.530200824923813,1.5144963959634303
12.12,1.5337650196999308,1.5162072094559669
12.13,1.536903506331146,1.5177136830389502
12.14,1.5395453936979175,1.5189817889750004
12.15,1.5416630402952434,1.5199982593417167
12.16,1.5432567277550697,1.5207632293224334
12.17,1.5443037508428097,1.5212658004045487
12.18,1.5448265388607978,1.521516738653183
12.19,1.544999138507992,1.521599586483836
12.2,1.5447661274671554,1.5214877411842347
12.21,1.5442695558629929,1.5212493868142367
12.22,1.5435020362213254,1.5208809773862362
12.23,1.542545690573752,1.5204219314754008
12.24,1.5414564545452594,1.5198990981817244
12.25,1.5402659485302865,1.5193276552945376
12.26,1.5389992298930883,1.5187196303486825
12.27,1.5376768825761973,1.5180849036365747
12.28,1.5363126730173826,1.5174300830483436
12.29,1.5349092589505018,1.516756444296241
12.3,1.5334659131616355,1.516063638317585
12.31,1.5319785731099547,1.5153497150927782
12.32,1.5304412806034087,1.5146118146896361
12.33,1.5288517644815147,1.513848846951127
12.34,1.5272132859751582,1.5130623772680758
12.35,1.5255346948653459,1.512256653535366
12.36,1.5238367284834387,1.5114416296720505
12.37,1.522146145636216,1.5106301499053836
12.38,1.5204925058595835,1.5098364028126001
12.39,1.5189149696566164,1.509079185435176
12.4,1.5174573927372694,1.5083795485138893
12.41,1.5161564098019154,1.5077550767049193
12.42,1.51504094671458,1.5072196544229983
12.43,1.5141428805235773,1.5067885826513172
12.44,1.513495867587626,1.5064780164420604
12.45,1.5131142117921264,1.5062948216602206
12.46,1.5129555176384748,1.506218648466468
12.47,1.5130561913363636,1.5062669718414545
12.48,1.5133299270272256,1.5063983649730683
12.49,1.5138079959992319,1.5066278380796314
12.5,1.5144030406326054,1.5069134595036506
12.51,1.5150525230448693,1.5072252110615372
12.52,1.515692483447492,1.5075323920547963
12.53,1.5162572036962956,1.5078034577742219
12.54,1.5166957476362586,1.508013958865404
12.55,1.516902573192492,1.5081132351323963
12.56,1.5169174868613482,1.508120393693447
12.57,1.5166883092839272,1.508010388456285
12.58,1.5162172703817487,1.5077842897832394
12.59,1.515559404892847,1.5074685143485664
12.6,1.5147514317557216,1.5070806872427465
12.61,1.513854558141902,1.5066501879081131
12.62,1.5129355308227241,1.5062090547949076
12.63,1.512046301420778,1.5057822246819734
12.64,1.5112201751768588,1.5053856840848923
12.65,1.5104791860608384,1.5050300093092024
12.66,1.5098288829345257,1.5047178638085723
12.67,1.5092513573588804,1.5044406515322626
12.68,1.5087221055105329,1.5041866106450559
12.69,1.5082125330297276,1.5039420158542693
12.7,1.5076792937424033,1.5036860609963536
12.71,1.5070914865890517,1.5034039135627448
12.72,1.5064234295859933,1.5030832462012769
12.73,1.5056542291003279,1.5027140299681574
12.74,1.504785070689395,1.5022968339309095
12.75,1.5038350195996464,1.5018408094078302
12.76,1.50283823043108,1.5013623506069183
12.77,1.5018562016787473,1.5008909768057987
12.78,1.5009791868680622,1.5004700096966699
12.79,1.500354102136771,1.50016996902565
12.8,1.5,1.5
12.81,1.500465387912118,1.5002233861978165
12.82,1.501382180621149,1.5006634466981514
12.83,1.5028756449627692,1.5013803095821292
12.84,1.504964738627896,1.50238307454139
12.85,1.507617805483751,1.5036565466322005
12.86,1.5107803606241939,1.5051745730996131
12.87,1.514376157522201,1.5069005556106565
12.88,1.518277093917132,1.5087730050802233
12.89,1.5223177201766522,1.5107125056847932
12.9,1.526339678429067,1.5126430456459523
12.91,1.530200824923813,1.5144963959634303
12.92,1.5337650196999308,1.5162072094559669
12.93,1.536903506331146,1.5177136830389502
12.94,1.5395453936979175,1.5189817889750004
12.95,1.5416630402952434,1.5199982593417167
12.96,1.54325672775507,1.5207632293224336
12.97,1.5443037508428097,1.5212658004045485
12.98,1.544826538860798,1.521516738653183
12.99,1.544999138507992,1.521599586483836
13.0,1.5447661274671554,1.5214877411842347
13.01,1.544269555862993,1.5212493868142367
13.02,1.5435020362213254,1.5208809773862362
13.03,1.5425456905737518,1.5204219314754008
13.04,1.5414564545452598,1.5198990981817246
13.05,1.5402659485302865,1.5193276552945376
13.06,1.5389992298930883,1.5187196303486825
13.07,1.5376768825761975,1.518084903636575
13.08,1.5363126730173824,1.5174300830483436
13.09,1.5349092589505016,1.5167564442962407
13.1,1.5334659131616355,1.516063638317585
13.11,1.5319785731099547,1.5153497150927782
13.12,1.530441280603409,1.5146118146896363
13.13,1.5288517644815145,1.5138488469511269
13.14,1.5272132859751582,1.5130623772680758
13.15,1.5255346948653459,1.512256653535366
13.16,1.5238367284834387,1.5114416296720505
13.17,1.522146145636216,1.5106301499053836
13.18,1.5204925058595835,1.5098364028126001
13.19,1.5189149696566164,1.509079185435176
13.2,1.5174573927372694,1.5083795485138893
13.21,1.516156409801915,1.5077550767049193
13.22,1.5150409467145802,1.5072196544229985
13.23,1.5141428805235773,1.506788582651317
13.24,1.513495867587626,1.5064780164420604
13.25,1.5131142117921264,1.5062948216602206
13.26,1.5129555176384748,1.506218648466468
13.27,1.5130561913363636,1.5062669718414545
13.28,1.5133299270272256,1.5063983649730683
13.29,1.5138079959992319,1.5066278380796312
13.3,1.5144030406326054,1.5069134595036506
13.31,1.5150525230448693,1.5072252110615372
13.32,1.515692483447492,1.5075323920547963
13.33,1.5162572036962956,1.5078034577742219
13.34,1.5166957476362586,1.5080139588654042
13.35,1.516902573192492,1.5081132351323963
13.36,1.5169174868613482,1.508120393693447
13.37,1.5166883092839272,1.508010388456285
13.38,1.5162172703817487,1.5077842897832394
13.39,1.515559404892847,1.5074685143485664
13.4,1.5147514317557216,1.5070806872427465
13.41,1.513854558141902,1.5066501879081131
13.42,1.5129355308227241,1.5062090547949076
13.43,1.512046301420778,1.5057822246819734
13.44,1.5112201751768588,1.5053856840848923
13.45,1.5104791860608384,1.5050300093092024
13.46,1.5098288829345254,1.5047178638085723
13.47,1.5092513573588804,1.5044406515322626
13.48,1.5087221055105329,1.5041866106450557
13.49,1.5082125330297276,1.5039420158542693
13.5,1.5076792937424033,1.5036860609963536
13.51,1.507091486589052,1.5034039135627448
13.52,1.5064234295859933,1.5030832462012769
13.53,1.5056542291003279,1.5027140299681574
13.54,1.5047850706893953,1.5022968339309097
13.55,1.5038350195996464,1.5018408094078302
13.56,1.50283823043108,1.5013623506069183
13.57,1.5018562016787473,1.5008909768057987
13.58,1.5009791868680622,1.5004700096966699
13.59,1.500354102136771,1.50016996902565
13.6,1.5,1.5
13.61,1.500465387912118,1.5002233861978165
13.62,1.501382180621149,1.5006634466981514
13.63,1.5028756449627692,1.5013803095821292
13.64,1.504964738627896,1.50238307454139
13.65,1.507617805483751,1.5036565466322005
13.66,1.5107803606241939,1.5051745730996131
13.67,1.514376157522201,1.5069005556106565
13.68,1.518277093917132,1.5087730050802233
13.69,1.5223177201766522,1.5107125056847932
13.7,1.526339678429067,1.5126430456459523
13.71,1.530200824923813,1.5144963959634303
13.72,1.5337650196999308,1.5162072094559669
13.73,1.536903506331146,1.5177136830389502
13.74,1.5395453936979175,1.5189817889750004
13.75,1.5416630402952434,1.5199982593417167
13.76,1.5432567277550697,1.5207632293224334
13.77,1.5443037508428097,1.5212658004045485
13.78,1.544826538860798,1.521516738653183
13.79,1.544999138507992,1.521599586483836
13.8,1.5447661274671554,1.5214877411842347
13.81,1.544269555862993,1.5212493868142367
13.82,1.5435020362213254,1.5208809773862362
13.83,1.5425456905737518,1.5204219314754008
13.84,1.5414564545452594,1.5198990981817244
13.85,1.5402659485302865,1.5193276552945376
13.86,1.5389992298930883,1.5187196303486825
13.87,1.5376768825761975,1.518084903636575
13.88,1.5363126730173824,1.5174300830483436
13.89,1.5349092589505016,1.5167564442962407
13.9,1.5334659131616355,1.516063638317585
13.91,1.5319785731099547,1.5153497150927782
13.92,1.530441280603409,1.5146118146896363
13.93,1.5288517644815145,1.5138488469511269
13.94,1.5272132859751582,1.5130623772680758
13.95,1.5255346948653459,1.512256653535366
13.96,1.5238367284834387,1.5114416296720505
13.97,1.522146145636216,1.5106301499053836
13.98,1.5204925058595835,1.5098364028126001
13.99,1.5189149696566164,1.509079185435176
14.0,1.5174573927372694,1.5083795485138893
14.01,1.5161564098019154,1.5077550767049193
14.02,1.5150409467145802,1.5072196544229985
14.03,1.5141428805235773,1.506788582651317
14.04,1.513495867587626,1.5064780164420604
14.05,1.5131142117921264,1.5062948216602206
14.06,1.5129555176384748,1.506218648466468
14.07,1.5130561913363636,1.5062669718414545
14.08,1.5133299270272256,1.5063983649730683
14.09,1.5138079959992319,1.5066278380796314
14.1,1.5144030406326054,1.5069134595036506
14.11,1.5150525230448693,1.5072252110615372
14.12,1.515692483447492,1.5075323920547963
14.13,1.5162572036962956,1.5078034577742219
14.14,1.5166957476362586,1.5080139588654042
14.15,1.516902573192492,1.5081132351323963
14.16,1.5169174868613482,1.508120393693447
14.17,1.5166883092839272,1.508010388456285
14.18,1.5162172703817487,1.5077842897832394
14.19,1.515559404892847,1.5074685143485664
14.2,1.5147514317557216,1.5070806872427465
14.21,1.513854558141902,1.5066501879081131
14.22,1.5129355308227241,1.5062090547949076
14.23,1.512046301420778,1.5057822246819734
14.24,1.5112201751768588,1.5053856840848923
14.25,1.5104791860608384,1.5050300093092024
14.26,1.5098288829345257,1.5047178638085723
14.27,1.5092513573588804,1.5044406515322626
14.28,1.5087221055105329,1.5041866106450557
14.29,1.5082125330297276,1.5039420158542693
14.3,1.5076792937424033,1.5036860609963536
14.31,1.507091486589052,1.5034039135627448
14.32,1.5064234295859933,1.5030832462012769
14.33,1.5056542291003279,1.5027140299681574
14.34,1.504785070689395,1.5022968339309095
14.35,1.5038350195996464,1.5018408094078302
14.36,1.50283823043108,1.5013623506069183
14.37,1.5018562016787473,1.5008909768057987
14.38,1.5009791868680622,1.5004700096966699
14.39,1.500354102136771,1.50016996902565
14.4,1.5,1.5
14.41,1.500465387912118,1.5002233861978165
14.42,1.501382180621149,1.5006634466981514
14.43,1.5028756449627692,1.5013803095821292
14.44,1.504964738627896,1.50238307454139
14.45,1.507617805483751,1.5036565466322005
14.46,1.5107803606241939,1.5051745730996131
14.47,1.514376157522201,1.5069005556106565
14.48,1.518277093917132,1.5087730050802233
14.49,1.5223177201766522,1.5107125056847932
14.5,1.526339678429067,1.5126430456459523
14.51,1.530200824923813,1.5144963959634303
14.52,1.5337650196999308,1.5162072094559669
14.53,1.536903506331146,1.5177136830389502
14.54,1.5395453936979175,1.5189817889750004
14.55,1.5416630402952434,1.5199982593417167
14.56,1.5432567277550697,1.5207632293224334
14.57,1.5443037508428097,1.5212658004045485
14.58,1.544826538860798,1.521516738653183
14.59,1.544999138507992,1.521599586483836
14.6,1.5447661274671554,1.5214877411842347
14.61,1.544269555862993,1.5212493868142367
14.62,1.5435020362213254,1.5208809773862362
14.63,1.5425456905737518,1.5204219314754008
14.64,1.5414564545452594,1.5198990981817244
14.65,1.5402659485302865,1.5193276552945376
14.66,1.5389992298930883,1.5187196303486825
14.67,1.5376768825761975,1.518084903636575
14.68,1.5363126730173824,1.5174300830483436
14.69,1.5349092589505016,1.5167564442962407
14.7,1.5334659131616355,1.516063638317585
14.71,1.5319785731099547,1.5153497150927782
14.72,1.530441280603409,1.5146118146896363
14.73,1.5288517644815145,1.5138488469511269
14.74,1.5272132859751582,1.5130623772680758
14.75,1.5255346948653459,1.512256653535366
14.76,1.5238367284834387,1.5114416296720505
14.77,1.522146145636216,1.5106301499053836
14.78,1.5204925058595835,1.5098364028126001
14.79,1.5189149696566164,1.509079185435176
14.8,1.5174573927372694,1.5083795485138893
14.81,1.5161564098019154,1.5077550767049193
14.82,1.5150409467145802,1.5072196544229985
14.83,1.5141428805235773,1.506788582651317
14.84,1.513495867587626,1.5064780164420604
14.85,1.5131142117921264,1.5062948216602206
14.86,1.5129555176384748,1.506218648466468
14.87,1.5130561913363636,1.5062669718414545
14.88,1.5133299270272256,1.5063983649730683
14.89,1.5138079959992319,1.5066278380796314
14.9,1.5144030406326054,1.5069134595036506
14.91,1.5150525230448693,1.5072252110615372
14.92,1.515692483447492,1.5075323920547963
14.93,1.5162572036962956,1.5078034577742219
14.94,1.5166957476362586,1.5080139588654042
14.95,1.516902573192492,1.5081132351323963
14.96,1.5169174868613482,1.508120393693447
14.97,1.5166883092839272,1.508010388456285
14.98,1.5162172703817487,1.5077842897832394
14.99,1.515559404892847,1.5074685143485664
15.0,1.5147514317557216,1.5070806872427465
15.01,1.513854558141902,1.5066501879081131
15.02,1.5129355308227241,1.5062090547949076
15.03,1.512046301420778,1.5057822246819734
15.04,1.5112201751768588,1.5053856840848923
15.05,1.5104791860608384,1.5050300093092024
15.06,1.5098288829345257,1.5047178638085723
15.07,1.5092513573588804,1.5044406515322626
15.08,1.5087221055105329,1.5041866106450557
15.09,1.5082125330297276,1.5039420158542693
15.1,1.5076792937424033,1.5036860609963536
15.11,1.507091486589052,1.5034039135627448
15.12,1.5064234295859933,1.5030832462012769
15.13,1.5056542291003279,1.5027140299681574
15.14,1.504785070689395,1.5022968339309095
15.15,1.5038350195996464,1.5018408094078302
15.16,1.50283823043108,1.5013623506069183
15.17,1.5018562016787473,1.5008909768057987
15.18,1.5009791868680622,1.5004700096966699
15.19,1.500354102136771,1.50016996902565
15.2,1.5,1.5
15.21,1.500465387912118,1.5002233861978165
15.22,1.501382180621149,1.5006634466981514
15.23,1.5028756449627692,1.5013803095821292
15.24,1.504964738627896,1.50238307454139
15.25,1.507617805483751,1.5036565466322005
15.26,1.5107803606241939,1.5051745730996131
15.27,1.514376157522201,1.5069005556106565
15.28,1.518277093917132,1.5087730050802233
15.29,1.5223177201766522,1.5107125056847932
15.3,1.526339678429067,1.5126430456459523
15.31,1.530200824923813,1.5144963959634303
15.32,1.5337650196999308,1.5162072094559669
15.33,1.536903506331146,1.5177136830389502
15.34,1.5395453936979175,1.5189817889750004
15.35,1.5416630402952434,1.5199982593417167
15.36,1.5432567277550697,1.5207632293224334
15.37,1.5443037508428097,1.5212658004045485
15.38,1.544826538860798,1.521516738653183
15.39,1.544999138507992,1.521599586483836
15.4,1.5447661274671554,1.5214877411842347
15.41,1.544269555862993,1.5212493868142367
15.42,1.5435020362213254,1.5208809773862362
15.43,1.5425456905737518,1.5204219314754008
15.44,1.5414564545452594,1.5198990981817244
15.45,1.5402659485302865,1.5193276552945376
15.46,1.5389992298930883,1.5187196303486825
15.47,1.5376768825761975,1.518084903636575
15.48,1.5363126730173824,1.5174300830483436
15.49,1.5349092589505016,1.5167564442962407
15.5,1.5334659131616355,1.516063638317585
15.51,1.5319785731099547,1.5153497150927782
15.52,1.530441280603409,1.5146118146896363
15.53,1.5288517644815145,1.5138488469511269
15.54,1.5272132859751582,1.5130623772680758
15.55,1.5255346948653459,1.512256653535366
15.56,1.5238367284834387,1.5114416296720505
15.57,1.522146145636216,1.5106301499053836
15.58,1.5204925058595835,1.5098364028126001
15.59,1.5189149696566164,1.509079185435176
15.6,1.5174573927372694,1.5083795485138893
15.61,1.5161564098019154,1.5077550767049193
15.62,1.5150409467145802,1.5072196544229985
15.63,1.5141428805235773,1.506788582651317
15.64,1.513495867587626,1.5064780164420604
15.65,1.5131142117921264,1.5062948216602206
15.66,1.5129555176384748,1.506218648466468
15.67,1.5130561913363636,1.5062669718414545
15.68,1.5133299270272256,1.5063983649730683
15.69,1.5138079959992319,1.5066278380796314
15.7,1.5144030406326054,1.5069134595036506
15.71,1.5150525230448693,1.5072252110615372
15.72,1.515692483447492,1.5075323920547963
15.73,1.5162572036962956,1.5078034577742219
15.74,1.5166957476362586,1.5080139588654042
15.75,1.516902573192492,1.5081132351323963
15.76,1.5169174868613482,1.508120393693447
15.77,1.5166883092839272,1.508010388456285
15.78,1.5162172703817487,1.5077842897832394
15.79,1.515559404892847,1.5074685143485664
15.8,1.5147514317557216,1.5070806872427465
15.81,1.513854558141902,1.5066501879081131
15.82,1.5129355308227241,1.5062090547949076
15.83,1.512046301420778,1.5057822246819734
15.84,1.5112201751768588,1.5053856840848923
15.85,1.5104791860608384,1.5050300093092024
15.86,1.5098288829345257,1.5047178638085723
15.87,1.5092513573588804,1.5044406515322626
15.88,1.5087221055105329,1.5041866106450557
15.89,1.5082125330297276,1.5039420158542693
15.9,1.5076792937424033,1.5036860609963536
15.91,1.507091486589052,1.5034039135627448
15.92,1.5064234295859933,1.5030832462012769
15.93,1.5056542291003279,1.5027140299681574
15.94,1.504785070689395,1.5022968339309095
15.95,1.5038350195996464,1.5018408094078302
15.96,1.50283823043108,1.5013623506069183
15.97,1.5018562016787473,1.5008909768057987
15.98,1.5009791868680622,1.5004700096966699
15.99,1.500354102136771,1.50016996902565
16.0,1.5,1.5
16.01,1.5004653879121181,1.5002233861978167
16.02,1.501382180621149,1.5006634466981514
16.03,1.5028756449627692,1.5013803095821292
16.04,1.504964738627896,1.50238307454139
16.05,1.507617805483751,1.5036565466322005
16.06,1.5107803606241939,1.5051745730996131
16.07,1.514376157522201,1.5069005556106565
16.08,1.5182770939171308,1.5087730050802228
16.09,1.5223177201766522,1.5107125056847932
16.1,1.526339678429067,1.5126430456459523
16.11,1.530200824923813,1.5144963959634303
16.12,1.5337650196999308,1.5162072094559669
16.13,1.536903506331146,1.5177136830389502
16.14,1.5395453936979175,1.5189817889750004
16.15,1.5416630402952434,1.5199982593417167
16.16,1.5432567277550697,1.5207632293224334
16.17,1.54430375084281,1.5212658004045487
16.18,1.544826538860798,1.521516738653183
16.19,1.544999138507992,1.521599586483836
16.2,1.5447661274671554,1.5214877411842347
16.21,1.544269555862993,1.5212493868142367
16.22,1.5435020362213254,1.5208809773862362
16.23,1.5425456905737518,1.5204219314754008
16.24,1.5414564545452598,1.5198990981817246
16.25,1.5402659485302865,1.5193276552945376
16.26,1.5389992298930881,1.5187196303486823
16.27,1.5376768825761975,1.518084903636575
16.28,1.5363126730173824,1.5174300830483436
16.29,1.5349092589505016,1.5167564442962407
16.3,1.5334659131616355,1.516063638317585
16.31,1.5319785731099547,1.5153497150927782
16.32,1.530441280603409,1.5146118146896363
16.33,1.528851764481515,1.513848846951127
16.34,1.5272132859751582,1.5130623772680758
16.35,1.5255346948653459,1.512256653535366
16.36,1.5238367284834387,1.5114416296720505
16.37,1.522146145636216,1.5106301499053836
16.38,1.5204925058595835,1.5098364028126001
16.39,1.5189149696566164,1.509079185435176
16.4,1.5174573927372694,1.5083795485138893
16.41,1.5161564098019154,1.5077550767049193
16.42,1.5150409467145798,1.5072196544229983
16.43,1.5141428805235773,1.506788582651317
16.44,1.513495867587626,1.5064780164420604
16.45,1.5131142117921264,1.5062948216602206
16.46,1.5129555176384748,1.506218648466468
16.47,1.5130561913363636,1.5062669718414545
16.48,1.5133299270272256,1.5063983649730683
16.49,1.5138079959992319,1.5066278380796312
16.5,1.5144030406326054,1.5069134595036506
16.51,1.5150525230448695,1.5072252110615374
16.52,1.515692483447492,1.5075323920547963
16.53,1.5162572036962956,1.5078034577742219
16.54,1.5166957476362586,1.5080139588654042
16.55,1.516902573192492,1.5081132351323963
16.56,1.5169174868613482,1.508120393693447
16.57,1.5166883092839272,1.508010388456285
16.58,1.5162172703817487,1.5077842897832394
16.59,1.515559404892847,1.5074685143485664
16.6,1.5147514317557216,1.5070806872427465
16.61,1.513854558141902,1.5066501879081131
16.62,1.5129355308227241,1.5062090547949076
16.63,1.512046301420778,1.5057822246819734
16.64,1.5112201751768588,1.5053856840848923
16.65,1.5104791860608384,1.5050300093092024
16.66,1.5098288829345257,1.5047178638085723
16.67,1.5092513573588802,1.5044406515322626
16.68,1.5087221055105329,1.5041866106450557
16.69,1.5082125330297276,1.5039420158542693
16.7,1.5076792937424033,1.5036860609963536
16.71,1.507091486589052,1.5034039135627448
16.72,1.5064234295859933,1.5030832462012769
16.73,1.5056542291003279,1.5027140299681574
16.74,1.5047850706893953,1.5022968339309097
16.75,1.5038350195996464,1.5018408094078302
16.76,1.5028382304310797,1.5013623506069183
16.77,1.5018562016787473,1.5008909768057987
16.78,1.5009791868680622,1.5004700096966699
16.79,1.500354102136771,1.50016996902565
16.8,1.5,1.5
16.81,1.500465387912118,1.5002233861978165
16.82,1.501382180621149,1.5006634466981514
16.83,1.5028756449627687,1.501380309582129
16.84,1.504964738627896,1.50238307454139
16.85,1.507617805483751,1.5036565466322005
16.86,1.5107803606241939,1.5051745730996131
16.87,1.514376157522201,1.5069005556106565
16.88,1.518277093917132,1.5087730050802233
16.89,1.5223177201766522,1.5107125056847932
16.9,1.526339678429067,1.5126430456459523
16.91,1.530200824923813,1.5144963959634303
16.92,1.5337650196999317,1.5162072094559673
16.93,1.536903506331146,1.5177136830389502
16.94,1.5395453936979175,1.5189817889750004
16.95,1.5416630402952434,1.5199982593417167
16.96,1.5432567277550697,1.5207632293224334
16.97,1.5443037508428097,1.5212658004045485
16.98,1.544826538860798,1.521516738653183
16.99,1.544999138507992,1.521599586483836
17.0,1.5447661274671554,1.5214877411842347
17.01,1.5442695558629929,1.5212493868142365
17.02,1.5435020362213254,1.5208809773862362
17.03,1.5425456905737518,1.5204219314754008
17.04,1.5414564545452594,1.5198990981817244
17.05,1.5402659485302865,1.5193276552945376
17.06,1.5389992298930883,1.5187196303486825
17.07,1.5376768825761975,1.518084903636575
17.08,1.5363126730173828,1.5174300830483438
17.09,1.5349092589505016,1.5167564442962407
17.1,1.5334659131616355,1.516063638317585
17.11,1.5319785731099547,1.5153497150927782
17.12,1.530441280603409,1.5146118146896363
17.13,1.5288517644815145,1.5138488469511269
17.14,1.5272132859751582,1.5130623772680758
17.15,1.5255346948653459,1.512256653535366
17.16,1.5238367284834387,1.5114416296720505
17.17,1.5221461456362155,1.5106301499053834
17.18,1.5204925058595835,1.5098364028126001
17.19,1.5189149696566164,1.509079185435176
17.2,1.5174573927372694,1.5083795485138893
17.21,1.5161564098019154,1.5077550767049193
17.22,1.5150409467145802,1.5072196544229985
17.23,1.5141428805235773,1.506788582651317
17.24,1.513495867587626,1.5064780164420606
17.25,1.5131142117921264,1.5062948216602206
17.26,1.5129555176384748,1.506218648466468
17.27,1.5130561913363636,1.5062669718414545
17.28,1.5133299270272256,1.5063983649730683
17.29,1.5138079959992319,1.5066278380796314
17.3,1.5144030406326054,1.5069134595036506
17.31,1.5150525230448693,1.5072252110615372
17.32,1.515692483447492,1.5075323920547963
17.33,1.5162572036962956,1.5078034577742219
17.34,1.5166957476362586,1.5080139588654042
17.35,1.516902573192492,1.5081132351323963
17.36,1.5169174868613482,1.508120393693447
17.37,1.5166883092839272,1.508010388456285
17.38,1.5162172703817487,1.5077842897832394
17.39,1.515559404892847,1.5074685143485664
17.4,1.5147514317557216,1.5070806872427465
17.41,1.513854558141902,1.5066501879081131
17.42,1.512935530822724,1.5062090547949074
17.43,1.512046301420778,1.5057822246819734
17.44,1.5112201751768588,1.5053856840848923
17.45,1.5104791860608384,1.5050300093092024
17.46,1.5098288829345257,1.5047178638085723
17.47,1.5092513573588804,1.5044406515322626
17.48,1.5087221055105329,1.5041866106450557
17.49,1.5082125330297278,1.5039420158542693
17.5,1.5076792937424033,1.5036860609963536
17.51,1.5070914865890517,1.5034039135627448
17.52,1.5064234295859933,1.5030832462012769
17.53,1.5056542291003279,1.5027140299681574
17.54,1.504785070689395,1.5022968339309095
17.55,1.5038350195996464,1.5018408094078302
17.56,1.50283823043108,1.5013623506069183
17.57,1.5018562016787473,1.5008909768057987
17.58,1.5009791868680624,1.5004700096966699
17.59,1.500354102136771,1.50016996902565
17.6,1.5,1.5
17.61,1.500465387912118,1.5002233861978165
17.62,1.501382180621149,1.5006634466981514
17.63,1.5028756449627692,1.5013803095821292
17.64,1.504964738627896,1.50238307454139
17.65,1.507617805483751,1.5036565466322005
17.66,1.5107803606241939,1.5051745730996131
17.67,1.5143761575222021,1.506900555610657
17.68,1.518277093917132,1.5087730050802233
17.69,1.5223177201766522,1.5107125056847932
17.7,1.526339678429067,1.5126430456459523
17.71,1.530200824923813,1.5144963959634303
17.72,1.5337650196999308,1.5162072094559669
17.73,1.536903506331146,1.5177136830389502
17.74,1.5395453936979169,1.5189817889750001
17.75,1.5416630402952434,1.5199982593417167
17.76,1.54325672775507,1.5207632293224336
17.77,1.5443037508428097,1.5212658004045485
17.78,1.544826538860798,1.521516738653183
17.79,1.544999138507992,1.521599586483836
17.8,1.5447661274671554,1.5214877411842347
17.81,1.544269555862993,1.5212493868142367
17.82,1.5435020362213254,1.5208809773862362
17.83,1.542545690573752,1.520421931475401
17.84,1.5414564545452594,1.5198990981817244
17.85,1.5402659485302865,1.5193276552945376
17.86,1.5389992298930883,1.5187196303486825
17.87,1.5376768825761975,1.518084903636575
17.88,1.5363126730173824,1.5174300830483436
17.89,1.5349092589505016,1.5167564442962407
17.9,1.5334659131616355,1.516063638317585
17.91,1.5319785731099547,1.5153497150927782
17.92,1.5304412806034084,1.5146118146896361
17.93,1.5288517644815145,1.5138488469511269
17.94,1.5272132859751582,1.5130623772680758
17.95,1.5255346948653459,1.512256653535366
17.96,1.5238367284834387,1.5114416296720505
17.97,1.522146145636216,1.5106301499053836
17.98,1.5204925058595835,1.5098364028126001
17.99,1.5189149696566169,1.5090791854351762
18.0,1.5174573927372694,1.5083795485138893
18.01,1.516156409801915,1.5077550767049193
18.02,1.5150409467145802,1.5072196544229985
18.03,1.5141428805235773,1.506788582651317
18.04,1.513495867587626,1.5064780164420604
18.05,1.5131142117921264,1.5062948216602206
18.06,1.5129555176384748,1.506218648466468
18.07,1.5130561913363636,1.5062669718414545
18.08,1.5133299270272254,1.5063983649730681
18.09,1.5138079959992319,1.5066278380796314
18.1,1.5144030406326054,1.5069134595036506
18.11,1.5150525230448693,1.5072252110615372
18.12,1.515692483447492,1.5075323920547963
18.13,1.5162572036962956,1.5078034577742219
18.14,1.5166957476362586,1.5080139588654042
18.15,1.516902573192492,1.5081132351323963
18.16,1.5169174868613482,1.508120393693447
18.17,1.516688309283927,1.508010388456285
18.18,1.5162172703817487,1.5077842897832394
18.19,1.515559404892847,1.5074685143485664
18.2,1.5147514317557216,1.5070806872427465
18.21,1.513854558141902,1.5066501879081131
18.22,1.5129355308227241,1.5062090547949076
18.23,1.512046301420778,1.5057822246819734
18.24,1.511220175176859,1.5053856840848923
18.25,1.5104791860608384,1.5050300093092024
18.26,1.5098288829345254,1.5047178638085723
18.27,1.5092513573588804,1.5044406515322626
18.28,1.5087221055105329,1.5041866106450557
18.29,1.5082125330297276,1.5039420158542693
18.3,1.5076792937424033,1.5036860609963536
18.31,1.507091486589052,1.5034039135627448
18.32,1.5064234295859933,1.5030832462012769
18.33,1.505654229100328,1.5027140299681574
18.34,1.504785070689395,1.5022968339309095
18.35,1.5038350195996464,1.5018408094078302
18.36,1.50283823043108,1.5013623506069183
18.37,1.5018562016787473,1.5008909768057987
18.38,1.5009791868680622,1.5004700096966699
18.39,1.500354102136771,1.50016996902565
18.4,1.5,1.5
18.41,1.500465387912118,1.5002233861978165
18.42,1.5013821806211491,1.5006634466981517
18.43,1.5028756449627692,1.5013803095821292
18.44,1.504964738627896,1.50238307454139
18.45,1.507617805483751,1.5036565466322005
18.46,1.5107803606241939,1.5051745730996131
18.47,1.514376157522201,1.5069005556106565
18.48,1.518277093917132,1.5087730050802233
18.49,1.5223177201766511,1.5107125056847925
18.5,1.526339678429067,1.5126430456459523
18.51,1.5302008249238142,1.5144963959634308
18.52,1.5337650196999308,1.5162072094559669
18.53,1.536903506331146,1.5177136830389502
18.54,1.5395453936979175,1.5189817889750004
18.55,1.5416630402952434,1.5199982593417167
18.56,1.5432567277550697,1.5207632293224334
18.57,1.5443037508428097,1.5212658004045485
18.58,1.5448265388607978,1.521516738653183
18.59,1.544999138507992,1.521599586483836
18.6,1.5447661274671554,1.5214877411842347
18.61,1.544269555862993,1.5212493868142367
18.62,1.5435020362213254,1.5208809773862362
18.63,1.5425456905737518,1.5204219314754008
18.64,1.5414564545452594,1.5198990981817244
18.65,1.5402659485302865,1.5193276552945376
18.66,1.5389992298930883,1.5187196303486825
18.67,1.537676882576197,1.5180849036365747
18.68,1.5363126730173824,1.5174300830483436
18.69,1.5349092589505016,1.5167564442962407
18.7,1.5334659131616355,1.516063638317585
18.71,1.5319785731099547,1.5153497150927782
18.72,1.530441280603409,1.5146118146896363
18.73,1.5288517644815145,1.5138488469511269
18.74,1.5272132859751586,1.513062377268076
18.75,1.5255346948653459,1.512256653535366
18.76,1.5238367284834382,1.5114416296720503
18.77,1.522146145636216,1.5106301499053836
18.78,1.5204925058595835,1.5098364028126001
18.79,1.5189149696566164,1.509079185435176
18.8,1.5174573927372694,1.5083795485138893
18.81,1.5161564098019154,1.5077550767049193
18.82,1.5150409467145802,1.5072196544229985
18.83,1.5141428805235775,1.5067885826513172
18.84,1.513495867587626,1.5064780164420604
18.85,1.5131142117921264,1.5062948216602206
18.86,1.5129555176384748,1.506218648466468
18.87,1.5130561913363636,1.5062669718414545
18.88,1.5133299270272256,1.5063983649730683
18.89,1.5138079959992319,1.5066278380796314
18.9,1.5144030406326054,1.5069134595036506
18.91,1.5150525230448693,1.5072252110615372
18.92,1.5156924834474923,1.5075323920547963
18.93,1.5162572036962956,1.5078034577742219
18.94,1.5166957476362586,1.5080139588654042
18.95,1.516902573192492,1.5081132351323963
18.96,1.5169174868613482,1.508120393693447
18.97,1.5166883092839272,1.508010388456285
18.98,1.5162172703817487,1.5077842897832394
18.99,1.5155594048928471,1.5074685143485667
19.0,1.5147514317557216,1.5070806872427465
19.01,1.5138545581419018,1.506650187908113
19.02,1.5129355308227241,1.5062090547949076
19.03,1.512046301420778,1.5057822246819734
19.04,1.5112201751768588,1.5053856840848923
19.05,1.5104791860608384,1.5050300093092024
19.06,1.5098288829345257,1.5047178638085723
19.07,1.5092513573588804,1.5044406515322626
19.08,1.5087221055105329,1.5041866106450559
19.09,1.5082125330297276,1.5039420158542693
19.1,1.5076792937424033,1.5036860609963536
19.11,1.507091486589052,1.5034039135627448
19.12,1.5064234295859933,1.5030832462012769
19.13,1.5056542291003279,1.5027140299681574
19.14,1.504785070689395,1.5022968339309095
19.15,1.5038350195996464,1.5018408094078302
19.16,1.50283823043108,1.5013623506069183
19.17,1.5018562016787471,1.5008909768057985
19.18,1.5009791868680622,1.5004700096966699
19.19,1.500354102136771,1.50016996902565
19.2,1.5,1.5
19.21,1.500465387912118,1.5002233861978165
19.22,1.501382180621149,1.5006634466981514
19.23,1.5028756449627692,1.5013803095821292
19.24,1.5049647386278953,1.5023830745413898
19.25,1.507617805483751,1.5036565466322005
19.26,1.510780360624195,1.5051745730996136
19.27,1.514376157522201,1.5069005556106565
19.28,1.518277093917132,1.5087730050802233
19.29,1.5223177201766522,1.5107125056847932
19.3,1.526339678429067,1.5126430456459523
19.31,1.530200824923813,1.5144963959634303
19.32,1.5337650196999308,1.5162072094559669
19.33,1.5369035063311454,1.5177136830389497
19.34,1.5395453936979175,1.5189817889750004
19.35,1.5416630402952434,1.5199982593417167
19.36,1.5432567277550697,1.5207632293224334
19.37,1.5443037508428097,1.5212658004045485
19.38,1.544826538860798,1.521516738653183
19.39,1.544999138507992,1.521599586483836
19.4,1.5447661274671554,1.5214877411842347
19.41,1.544269555862993,1.5212493868142367
19.42,1.5435020362213252,1.5208809773862362
19.43,1.5425456905737518,1.5204219314754008
19.44,1.5414564545452594,1.5198990981817244
19.45,1.5402659485302865,1.5193276552945376
19.46,1.5389992298930883,1.5187196303486825
19.47,1.5376768825761975,1.518084903636575
19.48,1.5363126730173824,1.5174300830483436
19.49,1.534909258950502,1.516756444296241
19.5,1.5334659131616355,1.516063638317585
19.51,1.5319785731099542,1.515349715092778
19.52,1.530441280603409,1.5146118146896363
19.53,1.5288517644815145,1.5138488469511269
19.54,1.5272132859751582,1.5130623772680758
19.55,1.5255346948653459,1.512256653535366
19.56,1.5238367284834387,1.5114416296720505
19.57,1.522146145636216,1.5106301499053836
19.58,1.520492505859584,1.5098364028126003
19.59,1.5189149696566164,1.509079185435176
19.6,1.5174573927372694,1.5083795485138893
19.61,1.5161564098019154,1.5077550767049193
19.62,1.5150409467145802,1.5072196544229985
19.63,1.5141428805235773,1.506788582651317
19.64,1.513495867587626,1.5064780164420604
19.65,1.5131142117921264,1.5062948216602206
19.66,1.5129555176384748,1.506218648466468
19.67,1.5130561913363636,1.5062669718414545
19.68,1.5133299270272256,1.5063983649730683
19.69,1.5138079959992319,1.5066278380796314
19.7,1.5144030406326054,1.5069134595036506
19.71,1.5150525230448693,1.5072252110615372
19.72,1.515692483447492,1.5075323920547963
19.73,1.5162572036962956,1.5078034577742219
19.74,1.5166957476362586,1.508013958865404
19.75,1.516902573192492,1.5081132351323963
19.76,1.5169174868613482,1.508120393693447
19.77,1.5166883092839272,1.508010388456285
19.78,1.5162172703817487,1.5077842897832394
19.79,1.515559404892847,1.5074685143485664
19.8,1.5147514317557216,1.5070806872427465
19.81,1.513854558141902,1.5066501879081131
19.82,1.5129355308227241,1.5062090547949076
19.83,1.5120463014207781,1.5057822246819734
19.84,1.5112201751768588,1.5053856840848923
19.85,1.5104791860608384,1.5050300093092024
19.86,1.5098288829345257,1.5047178638085723
19.87,1.5092513573588804,1.5044406515322626
19.88,1.5087221055105329,1.5041866106450557
19.89,1.5082125330297276,1.5039420158542693
19.9,1.5076792937424033,1.5036860609963536
19.91,1.507091486589052,1.5034039135627448
19.92,1.506423429585993,1.5030832462012766
19.93,1.5056542291003279,1.5027140299681574
19.94,1.504785070689395,1.5022968339309095
19.95,1.5038350195996464,1.5018408094078302
19.96,1.50283823043108,1.5013623506069183
19.97,1.5018562016787473,1.5008909768057987
19.98,1.5009791868680622,1.5004700096966699
19.99,1.500354102136771,1.50016996902565
20.0,1.5,1.5
20.01,1.5004653879121181,1.5002233861978167
20.02,1.501382180621149,1.5006634466981514
20.03,1.5028756449627692,1.5013803095821292
20.04,1.504964738627896,1.50238307454139
20.05,1.507617805483751,1.5036565466322005
20.06,1.5107803606241939,1.5051745730996131
20.07,1.514376157522201,1.5069005556106565
20.08,1.5182770939171308,1.5087730050802228
20.09,1.5223177201766522,1.5107125056847932
20.1,1.526339678429067,1.5126430456459523
20.11,1.530200824923813,1.5144963959634303
20.12,1.5337650196999308,1.5162072094559669
20.13,1.536903506331146,1.5177136830389502
20.14,1.5395453936979175,1.5189817889750004
20.15,1.5416630402952434,1.5199982593417167
20.16,1.5432567277550697,1.5207632293224334
20.17,1.54430375084281,1.5212658004045487
20.18,1.544826538860798,1.521516738653183
20.19,1.544999138507992,1.521599586483836
20.2,1.5447661274671554,1.5214877411842347
20.21,1.544269555862993,1.5212493868142367
20.22,1.5435020362213254,1.5208809773862362
20.23,1.5425456905737518,1.5204219314754008
20.24,1.5414564545452598,1.5198990981817246
20.25,1.5402659485302865,1.5193276552945376
20.26,1.5389992298930881,1.5187196303486823
20.27,1.5376768825761975,1.518084903636575
20.28,1.5363126730173824,1.5174300830483436
20.29,1.5349092589505016,1.5167564442962407
20.3,1.5334659131616355,1.516063638317585
20.31,1.5319785731099547,1.5153497150927782
20.32,1.530441280603409,1.5146118146896363
20.33,1.528851764481515,1.513848846951127
20.34,1.5272132859751582,1.5130623772680758
20.35,1.5255346948653459,1.512256653535366
20.36,1.5238367284834387,1.5114416296720505
20.37,1.522146145636216,1.5106301499053836
20.38,1.5204925058595835,1.5098364028126001
20.39,1.5189149696566164,1.509079185435176
20.4,1.5174573927372694,1.5083795485138893
20.41,1.5161564098019154,1.5077550767049193
20.42,1.5150409467145798,1.5072196544229983
20.43,1.5141428805235773,1.506788582651317
20.44,1.513495867587626,1.5064780164420604
20.45,1.5131142117921264,1.5062948216602206
20.46,1.5129555176384748,1.506218648466468
20.47,1.5130561913363636,1.5062669718414545
20.48,1.5133299270272256,1.5063983649730683
20.49,1.5138079959992319,1.5066278380796312
20.5,1.5144030406326054,1.5069134595036506
20.51,1.5150525230448695,1.5072252110615374
20.52,1.515692483447492,1.5075323920547963
20.53,1.5162572036962956,1.5078034577742219
20.54,1.5166957476362586,1.5080139588654042
20.55,1.516902573192492,1.5081132351323963
20.56,1.5169174868613482,1.508120393693447
20.57,1.5166883092839272,1.508010388456285
20.58,1.5162172703817487,1.5077842897832394
20.59,1.515559404892847,1.5074685143485664
20.6,1.5147514317557216,1.5070806872427465
20.61,1.513854558141902,1.5066501879081131
20.62,1.5129355308227241,1.5062090547949076
20.63,1.512046301420778,1.5057822246819734
20.64,1.5112201751768588,1.5053856840848923
20.65,1.5104791860608384,1.5050300093092024
20.66,1.5098288829345257,1.5047178638085723
20.67,1.5092513573588802,1.5044406515322626
20.68,1.5087221055105329,1.5041866106450557
20.69,1.5082125330297276,1.5039420158542693
20.7,1.5076792937424033,1.5036860609963536
20.71,1.507091486589052,1.5034039135627448
20.72,1.5064234295859933,1.5030832462012769
20.73,1.5056542291003279,1.5027140299681574
20.74,1.5047850706893953,1.5022968339309097
20.75,1.5038350195996464,1.5018408094078302
20.76,1.5028382304310797,1.5013623506069183
20.77,1.5018562016787473,1.5008909768057987
20.78,1.5009791868680622,1.5004700096966699
20.79,1.500354102136771,1.50016996902565
20.8,1.5,1.5
20.81,1.500465387912118,1.5002233861978165
20.82,1.501382180621149,1.5006634466981514
20.83,1.5028756449627687,1.501380309582129
20.84,1.504964738627896,1.50238307454139
20.85,1.507617805483751,1.5036565466322005
20.86,1.5107803606241939,1.5051745730996131
20.87,1.514376157522201,1.5069005556106565
20.88,1.518277093917132,1.5087730050802233
20.89,1.5223177201766522,1.5107125056847932
20.9,1.526339678429067,1.5126430456459523
20.91,1.530200824923813,1.5144963959634303
20.92,1.5337650196999317,1.5162072094559673
20.93,1.536903506331146,1.5177136830389502
20.94,1.5395453936979175,1.5189817889750004
20.95,1.5416630402952434,1.5199982593417167
20.96,1.5432567277550697,1.5207632293224334
20.97,1.5443037508428097,1.5212658004045485
20.98,1.544826538860798,1.521516738653183
20.99,1.544999138507992,1.521599586483836
21.0,1.5447661274671554,1.5214877411842347
21.01,1.5442695558629929,1.5212493868142365
21.02,1.5435020362213254,1.5208809773862362
21.03,1.5425456905737518,1.5204219314754008
21.04,1.5414564545452594,1.5198990981817244
21.05,1.5402659485302865,1.5193276552945376
21.06,1.5389992298930883,1.5187196303486825
21.07,1.5376768825761975,1.518084903636575
21.08,1.5363126730173828,1.5174300830483438
21.09,1.5349092589505016,1.5167564442962407
21.1,1.5334659131616355,1.516063638317585
21.11,1.5319785731099547,1.5153497150927782
21.12,1.530441280603409,1.5146118146896363
21.13,1.5288517644815145,1.5138488469511269
21.14,1.5272132859751582,1.5130623772680758
21.15,1.5255346948653459,1.512256653535366
21.16,1.5238367284834387,1.5114416296720505
21.17,1.5221461456362155,1.5106301499053834
21.18,1.5204925058595835,1.5098364028126001
21.19,1.5189149696566164,1.509079185435176
21.2,1.5174573927372694,1.5083795485138893
21.21,1.5161564098019154,1.5077550767049193
21.22,1.5150409467145802,1.5072196544229985
21.23,1.5141428805235773,1.506788582651317
21.24,1.513495867587626,1.5064780164420606
21.25,1.5131142117921264,1.5062948216602206
21.26,1.5129555176384748,1.506218648466468
21.27,1.5130561913363636,1.5062669718414545
21.28,1.5133299270272256,1.5063983649730683
21.29,1.5138079959992319,1.5066278380796314
21.3,1.5144030406326054,1.5069134595036506
21.31,1.5150525230448693,1.5072252110615372
21.32,1.515692483447492,1.5075323920547963
21.33,1.5162572036962956,1.5078034577742219
21.34,1.5166957476362586,1.5080139588654042
21.35,1.516902573192492,1.5081132351323963
21.36,1.5169174868613482,1.508120393693447
21.37,1.5166883092839272,1.508010388456285
21.38,1.5162172703817487,1.5077842897832394
21.39,1.515559404892847,1.5074685143485664
21.4,1.5147514317557216,1.5070806872427465
21.41,1.513854558141902,1.5066501879081131
21.42,1.512935530822724,1.5062090547949074
21.43,1.512046301420778,1.5057822246819734
21.44,1.5112201751768588,1.5053856840848923
21.45,1.5104791860608384,1.5050300093092024
21.46,1.5098288829345257,1.5047178638085723
21.47,1.5092513573588804,1.5044406515322626
21.48,1.5087221055105329,1.5041866106450557
21.49,1.5082125330297278,1.5039420158542693
21.5,1.5076792937424033,1.5036860609963536
21.51,1.5070914865890517,1.5034039135627448
21.52,1.5064234295859933,1.5030832462012769
21.53,1.5056542291003279,1.5027140299681574
21.54,1.504785070689395,1.5022968339309095
21.55,1.5038350195996464,1.5018408094078302
21.56,1.50283823043108,1.5013623506069183
21.57,1.5018562016787473,1.5008909768057987
21.58,1.5009791868680624,1.5004700096966699
21.59,1.500354102136771,1.50016996902565
21.6,1.5,1.5
21.61,1.500465387912118,1.5002233861978165
21.62,1.501382180621149,1.5006634466981514
21.63,1.5028756449627692,1.5013803095821292
21.64,1.504964738627896,1.50238307454139
21.65,1.507617805483751,1.5036565466322005
21.66,1.5107803606241939,1.5051745730996131
21.67,1.5143761575222021,1.506900555610657
21.68,1.518277093917132,1.5087730050802233
21.69,1.5223177201766522,1.5107125056847932
21.7,1.526339678429067,1.5126430456459523
21.71,1.530200824923813,1.5144963959634303
21.72,1.5337650196999308,1.5162072094559669
21.73,1.536903506331146,1.5177136830389502
21.74,1.5395453936979169,1.5189817889750001
21.75,1.5416630402952434,1.5199982593417167
21.76,1.54325672775507,1.5207632293224336
21.77,1.5443037508428097,1.5212658004045485
21.78,1.544826538860798,1.521516738653183
21.79,1.544999138507992,1.521599586483836
21.8,1.5447661274671554,1.5214877411842347
21.81,1.544269555862993,1.5212493868142367
21.82,1.5435020362213254,1.5208809773862362
21.83,1.542545690573752,1.520421931475401
21.84,1.5414564545452594,1.5198990981817244
21.85,1.5402659485302865,1.5193276552945376
21.86,1.5389992298930883,1.5187196303486825
21.87,1.5376768825761975,1.518084903636575
21.88,1.5363126730173824,1.5174300830483436
21.89,1.5349092589505016,1.5167564442962407
21.9,1.5334659131616355,1.516063638317585
21.91,1.5319785731099547,1.5153497150927782
21.92,1.5304412806034084,1.5146118146896361
21.93,1.5288517644815145,1.5138488469511269
21.94,1.5272132859751582,1.5130623772680758
21.95,1.5255346948653459,1.512256653535366
21.96,1.5238367284834387,1.5114416296720505
21.97,1.522146145636216,1.5106301499053836
21.98,1.5204925058595835,1.5098364028126001
21.99,1.5189149696566169,1.5090791854351762
22.0,1.5174573927372694,1.5083795485138893
22.01,1.516156409801915,1.5077550767049193
22.02,1.5150409467145802,1.5072196544229985
22.03,1.5141428805235773,1.506788582651317
22.04,1.513495867587626,1.5064780164420604
22.05,1.5131142117921264,1.5062948216602206
22.06,1.5129555176384748,1.506218648466468
22.07,1.5130561913363636,1.5062669718414545
22.08,1.5133299270272254,1.5063983649730681
22.09,1.5138079959992319,1.5066278380796314
22.1,1.5144030406326054,1.5069134595036506
22.11,1.5150525230448693,1.5072252110615372
22.12,1.515692483447492,1.5075323920547963
22.13,1.5162572036962956,1.5078034577742219
22.14,1.5166957476362586,1.5080139588654042
22.15,1.516902573192492,1.5081132351323963
22.16,1.5169174868613482,1.508120393693447
22.17,1.516688309283927,1.508010388456285
22.18,1.5162172703817487,1.5077842897832394
22.19,1.515559404892847,1.5074685143485664
22.2,1.5147514317557216,1.5070806872427465
22.21,1.513854558141902,1.5066501879081131
22.22,1.5129355308227241,1.5062090547949076
22.23,1.512046301420778,1.5057822246819734
22.24,1.511220175176859,1.5053856840848923
22.25,1.5104791860608384,1.5050300093092024
22.26,1.5098288829345254,1.5047178638085723
22.27,1.5092513573588804,1.5044406515322626
22.28,1.5087221055105329,1.5041866106450557
22.29,1.5082125330297276,1.5039420158542693
22.3,1.5076792937424033,1.5036860609963536
22.31,1.507091486589052,1.5034039135627448
22.32,1.5064234295859933,1.5030832462012769
22.33,1.505654229100328,1.5027140299681574
22.34,1.504785070689395,1.5022968339309095
22.35,1.5038350195996464,1.5018408094078302
22.36,1.50283823043108,1.5013623506069183
22.37,1.5018562016787473,1.5008909768057987
22.38,1.5009791868680622,1.5004700096966699
22.39,1.500354102136771,1.50016996902565
22.4,1.5,1.5
22.41,1.500465387912118,1.5002233861978165
22.42,1.5013821806211491,1.5006634466981517
22.43,1.5028756449627692,1.5013803095821292
22.44,1.504964738627896,1.50238307454139
22.45,1.507617805483751,1.5036565466322005
22.46,1.5107803606241939,1.5051745730996131
22.47,1.514376157522201,1.5069005556106565
22.48,1.518277093917132,1.5087730050802233
22.49,1.5223177201766511,1.5107125056847925
22.5,1.526339678429067,1.5126430456459523
22.51,1.5302008249238142,1.5144963959634308
22.52,1.5337650196999308,1.5162072094559669
22.53,1.536903506331146,1.5177136830389502
22.54,1.5395453936979175,1.5189817889750004
22.55,1.5416630402952434,1.5199982593417167
22.56,1.5432567277550697,1.5207632293224334
22.57,1.5443037508428097,1.5212658004045485
22.58,1.5448265388607978,1.521516738653183
22.59,1.544999138507992,1.521599586483836
22.6,1.5447661274671554,1.5214877411842347
22.61,1.544269555862993,1.5212493868142367
22.62,1.5435020362213254,1.5208809773862362
22.63,1.5425456905737518,1.5204219314754008
22.64,1.5414564545452594,1.5198990981817244
22.65,1.5402659485302865,1.5193276552945376
22.66,1.5389992298930883,1.5187196303486825
22.67,1.537676882576197,1.5180849036365747
22.68,1.5363126730173824,1.5174300830483436
22.69,1.5349092589505016,1.5167564442962407
22.7,1.5334659131616355,1.516063638317585
22.71,1.5319785731099547,1.5153497150927782
22.72,1.530441280603409,1.5146118146896363
22.73,1.5288517644815145,1.5138488469511269
22.74,1.5272132859751586,1.513062377268076
22.75,1.5255346948653459,1.512256653535366
22.76,1.5238367284834382,1.5114416296720503
22.77,1.522146145636216,1.5106301499053836
22.78,1.5204925058595835,1.5098364028126001
22.79,1.5189149696566164,1.509079185435176
22.8,1.5174573927372694,1.5083795485138893
22.81,1.5161564098019154,1.5077550767049193
22.82,1.5150409467145802,1.5072196544229985
22.83,1.5141428805235775,1.5067885826513172
22.84,1.513495867587626,1.5064780164420604
22.85,1.5131142117921264,1.5062948216602206
22.86,1.5129555176384748,1.506218648466468
22.87,1.5130561913363636,1.5062669718414545
22.88,1.5133299270272256,1.5063983649730683
22.89,1.5138079959992319,1.5066278380796314
22.9,1.5144030406326054,1.5069134595036506
22.91,1.5150525230448693,1.5072252110615372
22.92,1.5156924834474923,1.5075323920547963
22.93,1.5162572036962956,1.5078034577742219
22.94,1.5166957476362586,1.5080139588654042
22.95,1.516902573192492,1.5081132351323963
22.96,1.5169174868613482,1.508120393693447
22.97,1.5166883092839272,1.508010388456285
22.98,1.5162172703817487,1.5077842897832394
22.99,1.5155594048928471,1.5074685143485667
23.0,1.5147514317557216,1.5070806872427465
23.01,1.5138545581419018,1.506650187908113
23.02,1.5129355308227241,1.5062090547949076
23.03,1.512046301420778,1.5057822246819734
23.04,1.5112201751768588,1.5053856840848923
23.05,1.5104791860608384,1.5050300093092024
23.06,1.5098288829345257,1.5047178638085723
23.07,1.5092513573588804,1.5044406515322626
23.08,1.5087221055105329,1.5041866106450559
23.09,1.5082125330297276,1.5039420158542693
23.1,1.5076792937424033,1.5036860609963536
23.11,1.507091486589052,1.5034039135627448
23.12,1.5064234295859933,1.5030832462012769
23.13,1.5056542291003279,1.5027140299681574
23.14,1.504785070689395,1.5022968339309095
23.15,1.5038350195996464,1.5018408094078302
23.16,1.50283823043108,1.5013623506069183
23.17,1.5018562016787471,1.5008909768057985
23.18,1.5009791868680622,1.5004700096966699
23.19,1.500354102136771,1.50016996902565
23.2,1.5,1.5
23.21,1.500465387912118,1.5002233861978165
23.22,1.501382180621149,1.5006634466981514
23.23,1.5028756449627692,1.5013803095821292
23.24,1.5049647386278953,1.5023830745413898
23.25,1.507617805483751,1.5036565466322005
23.26,1.510780360624195,1.5051745730996136
23.27,1.514376157522201,1.5069005556106565
23.28,1.518277093917132,1.5087730050802233
23.29,1.5223177201766522,1.5107125056847932
23.3,1.526339678429067,1.5126430456459523
23.31,1.530200824923813,1.5144963959634303
23.32,1.5337650196999308,1.5162072094559669
23.33,1.5369035063311454,1.5177136830389497
23.34,1.5395453936979175,1.5189817889750004
23.35,1.5416630402952434,1.5199982593417167
23.36,1.5432567277550697,1.5207632293224334
23.37,1.5443037508428097,1.5212658004045485
23.38,1.544826538860798,1.521516738653183
23.39,1.544999138507992,1.521599586483836
23.4,1.5447661274671554,1.5214877411842347
23.41,1.544269555862993,1.5212493868142367
23.42,1.5435020362213252,1.5208809773862362
23.43,1.5425456905737518,1.5204219314754008
23.44,1.5414564545452594,1.5198990981817244
23.45,1.5402659485302865,1.5193276552945376
23.46,1.5389992298930883,1.5187196303486825
23.47,1.5376768825761975,1.518084903636575
23.48,1.5363126730173824,1.5174300830483436
23.49,1.534909258950502,1.516756444296241
23.5,1.5334659131616355,1.516063638317585
23.51,1.5319785731099542,1.515349715092778
23.52,1.530441280603409,1.5146118146896363
23.53,1.5288517644815145,1.5138488469511269
23.54,1.5272132859751582,1.5130623772680758
23.55,1.5255346948653459,1.512256653535366
23.56,1.5238367284834387,1.5114416296720505
23.57,1.522146145636216,1.5106301499053836
23.58,1.520492505859584,1.5098364028126003
23.59,1.5189149696566164,1.509079185435176
23.6,1.5174573927372694,1.5083795485138893
23.61,1.5161564098019154,1.5077550767049193
23.62,1.5150409467145802,1.5072196544229985
23.63,1.5141428805235773,1.506788582651317
23.64,1.513495867587626,1.5064780164420604
23.65,1.5131142117921264,1.5062948216602206
23.66,1.5129555176384748,1.506218648466468
23.67,1.5130561913363636,1.5062669718414545
23.68,1.5133299270272256,1.5063983649730683
23.69,1.5138079959992319,1.5066278380796314
23.7,1.5144030406326054,1.5069134595036506
23.71,1.5150525230448693,1.5072252110615372
23.72,1.515692483447492,1.5075323920547963
23.73,1.5162572036962956,1.5078034577742219
23.74,1.5166957476362586,1.508013958865404
23.75,1.516902573192492,1.5081132351323963
23.76,1.5169174868613482,1.508120393693447
23.77,1.5166883092839272,1.508010388456285
23.78,1.5162172703817487,1.5077842897832394
23.79,1.515559404892847,1.5074685143485664
23.8,1.5147514317557216,1.5070806872427465
23.81,1.513854558141902,1.5066501879081131
23.82,1.5129355308227241,1.5062090547949076
23.83,1.5120463014207781,1.5057822246819734
23.84,1.5112201751768588,1.5053856840848923
23.85,1.5104791860608384,1.5050300093092024
23.86,1.5098288829345257,1.5047178638085723
23.87,1.5092513573588804,1.5044406515322626
23.88,1.5087221055105329,1.5041866106450557
23.89,1.5082125330297276,1.5039420158542693
23.9,1.5076792937424033,1.5036860609963536
23.91,1.507091486589052,1.5034039135627448
23.92,1.506423429585993,1.5030832462012766
23.93,1.5056542291003279,1.5027140299681574
23.94,1.504785070689395,1.5022968339309095
23.95,1.5038350195996464,1.5018408094078302
23.96,1.50283823043108,1.5013623506069183
23.97,1.5018562016787473,1.5008909768057987
23.98,1.5009791868680622,1.5004700096966699
23.99,1.500354102136771,1.50016996902565
24.0,1.5,1.5
24.01,1.5004653879121181,1.5002233861978167
24.02,1.501382180621149,1.5006634466981514
24.03,1.5028756449627692,1.5013803095821292
24.04,1.504964738627896,1.50238307454139
24.05,1.507617805483751,1.5036565466322005
24.06,1.5107803606241939,1.5051745730996131
24.07,1.514376157522201,1.5069005556106565
24.08,1.5182770939171308,1.5087730050802228
24.09,1.5223177201766522,1.5107125056847932
24.1,1.526339678429067,1.5126430456459523
24.11,1.530200824923813,1.5144963959634303
24.12,1.5337650196999308,1.5162072094559669
24.13,1.536903506331146,1.5177136830389502
24.14,1.5395453936979175,1.5189817889750004
24.15,1.5416630402952434,1.5199982593417167
24.16,1.5432567277550697,1.5207632293224334
24.17,1.54430375084281,1.5212658004045487
24.18,1.544826538860798,1.521516738653183
24.19,1.544999138507992,1.521599586483836
24.2,1.5447661274671554,1.5214877411842347
24.21,1.544269555862993,1.5212493868142367
24.22,1.5435020362213254,1.5208809773862362
24.23,1.5425456905737518,1.5204219314754008
24.24,1.5414564545452598,1.5198990981817246
24.25,1.5402659485302865,1.5193276552945376
24.26,1.5389992298930881,1.5187196303486823
24.27,1.5376768825761975,1.518084903636575
24.28,1.5363126730173824,1.5174300830483436
24.29,1.5349092589505016,1.5167564442962407
24.3,1.5334659131616355,1.516063638317585
24.31,1.5319785731099547,1.5153497150927782
24.32,1.530441280603409,1.5146118146896363
24.33,1.528851764481515,1.513848846951127
24.34,1.5272132859751582,1.5130623772680758
24.35,1.5255346948653459,1.512256653535366
24.36,1.5238367284834387,1.5114416296720505
24.37,1.522146145636216,1.5106301499053836
24.38,1.5204925058595835,1.5098364028126001
24.39,1.5189149696566164,1.509079185435176
24.4,1.5174573927372694,1.5083795485138893
24.41,1.5161564098019154,1.5077550767049193
24.42,1.5150409467145798,1.5072196544229983
24.43,1.5141428805235773,1.506788582651317
24.44,1.513495867587626,1.5064780164420604
24.45,1.5131142117921264,1.5062948216602206
24.46,1.5129555176384748,1.506218648466468
24.47,1.5130561913363636,1.5062669718414545
24.48,1.5133299270272256,1.5063983649730683
24.49,1.5138079959992319,1.5066278380796312
24.5,1.5144030406326054,1.5069134595036506
24.51,1.5150525230448695,1.5072252110615374
24.52,1.515692483447492,1.5075323920547963
24.53,1.5162572036962956,1.5078034577742219
24.54,1.5166957476362586,1.5080139588654042
24.55,1.516902573192492,1.5081132351323963
24.56,1.5169174868613482,1.508120393693447
24.57,1.5166883092839272,1.508010388456285
24.58,1.5162172703817487,1.5077842897832394
24.59,1.515559404892847,1.5074685143485664
24.6,1.5147514317557216,1.5070806872427465
24.61,1.513854558141902,1.5066501879081131
24.62,1.5129355308227241,1.5062090547949076
24.63,1.512046301420778,1.5057822246819734
24.64,1.5112201751768588,1.5053856840848923
24.65,1.5104791860608384,1.5050300093092024
24.66,1.5098288829345257,1.5047178638085723
24.67,1.5092513573588802,1.5044406515322626
24.68,1.5087221055105329,1.5041866106450557
24.69,1.5082125330297276,1.5039420158542693
24.7,1.5076792937424033,1.5036860609963536
24.71,1.507091486589052,1.5034039135627448
24.72,1.5064234295859933,1.5030832462012769
24.73,1.5056542291003279,1.5027140299681574
24.74,1.5047850706893953,1.5022968339309097
24.75,1.5038350195996464,1.5018408094078302
24.76,1.5028382304310797,1.5013623506069183
24.77,1.5018562016787473,1.5008909768057987
24.78,1.5009791868680622,1.5004700096966699
24.79,1.500354102136771,1.50016996902565
24.8,1.5,1.5
24.81,1.500465387912118,1.5002233861978165
24.82,1.501382180621149,1.5006634466981514
24.83,1.5028756449627687,1.501380309582129
24.84,1.504964738627896,1.50238307454139
24.85,1.507617805483751,1.5036565466322005
24.86,1.5107803606241939,1.5051745730996131
24.87,1.514376157522201,1.5069005556106565
24.88,1.518277093917132,1.5087730050802233
24.89,1.5223177201766522,1.5107125056847932
24.9,1.526339678429067,1.5126430456459523
24.91,1.530200824923813,1.5144963959634303
24.92,1.5337650196999317,1.5162072094559673
24.93,1.536903506331146,1.5177136830389502
24.94,1.5395453936979175,1.5189817889750004
24.95,1.5416630402952434,1.5199982593417167
24.96,1.5432567277550697,1.5207632293224334
24.97,1.5443037508428097,1.5212658004045485
24.98,1.544826538860798,1.521516738653183
24.99,1.544999138507992,1.521599586483836
25.0,1.5447661274671554,1.5214877411842347
25.01,1.5442695558629929,1.5212493868142365
25.02,1.5435020362213254,1.5208809773862362
25.03,1.5425456905737518,1.5204219314754008
25.04,1.5414564545452594,1.5198990981817244
25.05,1.5402659485302865,1.5193276552945376
25.06,1.5389992298930883,1.5187196303486825
25.07,1.5376768825761975,1.518084903636575
25.08,1.5363126730173828,1.5174300830483438
25.09,1.5349092589505016,1.5167564442962407
25.1,1.5334659131616355,1.516063638317585
25.11,1.5319785731099547,1.5153497150927782
25.12,1.530441280603409,1.5146118146896363
25.13,1.5288517644815145,1.5138488469511269
25.14,1.5272132859751582,1.5130623772680758
25.15,1.5255346948653459,1.512256653535366
25.16,1.5238367284834387,1.5114416296720505
25.17,1.5221461456362155,1.5106301499053834
25.18,1.5204925058595835,1.5098364028126001
25.19,1.5189149696566164,1.509079185435176
25.2,1.5174573927372694,1.5083795485138893
25.21,1.5161564098019154,1.5077550767049193
25.22,1.5150409467145802,1.5072196544229985
25.23,1.5141428805235773,1.506788582651317
25.24,1.513495867587626,1.5064780164420606
25.25,1.5131142117921264,1.5062948216602206
25.26,1.5129555176384748,1.506218648466468
25.27,1.5130561913363636,1.5062669718414545
25.28,1.5133299270272256,1.5063983649730683
25.29,1.5138079959992319,1.5066278380796314
25.3,1.5144030406326054,1.5069134595036506
25.31,1.5150525230448693,1.5072252110615372
25.32,1.515692483447492,1.5075323920547963
25.33,1.5162572036962956,1.5078034577742219
25.34,1.5166957476362586,1.5080139588654042
25.35,1.516902573192492,1.5081132351323963
25.36,1.5169174868613482,1.508120393693447
25.37,1.5166883092839272,1.508010388456285
25.38,1.5162172703817487,1.5077842897832394
25.39,1.515559404892847,1.5074685143485664
25.4,1.5147514317557216,1.5070806872427465
25.41,1.513854558141902,1.5066501879081131
25.42,1.512935530822724,1.5062090547949074
25.43,1.512046301420778,1.5057822246819734
25.44,1.5112201751768588,1.5053856840848923
25.45,1.5104791860608384,1.5050300093092024
25.46,1.5098288829345257,1.5047178638085723
25.47,1.5092513573588804,1.5044406515322626
25.48,1.5087221055105329,1.5041866106450557
25.49,1.5082125330297278,1.5039420158542693
25.5,1.5076792937424033,1.5036860609963536
25.51,1.5070914865890517,1.5034039135627448
25.52,1.5064234295859933,1.5030832462012769
25.53,1.5056542291003279,1.5027140299681574
25.54,1.504785070689395,1.5022968339309095
25.55,1.5038350195996464,1.5018408094078302
25.56,1.50283823043108,1.5013623506069183
25.57,1.5018562016787473,1.5008909768057987
25.58,1.5009791868680624,1.5004700096966699
25.59,1.500354102136771,1.50016996902565
25.6,1.5,1.5
25.61,1.5004653879121181,1.5002233861978167
25.62,1.501382180621149,1.5006634466981514
25.63,1.5028756449627692,1.5013803095821292
25.64,1.5049647386278953,1.5023830745413898
25.65,1.507617805483751,1.5036565466322005
25.66,1.510780360624195,1.5051745730996136
25.67,1.5143761575222032,1.5069005556106576
25.68,1.518277093917132,1.5087730050802233
25.69,1.5223177201766511,1.5107125056847925
25.7,1.526339678429067,1.5126430456459523
25.71,1.5302008249238142,1.5144963959634308
25.72,1.5337650196999308,1.5162072094559669
25.73,1.536903506331146,1.5177136830389502
25.74,1.5395453936979169,1.5189817889750001
25.75,1.5416630402952434,1.5199982593417167
25.76,1.54325672775507,1.5207632293224336
25.77,1.5443037508428097,1.5212658004045485
25.78,1.544826538860798,1.521516738653183
25.79,1.544999138507992,1.521599586483836
25.8,1.5447661274671554,1.5214877411842347
25.81,1.5442695558629929,1.5212493868142365
25.82,1.5435020362213254,1.5208809773862362
25.83,1.5425456905737525,1.520421931475401
25.84,1.5414564545452598,1.5198990981817246
25.85,1.5402659485302865,1.5193276552945376
25.86,1.5389992298930881,1.5187196303486823
25.87,1.5376768825761975,1.518084903636575
25.88,1.5363126730173824,1.5174300830483436
25.89,1.534909258950502,1.516756444296241
25.9,1.5334659131616355,1.516063638317585
25.91,1.5319785731099542,1.515349715092778
25.92,1.530441280603408,1.514611814689636
25.93,1.5288517644815145,1.5138488469511269
25.94,1.5272132859751586,1.513062377268076
25.95,1.5255346948653459,1.512256653535366
25.96,1.5238367284834382,1.5114416296720503
25.97,1.522146145636216,1.5106301499053836
25.98,1.5204925058595835,1.5098364028126001
25.99,1.5189149696566169,1.5090791854351762
26.0,1.5174573927372694,1.5083795485138893
26.01,1.516156409801915,1.5077550767049193
26.02,1.5150409467145802,1.5072196544229985
26.03,1.5141428805235773,1.506788582651317
26.04,1.513495867587626,1.5064780164420606
26.05,1.5131142117921264,1.5062948216602206
26.06,1.5129555176384748,1.506218648466468
26.07,1.5130561913363636,1.5062669718414545
26.08,1.5133299270272254,1.5063983649730681
26.09,1.5138079959992319,1.5066278380796312
26.1,1.5144030406326054,1.5069134595036506
26.11,1.5150525230448695,1.5072252110615374
26.12,1.515692483447492,1.5075323920547963
26.13,1.5162572036962956,1.5078034577742219
26.14,1.5166957476362586,1.508013958865404
26.15,1.516902573192492,1.5081132351323963
26.16,1.5169174868613482,1.508120393693447
26.17,1.516688309283927,1.508010388456285
26.18,1.5162172703817487,1.5077842897832394
26.19,1.5155594048928471,1.5074685143485667
26.2,1.5147514317557216,1.5070806872427465
26.21,1.5138545581419018,1.506650187908113
26.22,1.5129355308227241,1.5062090547949076
26.23,1.512046301420778,1.5057822246819734
26.24,1.511220175176859,1.5053856840848923
26.25,1.5104791860608384,1.5050300093092024
26.26,1.5098288829345254,1.5047178638085723
26.27,1.5092513573588804,1.5044406515322626
26.28,1.5087221055105329,1.5041866106450557
26.29,1.5082125330297278,1.5039420158542693
26.3,1.5076792937424033,1.5036860609963536
26.31,1.5070914865890517,1.5034039135627448
26.32,1.5064234295859933,1.5030832462012769
26.33,1.5056542291003283,1.5027140299681576
26.34,1.5047850706893953,1.5022968339309097
26.35,1.5038350195996464,1.5018408094078302
26.36,1.5028382304310797,1.5013623506069183
26.37,1.5018562016787473,1.5008909768057987
26.38,1.5009791868680622,1.5004700096966699
26.39,1.500354102136771,1.50016996902565
26.4,1.5,1.5
26.41,1.5004653879121181,1.5002233861978167
26.42,1.5013821806211496,1.5006634466981519
26.43,1.5028756449627692,1.5013803095821292
26.44,1.5049647386278953,1.5023830745413898
26.45,1.507617805483751,1.5036565466322005
26.46,1.510780360624195,1.5051745730996136
26.47,1.514376157522201,1.5069005556106565
26.48,1.518277093917132,1.5087730050802233
26.49,1.5223177201766511,1.5107125056847925
26.5,1.526339678429067,1.5126430456459523
26.51,1.5302008249238142,1.5144963959634308
26.52,1.5337650196999308,1.5162072094559669
26.53,1.536903506331146,1.5177136830389502
26.54,1.5395453936979169,1.5189817889750001
26.55,1.5416630402952434,1.5199982593417167
26.56,1.54325672775507,1.5207632293224336
26.57,1.5443037508428097,1.5212658004045485
26.58,1.5448265388607978,1.521516738653183
26.59,1.544999138507992,1.521599586483836
26.6,1.5447661274671554,1.5214877411842347
26.61,1.5442695558629929,1.5212493868142365
26.62,1.5435020362213254,1.5208809773862362
26.63,1.5425456905737518,1.5204219314754008
26.64,1.5414564545452598,1.5198990981817246
26.65,1.5402659485302865,1.5193276552945376
26.66,1.5389992298930881,1.5187196303486823
26.67,1.5376768825761968,1.5180849036365744
26.68,1.5363126730173824,1.5174300830483436
26.69,1.534909258950502,1.516756444296241
26.7,1.5334659131616355,1.516063638317585
26.71,1.5319785731099542,1.515349715092778
26.72,1.530441280603409,1.5146118146896363
26.73,1.5288517644815145,1.5138488469511269
26.74,1.5272132859751586,1.513062377268076
26.75,1.5255346948653459,1.512256653535366
26.76,1.5238367284834382,1.5114416296720503
26.77,1.522146145636216,1.5106301499053836
26.78,1.5204925058595835,1.5098364028126001
26.79,1.5189149696566169,1.5090791854351762
26.8,1.5174573927372694,1.5083795485138893
26.81,1.516156409801915,1.5077550767049193
26.82,1.5150409467145802,1.5072196544229985
26.83,1.5141428805235777,1.5067885826513172
26.84,1.513495867587626,1.5064780164420606
26.85,1.5131142117921264,1.5062948216602206
26.86,1.5129555176384748,1.506218648466468
26.87,1.5130561913363636,1.5062669718414545
26.88,1.5133299270272256,1.5063983649730683
26.89,1.5138079959992319,1.5066278380796312
26.9,1.5144030406326054,1.5069134595036506
26.91,1.5150525230448695,1.5072252110615374
26.92,1.5156924834474923,1.5075323920547963
26.93,1.5162572036962956,1.5078034577742219
26.94,1.5166957476362586,1.508013958865404
26.95,1.516902573192492,1.5081132351323963
26.96,1.5169174868613482,1.508120393693447
26.97,1.5166883092839272,1.508010388456285
26.98,1.5162172703817487,1.5077842897832394
26.99,1.5155594048928471,1.5074685143485667
27.0,1.5147514317557216,1.5070806872427465
27.01,1.5138545581419018,1.506650187908113
27.02,1.5129355308227241,1.5062090547949076
27.03,1.512046301420778,1.5057822246819734
27.04,1.511220175176859,1.5053856840848923
27.05,1.5104791860608384,1.5050300093092024
27.06,1.5098288829345254,1.5047178638085723
27.07,1.5092513573588804,1.5044406515322626
27.08,1.508722105510533,1.5041866106450559
27.09,1.5082125330297278,1.5039420158542693
27.1,1.5076792937424033,1.5036860609963536
27.11,1.5070914865890517,1.5034039135627448
27.12,1.5064234295859933,1.5030832462012769
27.13,1.5056542291003279,1.5027140299681574
27.14,1.5047850706893953,1.5022968339309097
27.15,1.5038350195996464,1.5018408094078302
27.16,1.5028382304310797,1.5013623506069183
27.17,1.501856201678747,1.5008909768057985
27.18,1.5009791868680622,1.5004700096966699
27.19,1.500354102136771,1.50016996902565
27.2,1.5,1.5
27.21,1.5004653879121181,1.5002233861978167
27.22,1.501382180621149,1.5006634466981514
27.23,1.5028756449627692,1.5013803095821292
27.24,1.5049647386278953,1.5023830745413898
27.25,1.507617805483751,1.5036565466322005
27.26,1.510780360624195,1.5051745730996136
27.27,1.514376157522201,1.5069005556106565
27.28,1.518277093917132,1.5087730050802233
27.29,1.5223177201766511,1.5107125056847925
27.3,1.526339678429067,1.5126430456459523
27.31,1.5302008249238142,1.5144963959634308
27.32,1.5337650196999308,1.5162072094559669
27.33,1.536903506331146,1.5177136830389502
27.34,1.5395453936979169,1.5189817889750001
27.35,1.5416630402952434,1.5199982593417167
27.36,1.54325672775507,1.5207632293224336
27.37,1.5443037508428097,1.5212658004045485
27.38,1.544826538860798,1.521516738653183
27.39,1.544999138507992,1.521599586483836
27.4,1.5447661274671554,1.5214877411842347
27.41,1.5442695558629929,1.5212493868142365
27.42,1.5435020362213254,1.5208809773862362
27.43,1.5425456905737518,1.5204219314754008
27.44,1.5414564545452598,1.5198990981817246
27.45,1.5402659485302865,1.5193276552945376
27.46,1.5389992298930881,1.5187196303486823
27.47,1.5376768825761975,1.518084903636575
27.48,1.5363126730173824,1.5174300830483436
27.49,1.534909258950502,1.516756444296241
27.5,1.5334659131616355,1.516063638317585
27.51,1.5319785731099542,1.515349715092778
27.52,1.530441280603409,1.5146118146896363
27.53,1.5288517644815145,1.5138488469511269
27.54,1.5272132859751586,1.513062377268076
27.55,1.5255346948653459,1.512256653535366
27.56,1.5238367284834382,1.5114416296720503
27.57,1.522146145636216,1.5106301499053836
27.58,1.5204925058595835,1.5098364028126001
27.59,1.5189149696566169,1.5090791854351762
27.6,1.5174573927372694,1.5083795485138893
27.61,1.516156409801915,1.5077550767049193
27.62,1.5150409467145802,1.5072196544229985
27.63,1.5141428805235773,1.506788582651317
27.64,1.513495867587626,1.5064780164420606
27.65,1.5131142117921264,1.5062948216602206
27.66,1.5129555176384748,1.506218648466468
27.67,1.5130561913363636,1.5062669718414545
27.68,1.5133299270272256,1.5063983649730683
27.69,1.5138079959992319,1.5066278380796312
27.7,1.5144030406326054,1.5069134595036506
27.71,1.5150525230448695,1.5072252110615374
27.72,1.515692483447492,1.5075323920547963
27.73,1.5162572036962956,1.5078034577742219
27.74,1.5166957476362586,1.508013958865404
27.75,1.516902573192492,1.5081132351323963
27.76,1.5169174868613482,1.508120393693447
27.77,1.5166883092839272,1.508010388456285
27.78,1.5162172703817487,1.5077842897832394
27.79,1.5155594048928471,1.5074685143485667
27.8,1.5147514317557216,1.5070806872427465
27.81,1.5138545581419018,1.506650187908113
27.82,1.5129355308227241,1.5062090547949076
27.83,1.512046301420778,1.5057822246819734
27.84,1.511220175176859,1.5053856840848923
27.85,1.5104791860608384,1.5050300093092024
27.86,1.5098288829345254,1.5047178638085723
27.87,1.5092513573588804,1.5044406515322626
27.88,1.5087221055105329,1.5041866106450557
27.89,1.5082125330297278,1.5039420158542693
27.9,1.5076792937424033,1.5036860609963536
27.91,1.5070914865890517,1.5034039135627448
27.92,1.5064234295859933,1.5030832462012769
27.93,1.5056542291003279,1.5027140299681574
27.94,1.5047850706893953,1.5022968339309097
27.95,1.5038350195996464,1.5018408094078302
27.96,1.5028382304310797,1.5013623506069183
27.97,1.5018562016787473,1.5008909768057987
27.98,1.5009791868680622,1.5004700096966699
27.99,1.500354102136771,1.50016996902565
28.0,1.5,1.5
28.01,1.5004653879121181,1.5002233861978167
28.02,1.501382180621149,1.5006634466981514
28.03,1.5028756449627692,1.5013803095821292
28.04,1.5049647386278953,1.5023830745413898
28.05,1.507617805483751,1.5036565466322005
28.06,1.510780360624195,1.5051745730996136
28.07,1.514376157522201,1.5069005556106565
28.08,1.518277093917132,1.5087730050802233
28.09,1.5223177201766511,1.5107125056847925
28.1,1.526339678429067,1.5126430456459523
28.11,1.5302008249238142,1.5144963959634308
28.12,1.5337650196999308,1.5162072094559669
28.13,1.536903506331146,1.5177136830389502
28.14,1.5395453936979169,1.5189817889750001
28.15,1.5416630402952434,1.5199982593417167
28.16,1.54325672775507,1.5207632293224336
28.17,1.5443037508428097,1.5212658004045485
28.18,1.544826538860798,1.521516738653183
28.19,1.544999138507992,1.521599586483836
28.2,1.5447661274671554,1.5214877411842347
28.21,1.5442695558629929,1.5212493868142365
28.22,1.5435020362213254,1.5208809773862362
28.23,1.5425456905737518,1.5204219314754008
28.24,1.5414564545452598,1.5198990981817246
28.25,1.5402659485302865,1.5193276552945376
28.26,1.5389992298930881,1.5187196303486823
28.27,1.5376768825761975,1.518084903636575
28.28,1.5363126730173824,1.5174300830483436
28.29,1.534909258950502,1.516756444296241
28.3,1.5334659131616355,1.516063638317585
28.31,1.5319785731099542,1.515349715092778
28.32,1.530441280603409,1.5146118146896363
28.33,1.5288517644815145,1.5138488469511269
28.34,1.5272132859751586,1.513062377268076
28.35,1.5255346948653459,1.512256653535366
28.36,1.5238367284834382,1.5114416296720503
28.37,1.522146145636216,1.5106301499053836
28.38,1.5204925058595835,1.5098364028126001
28.39,1.5189149696566169,1.5090791854351762
28.4,1.5174573927372694,1.5083795485138893
28.41,1.516156409801915,1.5077550767049193
28.42,1.5150409467145802,1.5072196544229985
28.43,1.5141428805235773,1.506788582651317
28.44,1.513495867587626,1.5064780164420606
28.45,1.5131142117921264,1.5062948216602206
28.46,1.5129555176384748,1.506218648466468
28.47,1.5130561913363636,1.5062669718414545
28.48,1.5133299270272256,1.5063983649730683
28.49,1.5138079959992319,1.5066278380796312
28.5,1.5144030406326054,1.5069134595036506
28.51,1.5150525230448695,1.5072252110615374
28.52,1.515692483447492,1.5075323920547963
28.53,1.5162572036962956,1.5078034577742219
28.54,1.5166957476362586,1.508013958865404
28.55,1.516902573192492,1.5081132351323963
28.56,1.5169174868613482,1.508120393693447
28.57,1.5166883092839272,1.508010388456285
28.58,1.5162172703817487,1.5077842897832394
28.59,1.5155594048928471,1.5074685143485667
28.6,1.5147514317557216,1.5070806872427465
28.61,1.5138545581419018,1.506650187908113
28.62,1.5129355308227241,1.5062090547949076
28.63,1.512046301420778,1.5057822246819734
28.64,1.511220175176859,1.5053856840848923
28.65,1.5104791860608384,1.5050300093092024
28.66,1.5098288829345254,1.5047178638085723
28.67,1.5092513573588804,1.5044406515322626
28.68,1.5087221055105329,1.5041866106450557
28.69,1.5082125330297278,1.5039420158542693
28.7,1.5076792937424033,1.5036860609963536
28.71,1.5070914865890517,1.5034039135627448
28.72,1.5064234295859933,1.5030832462012769
28.73,1.5056542291003279,1.5027140299681574
28.74,1.5047850706893953,1.5022968339309097
28.75,1.5038350195996464,1.5018408094078302
28.76,1.5028382304310797,1.5013623506069183
28.77,1.5018562016787473,1.5008909768057987
28.78,1.5009791868680622,1.5004700096966699
28.79,1.500354102136771,1.50016996902565
28.8,1.5,1.5
28.81,1.5004653879121181,1.5002233861978167
28.82,1.501382180621149,1.5006634466981514
28.83,1.5028756449627692,1.5013803095821292
28.84,1.5049647386278953,1.5023830745413898
28.85,1.507617805483751,1.5036565466322005
28.86,1.510780360624195,1.5051745730996136
28.87,1.514376157522201,1.5069005556106565
28.88,1.518277093917132,1.5087730050802233
28.89,1.5223177201766511,1.5107125056847925
28.9,1.526339678429067,1.5126430456459523
28.91,1.5302008249238142,1.5144963959634308
28.92,1.5337650196999308,1.5162072094559669
28.93,1.536903506331146,1.5177136830389502
28.94,1.5395453936979169,1.5189817889750001
28.95,1.5416630402952434,1.5199982593417167
28.96,1.54325672775507,1.5207632293224336
28.97,1.5443037508428097,1.5212658004045485
28.98,1.544826538860798,1.521516738653183
28.99,1.544999138507992,1.521599586483836
29.0,1.5447661274671554,1.5214877411842347
29.01,1.5442695558629929,1.5212493868142365
29.02,1.5435020362213254,1.5208809773862362
29.03,1.5425456905737518,1.5204219314754008
29.04,1.5414564545452598,1.5198990981817246
29.05,1.5402659485302865,1.5193276552945376
29.06,1.5389992298930881,1.5187196303486823
29.07,1.5376768825761975,1.518084903636575
29.08,1.5363126730173824,1.5174300830483436
29.09,1.534909258950502,1.516756444296241
29.1,1.5334659131616355,1.516063638317585
29.11,1.5319785731099542,1.515349715092778
29.12,1.530441280603409,1.5146118146896363
29.13,1.5288517644815145,1.5138488469511269
29.14,1.5272132859751586,1.513062377268076
29.15,1.5255346948653459,1.512256653535366
29.16,1.5238367284834382,1.5114416296720503
29.17,1.522146145636216,1.5106301499053836
29.18,1.5204925058595835,1.5098364028126001
29.19,1.5189149696566169,1.5090791854351762
29.2,1.5174573927372694,1.5083795485138893
29.21,1.516156409801915,1.5077550767049193
29.22,1.5150409467145802,1.5072196544229985
29.23,1.5141428805235773,1.506788582651317
29.24,1.513495867587626,1.5064780164420606
29.25,1.5131142117921264,1.5062948216602206
29.26,1.5129555176384748,1.506218648466468
29.27,1.5130561913363636,1.5062669718414545
29.28,1.5133299270272256,1.5063983649730683
29.29,1.5138079959992319,1.5066278380796312
29.3,1.5144030406326054,1.5069134595036506
29.31,1.5150525230448695,1.5072252110615374
29.32,1.515692483447492,1.5075323920547963
29.33,1.5162572036962956,1.5078034577742219
29.34,1.5166957476362586,1.508013958865404
29.35,1.516902573192492,1.5081132351323963
29.36,1.5169174868613482,1.508120393693447
29.37,1.5166883092839272,1.508010388456285
29.38,1.5162172703817487,1.5077842897832394
29.39,1.5155594048928471,1.5074685143485667
29.4,1.5147514317557216,1.5070806872427465
29.41,1.5138545581419018,1.506650187908113
29.42,1.5129355308227241,1.5062090547949076
29.43,1.512046301420778,1.5057822246819734
29.44,1.511220175176859,1.5053856840848923
29.45,1.5104791860608384,1.5050300093092024
29.46,1.5098288829345254,1.5047178638085723
29.47,1.5092513573588804,1.5044406515322626
29.48,1.5087221055105329,1.5041866106450557
29.49,1.5082125330297278,1.5039420158542693
29.5,1.5076792937424033,1.5036860609963536
29.51,1.5070914865890517,1.5034039135627448
29.52,1.5064234295859933,1.5030832462012769
29.53,1.5056542291003279,1.5027140299681574
29.54,1.5047850706893953,1.5022968339309097
29.55,1.5038350195996464,1.5018408094078302
29.56,1.5028382304310797,1.5013623506069183
29.57,1.5018562016787473,1.5008909768057987
29.58,1.5009791868680622,1.5004700096966699
29.59,1.500354102136771,1.50016996902565
29.6,1.5,1.5
29.61,1.5004653879121181,1.5002233861978167
29.62,1.501382180621149,1.5006634466981514
29.63,1.5028756449627692,1.5013803095821292
29.64,1.5049647386278953,1.5023830745413898
29.65,1.507617805483751,1.5036565466322005
29.66,1.510780360624195,1.5051745730996136
29.67,1.514376157522201,1.5069005556106565
29.68,1.518277093917132,1.5087730050802233
29.69,1.5223177201766511,1.5107125056847925
29.7,1.526339678429067,1.5126430456459523
29.71,1.5302008249238142,1.5144963959634308
29.72,1.5337650196999308,1.5162072094559669
29.73,1.536903506331146,1.5177136830389502
29.74,1.5395453936979169,1.5189817889750001
29.75,1.5416630402952434,1.5199982593417167
29.76,1.54325672775507,1.5207632293224336
29.77,1.5443037508428097,1.5212658004045485
29.78,1.544826538860798,1.521516738653183
29.79,1.544999138507992,1.521599586483836
29.8,1.5447661274671554,1.5214877411842347
29.81,1.5442695558629929,1.5212493868142365
29.82,1.5435020362213254,1.5208809773862362
29.83,1.5425456905737518,1.5204219314754008
29.84,1.5414564545452598,1.5198990981817246
29.85,1.5402659485302865,1.5193276552945376
29.86,1.5389992298930881,1.5187196303486823
29.87,1.5376768825761975,1.518084903636575
29.88,1.5363126730173824,1.5174300830483436
29.89,1.534909258950502,1.516756444296241
29.9,1.5334659131616355,1.516063638317585
29.91,1.5319785731099542,1.515349715092778
29.92,1.530441280603409,1.5146118146896363
29.93,1.5288517644815145,1.5138488469511269
29.94,1.5272132859751586,1.513062377268076
29.95,1.5255346948653459,1.512256653535366
29.96,1.5238367284834382,1.5114416296720503
29.97,1.522146145636216,1.5106301499053836
29.98,1.5204925058595835,1.5098364028126001
29.99,1.5189149696566169,1.5090791854351762
