ISO-10303-21;
HEADER;
/* PinHeader_1x06_P2.54mm_Vertical.step 3D STEP model for use in ECAD systems
 * Copyright (C) 2017, kicad StepUp
 *
 * This work is licensed under the [Creative Commons CC-BY-SA 4.0 License](https://creativecommons.org/licenses/by-sa/4.0/legalcode),
 * with the following exception:
 * To the extent that the creation of electronic designs that use 'Licensed Material' can be considered to be 'Adapted Material',
 * then the copyright holder waives article 3 of the license with respect to these designs and any generated files which use data provided
 * as part of the 'Licensed Material'.
 * You are free to use the library data in your own projects without the obligation to share your project files under this or any other license agreement.
 * However, if you wish to redistribute these libraries, or parts thereof (including in modified form) as a collection then the exception above does not apply.
 * Please refer to https://github.com/KiCad/kicad-packages3D/blob/master/LICENSE.md for further clarification of the exception.
 * Disclaimer of Warranties and Limitation of Liability.
 * These libraries are provided in the hope that they will be useful, but are provided without warranty of any kind, express or implied.
 * *USE 3D CAD DATA AT YOUR OWN RISK*
 * *DO NOT RELY UPON ANY INFORMATION FOUND HERE WITHOUT INDEPENDENT VERIFICATION.*
 *
 */

FILE_DESCRIPTION(
/* description */ ('model of PinHeader_1x06_P2.54mm_Vertical'),
/* implementation_level */ '2;1');

FILE_NAME(
/* name */ 'PinHeader_1x06_P2.54mm_Vertical.step',
/* time_stamp */ '2017-12-09T23:53:45',
/* author */ ('kicad StepUp','ksu'),
/* organization */ ('FreeCAD'),
/* preprocessor_version */ 'OCC',
/* originating_system */ 'kicad StepUp',
/* authorisation */ '');

FILE_SCHEMA(('AUTOMOTIVE_DESIGN { 1 0 10303 214 1 1 1 1 }'));
ENDSEC;

DATA;
#1=APPLICATION_PROTOCOL_DEFINITION('international standard','automotive_design',2000,#2);
#2=APPLICATION_CONTEXT('core data for automotive mechanical design processes');
#3=SHAPE_DEFINITION_REPRESENTATION(#4,#10);
#4=PRODUCT_DEFINITION_SHAPE('','',#5);
#5=PRODUCT_DEFINITION('design','',#6,#9);
#6=PRODUCT_DEFINITION_FORMATION('','',#7);
#7=PRODUCT('PinHeader_1x06_P254mm_Vertical','PinHeader_1x06_P254mm_Vertical','',(#8));
#8=PRODUCT_CONTEXT('',#2,'mechanical');
#9=PRODUCT_DEFINITION_CONTEXT('part definition',#2,'design');
#10=ADVANCED_BREP_SHAPE_REPRESENTATION('',(#11,#15),#2647);
#11=AXIS2_PLACEMENT_3D('',#12,#13,#14);
#12=CARTESIAN_POINT('',(0.,0.,0.));
#13=DIRECTION('',(0.,0.,1.));
#14=DIRECTION('',(1.,0.,-0.));
#15=MANIFOLD_SOLID_BREP('',#16);
#16=CLOSED_SHELL('',(#17,#46,#68,#88,#434,#769,#779,#789,#799,#809,#819,#829,#839,#849,#859,#869,#879,#889,#899,#909,#919,#929,#939,#949,#959,#969,#979,#989,#999,#1009,#1019,#1029,#1039,#1049,#1059,#1069,#1079,#1089,#1099,#1109,#1117,#1137,#1152,#1167,#1177,#1197,#1212,#1227,#1237,#1257,#1272,#1287,#1297,#1318,#1332,#1347,#1357,#1377,#1392,#1408,#1417,#1438,#1452,#1467,#1477,#1492,#1504,#1514,#1521,#1536,#1548,#1558,#1565,#1580,#1592,#1602,#1609,#1623,#1634,#1646,#1653,#1668,#1678,#1689,#1697,#1711,#1722,#1734,#1741,#1767,#1786,#1806,#1819,#1840,#1856,#1873,#1885,#1906,#1922,#1939,#1951,#1973,#1990,#2006,#2017,#2039,#2056,#2072,#2083,#2105,#2122,#2138,#2149,#2176,#2194,#2215,#2227,#2249,#2264,#2282,#2293,#2315,#2330,#2348,#2359,#2380,#2398,#2413,#2425,#2446,#2464,#2479,#2491,#2512,#2530,#2545,#2557,#2564,#2571,#2578,#2585,#2592,#2599,#2607,#2615,#2623,#2631,#2639));
#17=ADVANCED_FACE('',(#18),#43,.F.);
#18=FACE_BOUND('',#19,.F.);
#19=EDGE_LOOP('',(#20,#28,#35,#40));
#20=ORIENTED_EDGE('',*,*,#21,.T.);
#21=EDGE_CURVE('',#22,#24,#26,.T.);
#22=VERTEX_POINT('',#23);
#23=CARTESIAN_POINT('',(-1.016,1.27,0.));
#24=VERTEX_POINT('',#25);
#25=CARTESIAN_POINT('',(-1.016,1.27,2.54));
#26=LINE('',#23,#27);
#27=VECTOR('',#13,1.);
#28=ORIENTED_EDGE('',*,*,#29,.T.);
#29=EDGE_CURVE('',#24,#30,#32,.T.);
#30=VERTEX_POINT('',#31);
#31=CARTESIAN_POINT('',(-1.27,1.016,2.54));
#32=LINE('',#25,#33);
#33=VECTOR('',#34,1.);
#34=DIRECTION('',(-0.707106781187,-0.707106781187,0.));
#35=ORIENTED_EDGE('',*,*,#36,.F.);
#36=EDGE_CURVE('',#37,#30,#39,.T.);
#37=VERTEX_POINT('',#38);
#38=CARTESIAN_POINT('',(-1.27,1.016,0.));
#39=LINE('',#38,#27);
#40=ORIENTED_EDGE('',*,*,#41,.F.);
#41=EDGE_CURVE('',#22,#37,#42,.T.);
#42=LINE('',#23,#33);
#43=PLANE('',#44);
#44=AXIS2_PLACEMENT_3D('',#23,#45,#34);
#45=DIRECTION('',(0.707106781187,-0.707106781187,0.));
#46=ADVANCED_FACE('',(#47),#65,.F.);
#47=FACE_BOUND('',#48,.F.);
#48=EDGE_LOOP('',(#49,#56,#61,#62));
#49=ORIENTED_EDGE('',*,*,#50,.T.);
#50=EDGE_CURVE('',#51,#53,#55,.T.);
#51=VERTEX_POINT('',#52);
#52=CARTESIAN_POINT('',(1.016,1.27,0.));
#53=VERTEX_POINT('',#54);
#54=CARTESIAN_POINT('',(1.016,1.27,2.54));
#55=LINE('',#52,#27);
#56=ORIENTED_EDGE('',*,*,#57,.T.);
#57=EDGE_CURVE('',#53,#24,#58,.T.);
#58=LINE('',#54,#59);
#59=VECTOR('',#60,1.);
#60=DIRECTION('',(-1.,0.,0.));
#61=ORIENTED_EDGE('',*,*,#21,.F.);
#62=ORIENTED_EDGE('',*,*,#63,.F.);
#63=EDGE_CURVE('',#51,#22,#64,.T.);
#64=LINE('',#52,#59);
#65=PLANE('',#66);
#66=AXIS2_PLACEMENT_3D('',#52,#67,#60);
#67=DIRECTION('',(0.,-1.,0.));
#68=ADVANCED_FACE('',(#69),#86,.F.);
#69=FACE_BOUND('',#70,.F.);
#70=EDGE_LOOP('',(#71,#72,#78,#83));
#71=ORIENTED_EDGE('',*,*,#36,.T.);
#72=ORIENTED_EDGE('',*,*,#73,.T.);
#73=EDGE_CURVE('',#30,#74,#76,.T.);
#74=VERTEX_POINT('',#75);
#75=CARTESIAN_POINT('',(-1.27,-1.016,2.54));
#76=LINE('',#31,#77);
#77=VECTOR('',#67,1.);
#78=ORIENTED_EDGE('',*,*,#79,.F.);
#79=EDGE_CURVE('',#80,#74,#82,.T.);
#80=VERTEX_POINT('',#81);
#81=CARTESIAN_POINT('',(-1.27,-1.016,0.));
#82=LINE('',#81,#27);
#83=ORIENTED_EDGE('',*,*,#84,.F.);
#84=EDGE_CURVE('',#37,#80,#85,.T.);
#85=LINE('',#38,#77);
#86=PLANE('',#87);
#87=AXIS2_PLACEMENT_3D('',#38,#14,#67);
#88=ADVANCED_FACE('',(#89,#275,#301,#327,#353,#379,#405),#431,.F.);
#89=FACE_BOUND('',#90,.F.);
#90=EDGE_LOOP('',(#91,#92,#93,#99,#104,#109,#114,#119,#124,#129,#134,#139,#144,#149,#154,#159,#164,#169,#174,#180,#187,#194,#201,#206,#211,#216,#221,#226,#231,#236,#241,#246,#251,#256,#261,#266,#271,#274));
#91=ORIENTED_EDGE('',*,*,#41,.T.);
#92=ORIENTED_EDGE('',*,*,#84,.T.);
#93=ORIENTED_EDGE('',*,*,#94,.T.);
#94=EDGE_CURVE('',#80,#95,#97,.T.);
#95=VERTEX_POINT('',#96);
#96=CARTESIAN_POINT('',(-1.016,-1.27,0.));
#97=LINE('',#81,#98);
#98=VECTOR('',#45,1.);
#99=ORIENTED_EDGE('',*,*,#100,.T.);
#100=EDGE_CURVE('',#95,#101,#103,.T.);
#101=VERTEX_POINT('',#102);
#102=CARTESIAN_POINT('',(-1.27,-1.524,0.));
#103=LINE('',#96,#33);
#104=ORIENTED_EDGE('',*,*,#105,.T.);
#105=EDGE_CURVE('',#101,#106,#108,.T.);
#106=VERTEX_POINT('',#107);
#107=CARTESIAN_POINT('',(-1.27,-3.556,0.));
#108=LINE('',#102,#77);
#109=ORIENTED_EDGE('',*,*,#110,.T.);
#110=EDGE_CURVE('',#106,#111,#113,.T.);
#111=VERTEX_POINT('',#112);
#112=CARTESIAN_POINT('',(-1.016,-3.81,0.));
#113=LINE('',#107,#98);
#114=ORIENTED_EDGE('',*,*,#115,.T.);
#115=EDGE_CURVE('',#111,#116,#118,.T.);
#116=VERTEX_POINT('',#117);
#117=CARTESIAN_POINT('',(-1.27,-4.064,0.));
#118=LINE('',#112,#33);
#119=ORIENTED_EDGE('',*,*,#120,.T.);
#120=EDGE_CURVE('',#116,#121,#123,.T.);
#121=VERTEX_POINT('',#122);
#122=CARTESIAN_POINT('',(-1.27,-6.096,0.));
#123=LINE('',#117,#77);
#124=ORIENTED_EDGE('',*,*,#125,.T.);
#125=EDGE_CURVE('',#121,#126,#128,.T.);
#126=VERTEX_POINT('',#127);
#127=CARTESIAN_POINT('',(-1.016,-6.35,0.));
#128=LINE('',#122,#98);
#129=ORIENTED_EDGE('',*,*,#130,.T.);
#130=EDGE_CURVE('',#126,#131,#133,.T.);
#131=VERTEX_POINT('',#132);
#132=CARTESIAN_POINT('',(-1.27,-6.604,0.));
#133=LINE('',#127,#33);
#134=ORIENTED_EDGE('',*,*,#135,.T.);
#135=EDGE_CURVE('',#131,#136,#138,.T.);
#136=VERTEX_POINT('',#137);
#137=CARTESIAN_POINT('',(-1.27,-8.636,0.));
#138=LINE('',#132,#77);
#139=ORIENTED_EDGE('',*,*,#140,.T.);
#140=EDGE_CURVE('',#136,#141,#143,.T.);
#141=VERTEX_POINT('',#142);
#142=CARTESIAN_POINT('',(-1.016,-8.89,0.));
#143=LINE('',#137,#98);
#144=ORIENTED_EDGE('',*,*,#145,.T.);
#145=EDGE_CURVE('',#141,#146,#148,.T.);
#146=VERTEX_POINT('',#147);
#147=CARTESIAN_POINT('',(-1.27,-9.144,0.));
#148=LINE('',#142,#33);
#149=ORIENTED_EDGE('',*,*,#150,.T.);
#150=EDGE_CURVE('',#146,#151,#153,.T.);
#151=VERTEX_POINT('',#152);
#152=CARTESIAN_POINT('',(-1.27,-11.176,0.));
#153=LINE('',#147,#77);
#154=ORIENTED_EDGE('',*,*,#155,.T.);
#155=EDGE_CURVE('',#151,#156,#158,.T.);
#156=VERTEX_POINT('',#157);
#157=CARTESIAN_POINT('',(-1.016,-11.43,0.));
#158=LINE('',#152,#98);
#159=ORIENTED_EDGE('',*,*,#160,.T.);
#160=EDGE_CURVE('',#156,#161,#163,.T.);
#161=VERTEX_POINT('',#162);
#162=CARTESIAN_POINT('',(-1.27,-11.684,0.));
#163=LINE('',#157,#33);
#164=ORIENTED_EDGE('',*,*,#165,.T.);
#165=EDGE_CURVE('',#161,#166,#168,.T.);
#166=VERTEX_POINT('',#167);
#167=CARTESIAN_POINT('',(-1.27,-13.716,0.));
#168=LINE('',#162,#77);
#169=ORIENTED_EDGE('',*,*,#170,.T.);
#170=EDGE_CURVE('',#166,#171,#173,.T.);
#171=VERTEX_POINT('',#172);
#172=CARTESIAN_POINT('',(-1.016,-13.97,0.));
#173=LINE('',#167,#98);
#174=ORIENTED_EDGE('',*,*,#175,.T.);
#175=EDGE_CURVE('',#171,#176,#178,.T.);
#176=VERTEX_POINT('',#177);
#177=CARTESIAN_POINT('',(1.016,-13.97,0.));
#178=LINE('',#172,#179);
#179=VECTOR('',#14,1.);
#180=ORIENTED_EDGE('',*,*,#181,.T.);
#181=EDGE_CURVE('',#176,#182,#184,.T.);
#182=VERTEX_POINT('',#183);
#183=CARTESIAN_POINT('',(1.27,-13.716,0.));
#184=LINE('',#177,#185);
#185=VECTOR('',#186,1.);
#186=DIRECTION('',(0.707106781187,0.707106781187,0.));
#187=ORIENTED_EDGE('',*,*,#188,.T.);
#188=EDGE_CURVE('',#182,#189,#191,.T.);
#189=VERTEX_POINT('',#190);
#190=CARTESIAN_POINT('',(1.27,-11.684,0.));
#191=LINE('',#183,#192);
#192=VECTOR('',#193,1.);
#193=DIRECTION('',(0.,1.,0.));
#194=ORIENTED_EDGE('',*,*,#195,.T.);
#195=EDGE_CURVE('',#189,#196,#198,.T.);
#196=VERTEX_POINT('',#197);
#197=CARTESIAN_POINT('',(1.016,-11.43,0.));
#198=LINE('',#190,#199);
#199=VECTOR('',#200,1.);
#200=DIRECTION('',(-0.707106781187,0.707106781187,0.));
#201=ORIENTED_EDGE('',*,*,#202,.T.);
#202=EDGE_CURVE('',#196,#203,#205,.T.);
#203=VERTEX_POINT('',#204);
#204=CARTESIAN_POINT('',(1.27,-11.176,0.));
#205=LINE('',#197,#185);
#206=ORIENTED_EDGE('',*,*,#207,.T.);
#207=EDGE_CURVE('',#203,#208,#210,.T.);
#208=VERTEX_POINT('',#209);
#209=CARTESIAN_POINT('',(1.27,-9.144,0.));
#210=LINE('',#204,#192);
#211=ORIENTED_EDGE('',*,*,#212,.T.);
#212=EDGE_CURVE('',#208,#213,#215,.T.);
#213=VERTEX_POINT('',#214);
#214=CARTESIAN_POINT('',(1.016,-8.89,0.));
#215=LINE('',#209,#199);
#216=ORIENTED_EDGE('',*,*,#217,.T.);
#217=EDGE_CURVE('',#213,#218,#220,.T.);
#218=VERTEX_POINT('',#219);
#219=CARTESIAN_POINT('',(1.27,-8.636,0.));
#220=LINE('',#214,#185);
#221=ORIENTED_EDGE('',*,*,#222,.T.);
#222=EDGE_CURVE('',#218,#223,#225,.T.);
#223=VERTEX_POINT('',#224);
#224=CARTESIAN_POINT('',(1.27,-6.604,0.));
#225=LINE('',#219,#192);
#226=ORIENTED_EDGE('',*,*,#227,.T.);
#227=EDGE_CURVE('',#223,#228,#230,.T.);
#228=VERTEX_POINT('',#229);
#229=CARTESIAN_POINT('',(1.016,-6.35,0.));
#230=LINE('',#224,#199);
#231=ORIENTED_EDGE('',*,*,#232,.T.);
#232=EDGE_CURVE('',#228,#233,#235,.T.);
#233=VERTEX_POINT('',#234);
#234=CARTESIAN_POINT('',(1.27,-6.096,0.));
#235=LINE('',#229,#185);
#236=ORIENTED_EDGE('',*,*,#237,.T.);
#237=EDGE_CURVE('',#233,#238,#240,.T.);
#238=VERTEX_POINT('',#239);
#239=CARTESIAN_POINT('',(1.27,-4.064,0.));
#240=LINE('',#234,#192);
#241=ORIENTED_EDGE('',*,*,#242,.T.);
#242=EDGE_CURVE('',#238,#243,#245,.T.);
#243=VERTEX_POINT('',#244);
#244=CARTESIAN_POINT('',(1.016,-3.81,0.));
#245=LINE('',#239,#199);
#246=ORIENTED_EDGE('',*,*,#247,.T.);
#247=EDGE_CURVE('',#243,#248,#250,.T.);
#248=VERTEX_POINT('',#249);
#249=CARTESIAN_POINT('',(1.27,-3.556,0.));
#250=LINE('',#244,#185);
#251=ORIENTED_EDGE('',*,*,#252,.T.);
#252=EDGE_CURVE('',#248,#253,#255,.T.);
#253=VERTEX_POINT('',#254);
#254=CARTESIAN_POINT('',(1.27,-1.524,0.));
#255=LINE('',#249,#192);
#256=ORIENTED_EDGE('',*,*,#257,.T.);
#257=EDGE_CURVE('',#253,#258,#260,.T.);
#258=VERTEX_POINT('',#259);
#259=CARTESIAN_POINT('',(1.016,-1.27,0.));
#260=LINE('',#254,#199);
#261=ORIENTED_EDGE('',*,*,#262,.T.);
#262=EDGE_CURVE('',#258,#263,#265,.T.);
#263=VERTEX_POINT('',#264);
#264=CARTESIAN_POINT('',(1.27,-1.016,0.));
#265=LINE('',#259,#185);
#266=ORIENTED_EDGE('',*,*,#267,.T.);
#267=EDGE_CURVE('',#263,#268,#270,.T.);
#268=VERTEX_POINT('',#269);
#269=CARTESIAN_POINT('',(1.27,1.016,0.));
#270=LINE('',#264,#192);
#271=ORIENTED_EDGE('',*,*,#272,.T.);
#272=EDGE_CURVE('',#268,#51,#273,.T.);
#273=LINE('',#269,#199);
#274=ORIENTED_EDGE('',*,*,#63,.T.);
#275=FACE_BOUND('',#276,.F.);
#276=EDGE_LOOP('',(#277,#285,#291,#297));
#277=ORIENTED_EDGE('',*,*,#278,.F.);
#278=EDGE_CURVE('',#279,#281,#283,.T.);
#279=VERTEX_POINT('',#280);
#280=CARTESIAN_POINT('',(0.32,-0.32,0.));
#281=VERTEX_POINT('',#282);
#282=CARTESIAN_POINT('',(0.32,0.32,0.));
#283=LINE('',#284,#192);
#284=CARTESIAN_POINT('',(0.32,-3.335,0.));
#285=ORIENTED_EDGE('',*,*,#286,.T.);
#286=EDGE_CURVE('',#279,#287,#289,.T.);
#287=VERTEX_POINT('',#288);
#288=CARTESIAN_POINT('',(-0.32,-0.32,0.));
#289=LINE('',#290,#59);
#290=CARTESIAN_POINT('',(-0.16,-0.32,0.));
#291=ORIENTED_EDGE('',*,*,#292,.T.);
#292=EDGE_CURVE('',#287,#293,#295,.T.);
#293=VERTEX_POINT('',#294);
#294=CARTESIAN_POINT('',(-0.32,0.32,0.));
#295=LINE('',#296,#192);
#296=CARTESIAN_POINT('',(-0.32,-3.335,0.));
#297=ORIENTED_EDGE('',*,*,#298,.F.);
#298=EDGE_CURVE('',#281,#293,#299,.T.);
#299=LINE('',#300,#59);
#300=CARTESIAN_POINT('',(-0.16,0.32,0.));
#301=FACE_BOUND('',#302,.F.);
#302=EDGE_LOOP('',(#303,#311,#317,#323));
#303=ORIENTED_EDGE('',*,*,#304,.F.);
#304=EDGE_CURVE('',#305,#307,#309,.T.);
#305=VERTEX_POINT('',#306);
#306=CARTESIAN_POINT('',(0.32,-5.4,0.));
#307=VERTEX_POINT('',#308);
#308=CARTESIAN_POINT('',(0.32,-4.76,0.));
#309=LINE('',#310,#192);
#310=CARTESIAN_POINT('',(0.32,-5.875,0.));
#311=ORIENTED_EDGE('',*,*,#312,.T.);
#312=EDGE_CURVE('',#305,#313,#315,.T.);
#313=VERTEX_POINT('',#314);
#314=CARTESIAN_POINT('',(-0.32,-5.4,0.));
#315=LINE('',#316,#59);
#316=CARTESIAN_POINT('',(-0.16,-5.4,0.));
#317=ORIENTED_EDGE('',*,*,#318,.T.);
#318=EDGE_CURVE('',#313,#319,#321,.T.);
#319=VERTEX_POINT('',#320);
#320=CARTESIAN_POINT('',(-0.32,-4.76,0.));
#321=LINE('',#322,#192);
#322=CARTESIAN_POINT('',(-0.32,-5.875,0.));
#323=ORIENTED_EDGE('',*,*,#324,.F.);
#324=EDGE_CURVE('',#307,#319,#325,.T.);
#325=LINE('',#326,#59);
#326=CARTESIAN_POINT('',(-0.16,-4.76,0.));
#327=FACE_BOUND('',#328,.F.);
#328=EDGE_LOOP('',(#329,#337,#343,#349));
#329=ORIENTED_EDGE('',*,*,#330,.F.);
#330=EDGE_CURVE('',#331,#333,#335,.T.);
#331=VERTEX_POINT('',#332);
#332=CARTESIAN_POINT('',(0.32,-2.86,0.));
#333=VERTEX_POINT('',#334);
#334=CARTESIAN_POINT('',(0.32,-2.22,0.));
#335=LINE('',#336,#192);
#336=CARTESIAN_POINT('',(0.32,-4.605,0.));
#337=ORIENTED_EDGE('',*,*,#338,.T.);
#338=EDGE_CURVE('',#331,#339,#341,.T.);
#339=VERTEX_POINT('',#340);
#340=CARTESIAN_POINT('',(-0.32,-2.86,0.));
#341=LINE('',#342,#59);
#342=CARTESIAN_POINT('',(-0.16,-2.86,0.));
#343=ORIENTED_EDGE('',*,*,#344,.T.);
#344=EDGE_CURVE('',#339,#345,#347,.T.);
#345=VERTEX_POINT('',#346);
#346=CARTESIAN_POINT('',(-0.32,-2.22,0.));
#347=LINE('',#348,#192);
#348=CARTESIAN_POINT('',(-0.32,-4.605,0.));
#349=ORIENTED_EDGE('',*,*,#350,.F.);
#350=EDGE_CURVE('',#333,#345,#351,.T.);
#351=LINE('',#352,#59);
#352=CARTESIAN_POINT('',(-0.16,-2.22,0.));
#353=FACE_BOUND('',#354,.F.);
#354=EDGE_LOOP('',(#355,#363,#369,#375));
#355=ORIENTED_EDGE('',*,*,#356,.T.);
#356=EDGE_CURVE('',#357,#359,#361,.T.);
#357=VERTEX_POINT('',#358);
#358=CARTESIAN_POINT('',(0.32,-13.02,0.));
#359=VERTEX_POINT('',#360);
#360=CARTESIAN_POINT('',(-0.32,-13.02,0.));
#361=LINE('',#362,#59);
#362=CARTESIAN_POINT('',(-0.16,-13.02,0.));
#363=ORIENTED_EDGE('',*,*,#364,.T.);
#364=EDGE_CURVE('',#359,#365,#367,.T.);
#365=VERTEX_POINT('',#366);
#366=CARTESIAN_POINT('',(-0.32,-12.38,0.));
#367=LINE('',#368,#192);
#368=CARTESIAN_POINT('',(-0.32,-9.685,0.));
#369=ORIENTED_EDGE('',*,*,#370,.F.);
#370=EDGE_CURVE('',#371,#365,#373,.T.);
#371=VERTEX_POINT('',#372);
#372=CARTESIAN_POINT('',(0.32,-12.38,0.));
#373=LINE('',#374,#59);
#374=CARTESIAN_POINT('',(-0.16,-12.38,0.));
#375=ORIENTED_EDGE('',*,*,#376,.F.);
#376=EDGE_CURVE('',#357,#371,#377,.T.);
#377=LINE('',#378,#192);
#378=CARTESIAN_POINT('',(0.32,-9.685,0.));
#379=FACE_BOUND('',#380,.F.);
#380=EDGE_LOOP('',(#381,#389,#395,#401));
#381=ORIENTED_EDGE('',*,*,#382,.F.);
#382=EDGE_CURVE('',#383,#385,#387,.T.);
#383=VERTEX_POINT('',#384);
#384=CARTESIAN_POINT('',(0.32,-9.84,0.));
#385=VERTEX_POINT('',#386);
#386=CARTESIAN_POINT('',(-0.32,-9.84,0.));
#387=LINE('',#388,#59);
#388=CARTESIAN_POINT('',(-0.16,-9.84,0.));
#389=ORIENTED_EDGE('',*,*,#390,.F.);
#390=EDGE_CURVE('',#391,#383,#393,.T.);
#391=VERTEX_POINT('',#392);
#392=CARTESIAN_POINT('',(0.32,-10.48,0.));
#393=LINE('',#394,#192);
#394=CARTESIAN_POINT('',(0.32,-8.415,0.));
#395=ORIENTED_EDGE('',*,*,#396,.T.);
#396=EDGE_CURVE('',#391,#397,#399,.T.);
#397=VERTEX_POINT('',#398);
#398=CARTESIAN_POINT('',(-0.32,-10.48,0.));
#399=LINE('',#400,#59);
#400=CARTESIAN_POINT('',(-0.16,-10.48,0.));
#401=ORIENTED_EDGE('',*,*,#402,.T.);
#402=EDGE_CURVE('',#397,#385,#403,.T.);
#403=LINE('',#404,#192);
#404=CARTESIAN_POINT('',(-0.32,-8.415,0.));
#405=FACE_BOUND('',#406,.F.);
#406=EDGE_LOOP('',(#407,#415,#421,#427));
#407=ORIENTED_EDGE('',*,*,#408,.T.);
#408=EDGE_CURVE('',#409,#411,#413,.T.);
#409=VERTEX_POINT('',#410);
#410=CARTESIAN_POINT('',(0.32,-7.94,0.));
#411=VERTEX_POINT('',#412);
#412=CARTESIAN_POINT('',(-0.32,-7.94,0.));
#413=LINE('',#414,#59);
#414=CARTESIAN_POINT('',(-0.16,-7.94,0.));
#415=ORIENTED_EDGE('',*,*,#416,.T.);
#416=EDGE_CURVE('',#411,#417,#419,.T.);
#417=VERTEX_POINT('',#418);
#418=CARTESIAN_POINT('',(-0.32,-7.3,0.));
#419=LINE('',#420,#192);
#420=CARTESIAN_POINT('',(-0.32,-7.145,0.));
#421=ORIENTED_EDGE('',*,*,#422,.F.);
#422=EDGE_CURVE('',#423,#417,#425,.T.);
#423=VERTEX_POINT('',#424);
#424=CARTESIAN_POINT('',(0.32,-7.3,0.));
#425=LINE('',#426,#59);
#426=CARTESIAN_POINT('',(-0.16,-7.3,0.));
#427=ORIENTED_EDGE('',*,*,#428,.F.);
#428=EDGE_CURVE('',#409,#423,#429,.T.);
#429=LINE('',#430,#192);
#430=CARTESIAN_POINT('',(0.32,-7.145,0.));
#431=PLANE('',#432);
#432=AXIS2_PLACEMENT_3D('',#433,#13,#14);
#433=CARTESIAN_POINT('',(-1.797008255889E-17,-6.35,0.));
#434=ADVANCED_FACE('',(#435,#610,#636,#662,#688,#714,#740),#766,.T.);
#435=FACE_BOUND('',#436,.T.);
#436=EDGE_LOOP('',(#28,#72,#437,#442,#447,#452,#457,#462,#467,#472,#477,#482,#487,#492,#497,#502,#507,#512,#517,#522,#527,#532,#537,#542,#547,#552,#557,#562,#567,#572,#577,#582,#587,#592,#597,#602,#607,#56));
#437=ORIENTED_EDGE('',*,*,#438,.T.);
#438=EDGE_CURVE('',#74,#439,#441,.T.);
#439=VERTEX_POINT('',#440);
#440=CARTESIAN_POINT('',(-1.016,-1.27,2.54));
#441=LINE('',#75,#98);
#442=ORIENTED_EDGE('',*,*,#443,.T.);
#443=EDGE_CURVE('',#439,#444,#446,.T.);
#444=VERTEX_POINT('',#445);
#445=CARTESIAN_POINT('',(-1.27,-1.524,2.54));
#446=LINE('',#440,#33);
#447=ORIENTED_EDGE('',*,*,#448,.T.);
#448=EDGE_CURVE('',#444,#449,#451,.T.);
#449=VERTEX_POINT('',#450);
#450=CARTESIAN_POINT('',(-1.27,-3.556,2.54));
#451=LINE('',#445,#77);
#452=ORIENTED_EDGE('',*,*,#453,.T.);
#453=EDGE_CURVE('',#449,#454,#456,.T.);
#454=VERTEX_POINT('',#455);
#455=CARTESIAN_POINT('',(-1.016,-3.81,2.54));
#456=LINE('',#450,#98);
#457=ORIENTED_EDGE('',*,*,#458,.T.);
#458=EDGE_CURVE('',#454,#459,#461,.T.);
#459=VERTEX_POINT('',#460);
#460=CARTESIAN_POINT('',(-1.27,-4.064,2.54));
#461=LINE('',#455,#33);
#462=ORIENTED_EDGE('',*,*,#463,.T.);
#463=EDGE_CURVE('',#459,#464,#466,.T.);
#464=VERTEX_POINT('',#465);
#465=CARTESIAN_POINT('',(-1.27,-6.096,2.54));
#466=LINE('',#460,#77);
#467=ORIENTED_EDGE('',*,*,#468,.T.);
#468=EDGE_CURVE('',#464,#469,#471,.T.);
#469=VERTEX_POINT('',#470);
#470=CARTESIAN_POINT('',(-1.016,-6.35,2.54));
#471=LINE('',#465,#98);
#472=ORIENTED_EDGE('',*,*,#473,.T.);
#473=EDGE_CURVE('',#469,#474,#476,.T.);
#474=VERTEX_POINT('',#475);
#475=CARTESIAN_POINT('',(-1.27,-6.604,2.54));
#476=LINE('',#470,#33);
#477=ORIENTED_EDGE('',*,*,#478,.T.);
#478=EDGE_CURVE('',#474,#479,#481,.T.);
#479=VERTEX_POINT('',#480);
#480=CARTESIAN_POINT('',(-1.27,-8.636,2.54));
#481=LINE('',#475,#77);
#482=ORIENTED_EDGE('',*,*,#483,.T.);
#483=EDGE_CURVE('',#479,#484,#486,.T.);
#484=VERTEX_POINT('',#485);
#485=CARTESIAN_POINT('',(-1.016,-8.89,2.54));
#486=LINE('',#480,#98);
#487=ORIENTED_EDGE('',*,*,#488,.T.);
#488=EDGE_CURVE('',#484,#489,#491,.T.);
#489=VERTEX_POINT('',#490);
#490=CARTESIAN_POINT('',(-1.27,-9.144,2.54));
#491=LINE('',#485,#33);
#492=ORIENTED_EDGE('',*,*,#493,.T.);
#493=EDGE_CURVE('',#489,#494,#496,.T.);
#494=VERTEX_POINT('',#495);
#495=CARTESIAN_POINT('',(-1.27,-11.176,2.54));
#496=LINE('',#490,#77);
#497=ORIENTED_EDGE('',*,*,#498,.T.);
#498=EDGE_CURVE('',#494,#499,#501,.T.);
#499=VERTEX_POINT('',#500);
#500=CARTESIAN_POINT('',(-1.016,-11.43,2.54));
#501=LINE('',#495,#98);
#502=ORIENTED_EDGE('',*,*,#503,.T.);
#503=EDGE_CURVE('',#499,#504,#506,.T.);
#504=VERTEX_POINT('',#505);
#505=CARTESIAN_POINT('',(-1.27,-11.684,2.54));
#506=LINE('',#500,#33);
#507=ORIENTED_EDGE('',*,*,#508,.T.);
#508=EDGE_CURVE('',#504,#509,#511,.T.);
#509=VERTEX_POINT('',#510);
#510=CARTESIAN_POINT('',(-1.27,-13.716,2.54));
#511=LINE('',#505,#77);
#512=ORIENTED_EDGE('',*,*,#513,.T.);
#513=EDGE_CURVE('',#509,#514,#516,.T.);
#514=VERTEX_POINT('',#515);
#515=CARTESIAN_POINT('',(-1.016,-13.97,2.54));
#516=LINE('',#510,#98);
#517=ORIENTED_EDGE('',*,*,#518,.T.);
#518=EDGE_CURVE('',#514,#519,#521,.T.);
#519=VERTEX_POINT('',#520);
#520=CARTESIAN_POINT('',(1.016,-13.97,2.54));
#521=LINE('',#515,#179);
#522=ORIENTED_EDGE('',*,*,#523,.T.);
#523=EDGE_CURVE('',#519,#524,#526,.T.);
#524=VERTEX_POINT('',#525);
#525=CARTESIAN_POINT('',(1.27,-13.716,2.54));
#526=LINE('',#520,#185);
#527=ORIENTED_EDGE('',*,*,#528,.T.);
#528=EDGE_CURVE('',#524,#529,#531,.T.);
#529=VERTEX_POINT('',#530);
#530=CARTESIAN_POINT('',(1.27,-11.684,2.54));
#531=LINE('',#525,#192);
#532=ORIENTED_EDGE('',*,*,#533,.T.);
#533=EDGE_CURVE('',#529,#534,#536,.T.);
#534=VERTEX_POINT('',#535);
#535=CARTESIAN_POINT('',(1.016,-11.43,2.54));
#536=LINE('',#530,#199);
#537=ORIENTED_EDGE('',*,*,#538,.T.);
#538=EDGE_CURVE('',#534,#539,#541,.T.);
#539=VERTEX_POINT('',#540);
#540=CARTESIAN_POINT('',(1.27,-11.176,2.54));
#541=LINE('',#535,#185);
#542=ORIENTED_EDGE('',*,*,#543,.T.);
#543=EDGE_CURVE('',#539,#544,#546,.T.);
#544=VERTEX_POINT('',#545);
#545=CARTESIAN_POINT('',(1.27,-9.144,2.54));
#546=LINE('',#540,#192);
#547=ORIENTED_EDGE('',*,*,#548,.T.);
#548=EDGE_CURVE('',#544,#549,#551,.T.);
#549=VERTEX_POINT('',#550);
#550=CARTESIAN_POINT('',(1.016,-8.89,2.54));
#551=LINE('',#545,#199);
#552=ORIENTED_EDGE('',*,*,#553,.T.);
#553=EDGE_CURVE('',#549,#554,#556,.T.);
#554=VERTEX_POINT('',#555);
#555=CARTESIAN_POINT('',(1.27,-8.636,2.54));
#556=LINE('',#550,#185);
#557=ORIENTED_EDGE('',*,*,#558,.T.);
#558=EDGE_CURVE('',#554,#559,#561,.T.);
#559=VERTEX_POINT('',#560);
#560=CARTESIAN_POINT('',(1.27,-6.604,2.54));
#561=LINE('',#555,#192);
#562=ORIENTED_EDGE('',*,*,#563,.T.);
#563=EDGE_CURVE('',#559,#564,#566,.T.);
#564=VERTEX_POINT('',#565);
#565=CARTESIAN_POINT('',(1.016,-6.35,2.54));
#566=LINE('',#560,#199);
#567=ORIENTED_EDGE('',*,*,#568,.T.);
#568=EDGE_CURVE('',#564,#569,#571,.T.);
#569=VERTEX_POINT('',#570);
#570=CARTESIAN_POINT('',(1.27,-6.096,2.54));
#571=LINE('',#565,#185);
#572=ORIENTED_EDGE('',*,*,#573,.T.);
#573=EDGE_CURVE('',#569,#574,#576,.T.);
#574=VERTEX_POINT('',#575);
#575=CARTESIAN_POINT('',(1.27,-4.064,2.54));
#576=LINE('',#570,#192);
#577=ORIENTED_EDGE('',*,*,#578,.T.);
#578=EDGE_CURVE('',#574,#579,#581,.T.);
#579=VERTEX_POINT('',#580);
#580=CARTESIAN_POINT('',(1.016,-3.81,2.54));
#581=LINE('',#575,#199);
#582=ORIENTED_EDGE('',*,*,#583,.T.);
#583=EDGE_CURVE('',#579,#584,#586,.T.);
#584=VERTEX_POINT('',#585);
#585=CARTESIAN_POINT('',(1.27,-3.556,2.54));
#586=LINE('',#580,#185);
#587=ORIENTED_EDGE('',*,*,#588,.T.);
#588=EDGE_CURVE('',#584,#589,#591,.T.);
#589=VERTEX_POINT('',#590);
#590=CARTESIAN_POINT('',(1.27,-1.524,2.54));
#591=LINE('',#585,#192);
#592=ORIENTED_EDGE('',*,*,#593,.T.);
#593=EDGE_CURVE('',#589,#594,#596,.T.);
#594=VERTEX_POINT('',#595);
#595=CARTESIAN_POINT('',(1.016,-1.27,2.54));
#596=LINE('',#590,#199);
#597=ORIENTED_EDGE('',*,*,#598,.T.);
#598=EDGE_CURVE('',#594,#599,#601,.T.);
#599=VERTEX_POINT('',#600);
#600=CARTESIAN_POINT('',(1.27,-1.016,2.54));
#601=LINE('',#595,#185);
#602=ORIENTED_EDGE('',*,*,#603,.T.);
#603=EDGE_CURVE('',#599,#604,#606,.T.);
#604=VERTEX_POINT('',#605);
#605=CARTESIAN_POINT('',(1.27,1.016,2.54));
#606=LINE('',#600,#192);
#607=ORIENTED_EDGE('',*,*,#608,.T.);
#608=EDGE_CURVE('',#604,#53,#609,.T.);
#609=LINE('',#605,#199);
#610=FACE_BOUND('',#611,.T.);
#611=EDGE_LOOP('',(#612,#620,#626,#632));
#612=ORIENTED_EDGE('',*,*,#613,.F.);
#613=EDGE_CURVE('',#614,#616,#618,.T.);
#614=VERTEX_POINT('',#615);
#615=CARTESIAN_POINT('',(0.32,-0.32,2.54));
#616=VERTEX_POINT('',#617);
#617=CARTESIAN_POINT('',(0.32,0.32,2.54));
#618=LINE('',#619,#192);
#619=CARTESIAN_POINT('',(0.32,-3.335,2.54));
#620=ORIENTED_EDGE('',*,*,#621,.T.);
#621=EDGE_CURVE('',#614,#622,#624,.T.);
#622=VERTEX_POINT('',#623);
#623=CARTESIAN_POINT('',(-0.32,-0.32,2.54));
#624=LINE('',#625,#59);
#625=CARTESIAN_POINT('',(-0.16,-0.32,2.54));
#626=ORIENTED_EDGE('',*,*,#627,.T.);
#627=EDGE_CURVE('',#622,#628,#630,.T.);
#628=VERTEX_POINT('',#629);
#629=CARTESIAN_POINT('',(-0.32,0.32,2.54));
#630=LINE('',#631,#192);
#631=CARTESIAN_POINT('',(-0.32,-3.335,2.54));
#632=ORIENTED_EDGE('',*,*,#633,.F.);
#633=EDGE_CURVE('',#616,#628,#634,.T.);
#634=LINE('',#635,#59);
#635=CARTESIAN_POINT('',(-0.16,0.32,2.54));
#636=FACE_BOUND('',#637,.T.);
#637=EDGE_LOOP('',(#638,#646,#652,#658));
#638=ORIENTED_EDGE('',*,*,#639,.F.);
#639=EDGE_CURVE('',#640,#642,#644,.T.);
#640=VERTEX_POINT('',#641);
#641=CARTESIAN_POINT('',(0.32,-5.4,2.54));
#642=VERTEX_POINT('',#643);
#643=CARTESIAN_POINT('',(0.32,-4.76,2.54));
#644=LINE('',#645,#192);
#645=CARTESIAN_POINT('',(0.32,-5.875,2.54));
#646=ORIENTED_EDGE('',*,*,#647,.T.);
#647=EDGE_CURVE('',#640,#648,#650,.T.);
#648=VERTEX_POINT('',#649);
#649=CARTESIAN_POINT('',(-0.32,-5.4,2.54));
#650=LINE('',#651,#59);
#651=CARTESIAN_POINT('',(-0.16,-5.4,2.54));
#652=ORIENTED_EDGE('',*,*,#653,.T.);
#653=EDGE_CURVE('',#648,#654,#656,.T.);
#654=VERTEX_POINT('',#655);
#655=CARTESIAN_POINT('',(-0.32,-4.76,2.54));
#656=LINE('',#657,#192);
#657=CARTESIAN_POINT('',(-0.32,-5.875,2.54));
#658=ORIENTED_EDGE('',*,*,#659,.F.);
#659=EDGE_CURVE('',#642,#654,#660,.T.);
#660=LINE('',#661,#59);
#661=CARTESIAN_POINT('',(-0.16,-4.76,2.54));
#662=FACE_BOUND('',#663,.T.);
#663=EDGE_LOOP('',(#664,#672,#678,#684));
#664=ORIENTED_EDGE('',*,*,#665,.F.);
#665=EDGE_CURVE('',#666,#668,#670,.T.);
#666=VERTEX_POINT('',#667);
#667=CARTESIAN_POINT('',(0.32,-2.86,2.54));
#668=VERTEX_POINT('',#669);
#669=CARTESIAN_POINT('',(0.32,-2.22,2.54));
#670=LINE('',#671,#192);
#671=CARTESIAN_POINT('',(0.32,-4.605,2.54));
#672=ORIENTED_EDGE('',*,*,#673,.T.);
#673=EDGE_CURVE('',#666,#674,#676,.T.);
#674=VERTEX_POINT('',#675);
#675=CARTESIAN_POINT('',(-0.32,-2.86,2.54));
#676=LINE('',#677,#59);
#677=CARTESIAN_POINT('',(-0.16,-2.86,2.54));
#678=ORIENTED_EDGE('',*,*,#679,.T.);
#679=EDGE_CURVE('',#674,#680,#682,.T.);
#680=VERTEX_POINT('',#681);
#681=CARTESIAN_POINT('',(-0.32,-2.22,2.54));
#682=LINE('',#683,#192);
#683=CARTESIAN_POINT('',(-0.32,-4.605,2.54));
#684=ORIENTED_EDGE('',*,*,#685,.F.);
#685=EDGE_CURVE('',#668,#680,#686,.T.);
#686=LINE('',#687,#59);
#687=CARTESIAN_POINT('',(-0.16,-2.22,2.54));
#688=FACE_BOUND('',#689,.T.);
#689=EDGE_LOOP('',(#690,#698,#704,#710));
#690=ORIENTED_EDGE('',*,*,#691,.T.);
#691=EDGE_CURVE('',#692,#694,#696,.T.);
#692=VERTEX_POINT('',#693);
#693=CARTESIAN_POINT('',(0.32,-13.02,2.54));
#694=VERTEX_POINT('',#695);
#695=CARTESIAN_POINT('',(-0.32,-13.02,2.54));
#696=LINE('',#697,#59);
#697=CARTESIAN_POINT('',(-0.16,-13.02,2.54));
#698=ORIENTED_EDGE('',*,*,#699,.T.);
#699=EDGE_CURVE('',#694,#700,#702,.T.);
#700=VERTEX_POINT('',#701);
#701=CARTESIAN_POINT('',(-0.32,-12.38,2.54));
#702=LINE('',#703,#192);
#703=CARTESIAN_POINT('',(-0.32,-9.685,2.54));
#704=ORIENTED_EDGE('',*,*,#705,.F.);
#705=EDGE_CURVE('',#706,#700,#708,.T.);
#706=VERTEX_POINT('',#707);
#707=CARTESIAN_POINT('',(0.32,-12.38,2.54));
#708=LINE('',#709,#59);
#709=CARTESIAN_POINT('',(-0.16,-12.38,2.54));
#710=ORIENTED_EDGE('',*,*,#711,.F.);
#711=EDGE_CURVE('',#692,#706,#712,.T.);
#712=LINE('',#713,#192);
#713=CARTESIAN_POINT('',(0.32,-9.685,2.54));
#714=FACE_BOUND('',#715,.T.);
#715=EDGE_LOOP('',(#716,#724,#730,#736));
#716=ORIENTED_EDGE('',*,*,#717,.F.);
#717=EDGE_CURVE('',#718,#720,#722,.T.);
#718=VERTEX_POINT('',#719);
#719=CARTESIAN_POINT('',(0.32,-9.84,2.54));
#720=VERTEX_POINT('',#721);
#721=CARTESIAN_POINT('',(-0.32,-9.84,2.54));
#722=LINE('',#723,#59);
#723=CARTESIAN_POINT('',(-0.16,-9.84,2.54));
#724=ORIENTED_EDGE('',*,*,#725,.F.);
#725=EDGE_CURVE('',#726,#718,#728,.T.);
#726=VERTEX_POINT('',#727);
#727=CARTESIAN_POINT('',(0.32,-10.48,2.54));
#728=LINE('',#729,#192);
#729=CARTESIAN_POINT('',(0.32,-8.415,2.54));
#730=ORIENTED_EDGE('',*,*,#731,.T.);
#731=EDGE_CURVE('',#726,#732,#734,.T.);
#732=VERTEX_POINT('',#733);
#733=CARTESIAN_POINT('',(-0.32,-10.48,2.54));
#734=LINE('',#735,#59);
#735=CARTESIAN_POINT('',(-0.16,-10.48,2.54));
#736=ORIENTED_EDGE('',*,*,#737,.T.);
#737=EDGE_CURVE('',#732,#720,#738,.T.);
#738=LINE('',#739,#192);
#739=CARTESIAN_POINT('',(-0.32,-8.415,2.54));
#740=FACE_BOUND('',#741,.T.);
#741=EDGE_LOOP('',(#742,#750,#756,#762));
#742=ORIENTED_EDGE('',*,*,#743,.T.);
#743=EDGE_CURVE('',#744,#746,#748,.T.);
#744=VERTEX_POINT('',#745);
#745=CARTESIAN_POINT('',(0.32,-7.94,2.54));
#746=VERTEX_POINT('',#747);
#747=CARTESIAN_POINT('',(-0.32,-7.94,2.54));
#748=LINE('',#749,#59);
#749=CARTESIAN_POINT('',(-0.16,-7.94,2.54));
#750=ORIENTED_EDGE('',*,*,#751,.T.);
#751=EDGE_CURVE('',#746,#752,#754,.T.);
#752=VERTEX_POINT('',#753);
#753=CARTESIAN_POINT('',(-0.32,-7.3,2.54));
#754=LINE('',#755,#192);
#755=CARTESIAN_POINT('',(-0.32,-7.145,2.54));
#756=ORIENTED_EDGE('',*,*,#757,.F.);
#757=EDGE_CURVE('',#758,#752,#760,.T.);
#758=VERTEX_POINT('',#759);
#759=CARTESIAN_POINT('',(0.32,-7.3,2.54));
#760=LINE('',#761,#59);
#761=CARTESIAN_POINT('',(-0.16,-7.3,2.54));
#762=ORIENTED_EDGE('',*,*,#763,.F.);
#763=EDGE_CURVE('',#744,#758,#764,.T.);
#764=LINE('',#765,#192);
#765=CARTESIAN_POINT('',(0.32,-7.145,2.54));
#766=PLANE('',#767);
#767=AXIS2_PLACEMENT_3D('',#768,#13,#14);
#768=CARTESIAN_POINT('',(-1.797008255889E-17,-6.35,2.54));
#769=ADVANCED_FACE('',(#770),#777,.F.);
#770=FACE_BOUND('',#771,.F.);
#771=EDGE_LOOP('',(#772,#607,#775,#776));
#772=ORIENTED_EDGE('',*,*,#773,.T.);
#773=EDGE_CURVE('',#268,#604,#774,.T.);
#774=LINE('',#269,#27);
#775=ORIENTED_EDGE('',*,*,#50,.F.);
#776=ORIENTED_EDGE('',*,*,#272,.F.);
#777=PLANE('',#778);
#778=AXIS2_PLACEMENT_3D('',#269,#34,#200);
#779=ADVANCED_FACE('',(#780),#787,.F.);
#780=FACE_BOUND('',#781,.F.);
#781=EDGE_LOOP('',(#782,#437,#783,#786));
#782=ORIENTED_EDGE('',*,*,#79,.T.);
#783=ORIENTED_EDGE('',*,*,#784,.F.);
#784=EDGE_CURVE('',#95,#439,#785,.T.);
#785=LINE('',#96,#27);
#786=ORIENTED_EDGE('',*,*,#94,.F.);
#787=PLANE('',#788);
#788=AXIS2_PLACEMENT_3D('',#81,#186,#45);
#789=ADVANCED_FACE('',(#790),#797,.F.);
#790=FACE_BOUND('',#791,.F.);
#791=EDGE_LOOP('',(#792,#602,#795,#796));
#792=ORIENTED_EDGE('',*,*,#793,.T.);
#793=EDGE_CURVE('',#263,#599,#794,.T.);
#794=LINE('',#264,#27);
#795=ORIENTED_EDGE('',*,*,#773,.F.);
#796=ORIENTED_EDGE('',*,*,#267,.F.);
#797=PLANE('',#798);
#798=AXIS2_PLACEMENT_3D('',#264,#60,#193);
#799=ADVANCED_FACE('',(#800),#807,.F.);
#800=FACE_BOUND('',#801,.F.);
#801=EDGE_LOOP('',(#802,#442,#803,#806));
#802=ORIENTED_EDGE('',*,*,#784,.T.);
#803=ORIENTED_EDGE('',*,*,#804,.F.);
#804=EDGE_CURVE('',#101,#444,#805,.T.);
#805=LINE('',#102,#27);
#806=ORIENTED_EDGE('',*,*,#100,.F.);
#807=PLANE('',#808);
#808=AXIS2_PLACEMENT_3D('',#96,#45,#34);
#809=ADVANCED_FACE('',(#810),#817,.F.);
#810=FACE_BOUND('',#811,.F.);
#811=EDGE_LOOP('',(#812,#597,#815,#816));
#812=ORIENTED_EDGE('',*,*,#813,.T.);
#813=EDGE_CURVE('',#258,#594,#814,.T.);
#814=LINE('',#259,#27);
#815=ORIENTED_EDGE('',*,*,#793,.F.);
#816=ORIENTED_EDGE('',*,*,#262,.F.);
#817=PLANE('',#818);
#818=AXIS2_PLACEMENT_3D('',#259,#200,#186);
#819=ADVANCED_FACE('',(#820),#827,.F.);
#820=FACE_BOUND('',#821,.F.);
#821=EDGE_LOOP('',(#822,#447,#823,#826));
#822=ORIENTED_EDGE('',*,*,#804,.T.);
#823=ORIENTED_EDGE('',*,*,#824,.F.);
#824=EDGE_CURVE('',#106,#449,#825,.T.);
#825=LINE('',#107,#27);
#826=ORIENTED_EDGE('',*,*,#105,.F.);
#827=PLANE('',#828);
#828=AXIS2_PLACEMENT_3D('',#102,#14,#67);
#829=ADVANCED_FACE('',(#830),#837,.F.);
#830=FACE_BOUND('',#831,.F.);
#831=EDGE_LOOP('',(#832,#592,#835,#836));
#832=ORIENTED_EDGE('',*,*,#833,.T.);
#833=EDGE_CURVE('',#253,#589,#834,.T.);
#834=LINE('',#254,#27);
#835=ORIENTED_EDGE('',*,*,#813,.F.);
#836=ORIENTED_EDGE('',*,*,#257,.F.);
#837=PLANE('',#838);
#838=AXIS2_PLACEMENT_3D('',#254,#34,#200);
#839=ADVANCED_FACE('',(#840),#847,.F.);
#840=FACE_BOUND('',#841,.F.);
#841=EDGE_LOOP('',(#842,#452,#843,#846));
#842=ORIENTED_EDGE('',*,*,#824,.T.);
#843=ORIENTED_EDGE('',*,*,#844,.F.);
#844=EDGE_CURVE('',#111,#454,#845,.T.);
#845=LINE('',#112,#27);
#846=ORIENTED_EDGE('',*,*,#110,.F.);
#847=PLANE('',#848);
#848=AXIS2_PLACEMENT_3D('',#107,#186,#45);
#849=ADVANCED_FACE('',(#850),#857,.F.);
#850=FACE_BOUND('',#851,.F.);
#851=EDGE_LOOP('',(#852,#587,#855,#856));
#852=ORIENTED_EDGE('',*,*,#853,.T.);
#853=EDGE_CURVE('',#248,#584,#854,.T.);
#854=LINE('',#249,#27);
#855=ORIENTED_EDGE('',*,*,#833,.F.);
#856=ORIENTED_EDGE('',*,*,#252,.F.);
#857=PLANE('',#858);
#858=AXIS2_PLACEMENT_3D('',#249,#60,#193);
#859=ADVANCED_FACE('',(#860),#867,.F.);
#860=FACE_BOUND('',#861,.F.);
#861=EDGE_LOOP('',(#862,#457,#863,#866));
#862=ORIENTED_EDGE('',*,*,#844,.T.);
#863=ORIENTED_EDGE('',*,*,#864,.F.);
#864=EDGE_CURVE('',#116,#459,#865,.T.);
#865=LINE('',#117,#27);
#866=ORIENTED_EDGE('',*,*,#115,.F.);
#867=PLANE('',#868);
#868=AXIS2_PLACEMENT_3D('',#112,#45,#34);
#869=ADVANCED_FACE('',(#870),#877,.F.);
#870=FACE_BOUND('',#871,.F.);
#871=EDGE_LOOP('',(#872,#582,#875,#876));
#872=ORIENTED_EDGE('',*,*,#873,.T.);
#873=EDGE_CURVE('',#243,#579,#874,.T.);
#874=LINE('',#244,#27);
#875=ORIENTED_EDGE('',*,*,#853,.F.);
#876=ORIENTED_EDGE('',*,*,#247,.F.);
#877=PLANE('',#878);
#878=AXIS2_PLACEMENT_3D('',#244,#200,#186);
#879=ADVANCED_FACE('',(#880),#887,.F.);
#880=FACE_BOUND('',#881,.F.);
#881=EDGE_LOOP('',(#882,#462,#883,#886));
#882=ORIENTED_EDGE('',*,*,#864,.T.);
#883=ORIENTED_EDGE('',*,*,#884,.F.);
#884=EDGE_CURVE('',#121,#464,#885,.T.);
#885=LINE('',#122,#27);
#886=ORIENTED_EDGE('',*,*,#120,.F.);
#887=PLANE('',#888);
#888=AXIS2_PLACEMENT_3D('',#117,#14,#67);
#889=ADVANCED_FACE('',(#890),#897,.F.);
#890=FACE_BOUND('',#891,.F.);
#891=EDGE_LOOP('',(#892,#577,#895,#896));
#892=ORIENTED_EDGE('',*,*,#893,.T.);
#893=EDGE_CURVE('',#238,#574,#894,.T.);
#894=LINE('',#239,#27);
#895=ORIENTED_EDGE('',*,*,#873,.F.);
#896=ORIENTED_EDGE('',*,*,#242,.F.);
#897=PLANE('',#898);
#898=AXIS2_PLACEMENT_3D('',#239,#34,#200);
#899=ADVANCED_FACE('',(#900),#907,.F.);
#900=FACE_BOUND('',#901,.F.);
#901=EDGE_LOOP('',(#902,#467,#903,#906));
#902=ORIENTED_EDGE('',*,*,#884,.T.);
#903=ORIENTED_EDGE('',*,*,#904,.F.);
#904=EDGE_CURVE('',#126,#469,#905,.T.);
#905=LINE('',#127,#27);
#906=ORIENTED_EDGE('',*,*,#125,.F.);
#907=PLANE('',#908);
#908=AXIS2_PLACEMENT_3D('',#122,#186,#45);
#909=ADVANCED_FACE('',(#910),#917,.F.);
#910=FACE_BOUND('',#911,.F.);
#911=EDGE_LOOP('',(#912,#572,#915,#916));
#912=ORIENTED_EDGE('',*,*,#913,.T.);
#913=EDGE_CURVE('',#233,#569,#914,.T.);
#914=LINE('',#234,#27);
#915=ORIENTED_EDGE('',*,*,#893,.F.);
#916=ORIENTED_EDGE('',*,*,#237,.F.);
#917=PLANE('',#918);
#918=AXIS2_PLACEMENT_3D('',#234,#60,#193);
#919=ADVANCED_FACE('',(#920),#927,.F.);
#920=FACE_BOUND('',#921,.F.);
#921=EDGE_LOOP('',(#922,#472,#923,#926));
#922=ORIENTED_EDGE('',*,*,#904,.T.);
#923=ORIENTED_EDGE('',*,*,#924,.F.);
#924=EDGE_CURVE('',#131,#474,#925,.T.);
#925=LINE('',#132,#27);
#926=ORIENTED_EDGE('',*,*,#130,.F.);
#927=PLANE('',#928);
#928=AXIS2_PLACEMENT_3D('',#127,#45,#34);
#929=ADVANCED_FACE('',(#930),#937,.F.);
#930=FACE_BOUND('',#931,.F.);
#931=EDGE_LOOP('',(#932,#567,#935,#936));
#932=ORIENTED_EDGE('',*,*,#933,.T.);
#933=EDGE_CURVE('',#228,#564,#934,.T.);
#934=LINE('',#229,#27);
#935=ORIENTED_EDGE('',*,*,#913,.F.);
#936=ORIENTED_EDGE('',*,*,#232,.F.);
#937=PLANE('',#938);
#938=AXIS2_PLACEMENT_3D('',#229,#200,#186);
#939=ADVANCED_FACE('',(#940),#947,.F.);
#940=FACE_BOUND('',#941,.F.);
#941=EDGE_LOOP('',(#942,#477,#943,#946));
#942=ORIENTED_EDGE('',*,*,#924,.T.);
#943=ORIENTED_EDGE('',*,*,#944,.F.);
#944=EDGE_CURVE('',#136,#479,#945,.T.);
#945=LINE('',#137,#27);
#946=ORIENTED_EDGE('',*,*,#135,.F.);
#947=PLANE('',#948);
#948=AXIS2_PLACEMENT_3D('',#132,#14,#67);
#949=ADVANCED_FACE('',(#950),#957,.F.);
#950=FACE_BOUND('',#951,.F.);
#951=EDGE_LOOP('',(#952,#562,#955,#956));
#952=ORIENTED_EDGE('',*,*,#953,.T.);
#953=EDGE_CURVE('',#223,#559,#954,.T.);
#954=LINE('',#224,#27);
#955=ORIENTED_EDGE('',*,*,#933,.F.);
#956=ORIENTED_EDGE('',*,*,#227,.F.);
#957=PLANE('',#958);
#958=AXIS2_PLACEMENT_3D('',#224,#34,#200);
#959=ADVANCED_FACE('',(#960),#967,.F.);
#960=FACE_BOUND('',#961,.F.);
#961=EDGE_LOOP('',(#962,#482,#963,#966));
#962=ORIENTED_EDGE('',*,*,#944,.T.);
#963=ORIENTED_EDGE('',*,*,#964,.F.);
#964=EDGE_CURVE('',#141,#484,#965,.T.);
#965=LINE('',#142,#27);
#966=ORIENTED_EDGE('',*,*,#140,.F.);
#967=PLANE('',#968);
#968=AXIS2_PLACEMENT_3D('',#137,#186,#45);
#969=ADVANCED_FACE('',(#970),#977,.F.);
#970=FACE_BOUND('',#971,.F.);
#971=EDGE_LOOP('',(#972,#557,#975,#976));
#972=ORIENTED_EDGE('',*,*,#973,.T.);
#973=EDGE_CURVE('',#218,#554,#974,.T.);
#974=LINE('',#219,#27);
#975=ORIENTED_EDGE('',*,*,#953,.F.);
#976=ORIENTED_EDGE('',*,*,#222,.F.);
#977=PLANE('',#978);
#978=AXIS2_PLACEMENT_3D('',#219,#60,#193);
#979=ADVANCED_FACE('',(#980),#987,.F.);
#980=FACE_BOUND('',#981,.F.);
#981=EDGE_LOOP('',(#982,#487,#983,#986));
#982=ORIENTED_EDGE('',*,*,#964,.T.);
#983=ORIENTED_EDGE('',*,*,#984,.F.);
#984=EDGE_CURVE('',#146,#489,#985,.T.);
#985=LINE('',#147,#27);
#986=ORIENTED_EDGE('',*,*,#145,.F.);
#987=PLANE('',#988);
#988=AXIS2_PLACEMENT_3D('',#142,#45,#34);
#989=ADVANCED_FACE('',(#990),#997,.F.);
#990=FACE_BOUND('',#991,.F.);
#991=EDGE_LOOP('',(#992,#552,#995,#996));
#992=ORIENTED_EDGE('',*,*,#993,.T.);
#993=EDGE_CURVE('',#213,#549,#994,.T.);
#994=LINE('',#214,#27);
#995=ORIENTED_EDGE('',*,*,#973,.F.);
#996=ORIENTED_EDGE('',*,*,#217,.F.);
#997=PLANE('',#998);
#998=AXIS2_PLACEMENT_3D('',#214,#200,#186);
#999=ADVANCED_FACE('',(#1000),#1007,.F.);
#1000=FACE_BOUND('',#1001,.F.);
#1001=EDGE_LOOP('',(#1002,#492,#1003,#1006));
#1002=ORIENTED_EDGE('',*,*,#984,.T.);
#1003=ORIENTED_EDGE('',*,*,#1004,.F.);
#1004=EDGE_CURVE('',#151,#494,#1005,.T.);
#1005=LINE('',#152,#27);
#1006=ORIENTED_EDGE('',*,*,#150,.F.);
#1007=PLANE('',#1008);
#1008=AXIS2_PLACEMENT_3D('',#147,#14,#67);
#1009=ADVANCED_FACE('',(#1010),#1017,.F.);
#1010=FACE_BOUND('',#1011,.F.);
#1011=EDGE_LOOP('',(#1012,#547,#1015,#1016));
#1012=ORIENTED_EDGE('',*,*,#1013,.T.);
#1013=EDGE_CURVE('',#208,#544,#1014,.T.);
#1014=LINE('',#209,#27);
#1015=ORIENTED_EDGE('',*,*,#993,.F.);
#1016=ORIENTED_EDGE('',*,*,#212,.F.);
#1017=PLANE('',#1018);
#1018=AXIS2_PLACEMENT_3D('',#209,#34,#200);
#1019=ADVANCED_FACE('',(#1020),#1027,.F.);
#1020=FACE_BOUND('',#1021,.F.);
#1021=EDGE_LOOP('',(#1022,#497,#1023,#1026));
#1022=ORIENTED_EDGE('',*,*,#1004,.T.);
#1023=ORIENTED_EDGE('',*,*,#1024,.F.);
#1024=EDGE_CURVE('',#156,#499,#1025,.T.);
#1025=LINE('',#157,#27);
#1026=ORIENTED_EDGE('',*,*,#155,.F.);
#1027=PLANE('',#1028);
#1028=AXIS2_PLACEMENT_3D('',#152,#186,#45);
#1029=ADVANCED_FACE('',(#1030),#1037,.F.);
#1030=FACE_BOUND('',#1031,.F.);
#1031=EDGE_LOOP('',(#1032,#542,#1035,#1036));
#1032=ORIENTED_EDGE('',*,*,#1033,.T.);
#1033=EDGE_CURVE('',#203,#539,#1034,.T.);
#1034=LINE('',#204,#27);
#1035=ORIENTED_EDGE('',*,*,#1013,.F.);
#1036=ORIENTED_EDGE('',*,*,#207,.F.);
#1037=PLANE('',#1038);
#1038=AXIS2_PLACEMENT_3D('',#204,#60,#193);
#1039=ADVANCED_FACE('',(#1040),#1047,.F.);
#1040=FACE_BOUND('',#1041,.F.);
#1041=EDGE_LOOP('',(#1042,#502,#1043,#1046));
#1042=ORIENTED_EDGE('',*,*,#1024,.T.);
#1043=ORIENTED_EDGE('',*,*,#1044,.F.);
#1044=EDGE_CURVE('',#161,#504,#1045,.T.);
#1045=LINE('',#162,#27);
#1046=ORIENTED_EDGE('',*,*,#160,.F.);
#1047=PLANE('',#1048);
#1048=AXIS2_PLACEMENT_3D('',#157,#45,#34);
#1049=ADVANCED_FACE('',(#1050),#1057,.F.);
#1050=FACE_BOUND('',#1051,.F.);
#1051=EDGE_LOOP('',(#1052,#537,#1055,#1056));
#1052=ORIENTED_EDGE('',*,*,#1053,.T.);
#1053=EDGE_CURVE('',#196,#534,#1054,.T.);
#1054=LINE('',#197,#27);
#1055=ORIENTED_EDGE('',*,*,#1033,.F.);
#1056=ORIENTED_EDGE('',*,*,#202,.F.);
#1057=PLANE('',#1058);
#1058=AXIS2_PLACEMENT_3D('',#197,#200,#186);
#1059=ADVANCED_FACE('',(#1060),#1067,.F.);
#1060=FACE_BOUND('',#1061,.F.);
#1061=EDGE_LOOP('',(#1062,#507,#1063,#1066));
#1062=ORIENTED_EDGE('',*,*,#1044,.T.);
#1063=ORIENTED_EDGE('',*,*,#1064,.F.);
#1064=EDGE_CURVE('',#166,#509,#1065,.T.);
#1065=LINE('',#167,#27);
#1066=ORIENTED_EDGE('',*,*,#165,.F.);
#1067=PLANE('',#1068);
#1068=AXIS2_PLACEMENT_3D('',#162,#14,#67);
#1069=ADVANCED_FACE('',(#1070),#1077,.F.);
#1070=FACE_BOUND('',#1071,.F.);
#1071=EDGE_LOOP('',(#1072,#532,#1075,#1076));
#1072=ORIENTED_EDGE('',*,*,#1073,.T.);
#1073=EDGE_CURVE('',#189,#529,#1074,.T.);
#1074=LINE('',#190,#27);
#1075=ORIENTED_EDGE('',*,*,#1053,.F.);
#1076=ORIENTED_EDGE('',*,*,#195,.F.);
#1077=PLANE('',#1078);
#1078=AXIS2_PLACEMENT_3D('',#190,#34,#200);
#1079=ADVANCED_FACE('',(#1080),#1087,.F.);
#1080=FACE_BOUND('',#1081,.F.);
#1081=EDGE_LOOP('',(#1082,#512,#1083,#1086));
#1082=ORIENTED_EDGE('',*,*,#1064,.T.);
#1083=ORIENTED_EDGE('',*,*,#1084,.F.);
#1084=EDGE_CURVE('',#171,#514,#1085,.T.);
#1085=LINE('',#172,#27);
#1086=ORIENTED_EDGE('',*,*,#170,.F.);
#1087=PLANE('',#1088);
#1088=AXIS2_PLACEMENT_3D('',#167,#186,#45);
#1089=ADVANCED_FACE('',(#1090),#1097,.F.);
#1090=FACE_BOUND('',#1091,.F.);
#1091=EDGE_LOOP('',(#1092,#527,#1095,#1096));
#1092=ORIENTED_EDGE('',*,*,#1093,.T.);
#1093=EDGE_CURVE('',#182,#524,#1094,.T.);
#1094=LINE('',#183,#27);
#1095=ORIENTED_EDGE('',*,*,#1073,.F.);
#1096=ORIENTED_EDGE('',*,*,#188,.F.);
#1097=PLANE('',#1098);
#1098=AXIS2_PLACEMENT_3D('',#183,#60,#193);
#1099=ADVANCED_FACE('',(#1100),#1107,.F.);
#1100=FACE_BOUND('',#1101,.F.);
#1101=EDGE_LOOP('',(#1102,#517,#1103,#1106));
#1102=ORIENTED_EDGE('',*,*,#1084,.T.);
#1103=ORIENTED_EDGE('',*,*,#1104,.F.);
#1104=EDGE_CURVE('',#176,#519,#1105,.T.);
#1105=LINE('',#177,#27);
#1106=ORIENTED_EDGE('',*,*,#175,.F.);
#1107=PLANE('',#1108);
#1108=AXIS2_PLACEMENT_3D('',#172,#193,#14);
#1109=ADVANCED_FACE('',(#1110),#1115,.F.);
#1110=FACE_BOUND('',#1111,.F.);
#1111=EDGE_LOOP('',(#1112,#522,#1113,#1114));
#1112=ORIENTED_EDGE('',*,*,#1104,.T.);
#1113=ORIENTED_EDGE('',*,*,#1093,.F.);
#1114=ORIENTED_EDGE('',*,*,#181,.F.);
#1115=PLANE('',#1116);
#1116=AXIS2_PLACEMENT_3D('',#177,#200,#186);
#1117=ADVANCED_FACE('',(#1118),#1135,.T.);
#1118=FACE_BOUND('',#1119,.T.);
#1119=EDGE_LOOP('',(#1120,#1126,#1131,#277));
#1120=ORIENTED_EDGE('',*,*,#1121,.F.);
#1121=EDGE_CURVE('',#1122,#279,#1124,.T.);
#1122=VERTEX_POINT('',#1123);
#1123=CARTESIAN_POINT('',(0.32,-0.32,-2.84));
#1124=LINE('',#1125,#27);
#1125=CARTESIAN_POINT('',(0.32,-0.32,-3.));
#1126=ORIENTED_EDGE('',*,*,#1127,.T.);
#1127=EDGE_CURVE('',#1122,#1128,#1130,.T.);
#1128=VERTEX_POINT('',#1129);
#1129=CARTESIAN_POINT('',(0.32,0.32,-2.84));
#1130=LINE('',#1123,#192);
#1131=ORIENTED_EDGE('',*,*,#1132,.T.);
#1132=EDGE_CURVE('',#1128,#281,#1133,.T.);
#1133=LINE('',#1134,#27);
#1134=CARTESIAN_POINT('',(0.32,0.32,-3.));
#1135=PLANE('',#1136);
#1136=AXIS2_PLACEMENT_3D('',#1125,#14,#13);
#1137=ADVANCED_FACE('',(#1138),#1150,.T.);
#1138=FACE_BOUND('',#1139,.T.);
#1139=EDGE_LOOP('',(#1140,#1141,#1146,#297));
#1140=ORIENTED_EDGE('',*,*,#1132,.F.);
#1141=ORIENTED_EDGE('',*,*,#1142,.F.);
#1142=EDGE_CURVE('',#1143,#1128,#1145,.T.);
#1143=VERTEX_POINT('',#1144);
#1144=CARTESIAN_POINT('',(-0.32,0.32,-2.84));
#1145=LINE('',#1144,#179);
#1146=ORIENTED_EDGE('',*,*,#1147,.T.);
#1147=EDGE_CURVE('',#1143,#293,#1148,.T.);
#1148=LINE('',#1149,#27);
#1149=CARTESIAN_POINT('',(-0.32,0.32,-3.));
#1150=PLANE('',#1151);
#1151=AXIS2_PLACEMENT_3D('',#1149,#193,#13);
#1152=ADVANCED_FACE('',(#1153),#1165,.F.);
#1153=FACE_BOUND('',#1154,.F.);
#1154=EDGE_LOOP('',(#1155,#1161,#1146,#1164));
#1155=ORIENTED_EDGE('',*,*,#1156,.F.);
#1156=EDGE_CURVE('',#1157,#287,#1159,.T.);
#1157=VERTEX_POINT('',#1158);
#1158=CARTESIAN_POINT('',(-0.32,-0.32,-2.84));
#1159=LINE('',#1160,#27);
#1160=CARTESIAN_POINT('',(-0.32,-0.32,-3.));
#1161=ORIENTED_EDGE('',*,*,#1162,.T.);
#1162=EDGE_CURVE('',#1157,#1143,#1163,.T.);
#1163=LINE('',#1158,#192);
#1164=ORIENTED_EDGE('',*,*,#292,.F.);
#1165=PLANE('',#1166);
#1166=AXIS2_PLACEMENT_3D('',#1160,#14,#13);
#1167=ADVANCED_FACE('',(#1168),#1175,.F.);
#1168=FACE_BOUND('',#1169,.F.);
#1169=EDGE_LOOP('',(#1120,#1170,#1173,#1174));
#1170=ORIENTED_EDGE('',*,*,#1171,.F.);
#1171=EDGE_CURVE('',#1157,#1122,#1172,.T.);
#1172=LINE('',#1158,#179);
#1173=ORIENTED_EDGE('',*,*,#1156,.T.);
#1174=ORIENTED_EDGE('',*,*,#286,.F.);
#1175=PLANE('',#1176);
#1176=AXIS2_PLACEMENT_3D('',#1160,#193,#13);
#1177=ADVANCED_FACE('',(#1178),#1195,.T.);
#1178=FACE_BOUND('',#1179,.T.);
#1179=EDGE_LOOP('',(#1180,#1186,#1191,#303));
#1180=ORIENTED_EDGE('',*,*,#1181,.F.);
#1181=EDGE_CURVE('',#1182,#305,#1184,.T.);
#1182=VERTEX_POINT('',#1183);
#1183=CARTESIAN_POINT('',(0.32,-5.4,-2.84));
#1184=LINE('',#1185,#27);
#1185=CARTESIAN_POINT('',(0.32,-5.4,-3.));
#1186=ORIENTED_EDGE('',*,*,#1187,.T.);
#1187=EDGE_CURVE('',#1182,#1188,#1190,.T.);
#1188=VERTEX_POINT('',#1189);
#1189=CARTESIAN_POINT('',(0.32,-4.76,-2.84));
#1190=LINE('',#1183,#192);
#1191=ORIENTED_EDGE('',*,*,#1192,.T.);
#1192=EDGE_CURVE('',#1188,#307,#1193,.T.);
#1193=LINE('',#1194,#27);
#1194=CARTESIAN_POINT('',(0.32,-4.76,-3.));
#1195=PLANE('',#1196);
#1196=AXIS2_PLACEMENT_3D('',#1185,#14,#13);
#1197=ADVANCED_FACE('',(#1198),#1210,.T.);
#1198=FACE_BOUND('',#1199,.T.);
#1199=EDGE_LOOP('',(#1200,#1201,#1206,#323));
#1200=ORIENTED_EDGE('',*,*,#1192,.F.);
#1201=ORIENTED_EDGE('',*,*,#1202,.F.);
#1202=EDGE_CURVE('',#1203,#1188,#1205,.T.);
#1203=VERTEX_POINT('',#1204);
#1204=CARTESIAN_POINT('',(-0.32,-4.76,-2.84));
#1205=LINE('',#1204,#179);
#1206=ORIENTED_EDGE('',*,*,#1207,.T.);
#1207=EDGE_CURVE('',#1203,#319,#1208,.T.);
#1208=LINE('',#1209,#27);
#1209=CARTESIAN_POINT('',(-0.32,-4.76,-3.));
#1210=PLANE('',#1211);
#1211=AXIS2_PLACEMENT_3D('',#1209,#193,#13);
#1212=ADVANCED_FACE('',(#1213),#1225,.F.);
#1213=FACE_BOUND('',#1214,.F.);
#1214=EDGE_LOOP('',(#1215,#1221,#1206,#1224));
#1215=ORIENTED_EDGE('',*,*,#1216,.F.);
#1216=EDGE_CURVE('',#1217,#313,#1219,.T.);
#1217=VERTEX_POINT('',#1218);
#1218=CARTESIAN_POINT('',(-0.32,-5.4,-2.84));
#1219=LINE('',#1220,#27);
#1220=CARTESIAN_POINT('',(-0.32,-5.4,-3.));
#1221=ORIENTED_EDGE('',*,*,#1222,.T.);
#1222=EDGE_CURVE('',#1217,#1203,#1223,.T.);
#1223=LINE('',#1218,#192);
#1224=ORIENTED_EDGE('',*,*,#318,.F.);
#1225=PLANE('',#1226);
#1226=AXIS2_PLACEMENT_3D('',#1220,#14,#13);
#1227=ADVANCED_FACE('',(#1228),#1235,.F.);
#1228=FACE_BOUND('',#1229,.F.);
#1229=EDGE_LOOP('',(#1180,#1230,#1233,#1234));
#1230=ORIENTED_EDGE('',*,*,#1231,.F.);
#1231=EDGE_CURVE('',#1217,#1182,#1232,.T.);
#1232=LINE('',#1218,#179);
#1233=ORIENTED_EDGE('',*,*,#1216,.T.);
#1234=ORIENTED_EDGE('',*,*,#312,.F.);
#1235=PLANE('',#1236);
#1236=AXIS2_PLACEMENT_3D('',#1220,#193,#13);
#1237=ADVANCED_FACE('',(#1238),#1255,.T.);
#1238=FACE_BOUND('',#1239,.T.);
#1239=EDGE_LOOP('',(#1240,#1246,#1251,#329));
#1240=ORIENTED_EDGE('',*,*,#1241,.F.);
#1241=EDGE_CURVE('',#1242,#331,#1244,.T.);
#1242=VERTEX_POINT('',#1243);
#1243=CARTESIAN_POINT('',(0.32,-2.86,-2.84));
#1244=LINE('',#1245,#27);
#1245=CARTESIAN_POINT('',(0.32,-2.86,-3.));
#1246=ORIENTED_EDGE('',*,*,#1247,.T.);
#1247=EDGE_CURVE('',#1242,#1248,#1250,.T.);
#1248=VERTEX_POINT('',#1249);
#1249=CARTESIAN_POINT('',(0.32,-2.22,-2.84));
#1250=LINE('',#1243,#192);
#1251=ORIENTED_EDGE('',*,*,#1252,.T.);
#1252=EDGE_CURVE('',#1248,#333,#1253,.T.);
#1253=LINE('',#1254,#27);
#1254=CARTESIAN_POINT('',(0.32,-2.22,-3.));
#1255=PLANE('',#1256);
#1256=AXIS2_PLACEMENT_3D('',#1245,#14,#13);
#1257=ADVANCED_FACE('',(#1258),#1270,.T.);
#1258=FACE_BOUND('',#1259,.T.);
#1259=EDGE_LOOP('',(#1260,#1261,#1266,#349));
#1260=ORIENTED_EDGE('',*,*,#1252,.F.);
#1261=ORIENTED_EDGE('',*,*,#1262,.F.);
#1262=EDGE_CURVE('',#1263,#1248,#1265,.T.);
#1263=VERTEX_POINT('',#1264);
#1264=CARTESIAN_POINT('',(-0.32,-2.22,-2.84));
#1265=LINE('',#1264,#179);
#1266=ORIENTED_EDGE('',*,*,#1267,.T.);
#1267=EDGE_CURVE('',#1263,#345,#1268,.T.);
#1268=LINE('',#1269,#27);
#1269=CARTESIAN_POINT('',(-0.32,-2.22,-3.));
#1270=PLANE('',#1271);
#1271=AXIS2_PLACEMENT_3D('',#1269,#193,#13);
#1272=ADVANCED_FACE('',(#1273),#1285,.F.);
#1273=FACE_BOUND('',#1274,.F.);
#1274=EDGE_LOOP('',(#1275,#1281,#1266,#1284));
#1275=ORIENTED_EDGE('',*,*,#1276,.F.);
#1276=EDGE_CURVE('',#1277,#339,#1279,.T.);
#1277=VERTEX_POINT('',#1278);
#1278=CARTESIAN_POINT('',(-0.32,-2.86,-2.84));
#1279=LINE('',#1280,#27);
#1280=CARTESIAN_POINT('',(-0.32,-2.86,-3.));
#1281=ORIENTED_EDGE('',*,*,#1282,.T.);
#1282=EDGE_CURVE('',#1277,#1263,#1283,.T.);
#1283=LINE('',#1278,#192);
#1284=ORIENTED_EDGE('',*,*,#344,.F.);
#1285=PLANE('',#1286);
#1286=AXIS2_PLACEMENT_3D('',#1280,#14,#13);
#1287=ADVANCED_FACE('',(#1288),#1295,.F.);
#1288=FACE_BOUND('',#1289,.F.);
#1289=EDGE_LOOP('',(#1240,#1290,#1293,#1294));
#1290=ORIENTED_EDGE('',*,*,#1291,.F.);
#1291=EDGE_CURVE('',#1277,#1242,#1292,.T.);
#1292=LINE('',#1278,#179);
#1293=ORIENTED_EDGE('',*,*,#1276,.T.);
#1294=ORIENTED_EDGE('',*,*,#338,.F.);
#1295=PLANE('',#1296);
#1296=AXIS2_PLACEMENT_3D('',#1280,#193,#13);
#1297=ADVANCED_FACE('',(#1298),#1316,.F.);
#1298=FACE_BOUND('',#1299,.F.);
#1299=EDGE_LOOP('',(#1300,#1306,#1311,#1315));
#1300=ORIENTED_EDGE('',*,*,#1301,.F.);
#1301=EDGE_CURVE('',#1302,#357,#1304,.T.);
#1302=VERTEX_POINT('',#1303);
#1303=CARTESIAN_POINT('',(0.32,-13.02,-2.84));
#1304=LINE('',#1305,#27);
#1305=CARTESIAN_POINT('',(0.32,-13.02,-3.));
#1306=ORIENTED_EDGE('',*,*,#1307,.F.);
#1307=EDGE_CURVE('',#1308,#1302,#1310,.T.);
#1308=VERTEX_POINT('',#1309);
#1309=CARTESIAN_POINT('',(-0.32,-13.02,-2.84));
#1310=LINE('',#1309,#179);
#1311=ORIENTED_EDGE('',*,*,#1312,.T.);
#1312=EDGE_CURVE('',#1308,#359,#1313,.T.);
#1313=LINE('',#1314,#27);
#1314=CARTESIAN_POINT('',(-0.32,-13.02,-3.));
#1315=ORIENTED_EDGE('',*,*,#356,.F.);
#1316=PLANE('',#1317);
#1317=AXIS2_PLACEMENT_3D('',#1314,#193,#13);
#1318=ADVANCED_FACE('',(#1319),#1330,.T.);
#1319=FACE_BOUND('',#1320,.T.);
#1320=EDGE_LOOP('',(#1300,#1321,#1326,#375));
#1321=ORIENTED_EDGE('',*,*,#1322,.T.);
#1322=EDGE_CURVE('',#1302,#1323,#1325,.T.);
#1323=VERTEX_POINT('',#1324);
#1324=CARTESIAN_POINT('',(0.32,-12.38,-2.84));
#1325=LINE('',#1303,#192);
#1326=ORIENTED_EDGE('',*,*,#1327,.T.);
#1327=EDGE_CURVE('',#1323,#371,#1328,.T.);
#1328=LINE('',#1329,#27);
#1329=CARTESIAN_POINT('',(0.32,-12.38,-3.));
#1330=PLANE('',#1331);
#1331=AXIS2_PLACEMENT_3D('',#1305,#14,#13);
#1332=ADVANCED_FACE('',(#1333),#1345,.T.);
#1333=FACE_BOUND('',#1334,.T.);
#1334=EDGE_LOOP('',(#1335,#1336,#1341,#369));
#1335=ORIENTED_EDGE('',*,*,#1327,.F.);
#1336=ORIENTED_EDGE('',*,*,#1337,.F.);
#1337=EDGE_CURVE('',#1338,#1323,#1340,.T.);
#1338=VERTEX_POINT('',#1339);
#1339=CARTESIAN_POINT('',(-0.32,-12.38,-2.84));
#1340=LINE('',#1339,#179);
#1341=ORIENTED_EDGE('',*,*,#1342,.T.);
#1342=EDGE_CURVE('',#1338,#365,#1343,.T.);
#1343=LINE('',#1344,#27);
#1344=CARTESIAN_POINT('',(-0.32,-12.38,-3.));
#1345=PLANE('',#1346);
#1346=AXIS2_PLACEMENT_3D('',#1344,#193,#13);
#1347=ADVANCED_FACE('',(#1348),#1355,.F.);
#1348=FACE_BOUND('',#1349,.F.);
#1349=EDGE_LOOP('',(#1350,#1351,#1341,#1354));
#1350=ORIENTED_EDGE('',*,*,#1312,.F.);
#1351=ORIENTED_EDGE('',*,*,#1352,.T.);
#1352=EDGE_CURVE('',#1308,#1338,#1353,.T.);
#1353=LINE('',#1309,#192);
#1354=ORIENTED_EDGE('',*,*,#364,.F.);
#1355=PLANE('',#1356);
#1356=AXIS2_PLACEMENT_3D('',#1314,#14,#13);
#1357=ADVANCED_FACE('',(#1358),#1375,.T.);
#1358=FACE_BOUND('',#1359,.T.);
#1359=EDGE_LOOP('',(#1360,#1366,#1371,#381));
#1360=ORIENTED_EDGE('',*,*,#1361,.F.);
#1361=EDGE_CURVE('',#1362,#383,#1364,.T.);
#1362=VERTEX_POINT('',#1363);
#1363=CARTESIAN_POINT('',(0.32,-9.84,-2.84));
#1364=LINE('',#1365,#27);
#1365=CARTESIAN_POINT('',(0.32,-9.84,-3.));
#1366=ORIENTED_EDGE('',*,*,#1367,.F.);
#1367=EDGE_CURVE('',#1368,#1362,#1370,.T.);
#1368=VERTEX_POINT('',#1369);
#1369=CARTESIAN_POINT('',(-0.32,-9.84,-2.84));
#1370=LINE('',#1369,#179);
#1371=ORIENTED_EDGE('',*,*,#1372,.T.);
#1372=EDGE_CURVE('',#1368,#385,#1373,.T.);
#1373=LINE('',#1374,#27);
#1374=CARTESIAN_POINT('',(-0.32,-9.84,-3.));
#1375=PLANE('',#1376);
#1376=AXIS2_PLACEMENT_3D('',#1374,#193,#13);
#1377=ADVANCED_FACE('',(#1378),#1390,.F.);
#1378=FACE_BOUND('',#1379,.F.);
#1379=EDGE_LOOP('',(#1380,#1386,#1371,#1389));
#1380=ORIENTED_EDGE('',*,*,#1381,.F.);
#1381=EDGE_CURVE('',#1382,#397,#1384,.T.);
#1382=VERTEX_POINT('',#1383);
#1383=CARTESIAN_POINT('',(-0.32,-10.48,-2.84));
#1384=LINE('',#1385,#27);
#1385=CARTESIAN_POINT('',(-0.32,-10.48,-3.));
#1386=ORIENTED_EDGE('',*,*,#1387,.T.);
#1387=EDGE_CURVE('',#1382,#1368,#1388,.T.);
#1388=LINE('',#1383,#192);
#1389=ORIENTED_EDGE('',*,*,#402,.F.);
#1390=PLANE('',#1391);
#1391=AXIS2_PLACEMENT_3D('',#1385,#14,#13);
#1392=ADVANCED_FACE('',(#1393),#1406,.F.);
#1393=FACE_BOUND('',#1394,.F.);
#1394=EDGE_LOOP('',(#1395,#1401,#1404,#1405));
#1395=ORIENTED_EDGE('',*,*,#1396,.F.);
#1396=EDGE_CURVE('',#1397,#391,#1399,.T.);
#1397=VERTEX_POINT('',#1398);
#1398=CARTESIAN_POINT('',(0.32,-10.48,-2.84));
#1399=LINE('',#1400,#27);
#1400=CARTESIAN_POINT('',(0.32,-10.48,-3.));
#1401=ORIENTED_EDGE('',*,*,#1402,.F.);
#1402=EDGE_CURVE('',#1382,#1397,#1403,.T.);
#1403=LINE('',#1383,#179);
#1404=ORIENTED_EDGE('',*,*,#1381,.T.);
#1405=ORIENTED_EDGE('',*,*,#396,.F.);
#1406=PLANE('',#1407);
#1407=AXIS2_PLACEMENT_3D('',#1385,#193,#13);
#1408=ADVANCED_FACE('',(#1409),#1415,.T.);
#1409=FACE_BOUND('',#1410,.T.);
#1410=EDGE_LOOP('',(#1395,#1411,#1414,#389));
#1411=ORIENTED_EDGE('',*,*,#1412,.T.);
#1412=EDGE_CURVE('',#1397,#1362,#1413,.T.);
#1413=LINE('',#1398,#192);
#1414=ORIENTED_EDGE('',*,*,#1361,.T.);
#1415=PLANE('',#1416);
#1416=AXIS2_PLACEMENT_3D('',#1400,#14,#13);
#1417=ADVANCED_FACE('',(#1418),#1436,.F.);
#1418=FACE_BOUND('',#1419,.F.);
#1419=EDGE_LOOP('',(#1420,#1426,#1431,#1435));
#1420=ORIENTED_EDGE('',*,*,#1421,.F.);
#1421=EDGE_CURVE('',#1422,#409,#1424,.T.);
#1422=VERTEX_POINT('',#1423);
#1423=CARTESIAN_POINT('',(0.32,-7.94,-2.84));
#1424=LINE('',#1425,#27);
#1425=CARTESIAN_POINT('',(0.32,-7.94,-3.));
#1426=ORIENTED_EDGE('',*,*,#1427,.F.);
#1427=EDGE_CURVE('',#1428,#1422,#1430,.T.);
#1428=VERTEX_POINT('',#1429);
#1429=CARTESIAN_POINT('',(-0.32,-7.94,-2.84));
#1430=LINE('',#1429,#179);
#1431=ORIENTED_EDGE('',*,*,#1432,.T.);
#1432=EDGE_CURVE('',#1428,#411,#1433,.T.);
#1433=LINE('',#1434,#27);
#1434=CARTESIAN_POINT('',(-0.32,-7.94,-3.));
#1435=ORIENTED_EDGE('',*,*,#408,.F.);
#1436=PLANE('',#1437);
#1437=AXIS2_PLACEMENT_3D('',#1434,#193,#13);
#1438=ADVANCED_FACE('',(#1439),#1450,.T.);
#1439=FACE_BOUND('',#1440,.T.);
#1440=EDGE_LOOP('',(#1420,#1441,#1446,#427));
#1441=ORIENTED_EDGE('',*,*,#1442,.T.);
#1442=EDGE_CURVE('',#1422,#1443,#1445,.T.);
#1443=VERTEX_POINT('',#1444);
#1444=CARTESIAN_POINT('',(0.32,-7.3,-2.84));
#1445=LINE('',#1423,#192);
#1446=ORIENTED_EDGE('',*,*,#1447,.T.);
#1447=EDGE_CURVE('',#1443,#423,#1448,.T.);
#1448=LINE('',#1449,#27);
#1449=CARTESIAN_POINT('',(0.32,-7.3,-3.));
#1450=PLANE('',#1451);
#1451=AXIS2_PLACEMENT_3D('',#1425,#14,#13);
#1452=ADVANCED_FACE('',(#1453),#1465,.T.);
#1453=FACE_BOUND('',#1454,.T.);
#1454=EDGE_LOOP('',(#1455,#1456,#1461,#421));
#1455=ORIENTED_EDGE('',*,*,#1447,.F.);
#1456=ORIENTED_EDGE('',*,*,#1457,.F.);
#1457=EDGE_CURVE('',#1458,#1443,#1460,.T.);
#1458=VERTEX_POINT('',#1459);
#1459=CARTESIAN_POINT('',(-0.32,-7.3,-2.84));
#1460=LINE('',#1459,#179);
#1461=ORIENTED_EDGE('',*,*,#1462,.T.);
#1462=EDGE_CURVE('',#1458,#417,#1463,.T.);
#1463=LINE('',#1464,#27);
#1464=CARTESIAN_POINT('',(-0.32,-7.3,-3.));
#1465=PLANE('',#1466);
#1466=AXIS2_PLACEMENT_3D('',#1464,#193,#13);
#1467=ADVANCED_FACE('',(#1468),#1475,.F.);
#1468=FACE_BOUND('',#1469,.F.);
#1469=EDGE_LOOP('',(#1470,#1471,#1461,#1474));
#1470=ORIENTED_EDGE('',*,*,#1432,.F.);
#1471=ORIENTED_EDGE('',*,*,#1472,.T.);
#1472=EDGE_CURVE('',#1428,#1458,#1473,.T.);
#1473=LINE('',#1429,#192);
#1474=ORIENTED_EDGE('',*,*,#416,.F.);
#1475=PLANE('',#1476);
#1476=AXIS2_PLACEMENT_3D('',#1434,#14,#13);
#1477=ADVANCED_FACE('',(#1478),#1135,.T.);
#1478=FACE_BOUND('',#1479,.T.);
#1479=EDGE_LOOP('',(#1480,#1484,#1485,#1489));
#1480=ORIENTED_EDGE('',*,*,#1481,.F.);
#1481=EDGE_CURVE('',#614,#1482,#1124,.T.);
#1482=VERTEX_POINT('',#1483);
#1483=CARTESIAN_POINT('',(0.32,-0.32,8.38));
#1484=ORIENTED_EDGE('',*,*,#613,.T.);
#1485=ORIENTED_EDGE('',*,*,#1486,.T.);
#1486=EDGE_CURVE('',#616,#1487,#1133,.T.);
#1487=VERTEX_POINT('',#1488);
#1488=CARTESIAN_POINT('',(0.32,0.32,8.38));
#1489=ORIENTED_EDGE('',*,*,#1490,.F.);
#1490=EDGE_CURVE('',#1482,#1487,#1491,.T.);
#1491=LINE('',#1483,#192);
#1492=ADVANCED_FACE('',(#1493),#1150,.T.);
#1493=FACE_BOUND('',#1494,.T.);
#1494=EDGE_LOOP('',(#1495,#1496,#1497,#1501));
#1495=ORIENTED_EDGE('',*,*,#1486,.F.);
#1496=ORIENTED_EDGE('',*,*,#633,.T.);
#1497=ORIENTED_EDGE('',*,*,#1498,.T.);
#1498=EDGE_CURVE('',#628,#1499,#1148,.T.);
#1499=VERTEX_POINT('',#1500);
#1500=CARTESIAN_POINT('',(-0.32,0.32,8.38));
#1501=ORIENTED_EDGE('',*,*,#1502,.T.);
#1502=EDGE_CURVE('',#1499,#1487,#1503,.T.);
#1503=LINE('',#1500,#179);
#1504=ADVANCED_FACE('',(#1505),#1165,.F.);
#1505=FACE_BOUND('',#1506,.F.);
#1506=EDGE_LOOP('',(#1507,#626,#1497,#1511));
#1507=ORIENTED_EDGE('',*,*,#1508,.F.);
#1508=EDGE_CURVE('',#622,#1509,#1159,.T.);
#1509=VERTEX_POINT('',#1510);
#1510=CARTESIAN_POINT('',(-0.32,-0.32,8.38));
#1511=ORIENTED_EDGE('',*,*,#1512,.F.);
#1512=EDGE_CURVE('',#1509,#1499,#1513,.T.);
#1513=LINE('',#1510,#192);
#1514=ADVANCED_FACE('',(#1515),#1175,.F.);
#1515=FACE_BOUND('',#1516,.F.);
#1516=EDGE_LOOP('',(#1480,#620,#1517,#1518));
#1517=ORIENTED_EDGE('',*,*,#1508,.T.);
#1518=ORIENTED_EDGE('',*,*,#1519,.T.);
#1519=EDGE_CURVE('',#1509,#1482,#1520,.T.);
#1520=LINE('',#1510,#179);
#1521=ADVANCED_FACE('',(#1522),#1195,.T.);
#1522=FACE_BOUND('',#1523,.T.);
#1523=EDGE_LOOP('',(#1524,#1528,#1529,#1533));
#1524=ORIENTED_EDGE('',*,*,#1525,.F.);
#1525=EDGE_CURVE('',#640,#1526,#1184,.T.);
#1526=VERTEX_POINT('',#1527);
#1527=CARTESIAN_POINT('',(0.32,-5.4,8.38));
#1528=ORIENTED_EDGE('',*,*,#639,.T.);
#1529=ORIENTED_EDGE('',*,*,#1530,.T.);
#1530=EDGE_CURVE('',#642,#1531,#1193,.T.);
#1531=VERTEX_POINT('',#1532);
#1532=CARTESIAN_POINT('',(0.32,-4.76,8.38));
#1533=ORIENTED_EDGE('',*,*,#1534,.F.);
#1534=EDGE_CURVE('',#1526,#1531,#1535,.T.);
#1535=LINE('',#1527,#192);
#1536=ADVANCED_FACE('',(#1537),#1210,.T.);
#1537=FACE_BOUND('',#1538,.T.);
#1538=EDGE_LOOP('',(#1539,#1540,#1541,#1545));
#1539=ORIENTED_EDGE('',*,*,#1530,.F.);
#1540=ORIENTED_EDGE('',*,*,#659,.T.);
#1541=ORIENTED_EDGE('',*,*,#1542,.T.);
#1542=EDGE_CURVE('',#654,#1543,#1208,.T.);
#1543=VERTEX_POINT('',#1544);
#1544=CARTESIAN_POINT('',(-0.32,-4.76,8.38));
#1545=ORIENTED_EDGE('',*,*,#1546,.T.);
#1546=EDGE_CURVE('',#1543,#1531,#1547,.T.);
#1547=LINE('',#1544,#179);
#1548=ADVANCED_FACE('',(#1549),#1225,.F.);
#1549=FACE_BOUND('',#1550,.F.);
#1550=EDGE_LOOP('',(#1551,#652,#1541,#1555));
#1551=ORIENTED_EDGE('',*,*,#1552,.F.);
#1552=EDGE_CURVE('',#648,#1553,#1219,.T.);
#1553=VERTEX_POINT('',#1554);
#1554=CARTESIAN_POINT('',(-0.32,-5.4,8.38));
#1555=ORIENTED_EDGE('',*,*,#1556,.F.);
#1556=EDGE_CURVE('',#1553,#1543,#1557,.T.);
#1557=LINE('',#1554,#192);
#1558=ADVANCED_FACE('',(#1559),#1235,.F.);
#1559=FACE_BOUND('',#1560,.F.);
#1560=EDGE_LOOP('',(#1524,#646,#1561,#1562));
#1561=ORIENTED_EDGE('',*,*,#1552,.T.);
#1562=ORIENTED_EDGE('',*,*,#1563,.T.);
#1563=EDGE_CURVE('',#1553,#1526,#1564,.T.);
#1564=LINE('',#1554,#179);
#1565=ADVANCED_FACE('',(#1566),#1255,.T.);
#1566=FACE_BOUND('',#1567,.T.);
#1567=EDGE_LOOP('',(#1568,#1572,#1573,#1577));
#1568=ORIENTED_EDGE('',*,*,#1569,.F.);
#1569=EDGE_CURVE('',#666,#1570,#1244,.T.);
#1570=VERTEX_POINT('',#1571);
#1571=CARTESIAN_POINT('',(0.32,-2.86,8.38));
#1572=ORIENTED_EDGE('',*,*,#665,.T.);
#1573=ORIENTED_EDGE('',*,*,#1574,.T.);
#1574=EDGE_CURVE('',#668,#1575,#1253,.T.);
#1575=VERTEX_POINT('',#1576);
#1576=CARTESIAN_POINT('',(0.32,-2.22,8.38));
#1577=ORIENTED_EDGE('',*,*,#1578,.F.);
#1578=EDGE_CURVE('',#1570,#1575,#1579,.T.);
#1579=LINE('',#1571,#192);
#1580=ADVANCED_FACE('',(#1581),#1270,.T.);
#1581=FACE_BOUND('',#1582,.T.);
#1582=EDGE_LOOP('',(#1583,#1584,#1585,#1589));
#1583=ORIENTED_EDGE('',*,*,#1574,.F.);
#1584=ORIENTED_EDGE('',*,*,#685,.T.);
#1585=ORIENTED_EDGE('',*,*,#1586,.T.);
#1586=EDGE_CURVE('',#680,#1587,#1268,.T.);
#1587=VERTEX_POINT('',#1588);
#1588=CARTESIAN_POINT('',(-0.32,-2.22,8.38));
#1589=ORIENTED_EDGE('',*,*,#1590,.T.);
#1590=EDGE_CURVE('',#1587,#1575,#1591,.T.);
#1591=LINE('',#1588,#179);
#1592=ADVANCED_FACE('',(#1593),#1285,.F.);
#1593=FACE_BOUND('',#1594,.F.);
#1594=EDGE_LOOP('',(#1595,#678,#1585,#1599));
#1595=ORIENTED_EDGE('',*,*,#1596,.F.);
#1596=EDGE_CURVE('',#674,#1597,#1279,.T.);
#1597=VERTEX_POINT('',#1598);
#1598=CARTESIAN_POINT('',(-0.32,-2.86,8.38));
#1599=ORIENTED_EDGE('',*,*,#1600,.F.);
#1600=EDGE_CURVE('',#1597,#1587,#1601,.T.);
#1601=LINE('',#1598,#192);
#1602=ADVANCED_FACE('',(#1603),#1295,.F.);
#1603=FACE_BOUND('',#1604,.F.);
#1604=EDGE_LOOP('',(#1568,#672,#1605,#1606));
#1605=ORIENTED_EDGE('',*,*,#1596,.T.);
#1606=ORIENTED_EDGE('',*,*,#1607,.T.);
#1607=EDGE_CURVE('',#1597,#1570,#1608,.T.);
#1608=LINE('',#1598,#179);
#1609=ADVANCED_FACE('',(#1610),#1316,.F.);
#1610=FACE_BOUND('',#1611,.F.);
#1611=EDGE_LOOP('',(#1612,#690,#1616,#1620));
#1612=ORIENTED_EDGE('',*,*,#1613,.F.);
#1613=EDGE_CURVE('',#692,#1614,#1304,.T.);
#1614=VERTEX_POINT('',#1615);
#1615=CARTESIAN_POINT('',(0.32,-13.02,8.38));
#1616=ORIENTED_EDGE('',*,*,#1617,.T.);
#1617=EDGE_CURVE('',#694,#1618,#1313,.T.);
#1618=VERTEX_POINT('',#1619);
#1619=CARTESIAN_POINT('',(-0.32,-13.02,8.38));
#1620=ORIENTED_EDGE('',*,*,#1621,.T.);
#1621=EDGE_CURVE('',#1618,#1614,#1622,.T.);
#1622=LINE('',#1619,#179);
#1623=ADVANCED_FACE('',(#1624),#1330,.T.);
#1624=FACE_BOUND('',#1625,.T.);
#1625=EDGE_LOOP('',(#1612,#1626,#1627,#1631));
#1626=ORIENTED_EDGE('',*,*,#711,.T.);
#1627=ORIENTED_EDGE('',*,*,#1628,.T.);
#1628=EDGE_CURVE('',#706,#1629,#1328,.T.);
#1629=VERTEX_POINT('',#1630);
#1630=CARTESIAN_POINT('',(0.32,-12.38,8.38));
#1631=ORIENTED_EDGE('',*,*,#1632,.F.);
#1632=EDGE_CURVE('',#1614,#1629,#1633,.T.);
#1633=LINE('',#1615,#192);
#1634=ADVANCED_FACE('',(#1635),#1345,.T.);
#1635=FACE_BOUND('',#1636,.T.);
#1636=EDGE_LOOP('',(#1637,#1638,#1639,#1643));
#1637=ORIENTED_EDGE('',*,*,#1628,.F.);
#1638=ORIENTED_EDGE('',*,*,#705,.T.);
#1639=ORIENTED_EDGE('',*,*,#1640,.T.);
#1640=EDGE_CURVE('',#700,#1641,#1343,.T.);
#1641=VERTEX_POINT('',#1642);
#1642=CARTESIAN_POINT('',(-0.32,-12.38,8.38));
#1643=ORIENTED_EDGE('',*,*,#1644,.T.);
#1644=EDGE_CURVE('',#1641,#1629,#1645,.T.);
#1645=LINE('',#1642,#179);
#1646=ADVANCED_FACE('',(#1647),#1355,.F.);
#1647=FACE_BOUND('',#1648,.F.);
#1648=EDGE_LOOP('',(#1649,#698,#1639,#1650));
#1649=ORIENTED_EDGE('',*,*,#1617,.F.);
#1650=ORIENTED_EDGE('',*,*,#1651,.F.);
#1651=EDGE_CURVE('',#1618,#1641,#1652,.T.);
#1652=LINE('',#1619,#192);
#1653=ADVANCED_FACE('',(#1654),#1375,.T.);
#1654=FACE_BOUND('',#1655,.T.);
#1655=EDGE_LOOP('',(#1656,#1660,#1661,#1665));
#1656=ORIENTED_EDGE('',*,*,#1657,.F.);
#1657=EDGE_CURVE('',#718,#1658,#1364,.T.);
#1658=VERTEX_POINT('',#1659);
#1659=CARTESIAN_POINT('',(0.32,-9.84,8.38));
#1660=ORIENTED_EDGE('',*,*,#717,.T.);
#1661=ORIENTED_EDGE('',*,*,#1662,.T.);
#1662=EDGE_CURVE('',#720,#1663,#1373,.T.);
#1663=VERTEX_POINT('',#1664);
#1664=CARTESIAN_POINT('',(-0.32,-9.84,8.38));
#1665=ORIENTED_EDGE('',*,*,#1666,.T.);
#1666=EDGE_CURVE('',#1663,#1658,#1667,.T.);
#1667=LINE('',#1664,#179);
#1668=ADVANCED_FACE('',(#1669),#1390,.F.);
#1669=FACE_BOUND('',#1670,.F.);
#1670=EDGE_LOOP('',(#1671,#736,#1661,#1675));
#1671=ORIENTED_EDGE('',*,*,#1672,.F.);
#1672=EDGE_CURVE('',#732,#1673,#1384,.T.);
#1673=VERTEX_POINT('',#1674);
#1674=CARTESIAN_POINT('',(-0.32,-10.48,8.38));
#1675=ORIENTED_EDGE('',*,*,#1676,.F.);
#1676=EDGE_CURVE('',#1673,#1663,#1677,.T.);
#1677=LINE('',#1674,#192);
#1678=ADVANCED_FACE('',(#1679),#1406,.F.);
#1679=FACE_BOUND('',#1680,.F.);
#1680=EDGE_LOOP('',(#1681,#730,#1685,#1686));
#1681=ORIENTED_EDGE('',*,*,#1682,.F.);
#1682=EDGE_CURVE('',#726,#1683,#1399,.T.);
#1683=VERTEX_POINT('',#1684);
#1684=CARTESIAN_POINT('',(0.32,-10.48,8.38));
#1685=ORIENTED_EDGE('',*,*,#1672,.T.);
#1686=ORIENTED_EDGE('',*,*,#1687,.T.);
#1687=EDGE_CURVE('',#1673,#1683,#1688,.T.);
#1688=LINE('',#1674,#179);
#1689=ADVANCED_FACE('',(#1690),#1415,.T.);
#1690=FACE_BOUND('',#1691,.T.);
#1691=EDGE_LOOP('',(#1681,#1692,#1693,#1694));
#1692=ORIENTED_EDGE('',*,*,#725,.T.);
#1693=ORIENTED_EDGE('',*,*,#1657,.T.);
#1694=ORIENTED_EDGE('',*,*,#1695,.F.);
#1695=EDGE_CURVE('',#1683,#1658,#1696,.T.);
#1696=LINE('',#1684,#192);
#1697=ADVANCED_FACE('',(#1698),#1436,.F.);
#1698=FACE_BOUND('',#1699,.F.);
#1699=EDGE_LOOP('',(#1700,#742,#1704,#1708));
#1700=ORIENTED_EDGE('',*,*,#1701,.F.);
#1701=EDGE_CURVE('',#744,#1702,#1424,.T.);
#1702=VERTEX_POINT('',#1703);
#1703=CARTESIAN_POINT('',(0.32,-7.94,8.38));
#1704=ORIENTED_EDGE('',*,*,#1705,.T.);
#1705=EDGE_CURVE('',#746,#1706,#1433,.T.);
#1706=VERTEX_POINT('',#1707);
#1707=CARTESIAN_POINT('',(-0.32,-7.94,8.38));
#1708=ORIENTED_EDGE('',*,*,#1709,.T.);
#1709=EDGE_CURVE('',#1706,#1702,#1710,.T.);
#1710=LINE('',#1707,#179);
#1711=ADVANCED_FACE('',(#1712),#1450,.T.);
#1712=FACE_BOUND('',#1713,.T.);
#1713=EDGE_LOOP('',(#1700,#1714,#1715,#1719));
#1714=ORIENTED_EDGE('',*,*,#763,.T.);
#1715=ORIENTED_EDGE('',*,*,#1716,.T.);
#1716=EDGE_CURVE('',#758,#1717,#1448,.T.);
#1717=VERTEX_POINT('',#1718);
#1718=CARTESIAN_POINT('',(0.32,-7.3,8.38));
#1719=ORIENTED_EDGE('',*,*,#1720,.F.);
#1720=EDGE_CURVE('',#1702,#1717,#1721,.T.);
#1721=LINE('',#1703,#192);
#1722=ADVANCED_FACE('',(#1723),#1465,.T.);
#1723=FACE_BOUND('',#1724,.T.);
#1724=EDGE_LOOP('',(#1725,#1726,#1727,#1731));
#1725=ORIENTED_EDGE('',*,*,#1716,.F.);
#1726=ORIENTED_EDGE('',*,*,#757,.T.);
#1727=ORIENTED_EDGE('',*,*,#1728,.T.);
#1728=EDGE_CURVE('',#752,#1729,#1463,.T.);
#1729=VERTEX_POINT('',#1730);
#1730=CARTESIAN_POINT('',(-0.32,-7.3,8.38));
#1731=ORIENTED_EDGE('',*,*,#1732,.T.);
#1732=EDGE_CURVE('',#1729,#1717,#1733,.T.);
#1733=LINE('',#1730,#179);
#1734=ADVANCED_FACE('',(#1735),#1475,.F.);
#1735=FACE_BOUND('',#1736,.F.);
#1736=EDGE_LOOP('',(#1737,#750,#1727,#1738));
#1737=ORIENTED_EDGE('',*,*,#1705,.F.);
#1738=ORIENTED_EDGE('',*,*,#1739,.F.);
#1739=EDGE_CURVE('',#1706,#1729,#1740,.T.);
#1740=LINE('',#1707,#192);
#1741=ADVANCED_FACE('',(#1742),#1763,.F.);
#1742=FACE_BOUND('',#1743,.F.);
#1743=EDGE_LOOP('',(#1744,#1126,#1751,#1759));
#1744=ORIENTED_EDGE('',*,*,#1745,.F.);
#1745=EDGE_CURVE('',#1122,#1746,#1748,.T.);
#1746=VERTEX_POINT('',#1747);
#1747=CARTESIAN_POINT('',(0.16,-0.16,-3.));
#1748=LINE('',#1747,#1749);
#1749=VECTOR('',#1750,1.);
#1750=DIRECTION('',(-0.57735026919,0.57735026919,-0.57735026919));
#1751=ORIENTED_EDGE('',*,*,#1752,.T.);
#1752=EDGE_CURVE('',#1128,#1753,#1755,.T.);
#1753=VERTEX_POINT('',#1754);
#1754=CARTESIAN_POINT('',(0.16,0.16,-3.));
#1755=LINE('',#1756,#1757);
#1756=CARTESIAN_POINT('',(5.333333333333E-02,5.333333333333E-02,-3.106666666667));
#1757=VECTOR('',#1758,1.);
#1758=DIRECTION('',(-0.57735026919,-0.57735026919,-0.57735026919));
#1759=ORIENTED_EDGE('',*,*,#1760,.F.);
#1760=EDGE_CURVE('',#1746,#1753,#1761,.T.);
#1761=LINE('',#1762,#192);
#1762=CARTESIAN_POINT('',(0.16,-0.32,-3.));
#1763=PLANE('',#1764);
#1764=AXIS2_PLACEMENT_3D('',#1765,#1766,#193);
#1765=CARTESIAN_POINT('',(0.24,-0.32,-2.92));
#1766=DIRECTION('',(-0.707106781187,1.735167508358E-18,0.707106781187));
#1767=ADVANCED_FACE('',(#1768),#1782,.F.);
#1768=FACE_BOUND('',#1769,.T.);
#1769=EDGE_LOOP('',(#1770,#1777,#1751,#1778));
#1770=ORIENTED_EDGE('',*,*,#1771,.F.);
#1771=EDGE_CURVE('',#1143,#1772,#1774,.T.);
#1772=VERTEX_POINT('',#1773);
#1773=CARTESIAN_POINT('',(-0.16,0.16,-3.));
#1774=LINE('',#1773,#1775);
#1775=VECTOR('',#1776,1.);
#1776=DIRECTION('',(0.57735026919,-0.57735026919,-0.57735026919));
#1777=ORIENTED_EDGE('',*,*,#1142,.T.);
#1778=ORIENTED_EDGE('',*,*,#1779,.F.);
#1779=EDGE_CURVE('',#1772,#1753,#1780,.T.);
#1780=LINE('',#1781,#179);
#1781=CARTESIAN_POINT('',(-0.32,0.16,-3.));
#1782=PLANE('',#1783);
#1783=AXIS2_PLACEMENT_3D('',#1784,#1785,#60);
#1784=CARTESIAN_POINT('',(-0.32,0.24,-2.92));
#1785=DIRECTION('',(-1.735167508358E-18,-0.707106781187,0.707106781187));
#1786=ADVANCED_FACE('',(#1787),#1802,.T.);
#1787=FACE_BOUND('',#1788,.T.);
#1788=EDGE_LOOP('',(#1789,#1161,#1797,#1798));
#1789=ORIENTED_EDGE('',*,*,#1790,.F.);
#1790=EDGE_CURVE('',#1157,#1791,#1793,.T.);
#1791=VERTEX_POINT('',#1792);
#1792=CARTESIAN_POINT('',(-0.16,-0.16,-3.));
#1793=LINE('',#1794,#1795);
#1794=CARTESIAN_POINT('',(-0.266666666667,-0.266666666667,-2.893333333333));
#1795=VECTOR('',#1796,1.);
#1796=DIRECTION('',(0.57735026919,0.57735026919,-0.57735026919));
#1797=ORIENTED_EDGE('',*,*,#1771,.T.);
#1798=ORIENTED_EDGE('',*,*,#1799,.F.);
#1799=EDGE_CURVE('',#1791,#1772,#1800,.T.);
#1800=LINE('',#1801,#192);
#1801=CARTESIAN_POINT('',(-0.16,-0.32,-3.));
#1802=PLANE('',#1803);
#1803=AXIS2_PLACEMENT_3D('',#1804,#1805,#193);
#1804=CARTESIAN_POINT('',(-0.24,-0.32,-2.92));
#1805=DIRECTION('',(-0.707106781187,-1.735167508358E-18,-0.707106781187));
#1806=ADVANCED_FACE('',(#1807),#1815,.T.);
#1807=FACE_BOUND('',#1808,.F.);
#1808=EDGE_LOOP('',(#1789,#1809,#1810,#1811));
#1809=ORIENTED_EDGE('',*,*,#1171,.T.);
#1810=ORIENTED_EDGE('',*,*,#1745,.T.);
#1811=ORIENTED_EDGE('',*,*,#1812,.F.);
#1812=EDGE_CURVE('',#1791,#1746,#1813,.T.);
#1813=LINE('',#1814,#179);
#1814=CARTESIAN_POINT('',(-0.32,-0.16,-3.));
#1815=PLANE('',#1816);
#1816=AXIS2_PLACEMENT_3D('',#1817,#1818,#60);
#1817=CARTESIAN_POINT('',(-0.32,-0.24,-2.92));
#1818=DIRECTION('',(1.735167508358E-18,-0.707106781187,-0.707106781187));
#1819=ADVANCED_FACE('',(#1820),#1837,.F.);
#1820=FACE_BOUND('',#1821,.F.);
#1821=EDGE_LOOP('',(#1822,#1186,#1827,#1833));
#1822=ORIENTED_EDGE('',*,*,#1823,.F.);
#1823=EDGE_CURVE('',#1182,#1824,#1826,.T.);
#1824=VERTEX_POINT('',#1825);
#1825=CARTESIAN_POINT('',(0.16,-5.24,-3.));
#1826=LINE('',#1825,#1749);
#1827=ORIENTED_EDGE('',*,*,#1828,.T.);
#1828=EDGE_CURVE('',#1188,#1829,#1831,.T.);
#1829=VERTEX_POINT('',#1830);
#1830=CARTESIAN_POINT('',(0.16,-4.92,-3.));
#1831=LINE('',#1832,#1757);
#1832=CARTESIAN_POINT('',(5.333333333333E-02,-5.026666666667,-3.106666666667));
#1833=ORIENTED_EDGE('',*,*,#1834,.F.);
#1834=EDGE_CURVE('',#1824,#1829,#1835,.T.);
#1835=LINE('',#1836,#192);
#1836=CARTESIAN_POINT('',(0.16,-5.4,-3.));
#1837=PLANE('',#1838);
#1838=AXIS2_PLACEMENT_3D('',#1839,#1766,#193);
#1839=CARTESIAN_POINT('',(0.24,-5.4,-2.92));
#1840=ADVANCED_FACE('',(#1841),#1853,.F.);
#1841=FACE_BOUND('',#1842,.T.);
#1842=EDGE_LOOP('',(#1843,#1848,#1827,#1849));
#1843=ORIENTED_EDGE('',*,*,#1844,.F.);
#1844=EDGE_CURVE('',#1203,#1845,#1847,.T.);
#1845=VERTEX_POINT('',#1846);
#1846=CARTESIAN_POINT('',(-0.16,-4.92,-3.));
#1847=LINE('',#1846,#1775);
#1848=ORIENTED_EDGE('',*,*,#1202,.T.);
#1849=ORIENTED_EDGE('',*,*,#1850,.F.);
#1850=EDGE_CURVE('',#1845,#1829,#1851,.T.);
#1851=LINE('',#1852,#179);
#1852=CARTESIAN_POINT('',(-0.32,-4.92,-3.));
#1853=PLANE('',#1854);
#1854=AXIS2_PLACEMENT_3D('',#1855,#1785,#60);
#1855=CARTESIAN_POINT('',(-0.32,-4.84,-2.92));
#1856=ADVANCED_FACE('',(#1857),#1870,.T.);
#1857=FACE_BOUND('',#1858,.T.);
#1858=EDGE_LOOP('',(#1859,#1221,#1865,#1866));
#1859=ORIENTED_EDGE('',*,*,#1860,.F.);
#1860=EDGE_CURVE('',#1217,#1861,#1863,.T.);
#1861=VERTEX_POINT('',#1862);
#1862=CARTESIAN_POINT('',(-0.16,-5.24,-3.));
#1863=LINE('',#1864,#1795);
#1864=CARTESIAN_POINT('',(-0.266666666667,-5.346666666667,-2.893333333333));
#1865=ORIENTED_EDGE('',*,*,#1844,.T.);
#1866=ORIENTED_EDGE('',*,*,#1867,.F.);
#1867=EDGE_CURVE('',#1861,#1845,#1868,.T.);
#1868=LINE('',#1869,#192);
#1869=CARTESIAN_POINT('',(-0.16,-5.4,-3.));
#1870=PLANE('',#1871);
#1871=AXIS2_PLACEMENT_3D('',#1872,#1805,#193);
#1872=CARTESIAN_POINT('',(-0.24,-5.4,-2.92));
#1873=ADVANCED_FACE('',(#1874),#1882,.T.);
#1874=FACE_BOUND('',#1875,.F.);
#1875=EDGE_LOOP('',(#1859,#1876,#1877,#1878));
#1876=ORIENTED_EDGE('',*,*,#1231,.T.);
#1877=ORIENTED_EDGE('',*,*,#1823,.T.);
#1878=ORIENTED_EDGE('',*,*,#1879,.F.);
#1879=EDGE_CURVE('',#1861,#1824,#1880,.T.);
#1880=LINE('',#1881,#179);
#1881=CARTESIAN_POINT('',(-0.32,-5.24,-3.));
#1882=PLANE('',#1883);
#1883=AXIS2_PLACEMENT_3D('',#1884,#1818,#60);
#1884=CARTESIAN_POINT('',(-0.32,-5.32,-2.92));
#1885=ADVANCED_FACE('',(#1886),#1903,.F.);
#1886=FACE_BOUND('',#1887,.F.);
#1887=EDGE_LOOP('',(#1888,#1246,#1893,#1899));
#1888=ORIENTED_EDGE('',*,*,#1889,.F.);
#1889=EDGE_CURVE('',#1242,#1890,#1892,.T.);
#1890=VERTEX_POINT('',#1891);
#1891=CARTESIAN_POINT('',(0.16,-2.7,-3.));
#1892=LINE('',#1891,#1749);
#1893=ORIENTED_EDGE('',*,*,#1894,.T.);
#1894=EDGE_CURVE('',#1248,#1895,#1897,.T.);
#1895=VERTEX_POINT('',#1896);
#1896=CARTESIAN_POINT('',(0.16,-2.38,-3.));
#1897=LINE('',#1898,#1757);
#1898=CARTESIAN_POINT('',(5.333333333333E-02,-2.486666666667,-3.106666666667));
#1899=ORIENTED_EDGE('',*,*,#1900,.F.);
#1900=EDGE_CURVE('',#1890,#1895,#1901,.T.);
#1901=LINE('',#1902,#192);
#1902=CARTESIAN_POINT('',(0.16,-2.86,-3.));
#1903=PLANE('',#1904);
#1904=AXIS2_PLACEMENT_3D('',#1905,#1766,#193);
#1905=CARTESIAN_POINT('',(0.24,-2.86,-2.92));
#1906=ADVANCED_FACE('',(#1907),#1919,.F.);
#1907=FACE_BOUND('',#1908,.T.);
#1908=EDGE_LOOP('',(#1909,#1914,#1893,#1915));
#1909=ORIENTED_EDGE('',*,*,#1910,.F.);
#1910=EDGE_CURVE('',#1263,#1911,#1913,.T.);
#1911=VERTEX_POINT('',#1912);
#1912=CARTESIAN_POINT('',(-0.16,-2.38,-3.));
#1913=LINE('',#1912,#1775);
#1914=ORIENTED_EDGE('',*,*,#1262,.T.);
#1915=ORIENTED_EDGE('',*,*,#1916,.F.);
#1916=EDGE_CURVE('',#1911,#1895,#1917,.T.);
#1917=LINE('',#1918,#179);
#1918=CARTESIAN_POINT('',(-0.32,-2.38,-3.));
#1919=PLANE('',#1920);
#1920=AXIS2_PLACEMENT_3D('',#1921,#1785,#60);
#1921=CARTESIAN_POINT('',(-0.32,-2.3,-2.92));
#1922=ADVANCED_FACE('',(#1923),#1936,.T.);
#1923=FACE_BOUND('',#1924,.T.);
#1924=EDGE_LOOP('',(#1925,#1281,#1931,#1932));
#1925=ORIENTED_EDGE('',*,*,#1926,.F.);
#1926=EDGE_CURVE('',#1277,#1927,#1929,.T.);
#1927=VERTEX_POINT('',#1928);
#1928=CARTESIAN_POINT('',(-0.16,-2.7,-3.));
#1929=LINE('',#1930,#1795);
#1930=CARTESIAN_POINT('',(-0.266666666667,-2.806666666667,-2.893333333333));
#1931=ORIENTED_EDGE('',*,*,#1910,.T.);
#1932=ORIENTED_EDGE('',*,*,#1933,.F.);
#1933=EDGE_CURVE('',#1927,#1911,#1934,.T.);
#1934=LINE('',#1935,#192);
#1935=CARTESIAN_POINT('',(-0.16,-2.86,-3.));
#1936=PLANE('',#1937);
#1937=AXIS2_PLACEMENT_3D('',#1938,#1805,#193);
#1938=CARTESIAN_POINT('',(-0.24,-2.86,-2.92));
#1939=ADVANCED_FACE('',(#1940),#1948,.T.);
#1940=FACE_BOUND('',#1941,.F.);
#1941=EDGE_LOOP('',(#1925,#1942,#1943,#1944));
#1942=ORIENTED_EDGE('',*,*,#1291,.T.);
#1943=ORIENTED_EDGE('',*,*,#1889,.T.);
#1944=ORIENTED_EDGE('',*,*,#1945,.F.);
#1945=EDGE_CURVE('',#1927,#1890,#1946,.T.);
#1946=LINE('',#1947,#179);
#1947=CARTESIAN_POINT('',(-0.32,-2.7,-3.));
#1948=PLANE('',#1949);
#1949=AXIS2_PLACEMENT_3D('',#1950,#1818,#60);
#1950=CARTESIAN_POINT('',(-0.32,-2.78,-2.92));
#1951=ADVANCED_FACE('',(#1952),#1970,.T.);
#1952=FACE_BOUND('',#1953,.F.);
#1953=EDGE_LOOP('',(#1954,#1960,#1961,#1966));
#1954=ORIENTED_EDGE('',*,*,#1955,.F.);
#1955=EDGE_CURVE('',#1308,#1956,#1958,.T.);
#1956=VERTEX_POINT('',#1957);
#1957=CARTESIAN_POINT('',(-0.16,-12.86,-3.));
#1958=LINE('',#1959,#1795);
#1959=CARTESIAN_POINT('',(-0.266666666667,-12.96666666666,-2.893333333333));
#1960=ORIENTED_EDGE('',*,*,#1307,.T.);
#1961=ORIENTED_EDGE('',*,*,#1962,.T.);
#1962=EDGE_CURVE('',#1302,#1963,#1965,.T.);
#1963=VERTEX_POINT('',#1964);
#1964=CARTESIAN_POINT('',(0.16,-12.86,-3.));
#1965=LINE('',#1964,#1749);
#1966=ORIENTED_EDGE('',*,*,#1967,.F.);
#1967=EDGE_CURVE('',#1956,#1963,#1968,.T.);
#1968=LINE('',#1969,#179);
#1969=CARTESIAN_POINT('',(-0.32,-12.86,-3.));
#1970=PLANE('',#1971);
#1971=AXIS2_PLACEMENT_3D('',#1972,#1818,#60);
#1972=CARTESIAN_POINT('',(-0.32,-12.94,-2.92));
#1973=ADVANCED_FACE('',(#1974),#1987,.F.);
#1974=FACE_BOUND('',#1975,.F.);
#1975=EDGE_LOOP('',(#1976,#1321,#1977,#1983));
#1976=ORIENTED_EDGE('',*,*,#1962,.F.);
#1977=ORIENTED_EDGE('',*,*,#1978,.T.);
#1978=EDGE_CURVE('',#1323,#1979,#1981,.T.);
#1979=VERTEX_POINT('',#1980);
#1980=CARTESIAN_POINT('',(0.16,-12.54,-3.));
#1981=LINE('',#1982,#1757);
#1982=CARTESIAN_POINT('',(5.333333333333E-02,-12.64666666666,-3.106666666667));
#1983=ORIENTED_EDGE('',*,*,#1984,.F.);
#1984=EDGE_CURVE('',#1963,#1979,#1985,.T.);
#1985=LINE('',#1986,#192);
#1986=CARTESIAN_POINT('',(0.16,-13.02,-3.));
#1987=PLANE('',#1988);
#1988=AXIS2_PLACEMENT_3D('',#1989,#1766,#193);
#1989=CARTESIAN_POINT('',(0.24,-13.02,-2.92));
#1990=ADVANCED_FACE('',(#1991),#2003,.F.);
#1991=FACE_BOUND('',#1992,.T.);
#1992=EDGE_LOOP('',(#1993,#1998,#1977,#1999));
#1993=ORIENTED_EDGE('',*,*,#1994,.F.);
#1994=EDGE_CURVE('',#1338,#1995,#1997,.T.);
#1995=VERTEX_POINT('',#1996);
#1996=CARTESIAN_POINT('',(-0.16,-12.54,-3.));
#1997=LINE('',#1996,#1775);
#1998=ORIENTED_EDGE('',*,*,#1337,.T.);
#1999=ORIENTED_EDGE('',*,*,#2000,.F.);
#2000=EDGE_CURVE('',#1995,#1979,#2001,.T.);
#2001=LINE('',#2002,#179);
#2002=CARTESIAN_POINT('',(-0.32,-12.54,-3.));
#2003=PLANE('',#2004);
#2004=AXIS2_PLACEMENT_3D('',#2005,#1785,#60);
#2005=CARTESIAN_POINT('',(-0.32,-12.46,-2.92));
#2006=ADVANCED_FACE('',(#2007),#2014,.T.);
#2007=FACE_BOUND('',#2008,.T.);
#2008=EDGE_LOOP('',(#1954,#1351,#2009,#2010));
#2009=ORIENTED_EDGE('',*,*,#1994,.T.);
#2010=ORIENTED_EDGE('',*,*,#2011,.F.);
#2011=EDGE_CURVE('',#1956,#1995,#2012,.T.);
#2012=LINE('',#2013,#192);
#2013=CARTESIAN_POINT('',(-0.16,-13.02,-3.));
#2014=PLANE('',#2015);
#2015=AXIS2_PLACEMENT_3D('',#2016,#1805,#193);
#2016=CARTESIAN_POINT('',(-0.24,-13.02,-2.92));
#2017=ADVANCED_FACE('',(#2018),#2036,.F.);
#2018=FACE_BOUND('',#2019,.T.);
#2019=EDGE_LOOP('',(#2020,#2025,#2026,#2032));
#2020=ORIENTED_EDGE('',*,*,#2021,.F.);
#2021=EDGE_CURVE('',#1368,#2022,#2024,.T.);
#2022=VERTEX_POINT('',#2023);
#2023=CARTESIAN_POINT('',(-0.16,-10.,-3.));
#2024=LINE('',#2023,#1775);
#2025=ORIENTED_EDGE('',*,*,#1367,.T.);
#2026=ORIENTED_EDGE('',*,*,#2027,.T.);
#2027=EDGE_CURVE('',#1362,#2028,#2030,.T.);
#2028=VERTEX_POINT('',#2029);
#2029=CARTESIAN_POINT('',(0.16,-10.,-3.));
#2030=LINE('',#2031,#1757);
#2031=CARTESIAN_POINT('',(5.333333333333E-02,-10.10666666666,-3.106666666667));
#2032=ORIENTED_EDGE('',*,*,#2033,.F.);
#2033=EDGE_CURVE('',#2022,#2028,#2034,.T.);
#2034=LINE('',#2035,#179);
#2035=CARTESIAN_POINT('',(-0.32,-10.,-3.));
#2036=PLANE('',#2037);
#2037=AXIS2_PLACEMENT_3D('',#2038,#1785,#60);
#2038=CARTESIAN_POINT('',(-0.32,-9.92,-2.92));
#2039=ADVANCED_FACE('',(#2040),#2053,.T.);
#2040=FACE_BOUND('',#2041,.T.);
#2041=EDGE_LOOP('',(#2042,#1386,#2048,#2049));
#2042=ORIENTED_EDGE('',*,*,#2043,.F.);
#2043=EDGE_CURVE('',#1382,#2044,#2046,.T.);
#2044=VERTEX_POINT('',#2045);
#2045=CARTESIAN_POINT('',(-0.16,-10.32,-3.));
#2046=LINE('',#2047,#1795);
#2047=CARTESIAN_POINT('',(-0.266666666667,-10.42666666666,-2.893333333333));
#2048=ORIENTED_EDGE('',*,*,#2021,.T.);
#2049=ORIENTED_EDGE('',*,*,#2050,.F.);
#2050=EDGE_CURVE('',#2044,#2022,#2051,.T.);
#2051=LINE('',#2052,#192);
#2052=CARTESIAN_POINT('',(-0.16,-10.48,-3.));
#2053=PLANE('',#2054);
#2054=AXIS2_PLACEMENT_3D('',#2055,#1805,#193);
#2055=CARTESIAN_POINT('',(-0.24,-10.48,-2.92));
#2056=ADVANCED_FACE('',(#2057),#2069,.T.);
#2057=FACE_BOUND('',#2058,.F.);
#2058=EDGE_LOOP('',(#2042,#2059,#2060,#2065));
#2059=ORIENTED_EDGE('',*,*,#1402,.T.);
#2060=ORIENTED_EDGE('',*,*,#2061,.T.);
#2061=EDGE_CURVE('',#1397,#2062,#2064,.T.);
#2062=VERTEX_POINT('',#2063);
#2063=CARTESIAN_POINT('',(0.16,-10.32,-3.));
#2064=LINE('',#2063,#1749);
#2065=ORIENTED_EDGE('',*,*,#2066,.F.);
#2066=EDGE_CURVE('',#2044,#2062,#2067,.T.);
#2067=LINE('',#2068,#179);
#2068=CARTESIAN_POINT('',(-0.32,-10.32,-3.));
#2069=PLANE('',#2070);
#2070=AXIS2_PLACEMENT_3D('',#2071,#1818,#60);
#2071=CARTESIAN_POINT('',(-0.32,-10.4,-2.92));
#2072=ADVANCED_FACE('',(#2073),#2080,.F.);
#2073=FACE_BOUND('',#2074,.F.);
#2074=EDGE_LOOP('',(#2075,#1411,#2026,#2076));
#2075=ORIENTED_EDGE('',*,*,#2061,.F.);
#2076=ORIENTED_EDGE('',*,*,#2077,.F.);
#2077=EDGE_CURVE('',#2062,#2028,#2078,.T.);
#2078=LINE('',#2079,#192);
#2079=CARTESIAN_POINT('',(0.16,-10.48,-3.));
#2080=PLANE('',#2081);
#2081=AXIS2_PLACEMENT_3D('',#2082,#1766,#193);
#2082=CARTESIAN_POINT('',(0.24,-10.48,-2.92));
#2083=ADVANCED_FACE('',(#2084),#2102,.T.);
#2084=FACE_BOUND('',#2085,.F.);
#2085=EDGE_LOOP('',(#2086,#2092,#2093,#2098));
#2086=ORIENTED_EDGE('',*,*,#2087,.F.);
#2087=EDGE_CURVE('',#1428,#2088,#2090,.T.);
#2088=VERTEX_POINT('',#2089);
#2089=CARTESIAN_POINT('',(-0.16,-7.78,-3.));
#2090=LINE('',#2091,#1795);
#2091=CARTESIAN_POINT('',(-0.266666666667,-7.886666666667,-2.893333333333));
#2092=ORIENTED_EDGE('',*,*,#1427,.T.);
#2093=ORIENTED_EDGE('',*,*,#2094,.T.);
#2094=EDGE_CURVE('',#1422,#2095,#2097,.T.);
#2095=VERTEX_POINT('',#2096);
#2096=CARTESIAN_POINT('',(0.16,-7.78,-3.));
#2097=LINE('',#2096,#1749);
#2098=ORIENTED_EDGE('',*,*,#2099,.F.);
#2099=EDGE_CURVE('',#2088,#2095,#2100,.T.);
#2100=LINE('',#2101,#179);
#2101=CARTESIAN_POINT('',(-0.32,-7.78,-3.));
#2102=PLANE('',#2103);
#2103=AXIS2_PLACEMENT_3D('',#2104,#1818,#60);
#2104=CARTESIAN_POINT('',(-0.32,-7.86,-2.92));
#2105=ADVANCED_FACE('',(#2106),#2119,.F.);
#2106=FACE_BOUND('',#2107,.F.);
#2107=EDGE_LOOP('',(#2108,#1441,#2109,#2115));
#2108=ORIENTED_EDGE('',*,*,#2094,.F.);
#2109=ORIENTED_EDGE('',*,*,#2110,.T.);
#2110=EDGE_CURVE('',#1443,#2111,#2113,.T.);
#2111=VERTEX_POINT('',#2112);
#2112=CARTESIAN_POINT('',(0.16,-7.46,-3.));
#2113=LINE('',#2114,#1757);
#2114=CARTESIAN_POINT('',(5.333333333333E-02,-7.566666666667,-3.106666666667));
#2115=ORIENTED_EDGE('',*,*,#2116,.F.);
#2116=EDGE_CURVE('',#2095,#2111,#2117,.T.);
#2117=LINE('',#2118,#192);
#2118=CARTESIAN_POINT('',(0.16,-7.94,-3.));
#2119=PLANE('',#2120);
#2120=AXIS2_PLACEMENT_3D('',#2121,#1766,#193);
#2121=CARTESIAN_POINT('',(0.24,-7.94,-2.92));
#2122=ADVANCED_FACE('',(#2123),#2135,.F.);
#2123=FACE_BOUND('',#2124,.T.);
#2124=EDGE_LOOP('',(#2125,#2130,#2109,#2131));
#2125=ORIENTED_EDGE('',*,*,#2126,.F.);
#2126=EDGE_CURVE('',#1458,#2127,#2129,.T.);
#2127=VERTEX_POINT('',#2128);
#2128=CARTESIAN_POINT('',(-0.16,-7.46,-3.));
#2129=LINE('',#2128,#1775);
#2130=ORIENTED_EDGE('',*,*,#1457,.T.);
#2131=ORIENTED_EDGE('',*,*,#2132,.F.);
#2132=EDGE_CURVE('',#2127,#2111,#2133,.T.);
#2133=LINE('',#2134,#179);
#2134=CARTESIAN_POINT('',(-0.32,-7.46,-3.));
#2135=PLANE('',#2136);
#2136=AXIS2_PLACEMENT_3D('',#2137,#1785,#60);
#2137=CARTESIAN_POINT('',(-0.32,-7.38,-2.92));
#2138=ADVANCED_FACE('',(#2139),#2146,.T.);
#2139=FACE_BOUND('',#2140,.T.);
#2140=EDGE_LOOP('',(#2086,#1471,#2141,#2142));
#2141=ORIENTED_EDGE('',*,*,#2126,.T.);
#2142=ORIENTED_EDGE('',*,*,#2143,.F.);
#2143=EDGE_CURVE('',#2088,#2127,#2144,.T.);
#2144=LINE('',#2145,#192);
#2145=CARTESIAN_POINT('',(-0.16,-7.94,-3.));
#2146=PLANE('',#2147);
#2147=AXIS2_PLACEMENT_3D('',#2148,#1805,#193);
#2148=CARTESIAN_POINT('',(-0.24,-7.94,-2.92));
#2149=ADVANCED_FACE('',(#2150),#2172,.T.);
#2150=FACE_BOUND('',#2151,.T.);
#2151=EDGE_LOOP('',(#2152,#2159,#2160,#2168));
#2152=ORIENTED_EDGE('',*,*,#2153,.F.);
#2153=EDGE_CURVE('',#1482,#2154,#2156,.T.);
#2154=VERTEX_POINT('',#2155);
#2155=CARTESIAN_POINT('',(0.16,-0.16,8.54));
#2156=LINE('',#2155,#2157);
#2157=VECTOR('',#2158,1.);
#2158=DIRECTION('',(-0.57735026919,0.57735026919,0.57735026919));
#2159=ORIENTED_EDGE('',*,*,#1490,.T.);
#2160=ORIENTED_EDGE('',*,*,#2161,.T.);
#2161=EDGE_CURVE('',#1487,#2162,#2164,.T.);
#2162=VERTEX_POINT('',#2163);
#2163=CARTESIAN_POINT('',(0.16,0.16,8.54));
#2164=LINE('',#2165,#2166);
#2165=CARTESIAN_POINT('',(5.333333333333E-02,5.333333333333E-02,8.646666666667));
#2166=VECTOR('',#2167,1.);
#2167=DIRECTION('',(-0.57735026919,-0.57735026919,0.57735026919));
#2168=ORIENTED_EDGE('',*,*,#2169,.F.);
#2169=EDGE_CURVE('',#2154,#2162,#2170,.T.);
#2170=LINE('',#2171,#192);
#2171=CARTESIAN_POINT('',(0.16,-0.32,8.54));
#2172=PLANE('',#2173);
#2173=AXIS2_PLACEMENT_3D('',#2174,#2175,#193);
#2174=CARTESIAN_POINT('',(0.24,-0.32,8.46));
#2175=DIRECTION('',(0.707106781187,-1.735167508358E-18,0.707106781187));
#2176=ADVANCED_FACE('',(#2177),#2190,.T.);
#2177=FACE_BOUND('',#2178,.F.);
#2178=EDGE_LOOP('',(#2179,#1501,#2160,#2186));
#2179=ORIENTED_EDGE('',*,*,#2180,.F.);
#2180=EDGE_CURVE('',#1499,#2181,#2183,.T.);
#2181=VERTEX_POINT('',#2182);
#2182=CARTESIAN_POINT('',(-0.16,0.16,8.54));
#2183=LINE('',#2182,#2184);
#2184=VECTOR('',#2185,1.);
#2185=DIRECTION('',(0.57735026919,-0.57735026919,0.57735026919));
#2186=ORIENTED_EDGE('',*,*,#2187,.F.);
#2187=EDGE_CURVE('',#2181,#2162,#2188,.T.);
#2188=LINE('',#2189,#179);
#2189=CARTESIAN_POINT('',(-0.32,0.16,8.54));
#2190=PLANE('',#2191);
#2191=AXIS2_PLACEMENT_3D('',#2192,#2193,#60);
#2192=CARTESIAN_POINT('',(-0.32,0.24,8.46));
#2193=DIRECTION('',(1.735167508358E-18,0.707106781187,0.707106781187));
#2194=ADVANCED_FACE('',(#2195),#2211,.F.);
#2195=FACE_BOUND('',#2196,.F.);
#2196=EDGE_LOOP('',(#2197,#2205,#2206,#2207));
#2197=ORIENTED_EDGE('',*,*,#2198,.F.);
#2198=EDGE_CURVE('',#1509,#2199,#2201,.T.);
#2199=VERTEX_POINT('',#2200);
#2200=CARTESIAN_POINT('',(-0.16,-0.16,8.54));
#2201=LINE('',#2202,#2203);
#2202=CARTESIAN_POINT('',(-0.266666666667,-0.266666666667,8.433333333333));
#2203=VECTOR('',#2204,1.);
#2204=DIRECTION('',(0.57735026919,0.57735026919,0.57735026919));
#2205=ORIENTED_EDGE('',*,*,#1512,.T.);
#2206=ORIENTED_EDGE('',*,*,#2180,.T.);
#2207=ORIENTED_EDGE('',*,*,#2208,.F.);
#2208=EDGE_CURVE('',#2199,#2181,#2209,.T.);
#2209=LINE('',#2210,#192);
#2210=CARTESIAN_POINT('',(-0.16,-0.32,8.54));
#2211=PLANE('',#2212);
#2212=AXIS2_PLACEMENT_3D('',#2213,#2214,#193);
#2213=CARTESIAN_POINT('',(-0.24,-0.32,8.46));
#2214=DIRECTION('',(0.707106781187,1.735167508358E-18,-0.707106781187));
#2215=ADVANCED_FACE('',(#2216),#2223,.F.);
#2216=FACE_BOUND('',#2217,.T.);
#2217=EDGE_LOOP('',(#2197,#1518,#2218,#2219));
#2218=ORIENTED_EDGE('',*,*,#2153,.T.);
#2219=ORIENTED_EDGE('',*,*,#2220,.F.);
#2220=EDGE_CURVE('',#2199,#2154,#2221,.T.);
#2221=LINE('',#2222,#179);
#2222=CARTESIAN_POINT('',(-0.32,-0.16,8.54));
#2223=PLANE('',#2224);
#2224=AXIS2_PLACEMENT_3D('',#2225,#2226,#60);
#2225=CARTESIAN_POINT('',(-0.32,-0.24,8.46));
#2226=DIRECTION('',(-1.735167508358E-18,0.707106781187,-0.707106781187));
#2227=ADVANCED_FACE('',(#2228),#2246,.T.);
#2228=FACE_BOUND('',#2229,.T.);
#2229=EDGE_LOOP('',(#2230,#2235,#2236,#2242));
#2230=ORIENTED_EDGE('',*,*,#2231,.F.);
#2231=EDGE_CURVE('',#1526,#2232,#2234,.T.);
#2232=VERTEX_POINT('',#2233);
#2233=CARTESIAN_POINT('',(0.16,-5.24,8.54));
#2234=LINE('',#2233,#2157);
#2235=ORIENTED_EDGE('',*,*,#1534,.T.);
#2236=ORIENTED_EDGE('',*,*,#2237,.T.);
#2237=EDGE_CURVE('',#1531,#2238,#2240,.T.);
#2238=VERTEX_POINT('',#2239);
#2239=CARTESIAN_POINT('',(0.16,-4.92,8.54));
#2240=LINE('',#2241,#2166);
#2241=CARTESIAN_POINT('',(5.333333333333E-02,-5.026666666667,8.646666666667));
#2242=ORIENTED_EDGE('',*,*,#2243,.F.);
#2243=EDGE_CURVE('',#2232,#2238,#2244,.T.);
#2244=LINE('',#2245,#192);
#2245=CARTESIAN_POINT('',(0.16,-5.4,8.54));
#2246=PLANE('',#2247);
#2247=AXIS2_PLACEMENT_3D('',#2248,#2175,#193);
#2248=CARTESIAN_POINT('',(0.24,-5.4,8.46));
#2249=ADVANCED_FACE('',(#2250),#2261,.T.);
#2250=FACE_BOUND('',#2251,.F.);
#2251=EDGE_LOOP('',(#2252,#1545,#2236,#2257));
#2252=ORIENTED_EDGE('',*,*,#2253,.F.);
#2253=EDGE_CURVE('',#1543,#2254,#2256,.T.);
#2254=VERTEX_POINT('',#2255);
#2255=CARTESIAN_POINT('',(-0.16,-4.92,8.54));
#2256=LINE('',#2255,#2184);
#2257=ORIENTED_EDGE('',*,*,#2258,.F.);
#2258=EDGE_CURVE('',#2254,#2238,#2259,.T.);
#2259=LINE('',#2260,#179);
#2260=CARTESIAN_POINT('',(-0.32,-4.92,8.54));
#2261=PLANE('',#2262);
#2262=AXIS2_PLACEMENT_3D('',#2263,#2193,#60);
#2263=CARTESIAN_POINT('',(-0.32,-4.84,8.46));
#2264=ADVANCED_FACE('',(#2265),#2279,.F.);
#2265=FACE_BOUND('',#2266,.F.);
#2266=EDGE_LOOP('',(#2267,#2273,#2274,#2275));
#2267=ORIENTED_EDGE('',*,*,#2268,.F.);
#2268=EDGE_CURVE('',#1553,#2269,#2271,.T.);
#2269=VERTEX_POINT('',#2270);
#2270=CARTESIAN_POINT('',(-0.16,-5.24,8.54));
#2271=LINE('',#2272,#2203);
#2272=CARTESIAN_POINT('',(-0.266666666667,-5.346666666667,8.433333333333));
#2273=ORIENTED_EDGE('',*,*,#1556,.T.);
#2274=ORIENTED_EDGE('',*,*,#2253,.T.);
#2275=ORIENTED_EDGE('',*,*,#2276,.F.);
#2276=EDGE_CURVE('',#2269,#2254,#2277,.T.);
#2277=LINE('',#2278,#192);
#2278=CARTESIAN_POINT('',(-0.16,-5.4,8.54));
#2279=PLANE('',#2280);
#2280=AXIS2_PLACEMENT_3D('',#2281,#2214,#193);
#2281=CARTESIAN_POINT('',(-0.24,-5.4,8.46));
#2282=ADVANCED_FACE('',(#2283),#2290,.F.);
#2283=FACE_BOUND('',#2284,.T.);
#2284=EDGE_LOOP('',(#2267,#1562,#2285,#2286));
#2285=ORIENTED_EDGE('',*,*,#2231,.T.);
#2286=ORIENTED_EDGE('',*,*,#2287,.F.);
#2287=EDGE_CURVE('',#2269,#2232,#2288,.T.);
#2288=LINE('',#2289,#179);
#2289=CARTESIAN_POINT('',(-0.32,-5.24,8.54));
#2290=PLANE('',#2291);
#2291=AXIS2_PLACEMENT_3D('',#2292,#2226,#60);
#2292=CARTESIAN_POINT('',(-0.32,-5.32,8.46));
#2293=ADVANCED_FACE('',(#2294),#2312,.T.);
#2294=FACE_BOUND('',#2295,.T.);
#2295=EDGE_LOOP('',(#2296,#2301,#2302,#2308));
#2296=ORIENTED_EDGE('',*,*,#2297,.F.);
#2297=EDGE_CURVE('',#1570,#2298,#2300,.T.);
#2298=VERTEX_POINT('',#2299);
#2299=CARTESIAN_POINT('',(0.16,-2.7,8.54));
#2300=LINE('',#2299,#2157);
#2301=ORIENTED_EDGE('',*,*,#1578,.T.);
#2302=ORIENTED_EDGE('',*,*,#2303,.T.);
#2303=EDGE_CURVE('',#1575,#2304,#2306,.T.);
#2304=VERTEX_POINT('',#2305);
#2305=CARTESIAN_POINT('',(0.16,-2.38,8.54));
#2306=LINE('',#2307,#2166);
#2307=CARTESIAN_POINT('',(5.333333333333E-02,-2.486666666667,8.646666666667));
#2308=ORIENTED_EDGE('',*,*,#2309,.F.);
#2309=EDGE_CURVE('',#2298,#2304,#2310,.T.);
#2310=LINE('',#2311,#192);
#2311=CARTESIAN_POINT('',(0.16,-2.86,8.54));
#2312=PLANE('',#2313);
#2313=AXIS2_PLACEMENT_3D('',#2314,#2175,#193);
#2314=CARTESIAN_POINT('',(0.24,-2.86,8.46));
#2315=ADVANCED_FACE('',(#2316),#2327,.T.);
#2316=FACE_BOUND('',#2317,.F.);
#2317=EDGE_LOOP('',(#2318,#1589,#2302,#2323));
#2318=ORIENTED_EDGE('',*,*,#2319,.F.);
#2319=EDGE_CURVE('',#1587,#2320,#2322,.T.);
#2320=VERTEX_POINT('',#2321);
#2321=CARTESIAN_POINT('',(-0.16,-2.38,8.54));
#2322=LINE('',#2321,#2184);
#2323=ORIENTED_EDGE('',*,*,#2324,.F.);
#2324=EDGE_CURVE('',#2320,#2304,#2325,.T.);
#2325=LINE('',#2326,#179);
#2326=CARTESIAN_POINT('',(-0.32,-2.38,8.54));
#2327=PLANE('',#2328);
#2328=AXIS2_PLACEMENT_3D('',#2329,#2193,#60);
#2329=CARTESIAN_POINT('',(-0.32,-2.3,8.46));
#2330=ADVANCED_FACE('',(#2331),#2345,.F.);
#2331=FACE_BOUND('',#2332,.F.);
#2332=EDGE_LOOP('',(#2333,#2339,#2340,#2341));
#2333=ORIENTED_EDGE('',*,*,#2334,.F.);
#2334=EDGE_CURVE('',#1597,#2335,#2337,.T.);
#2335=VERTEX_POINT('',#2336);
#2336=CARTESIAN_POINT('',(-0.16,-2.7,8.54));
#2337=LINE('',#2338,#2203);
#2338=CARTESIAN_POINT('',(-0.266666666667,-2.806666666667,8.433333333333));
#2339=ORIENTED_EDGE('',*,*,#1600,.T.);
#2340=ORIENTED_EDGE('',*,*,#2319,.T.);
#2341=ORIENTED_EDGE('',*,*,#2342,.F.);
#2342=EDGE_CURVE('',#2335,#2320,#2343,.T.);
#2343=LINE('',#2344,#192);
#2344=CARTESIAN_POINT('',(-0.16,-2.86,8.54));
#2345=PLANE('',#2346);
#2346=AXIS2_PLACEMENT_3D('',#2347,#2214,#193);
#2347=CARTESIAN_POINT('',(-0.24,-2.86,8.46));
#2348=ADVANCED_FACE('',(#2349),#2356,.F.);
#2349=FACE_BOUND('',#2350,.T.);
#2350=EDGE_LOOP('',(#2333,#1606,#2351,#2352));
#2351=ORIENTED_EDGE('',*,*,#2297,.T.);
#2352=ORIENTED_EDGE('',*,*,#2353,.F.);
#2353=EDGE_CURVE('',#2335,#2298,#2354,.T.);
#2354=LINE('',#2355,#179);
#2355=CARTESIAN_POINT('',(-0.32,-2.7,8.54));
#2356=PLANE('',#2357);
#2357=AXIS2_PLACEMENT_3D('',#2358,#2226,#60);
#2358=CARTESIAN_POINT('',(-0.32,-2.78,8.46));
#2359=ADVANCED_FACE('',(#2360),#2377,.F.);
#2360=FACE_BOUND('',#2361,.T.);
#2361=EDGE_LOOP('',(#2362,#1620,#2368,#2373));
#2362=ORIENTED_EDGE('',*,*,#2363,.F.);
#2363=EDGE_CURVE('',#1618,#2364,#2366,.T.);
#2364=VERTEX_POINT('',#2365);
#2365=CARTESIAN_POINT('',(-0.16,-12.86,8.54));
#2366=LINE('',#2367,#2203);
#2367=CARTESIAN_POINT('',(-0.266666666667,-12.96666666666,8.433333333333));
#2368=ORIENTED_EDGE('',*,*,#2369,.T.);
#2369=EDGE_CURVE('',#1614,#2370,#2372,.T.);
#2370=VERTEX_POINT('',#2371);
#2371=CARTESIAN_POINT('',(0.16,-12.86,8.54));
#2372=LINE('',#2371,#2157);
#2373=ORIENTED_EDGE('',*,*,#2374,.F.);
#2374=EDGE_CURVE('',#2364,#2370,#2375,.T.);
#2375=LINE('',#2376,#179);
#2376=CARTESIAN_POINT('',(-0.32,-12.86,8.54));
#2377=PLANE('',#2378);
#2378=AXIS2_PLACEMENT_3D('',#2379,#2226,#60);
#2379=CARTESIAN_POINT('',(-0.32,-12.94,8.46));
#2380=ADVANCED_FACE('',(#2381),#2395,.T.);
#2381=FACE_BOUND('',#2382,.T.);
#2382=EDGE_LOOP('',(#2383,#2384,#2385,#2391));
#2383=ORIENTED_EDGE('',*,*,#2369,.F.);
#2384=ORIENTED_EDGE('',*,*,#1632,.T.);
#2385=ORIENTED_EDGE('',*,*,#2386,.T.);
#2386=EDGE_CURVE('',#1629,#2387,#2389,.T.);
#2387=VERTEX_POINT('',#2388);
#2388=CARTESIAN_POINT('',(0.16,-12.54,8.54));
#2389=LINE('',#2390,#2166);
#2390=CARTESIAN_POINT('',(5.333333333333E-02,-12.64666666666,8.646666666667));
#2391=ORIENTED_EDGE('',*,*,#2392,.F.);
#2392=EDGE_CURVE('',#2370,#2387,#2393,.T.);
#2393=LINE('',#2394,#192);
#2394=CARTESIAN_POINT('',(0.16,-13.02,8.54));
#2395=PLANE('',#2396);
#2396=AXIS2_PLACEMENT_3D('',#2397,#2175,#193);
#2397=CARTESIAN_POINT('',(0.24,-13.02,8.46));
#2398=ADVANCED_FACE('',(#2399),#2410,.T.);
#2399=FACE_BOUND('',#2400,.F.);
#2400=EDGE_LOOP('',(#2401,#1643,#2385,#2406));
#2401=ORIENTED_EDGE('',*,*,#2402,.F.);
#2402=EDGE_CURVE('',#1641,#2403,#2405,.T.);
#2403=VERTEX_POINT('',#2404);
#2404=CARTESIAN_POINT('',(-0.16,-12.54,8.54));
#2405=LINE('',#2404,#2184);
#2406=ORIENTED_EDGE('',*,*,#2407,.F.);
#2407=EDGE_CURVE('',#2403,#2387,#2408,.T.);
#2408=LINE('',#2409,#179);
#2409=CARTESIAN_POINT('',(-0.32,-12.54,8.54));
#2410=PLANE('',#2411);
#2411=AXIS2_PLACEMENT_3D('',#2412,#2193,#60);
#2412=CARTESIAN_POINT('',(-0.32,-12.46,8.46));
#2413=ADVANCED_FACE('',(#2414),#2422,.F.);
#2414=FACE_BOUND('',#2415,.F.);
#2415=EDGE_LOOP('',(#2362,#2416,#2417,#2418));
#2416=ORIENTED_EDGE('',*,*,#1651,.T.);
#2417=ORIENTED_EDGE('',*,*,#2402,.T.);
#2418=ORIENTED_EDGE('',*,*,#2419,.F.);
#2419=EDGE_CURVE('',#2364,#2403,#2420,.T.);
#2420=LINE('',#2421,#192);
#2421=CARTESIAN_POINT('',(-0.16,-13.02,8.54));
#2422=PLANE('',#2423);
#2423=AXIS2_PLACEMENT_3D('',#2424,#2214,#193);
#2424=CARTESIAN_POINT('',(-0.24,-13.02,8.46));
#2425=ADVANCED_FACE('',(#2426),#2443,.T.);
#2426=FACE_BOUND('',#2427,.F.);
#2427=EDGE_LOOP('',(#2428,#1665,#2433,#2439));
#2428=ORIENTED_EDGE('',*,*,#2429,.F.);
#2429=EDGE_CURVE('',#1663,#2430,#2432,.T.);
#2430=VERTEX_POINT('',#2431);
#2431=CARTESIAN_POINT('',(-0.16,-10.,8.54));
#2432=LINE('',#2431,#2184);
#2433=ORIENTED_EDGE('',*,*,#2434,.T.);
#2434=EDGE_CURVE('',#1658,#2435,#2437,.T.);
#2435=VERTEX_POINT('',#2436);
#2436=CARTESIAN_POINT('',(0.16,-10.,8.54));
#2437=LINE('',#2438,#2166);
#2438=CARTESIAN_POINT('',(5.333333333333E-02,-10.10666666666,8.646666666667));
#2439=ORIENTED_EDGE('',*,*,#2440,.F.);
#2440=EDGE_CURVE('',#2430,#2435,#2441,.T.);
#2441=LINE('',#2442,#179);
#2442=CARTESIAN_POINT('',(-0.32,-10.,8.54));
#2443=PLANE('',#2444);
#2444=AXIS2_PLACEMENT_3D('',#2445,#2193,#60);
#2445=CARTESIAN_POINT('',(-0.32,-9.92,8.46));
#2446=ADVANCED_FACE('',(#2447),#2461,.F.);
#2447=FACE_BOUND('',#2448,.F.);
#2448=EDGE_LOOP('',(#2449,#2455,#2456,#2457));
#2449=ORIENTED_EDGE('',*,*,#2450,.F.);
#2450=EDGE_CURVE('',#1673,#2451,#2453,.T.);
#2451=VERTEX_POINT('',#2452);
#2452=CARTESIAN_POINT('',(-0.16,-10.32,8.54));
#2453=LINE('',#2454,#2203);
#2454=CARTESIAN_POINT('',(-0.266666666667,-10.42666666666,8.433333333333));
#2455=ORIENTED_EDGE('',*,*,#1676,.T.);
#2456=ORIENTED_EDGE('',*,*,#2429,.T.);
#2457=ORIENTED_EDGE('',*,*,#2458,.F.);
#2458=EDGE_CURVE('',#2451,#2430,#2459,.T.);
#2459=LINE('',#2460,#192);
#2460=CARTESIAN_POINT('',(-0.16,-10.48,8.54));
#2461=PLANE('',#2462);
#2462=AXIS2_PLACEMENT_3D('',#2463,#2214,#193);
#2463=CARTESIAN_POINT('',(-0.24,-10.48,8.46));
#2464=ADVANCED_FACE('',(#2465),#2476,.F.);
#2465=FACE_BOUND('',#2466,.T.);
#2466=EDGE_LOOP('',(#2449,#1686,#2467,#2472));
#2467=ORIENTED_EDGE('',*,*,#2468,.T.);
#2468=EDGE_CURVE('',#1683,#2469,#2471,.T.);
#2469=VERTEX_POINT('',#2470);
#2470=CARTESIAN_POINT('',(0.16,-10.32,8.54));
#2471=LINE('',#2470,#2157);
#2472=ORIENTED_EDGE('',*,*,#2473,.F.);
#2473=EDGE_CURVE('',#2451,#2469,#2474,.T.);
#2474=LINE('',#2475,#179);
#2475=CARTESIAN_POINT('',(-0.32,-10.32,8.54));
#2476=PLANE('',#2477);
#2477=AXIS2_PLACEMENT_3D('',#2478,#2226,#60);
#2478=CARTESIAN_POINT('',(-0.32,-10.4,8.46));
#2479=ADVANCED_FACE('',(#2480),#2488,.T.);
#2480=FACE_BOUND('',#2481,.T.);
#2481=EDGE_LOOP('',(#2482,#2483,#2433,#2484));
#2482=ORIENTED_EDGE('',*,*,#2468,.F.);
#2483=ORIENTED_EDGE('',*,*,#1695,.T.);
#2484=ORIENTED_EDGE('',*,*,#2485,.F.);
#2485=EDGE_CURVE('',#2469,#2435,#2486,.T.);
#2486=LINE('',#2487,#192);
#2487=CARTESIAN_POINT('',(0.16,-10.48,8.54));
#2488=PLANE('',#2489);
#2489=AXIS2_PLACEMENT_3D('',#2490,#2175,#193);
#2490=CARTESIAN_POINT('',(0.24,-10.48,8.46));
#2491=ADVANCED_FACE('',(#2492),#2509,.F.);
#2492=FACE_BOUND('',#2493,.T.);
#2493=EDGE_LOOP('',(#2494,#1708,#2500,#2505));
#2494=ORIENTED_EDGE('',*,*,#2495,.F.);
#2495=EDGE_CURVE('',#1706,#2496,#2498,.T.);
#2496=VERTEX_POINT('',#2497);
#2497=CARTESIAN_POINT('',(-0.16,-7.78,8.54));
#2498=LINE('',#2499,#2203);
#2499=CARTESIAN_POINT('',(-0.266666666667,-7.886666666667,8.433333333333));
#2500=ORIENTED_EDGE('',*,*,#2501,.T.);
#2501=EDGE_CURVE('',#1702,#2502,#2504,.T.);
#2502=VERTEX_POINT('',#2503);
#2503=CARTESIAN_POINT('',(0.16,-7.78,8.54));
#2504=LINE('',#2503,#2157);
#2505=ORIENTED_EDGE('',*,*,#2506,.F.);
#2506=EDGE_CURVE('',#2496,#2502,#2507,.T.);
#2507=LINE('',#2508,#179);
#2508=CARTESIAN_POINT('',(-0.32,-7.78,8.54));
#2509=PLANE('',#2510);
#2510=AXIS2_PLACEMENT_3D('',#2511,#2226,#60);
#2511=CARTESIAN_POINT('',(-0.32,-7.86,8.46));
#2512=ADVANCED_FACE('',(#2513),#2527,.T.);
#2513=FACE_BOUND('',#2514,.T.);
#2514=EDGE_LOOP('',(#2515,#2516,#2517,#2523));
#2515=ORIENTED_EDGE('',*,*,#2501,.F.);
#2516=ORIENTED_EDGE('',*,*,#1720,.T.);
#2517=ORIENTED_EDGE('',*,*,#2518,.T.);
#2518=EDGE_CURVE('',#1717,#2519,#2521,.T.);
#2519=VERTEX_POINT('',#2520);
#2520=CARTESIAN_POINT('',(0.16,-7.46,8.54));
#2521=LINE('',#2522,#2166);
#2522=CARTESIAN_POINT('',(5.333333333333E-02,-7.566666666667,8.646666666667));
#2523=ORIENTED_EDGE('',*,*,#2524,.F.);
#2524=EDGE_CURVE('',#2502,#2519,#2525,.T.);
#2525=LINE('',#2526,#192);
#2526=CARTESIAN_POINT('',(0.16,-7.94,8.54));
#2527=PLANE('',#2528);
#2528=AXIS2_PLACEMENT_3D('',#2529,#2175,#193);
#2529=CARTESIAN_POINT('',(0.24,-7.94,8.46));
#2530=ADVANCED_FACE('',(#2531),#2542,.T.);
#2531=FACE_BOUND('',#2532,.F.);
#2532=EDGE_LOOP('',(#2533,#1731,#2517,#2538));
#2533=ORIENTED_EDGE('',*,*,#2534,.F.);
#2534=EDGE_CURVE('',#1729,#2535,#2537,.T.);
#2535=VERTEX_POINT('',#2536);
#2536=CARTESIAN_POINT('',(-0.16,-7.46,8.54));
#2537=LINE('',#2536,#2184);
#2538=ORIENTED_EDGE('',*,*,#2539,.F.);
#2539=EDGE_CURVE('',#2535,#2519,#2540,.T.);
#2540=LINE('',#2541,#179);
#2541=CARTESIAN_POINT('',(-0.32,-7.46,8.54));
#2542=PLANE('',#2543);
#2543=AXIS2_PLACEMENT_3D('',#2544,#2193,#60);
#2544=CARTESIAN_POINT('',(-0.32,-7.38,8.46));
#2545=ADVANCED_FACE('',(#2546),#2554,.F.);
#2546=FACE_BOUND('',#2547,.F.);
#2547=EDGE_LOOP('',(#2494,#2548,#2549,#2550));
#2548=ORIENTED_EDGE('',*,*,#1739,.T.);
#2549=ORIENTED_EDGE('',*,*,#2534,.T.);
#2550=ORIENTED_EDGE('',*,*,#2551,.F.);
#2551=EDGE_CURVE('',#2496,#2535,#2552,.T.);
#2552=LINE('',#2553,#192);
#2553=CARTESIAN_POINT('',(-0.16,-7.94,8.54));
#2554=PLANE('',#2555);
#2555=AXIS2_PLACEMENT_3D('',#2556,#2214,#193);
#2556=CARTESIAN_POINT('',(-0.24,-7.94,8.46));
#2557=ADVANCED_FACE('',(#2558),#2562,.F.);
#2558=FACE_BOUND('',#2559,.F.);
#2559=EDGE_LOOP('',(#1778,#1798,#2560,#2561));
#2560=ORIENTED_EDGE('',*,*,#1812,.T.);
#2561=ORIENTED_EDGE('',*,*,#1760,.T.);
#2562=PLANE('',#2563);
#2563=AXIS2_PLACEMENT_3D('',#1160,#13,#14);
#2564=ADVANCED_FACE('',(#2565),#2569,.F.);
#2565=FACE_BOUND('',#2566,.F.);
#2566=EDGE_LOOP('',(#1849,#1866,#2567,#2568));
#2567=ORIENTED_EDGE('',*,*,#1879,.T.);
#2568=ORIENTED_EDGE('',*,*,#1834,.T.);
#2569=PLANE('',#2570);
#2570=AXIS2_PLACEMENT_3D('',#1220,#13,#14);
#2571=ADVANCED_FACE('',(#2572),#2576,.F.);
#2572=FACE_BOUND('',#2573,.F.);
#2573=EDGE_LOOP('',(#1915,#1932,#2574,#2575));
#2574=ORIENTED_EDGE('',*,*,#1945,.T.);
#2575=ORIENTED_EDGE('',*,*,#1900,.T.);
#2576=PLANE('',#2577);
#2577=AXIS2_PLACEMENT_3D('',#1280,#13,#14);
#2578=ADVANCED_FACE('',(#2579),#2583,.F.);
#2579=FACE_BOUND('',#2580,.F.);
#2580=EDGE_LOOP('',(#1999,#2010,#2581,#2582));
#2581=ORIENTED_EDGE('',*,*,#1967,.T.);
#2582=ORIENTED_EDGE('',*,*,#1984,.T.);
#2583=PLANE('',#2584);
#2584=AXIS2_PLACEMENT_3D('',#1314,#13,#14);
#2585=ADVANCED_FACE('',(#2586),#2590,.F.);
#2586=FACE_BOUND('',#2587,.F.);
#2587=EDGE_LOOP('',(#2032,#2049,#2588,#2589));
#2588=ORIENTED_EDGE('',*,*,#2066,.T.);
#2589=ORIENTED_EDGE('',*,*,#2077,.T.);
#2590=PLANE('',#2591);
#2591=AXIS2_PLACEMENT_3D('',#1385,#13,#14);
#2592=ADVANCED_FACE('',(#2593),#2597,.F.);
#2593=FACE_BOUND('',#2594,.F.);
#2594=EDGE_LOOP('',(#2131,#2142,#2595,#2596));
#2595=ORIENTED_EDGE('',*,*,#2099,.T.);
#2596=ORIENTED_EDGE('',*,*,#2116,.T.);
#2597=PLANE('',#2598);
#2598=AXIS2_PLACEMENT_3D('',#1434,#13,#14);
#2599=ADVANCED_FACE('',(#2600),#2604,.T.);
#2600=FACE_BOUND('',#2601,.T.);
#2601=EDGE_LOOP('',(#2602,#2186,#2207,#2603));
#2602=ORIENTED_EDGE('',*,*,#2169,.T.);
#2603=ORIENTED_EDGE('',*,*,#2220,.T.);
#2604=PLANE('',#2605);
#2605=AXIS2_PLACEMENT_3D('',#2606,#13,#14);
#2606=CARTESIAN_POINT('',(-0.32,-0.32,8.54));
#2607=ADVANCED_FACE('',(#2608),#2612,.T.);
#2608=FACE_BOUND('',#2609,.T.);
#2609=EDGE_LOOP('',(#2610,#2257,#2275,#2611));
#2610=ORIENTED_EDGE('',*,*,#2243,.T.);
#2611=ORIENTED_EDGE('',*,*,#2287,.T.);
#2612=PLANE('',#2613);
#2613=AXIS2_PLACEMENT_3D('',#2614,#13,#14);
#2614=CARTESIAN_POINT('',(-0.32,-5.4,8.54));
#2615=ADVANCED_FACE('',(#2616),#2620,.T.);
#2616=FACE_BOUND('',#2617,.T.);
#2617=EDGE_LOOP('',(#2618,#2323,#2341,#2619));
#2618=ORIENTED_EDGE('',*,*,#2309,.T.);
#2619=ORIENTED_EDGE('',*,*,#2353,.T.);
#2620=PLANE('',#2621);
#2621=AXIS2_PLACEMENT_3D('',#2622,#13,#14);
#2622=CARTESIAN_POINT('',(-0.32,-2.86,8.54));
#2623=ADVANCED_FACE('',(#2624),#2628,.T.);
#2624=FACE_BOUND('',#2625,.T.);
#2625=EDGE_LOOP('',(#2626,#2406,#2418,#2627));
#2626=ORIENTED_EDGE('',*,*,#2392,.T.);
#2627=ORIENTED_EDGE('',*,*,#2374,.T.);
#2628=PLANE('',#2629);
#2629=AXIS2_PLACEMENT_3D('',#2630,#13,#14);
#2630=CARTESIAN_POINT('',(-0.32,-13.02,8.54));
#2631=ADVANCED_FACE('',(#2632),#2636,.T.);
#2632=FACE_BOUND('',#2633,.T.);
#2633=EDGE_LOOP('',(#2634,#2439,#2457,#2635));
#2634=ORIENTED_EDGE('',*,*,#2485,.T.);
#2635=ORIENTED_EDGE('',*,*,#2473,.T.);
#2636=PLANE('',#2637);
#2637=AXIS2_PLACEMENT_3D('',#2638,#13,#14);
#2638=CARTESIAN_POINT('',(-0.32,-10.48,8.54));
#2639=ADVANCED_FACE('',(#2640),#2644,.T.);
#2640=FACE_BOUND('',#2641,.T.);
#2641=EDGE_LOOP('',(#2642,#2538,#2550,#2643));
#2642=ORIENTED_EDGE('',*,*,#2524,.T.);
#2643=ORIENTED_EDGE('',*,*,#2506,.T.);
#2644=PLANE('',#2645);
#2645=AXIS2_PLACEMENT_3D('',#2646,#13,#14);
#2646=CARTESIAN_POINT('',(-0.32,-7.94,8.54));
#2647=( GEOMETRIC_REPRESENTATION_CONTEXT(3) GLOBAL_UNCERTAINTY_ASSIGNED_CONTEXT((#2651)) GLOBAL_UNIT_ASSIGNED_CONTEXT((#2648,#2649,#2650)) REPRESENTATION_CONTEXT('Context #1','3D Context with UNIT and UNCERTAINTY') );
#2648=( LENGTH_UNIT() NAMED_UNIT(*) SI_UNIT(.MILLI.,.METRE.) );
#2649=( NAMED_UNIT(*) PLANE_ANGLE_UNIT() SI_UNIT($,.RADIAN.) );
#2650=( NAMED_UNIT(*) SI_UNIT($,.STERADIAN.) SOLID_ANGLE_UNIT() );
#2651=UNCERTAINTY_MEASURE_WITH_UNIT(LENGTH_MEASURE(2.E-05),#2648,'distance_accuracy_value','confusion accuracy');
#2652=MECHANICAL_DESIGN_GEOMETRIC_PRESENTATION_REPRESENTATION('',(#2653,#2661,#2662,#2663,#2664,#2665,#2666,#2667,#2668,#2669,#2670,#2671,#2672,#2673,#2674,#2675,#2676,#2677,#2678,#2679,#2680,#2681,#2682,#2683,#2684,#2685,#2686,#2687,#2688,#2689,#2690,#2691,#2692,#2693,#2694,#2695,#2696,#2697,#2698,#2699,#2700,#2708,#2709,#2710,#2711,#2712,#2713,#2714,#2715,#2716,#2717,#2718,#2719,#2720,#2721,#2722,#2723,#2724,#2725,#2726,#2727,#2728,#2729,#2730,#2731,#2732,#2733,#2734,#2735,#2736,#2737,#2738,#2739,#2740,#2741,#2742,#2743,#2744,#2745,#2746,#2747,#2748,#2749,#2750,#2751,#2752,#2753,#2754,#2755,#2756,#2757,#2758,#2759,#2760,#2761,#2762,#2763,#2764,#2765,#2766,#2767,#2768,#2769,#2770,#2771,#2772,#2773,#2774,#2775,#2776,#2777,#2778,#2779,#2780,#2781,#2782,#2783,#2784,#2785,#2786,#2787,#2788,#2789,#2790,#2791,#2792,#2793,#2794,#2795,#2796,#2797,#2798,#2799,#2800,#2801,#2802,#2803,#2804,#2805,#2806,#2807,#2808,#2809,#2810,#2811,#2812,#2813,#2814),#2647);
#2653=STYLED_ITEM('color',(#2654),#17);
#2654=PRESENTATION_STYLE_ASSIGNMENT((#2655));
#2655=SURFACE_STYLE_USAGE(.BOTH.,#2656);
#2656=SURFACE_SIDE_STYLE('',(#2657));
#2657=SURFACE_STYLE_FILL_AREA(#2658);
#2658=FILL_AREA_STYLE('',(#2659));
#2659=FILL_AREA_STYLE_COLOUR('',#2660);
#2660=COLOUR_RGB('',0.148000001907,0.144999995828,0.144999995828);
#2661=STYLED_ITEM('color',(#2654),#46);
#2662=STYLED_ITEM('color',(#2654),#68);
#2663=STYLED_ITEM('color',(#2654),#88);
#2664=STYLED_ITEM('color',(#2654),#434);
#2665=STYLED_ITEM('color',(#2654),#769);
#2666=STYLED_ITEM('color',(#2654),#779);
#2667=STYLED_ITEM('color',(#2654),#789);
#2668=STYLED_ITEM('color',(#2654),#799);
#2669=STYLED_ITEM('color',(#2654),#809);
#2670=STYLED_ITEM('color',(#2654),#819);
#2671=STYLED_ITEM('color',(#2654),#829);
#2672=STYLED_ITEM('color',(#2654),#839);
#2673=STYLED_ITEM('color',(#2654),#849);
#2674=STYLED_ITEM('color',(#2654),#859);
#2675=STYLED_ITEM('color',(#2654),#869);
#2676=STYLED_ITEM('color',(#2654),#879);
#2677=STYLED_ITEM('color',(#2654),#889);
#2678=STYLED_ITEM('color',(#2654),#899);
#2679=STYLED_ITEM('color',(#2654),#909);
#2680=STYLED_ITEM('color',(#2654),#919);
#2681=STYLED_ITEM('color',(#2654),#929);
#2682=STYLED_ITEM('color',(#2654),#939);
#2683=STYLED_ITEM('color',(#2654),#949);
#2684=STYLED_ITEM('color',(#2654),#959);
#2685=STYLED_ITEM('color',(#2654),#969);
#2686=STYLED_ITEM('color',(#2654),#979);
#2687=STYLED_ITEM('color',(#2654),#989);
#2688=STYLED_ITEM('color',(#2654),#999);
#2689=STYLED_ITEM('color',(#2654),#1009);
#2690=STYLED_ITEM('color',(#2654),#1019);
#2691=STYLED_ITEM('color',(#2654),#1029);
#2692=STYLED_ITEM('color',(#2654),#1039);
#2693=STYLED_ITEM('color',(#2654),#1049);
#2694=STYLED_ITEM('color',(#2654),#1059);
#2695=STYLED_ITEM('color',(#2654),#1069);
#2696=STYLED_ITEM('color',(#2654),#1079);
#2697=STYLED_ITEM('color',(#2654),#1089);
#2698=STYLED_ITEM('color',(#2654),#1099);
#2699=STYLED_ITEM('color',(#2654),#1109);
#2700=STYLED_ITEM('color',(#2701),#1117);
#2701=PRESENTATION_STYLE_ASSIGNMENT((#2702));
#2702=SURFACE_STYLE_USAGE(.BOTH.,#2703);
#2703=SURFACE_SIDE_STYLE('',(#2704));
#2704=SURFACE_STYLE_FILL_AREA(#2705);
#2705=FILL_AREA_STYLE('',(#2706));
#2706=FILL_AREA_STYLE_COLOUR('',#2707);
#2707=COLOUR_RGB('',0.85900002718,0.737999975681,0.495999991894);
#2708=STYLED_ITEM('color',(#2701),#1137);
#2709=STYLED_ITEM('color',(#2701),#1152);
#2710=STYLED_ITEM('color',(#2701),#1167);
#2711=STYLED_ITEM('color',(#2701),#1177);
#2712=STYLED_ITEM('color',(#2701),#1197);
#2713=STYLED_ITEM('color',(#2701),#1212);
#2714=STYLED_ITEM('color',(#2701),#1227);
#2715=STYLED_ITEM('color',(#2701),#1237);
#2716=STYLED_ITEM('color',(#2701),#1257);
#2717=STYLED_ITEM('color',(#2701),#1272);
#2718=STYLED_ITEM('color',(#2701),#1287);
#2719=STYLED_ITEM('color',(#2701),#1297);
#2720=STYLED_ITEM('color',(#2701),#1318);
#2721=STYLED_ITEM('color',(#2701),#1332);
#2722=STYLED_ITEM('color',(#2701),#1347);
#2723=STYLED_ITEM('color',(#2701),#1357);
#2724=STYLED_ITEM('color',(#2701),#1377);
#2725=STYLED_ITEM('color',(#2701),#1392);
#2726=STYLED_ITEM('color',(#2701),#1408);
#2727=STYLED_ITEM('color',(#2701),#1417);
#2728=STYLED_ITEM('color',(#2701),#1438);
#2729=STYLED_ITEM('color',(#2701),#1452);
#2730=STYLED_ITEM('color',(#2701),#1467);
#2731=STYLED_ITEM('color',(#2701),#1477);
#2732=STYLED_ITEM('color',(#2701),#1492);
#2733=STYLED_ITEM('color',(#2701),#1504);
#2734=STYLED_ITEM('color',(#2701),#1514);
#2735=STYLED_ITEM('color',(#2701),#1521);
#2736=STYLED_ITEM('color',(#2701),#1536);
#2737=STYLED_ITEM('color',(#2701),#1548);
#2738=STYLED_ITEM('color',(#2701),#1558);
#2739=STYLED_ITEM('color',(#2701),#1565);
#2740=STYLED_ITEM('color',(#2701),#1580);
#2741=STYLED_ITEM('color',(#2701),#1592);
#2742=STYLED_ITEM('color',(#2701),#1602);
#2743=STYLED_ITEM('color',(#2701),#1609);
#2744=STYLED_ITEM('color',(#2701),#1623);
#2745=STYLED_ITEM('color',(#2701),#1634);
#2746=STYLED_ITEM('color',(#2701),#1646);
#2747=STYLED_ITEM('color',(#2701),#1653);
#2748=STYLED_ITEM('color',(#2701),#1668);
#2749=STYLED_ITEM('color',(#2701),#1678);
#2750=STYLED_ITEM('color',(#2701),#1689);
#2751=STYLED_ITEM('color',(#2701),#1697);
#2752=STYLED_ITEM('color',(#2701),#1711);
#2753=STYLED_ITEM('color',(#2701),#1722);
#2754=STYLED_ITEM('color',(#2701),#1734);
#2755=STYLED_ITEM('color',(#2701),#1741);
#2756=STYLED_ITEM('color',(#2701),#1767);
#2757=STYLED_ITEM('color',(#2701),#1786);
#2758=STYLED_ITEM('color',(#2701),#1806);
#2759=STYLED_ITEM('color',(#2701),#1819);
#2760=STYLED_ITEM('color',(#2701),#1840);
#2761=STYLED_ITEM('color',(#2701),#1856);
#2762=STYLED_ITEM('color',(#2701),#1873);
#2763=STYLED_ITEM('color',(#2701),#1885);
#2764=STYLED_ITEM('color',(#2701),#1906);
#2765=STYLED_ITEM('color',(#2701),#1922);
#2766=STYLED_ITEM('color',(#2701),#1939);
#2767=STYLED_ITEM('color',(#2701),#1951);
#2768=STYLED_ITEM('color',(#2701),#1973);
#2769=STYLED_ITEM('color',(#2701),#1990);
#2770=STYLED_ITEM('color',(#2701),#2006);
#2771=STYLED_ITEM('color',(#2701),#2017);
#2772=STYLED_ITEM('color',(#2701),#2039);
#2773=STYLED_ITEM('color',(#2701),#2056);
#2774=STYLED_ITEM('color',(#2701),#2072);
#2775=STYLED_ITEM('color',(#2701),#2083);
#2776=STYLED_ITEM('color',(#2701),#2105);
#2777=STYLED_ITEM('color',(#2701),#2122);
#2778=STYLED_ITEM('color',(#2701),#2138);
#2779=STYLED_ITEM('color',(#2701),#2149);
#2780=STYLED_ITEM('color',(#2701),#2176);
#2781=STYLED_ITEM('color',(#2701),#2194);
#2782=STYLED_ITEM('color',(#2701),#2215);
#2783=STYLED_ITEM('color',(#2701),#2227);
#2784=STYLED_ITEM('color',(#2701),#2249);
#2785=STYLED_ITEM('color',(#2701),#2264);
#2786=STYLED_ITEM('color',(#2701),#2282);
#2787=STYLED_ITEM('color',(#2701),#2293);
#2788=STYLED_ITEM('color',(#2701),#2315);
#2789=STYLED_ITEM('color',(#2701),#2330);
#2790=STYLED_ITEM('color',(#2701),#2348);
#2791=STYLED_ITEM('color',(#2701),#2359);
#2792=STYLED_ITEM('color',(#2701),#2380);
#2793=STYLED_ITEM('color',(#2701),#2398);
#2794=STYLED_ITEM('color',(#2701),#2413);
#2795=STYLED_ITEM('color',(#2701),#2425);
#2796=STYLED_ITEM('color',(#2701),#2446);
#2797=STYLED_ITEM('color',(#2701),#2464);
#2798=STYLED_ITEM('color',(#2701),#2479);
#2799=STYLED_ITEM('color',(#2701),#2491);
#2800=STYLED_ITEM('color',(#2701),#2512);
#2801=STYLED_ITEM('color',(#2701),#2530);
#2802=STYLED_ITEM('color',(#2701),#2545);
#2803=STYLED_ITEM('color',(#2701),#2557);
#2804=STYLED_ITEM('color',(#2701),#2564);
#2805=STYLED_ITEM('color',(#2701),#2571);
#2806=STYLED_ITEM('color',(#2701),#2578);
#2807=STYLED_ITEM('color',(#2701),#2585);
#2808=STYLED_ITEM('color',(#2701),#2592);
#2809=STYLED_ITEM('color',(#2701),#2599);
#2810=STYLED_ITEM('color',(#2701),#2607);
#2811=STYLED_ITEM('color',(#2701),#2615);
#2812=STYLED_ITEM('color',(#2701),#2623);
#2813=STYLED_ITEM('color',(#2701),#2631);
#2814=STYLED_ITEM('color',(#2701),#2639);
ENDSEC;
END-ISO-10303-21;
