ISO-10303-21;
HEADER;
/* PinSocket_1x06_P2.54mm_Vertical.step 3D STEP model for use in ECAD systems
 * Copyright (C) 2024, KiCAD
 *
 * This work is licensed under the
 * [Creative Commons CC-BY-SA 4.0 License](https://creativecommons.org/licenses/by-sa/4.0/legalcode),
 * with the following exception:
 *
 * To the extent that the creation of electronic designs that use 'Licensed Material' can be
 * considered to be 'Adapted Material', then the copyright holder waives article 3 of the license
 * with respect to these designs and any generated files which use data provided as part of the
 * 'Licensed Material'.
 *
 * You are free to use the library data in your own projects without the obligation to share your
 * project files under this or any other license agreement. However, if you wish to distribute
 * these libraries, or parts thereof (including in modified form) as a collection then the exception
 * above does not apply. Please refer to
 * https://gitlab.com/kicad/libraries/kicad-packages3D/-/blob/master/LICENSE.md for further clarification
 * of the exception.
 *
 * Disclaimer of Warranties and Limitation of Liability.
 * These libraries are provided in the hope that they will be useful, but are provided without warranty of any kind, express or implied.
 * USE 3D CAD DATA AT YOUR OWN RISK
 * DO NOT RELY UPON ANY INFORMATION FOUND HERE WITHOUT INDEPENDENT VERIFICATION.
 */

FILE_DESCRIPTION(
/* description */ ('model of PinSocket_1x06_P2.54mm_Vertical'),
/* implementation_level */ '2;1');

FILE_NAME(
/* name */ 'PinSocket_1x06_P2.54mm_Vertical.step',
/* time_stamp */ '1970-01-01T00:00:00',
/* author */ ('KiCAD','kicad'),
/* organization */ ('OCCT'),
/* preprocessor_version */ '',
/* originating_system */ 'KiCAD',
/* authorisation */ '');

FILE_SCHEMA(('AUTOMOTIVE_DESIGN { 1 0 10303 214 1 1 1 1 }'));
ENDSEC;

DATA;
#1=APPLICATION_PROTOCOL_DEFINITION('international standard','automotive_design',2000,#2);
#2=APPLICATION_CONTEXT('core data for automotive mechanical design processes');
#3=SHAPE_DEFINITION_REPRESENTATION(#4,#10);
#4=PRODUCT_DEFINITION_SHAPE('','',#5);
#5=PRODUCT_DEFINITION('design','',#6,#9);
#6=PRODUCT_DEFINITION_FORMATION('','',#7);
#7=PRODUCT('PinSocket_1x06_P2.54mm_Vertical','PinSocket_1x06_P2.54mm_Vertical','',(#8));
#8=PRODUCT_CONTEXT('',#2,'mechanical');
#9=PRODUCT_DEFINITION_CONTEXT('part definition',#2,'design');
#10=ADVANCED_BREP_SHAPE_REPRESENTATION('',(#11,#15),#3027);
#11=AXIS2_PLACEMENT_3D('',#12,#13,#14);
#12=CARTESIAN_POINT('',(0.,0.,0.));
#13=DIRECTION('',(0.,0.,1.));
#14=DIRECTION('',(1.,0.,-0.));
#15=MANIFOLD_SOLID_BREP('',#16);
#16=CLOSED_SHELL('',(#17,#46,#85,#125,#137,#279,#290,#298,#561,#566,#574,#600,#620,#640,#654,#675,#692,#709,#722,#743,#760,#777,#790,#811,#828,#845,#858,#879,#896,#913,#926,#947,#964,#981,#994,#1003,#1038,#1044,#1073,#1081,#1111,#1117,#1146,#1154,#1184,#1190,#1219,#1227,#1257,#1263,#1292,#1300,#1330,#1336,#1365,#1373,#1403,#1409,#1438,#1456,#1491,#1505,#1536,#1554,#1589,#1603,#1634,#1652,#1687,#1701,#1732,#1750,#1785,#1799,#1830,#1848,#1883,#1897,#1928,#1946,#1981,#1995,#2026,#2036,#2047,#2057,#2068,#2076,#2086,#2096,#2106,#2116,#2124,#2134,#2144,#2154,#2164,#2172,#2182,#2192,#2202,#2212,#2220,#2230,#2240,#2250,#2260,#2268,#2278,#2288,#2298,#2308,#2316,#2326,#2333,#2363,#2377,#2400,#2409,#2419,#2426,#2453,#2467,#2490,#2499,#2509,#2516,#2543,#2557,#2580,#2589,#2599,#2606,#2633,#2647,#2670,#2679,#2689,#2696,#2723,#2737,#2760,#2769,#2779,#2786,#2813,#2827,#2850,#2859,#2869,#2879,#2887,#2897,#2907,#2915,#2925,#2935,#2943,#2953,#2963,#2971,#2981,#2991,#2999,#3009,#3019));
#17=ADVANCED_FACE('',(#18),#43,.F.);
#18=FACE_BOUND('',#19,.F.);
#19=EDGE_LOOP('',(#20,#28,#35,#40));
#20=ORIENTED_EDGE('',*,*,#21,.T.);
#21=EDGE_CURVE('',#22,#24,#26,.T.);
#22=VERTEX_POINT('',#23);
#23=CARTESIAN_POINT('',(1.27,-13.97,0.));
#24=VERTEX_POINT('',#25);
#25=CARTESIAN_POINT('',(1.27,-13.97,8.5));
#26=LINE('',#23,#27);
#27=VECTOR('',#13,1.);
#28=ORIENTED_EDGE('',*,*,#29,.T.);
#29=EDGE_CURVE('',#24,#30,#32,.T.);
#30=VERTEX_POINT('',#31);
#31=CARTESIAN_POINT('',(1.27,1.27,8.5));
#32=LINE('',#25,#33);
#33=VECTOR('',#34,1.);
#34=DIRECTION('',(1.110223024625E-16,1.,0.));
#35=ORIENTED_EDGE('',*,*,#36,.F.);
#36=EDGE_CURVE('',#37,#30,#39,.T.);
#37=VERTEX_POINT('',#38);
#38=CARTESIAN_POINT('',(1.27,1.27,0.));
#39=LINE('',#38,#27);
#40=ORIENTED_EDGE('',*,*,#41,.F.);
#41=EDGE_CURVE('',#22,#37,#42,.T.);
#42=LINE('',#23,#33);
#43=PLANE('',#44);
#44=AXIS2_PLACEMENT_3D('',#23,#45,#34);
#45=DIRECTION('',(-1.,1.110223024625E-16,0.));
#46=ADVANCED_FACE('',(#47),#83,.F.);
#47=FACE_BOUND('',#48,.F.);
#48=EDGE_LOOP('',(#49,#57,#62,#65,#66,#70,#75,#80));
#49=ORIENTED_EDGE('',*,*,#50,.F.);
#50=EDGE_CURVE('',#51,#53,#55,.T.);
#51=VERTEX_POINT('',#52);
#52=CARTESIAN_POINT('',(-1.27,-13.97,0.));
#53=VERTEX_POINT('',#54);
#54=CARTESIAN_POINT('',(-0.846666666667,-13.97,0.));
#55=LINE('',#52,#56);
#56=VECTOR('',#14,1.);
#57=ORIENTED_EDGE('',*,*,#58,.T.);
#58=EDGE_CURVE('',#51,#59,#61,.T.);
#59=VERTEX_POINT('',#60);
#60=CARTESIAN_POINT('',(-1.27,-13.97,8.5));
#61=LINE('',#52,#27);
#62=ORIENTED_EDGE('',*,*,#63,.T.);
#63=EDGE_CURVE('',#59,#24,#64,.T.);
#64=LINE('',#60,#56);
#65=ORIENTED_EDGE('',*,*,#21,.F.);
#66=ORIENTED_EDGE('',*,*,#67,.F.);
#67=EDGE_CURVE('',#68,#22,#55,.T.);
#68=VERTEX_POINT('',#69);
#69=CARTESIAN_POINT('',(0.846666666667,-13.97,0.));
#70=ORIENTED_EDGE('',*,*,#71,.T.);
#71=EDGE_CURVE('',#68,#72,#74,.T.);
#72=VERTEX_POINT('',#73);
#73=CARTESIAN_POINT('',(0.846666666667,-13.97,0.2));
#74=LINE('',#69,#27);
#75=ORIENTED_EDGE('',*,*,#76,.F.);
#76=EDGE_CURVE('',#77,#72,#79,.T.);
#77=VERTEX_POINT('',#78);
#78=CARTESIAN_POINT('',(-0.846666666667,-13.97,0.2));
#79=LINE('',#78,#56);
#80=ORIENTED_EDGE('',*,*,#81,.F.);
#81=EDGE_CURVE('',#53,#77,#82,.T.);
#82=LINE('',#54,#27);
#83=PLANE('',#84);
#84=AXIS2_PLACEMENT_3D('',#52,#34,#14);
#85=ADVANCED_FACE('',(#86),#122,.F.);
#86=FACE_BOUND('',#87,.F.);
#87=EDGE_LOOP('',(#88,#94,#95,#100,#105,#109,#114,#119));
#88=ORIENTED_EDGE('',*,*,#89,.F.);
#89=EDGE_CURVE('',#37,#90,#92,.T.);
#90=VERTEX_POINT('',#91);
#91=CARTESIAN_POINT('',(0.846666666667,1.27,0.));
#92=LINE('',#38,#93);
#93=VECTOR('',#45,1.);
#94=ORIENTED_EDGE('',*,*,#36,.T.);
#95=ORIENTED_EDGE('',*,*,#96,.T.);
#96=EDGE_CURVE('',#30,#97,#99,.T.);
#97=VERTEX_POINT('',#98);
#98=CARTESIAN_POINT('',(-1.27,1.27,8.5));
#99=LINE('',#31,#93);
#100=ORIENTED_EDGE('',*,*,#101,.F.);
#101=EDGE_CURVE('',#102,#97,#104,.T.);
#102=VERTEX_POINT('',#103);
#103=CARTESIAN_POINT('',(-1.27,1.27,0.));
#104=LINE('',#103,#27);
#105=ORIENTED_EDGE('',*,*,#106,.F.);
#106=EDGE_CURVE('',#107,#102,#92,.T.);
#107=VERTEX_POINT('',#108);
#108=CARTESIAN_POINT('',(-0.846666666667,1.27,0.));
#109=ORIENTED_EDGE('',*,*,#110,.T.);
#110=EDGE_CURVE('',#107,#111,#113,.T.);
#111=VERTEX_POINT('',#112);
#112=CARTESIAN_POINT('',(-0.846666666667,1.27,0.2));
#113=LINE('',#108,#27);
#114=ORIENTED_EDGE('',*,*,#115,.F.);
#115=EDGE_CURVE('',#116,#111,#118,.T.);
#116=VERTEX_POINT('',#117);
#117=CARTESIAN_POINT('',(0.846666666667,1.27,0.2));
#118=LINE('',#117,#93);
#119=ORIENTED_EDGE('',*,*,#120,.F.);
#120=EDGE_CURVE('',#90,#116,#121,.T.);
#121=LINE('',#91,#27);
#122=PLANE('',#123);
#123=AXIS2_PLACEMENT_3D('',#38,#124,#45);
#124=DIRECTION('',(-1.110223024625E-16,-1.,0.));
#125=ADVANCED_FACE('',(#126),#134,.F.);
#126=FACE_BOUND('',#127,.F.);
#127=EDGE_LOOP('',(#128,#129,#130,#131));
#128=ORIENTED_EDGE('',*,*,#67,.T.);
#129=ORIENTED_EDGE('',*,*,#41,.T.);
#130=ORIENTED_EDGE('',*,*,#89,.T.);
#131=ORIENTED_EDGE('',*,*,#132,.F.);
#132=EDGE_CURVE('',#68,#90,#133,.T.);
#133=LINE('',#69,#33);
#134=PLANE('',#135);
#135=AXIS2_PLACEMENT_3D('',#136,#13,#34);
#136=CARTESIAN_POINT('',(-6.772360450213E-16,-6.35,0.));
#137=ADVANCED_FACE('',(#138,#144,#166,#188,#210,#232,#254),#276,.T.);
#138=FACE_BOUND('',#139,.T.);
#139=EDGE_LOOP('',(#28,#95,#140,#62));
#140=ORIENTED_EDGE('',*,*,#141,.T.);
#141=EDGE_CURVE('',#97,#59,#142,.T.);
#142=LINE('',#98,#143);
#143=VECTOR('',#124,1.);
#144=FACE_BOUND('',#145,.T.);
#145=EDGE_LOOP('',(#146,#153,#158,#163));
#146=ORIENTED_EDGE('',*,*,#147,.F.);
#147=EDGE_CURVE('',#148,#150,#152,.T.);
#148=VERTEX_POINT('',#149);
#149=CARTESIAN_POINT('',(0.6,-13.3,8.5));
#150=VERTEX_POINT('',#151);
#151=CARTESIAN_POINT('',(0.6,-12.1,8.5));
#152=LINE('',#149,#33);
#153=ORIENTED_EDGE('',*,*,#154,.F.);
#154=EDGE_CURVE('',#155,#148,#157,.T.);
#155=VERTEX_POINT('',#156);
#156=CARTESIAN_POINT('',(-0.6,-13.3,8.5));
#157=LINE('',#156,#56);
#158=ORIENTED_EDGE('',*,*,#159,.F.);
#159=EDGE_CURVE('',#160,#155,#162,.T.);
#160=VERTEX_POINT('',#161);
#161=CARTESIAN_POINT('',(-0.6,-12.1,8.5));
#162=LINE('',#161,#143);
#163=ORIENTED_EDGE('',*,*,#164,.F.);
#164=EDGE_CURVE('',#150,#160,#165,.T.);
#165=LINE('',#151,#93);
#166=FACE_BOUND('',#167,.T.);
#167=EDGE_LOOP('',(#168,#175,#180,#185));
#168=ORIENTED_EDGE('',*,*,#169,.F.);
#169=EDGE_CURVE('',#170,#172,#174,.T.);
#170=VERTEX_POINT('',#171);
#171=CARTESIAN_POINT('',(0.6,-10.76,8.5));
#172=VERTEX_POINT('',#173);
#173=CARTESIAN_POINT('',(0.6,-9.56,8.5));
#174=LINE('',#171,#33);
#175=ORIENTED_EDGE('',*,*,#176,.F.);
#176=EDGE_CURVE('',#177,#170,#179,.T.);
#177=VERTEX_POINT('',#178);
#178=CARTESIAN_POINT('',(-0.6,-10.76,8.5));
#179=LINE('',#178,#56);
#180=ORIENTED_EDGE('',*,*,#181,.F.);
#181=EDGE_CURVE('',#182,#177,#184,.T.);
#182=VERTEX_POINT('',#183);
#183=CARTESIAN_POINT('',(-0.6,-9.56,8.5));
#184=LINE('',#183,#143);
#185=ORIENTED_EDGE('',*,*,#186,.F.);
#186=EDGE_CURVE('',#172,#182,#187,.T.);
#187=LINE('',#173,#93);
#188=FACE_BOUND('',#189,.T.);
#189=EDGE_LOOP('',(#190,#197,#202,#207));
#190=ORIENTED_EDGE('',*,*,#191,.F.);
#191=EDGE_CURVE('',#192,#194,#196,.T.);
#192=VERTEX_POINT('',#193);
#193=CARTESIAN_POINT('',(0.6,-8.22,8.5));
#194=VERTEX_POINT('',#195);
#195=CARTESIAN_POINT('',(0.6,-7.02,8.5));
#196=LINE('',#193,#33);
#197=ORIENTED_EDGE('',*,*,#198,.F.);
#198=EDGE_CURVE('',#199,#192,#201,.T.);
#199=VERTEX_POINT('',#200);
#200=CARTESIAN_POINT('',(-0.6,-8.22,8.5));
#201=LINE('',#200,#56);
#202=ORIENTED_EDGE('',*,*,#203,.F.);
#203=EDGE_CURVE('',#204,#199,#206,.T.);
#204=VERTEX_POINT('',#205);
#205=CARTESIAN_POINT('',(-0.6,-7.02,8.5));
#206=LINE('',#205,#143);
#207=ORIENTED_EDGE('',*,*,#208,.F.);
#208=EDGE_CURVE('',#194,#204,#209,.T.);
#209=LINE('',#195,#93);
#210=FACE_BOUND('',#211,.T.);
#211=EDGE_LOOP('',(#212,#219,#224,#229));
#212=ORIENTED_EDGE('',*,*,#213,.F.);
#213=EDGE_CURVE('',#214,#216,#218,.T.);
#214=VERTEX_POINT('',#215);
#215=CARTESIAN_POINT('',(0.6,-5.68,8.5));
#216=VERTEX_POINT('',#217);
#217=CARTESIAN_POINT('',(0.6,-4.48,8.5));
#218=LINE('',#215,#33);
#219=ORIENTED_EDGE('',*,*,#220,.F.);
#220=EDGE_CURVE('',#221,#214,#223,.T.);
#221=VERTEX_POINT('',#222);
#222=CARTESIAN_POINT('',(-0.6,-5.68,8.5));
#223=LINE('',#222,#56);
#224=ORIENTED_EDGE('',*,*,#225,.F.);
#225=EDGE_CURVE('',#226,#221,#228,.T.);
#226=VERTEX_POINT('',#227);
#227=CARTESIAN_POINT('',(-0.6,-4.48,8.5));
#228=LINE('',#227,#143);
#229=ORIENTED_EDGE('',*,*,#230,.F.);
#230=EDGE_CURVE('',#216,#226,#231,.T.);
#231=LINE('',#217,#93);
#232=FACE_BOUND('',#233,.T.);
#233=EDGE_LOOP('',(#234,#241,#246,#251));
#234=ORIENTED_EDGE('',*,*,#235,.F.);
#235=EDGE_CURVE('',#236,#238,#240,.T.);
#236=VERTEX_POINT('',#237);
#237=CARTESIAN_POINT('',(0.6,-3.14,8.5));
#238=VERTEX_POINT('',#239);
#239=CARTESIAN_POINT('',(0.6,-1.94,8.5));
#240=LINE('',#237,#33);
#241=ORIENTED_EDGE('',*,*,#242,.F.);
#242=EDGE_CURVE('',#243,#236,#245,.T.);
#243=VERTEX_POINT('',#244);
#244=CARTESIAN_POINT('',(-0.6,-3.14,8.5));
#245=LINE('',#244,#56);
#246=ORIENTED_EDGE('',*,*,#247,.F.);
#247=EDGE_CURVE('',#248,#243,#250,.T.);
#248=VERTEX_POINT('',#249);
#249=CARTESIAN_POINT('',(-0.6,-1.94,8.5));
#250=LINE('',#249,#143);
#251=ORIENTED_EDGE('',*,*,#252,.F.);
#252=EDGE_CURVE('',#238,#248,#253,.T.);
#253=LINE('',#239,#93);
#254=FACE_BOUND('',#255,.T.);
#255=EDGE_LOOP('',(#256,#263,#268,#273));
#256=ORIENTED_EDGE('',*,*,#257,.F.);
#257=EDGE_CURVE('',#258,#260,#262,.T.);
#258=VERTEX_POINT('',#259);
#259=CARTESIAN_POINT('',(0.6,-0.6,8.5));
#260=VERTEX_POINT('',#261);
#261=CARTESIAN_POINT('',(0.6,0.6,8.5));
#262=LINE('',#259,#33);
#263=ORIENTED_EDGE('',*,*,#264,.F.);
#264=EDGE_CURVE('',#265,#258,#267,.T.);
#265=VERTEX_POINT('',#266);
#266=CARTESIAN_POINT('',(-0.6,-0.6,8.5));
#267=LINE('',#266,#56);
#268=ORIENTED_EDGE('',*,*,#269,.F.);
#269=EDGE_CURVE('',#270,#265,#272,.T.);
#270=VERTEX_POINT('',#271);
#271=CARTESIAN_POINT('',(-0.6,0.6,8.5));
#272=LINE('',#271,#143);
#273=ORIENTED_EDGE('',*,*,#274,.F.);
#274=EDGE_CURVE('',#260,#270,#275,.T.);
#275=LINE('',#261,#93);
#276=PLANE('',#277);
#277=AXIS2_PLACEMENT_3D('',#278,#13,#34);
#278=CARTESIAN_POINT('',(-6.772360450213E-16,-6.35,8.5));
#279=ADVANCED_FACE('',(#280),#134,.F.);
#280=FACE_BOUND('',#281,.F.);
#281=EDGE_LOOP('',(#282,#283,#286,#287));
#282=ORIENTED_EDGE('',*,*,#50,.T.);
#283=ORIENTED_EDGE('',*,*,#284,.F.);
#284=EDGE_CURVE('',#107,#53,#285,.T.);
#285=LINE('',#108,#143);
#286=ORIENTED_EDGE('',*,*,#106,.T.);
#287=ORIENTED_EDGE('',*,*,#288,.T.);
#288=EDGE_CURVE('',#102,#51,#289,.T.);
#289=LINE('',#103,#143);
#290=ADVANCED_FACE('',(#291),#296,.T.);
#291=FACE_BOUND('',#292,.T.);
#292=EDGE_LOOP('',(#109,#293,#80,#283));
#293=ORIENTED_EDGE('',*,*,#294,.T.);
#294=EDGE_CURVE('',#111,#77,#295,.T.);
#295=LINE('',#112,#143);
#296=PLANE('',#297);
#297=AXIS2_PLACEMENT_3D('',#108,#14,#124);
#298=ADVANCED_FACE('',(#299,#306,#348,#390,#432,#474,#516),#558,.F.);
#299=FACE_BOUND('',#300,.F.);
#300=EDGE_LOOP('',(#301,#304,#293,#305));
#301=ORIENTED_EDGE('',*,*,#302,.T.);
#302=EDGE_CURVE('',#72,#116,#303,.T.);
#303=LINE('',#73,#33);
#304=ORIENTED_EDGE('',*,*,#115,.T.);
#305=ORIENTED_EDGE('',*,*,#76,.T.);
#306=FACE_BOUND('',#307,.F.);
#307=EDGE_LOOP('',(#308,#315,#320,#326,#330,#335,#340,#346));
#308=ORIENTED_EDGE('',*,*,#309,.F.);
#309=EDGE_CURVE('',#310,#312,#314,.T.);
#310=VERTEX_POINT('',#311);
#311=CARTESIAN_POINT('',(-0.1,-13.15,0.2));
#312=VERTEX_POINT('',#313);
#313=CARTESIAN_POINT('',(1.E-01,-13.15,0.2));
#314=LINE('',#311,#56);
#315=ORIENTED_EDGE('',*,*,#316,.T.);
#316=EDGE_CURVE('',#310,#317,#319,.T.);
#317=VERTEX_POINT('',#318);
#318=CARTESIAN_POINT('',(-0.1,-13.,0.2));
#319=LINE('',#311,#33);
#320=ORIENTED_EDGE('',*,*,#321,.F.);
#321=EDGE_CURVE('',#322,#317,#324,.T.);
#322=VERTEX_POINT('',#323);
#323=CARTESIAN_POINT('',(-0.1,-12.4,0.2));
#324=LINE('',#325,#143);
#325=CARTESIAN_POINT('',(-0.1,-9.525,0.2));
#326=ORIENTED_EDGE('',*,*,#327,.T.);
#327=EDGE_CURVE('',#322,#328,#319,.T.);
#328=VERTEX_POINT('',#329);
#329=CARTESIAN_POINT('',(-0.1,-12.25,0.2));
#330=ORIENTED_EDGE('',*,*,#331,.T.);
#331=EDGE_CURVE('',#328,#332,#334,.T.);
#332=VERTEX_POINT('',#333);
#333=CARTESIAN_POINT('',(1.E-01,-12.25,0.2));
#334=LINE('',#329,#56);
#335=ORIENTED_EDGE('',*,*,#336,.T.);
#336=EDGE_CURVE('',#332,#337,#339,.T.);
#337=VERTEX_POINT('',#338);
#338=CARTESIAN_POINT('',(1.E-01,-12.4,0.2));
#339=LINE('',#333,#143);
#340=ORIENTED_EDGE('',*,*,#341,.T.);
#341=EDGE_CURVE('',#337,#342,#344,.T.);
#342=VERTEX_POINT('',#343);
#343=CARTESIAN_POINT('',(1.E-01,-13.,0.2));
#344=LINE('',#345,#143);
#345=CARTESIAN_POINT('',(1.E-01,-9.525,0.2));
#346=ORIENTED_EDGE('',*,*,#347,.T.);
#347=EDGE_CURVE('',#342,#312,#339,.T.);
#348=FACE_BOUND('',#349,.F.);
#349=EDGE_LOOP('',(#350,#357,#362,#368,#372,#377,#382,#388));
#350=ORIENTED_EDGE('',*,*,#351,.F.);
#351=EDGE_CURVE('',#352,#354,#356,.T.);
#352=VERTEX_POINT('',#353);
#353=CARTESIAN_POINT('',(-0.1,-10.61,0.2));
#354=VERTEX_POINT('',#355);
#355=CARTESIAN_POINT('',(1.E-01,-10.61,0.2));
#356=LINE('',#353,#56);
#357=ORIENTED_EDGE('',*,*,#358,.T.);
#358=EDGE_CURVE('',#352,#359,#361,.T.);
#359=VERTEX_POINT('',#360);
#360=CARTESIAN_POINT('',(-0.1,-10.46,0.2));
#361=LINE('',#353,#33);
#362=ORIENTED_EDGE('',*,*,#363,.F.);
#363=EDGE_CURVE('',#364,#359,#366,.T.);
#364=VERTEX_POINT('',#365);
#365=CARTESIAN_POINT('',(-0.1,-9.86,0.2));
#366=LINE('',#367,#143);
#367=CARTESIAN_POINT('',(-0.1,-8.255,0.2));
#368=ORIENTED_EDGE('',*,*,#369,.T.);
#369=EDGE_CURVE('',#364,#370,#361,.T.);
#370=VERTEX_POINT('',#371);
#371=CARTESIAN_POINT('',(-0.1,-9.71,0.2));
#372=ORIENTED_EDGE('',*,*,#373,.T.);
#373=EDGE_CURVE('',#370,#374,#376,.T.);
#374=VERTEX_POINT('',#375);
#375=CARTESIAN_POINT('',(1.E-01,-9.71,0.2));
#376=LINE('',#371,#56);
#377=ORIENTED_EDGE('',*,*,#378,.T.);
#378=EDGE_CURVE('',#374,#379,#381,.T.);
#379=VERTEX_POINT('',#380);
#380=CARTESIAN_POINT('',(1.E-01,-9.86,0.2));
#381=LINE('',#375,#143);
#382=ORIENTED_EDGE('',*,*,#383,.T.);
#383=EDGE_CURVE('',#379,#384,#386,.T.);
#384=VERTEX_POINT('',#385);
#385=CARTESIAN_POINT('',(1.E-01,-10.46,0.2));
#386=LINE('',#387,#143);
#387=CARTESIAN_POINT('',(1.E-01,-8.255,0.2));
#388=ORIENTED_EDGE('',*,*,#389,.T.);
#389=EDGE_CURVE('',#384,#354,#381,.T.);
#390=FACE_BOUND('',#391,.F.);
#391=EDGE_LOOP('',(#392,#399,#404,#410,#414,#419,#424,#430));
#392=ORIENTED_EDGE('',*,*,#393,.F.);
#393=EDGE_CURVE('',#394,#396,#398,.T.);
#394=VERTEX_POINT('',#395);
#395=CARTESIAN_POINT('',(-0.1,-8.07,0.2));
#396=VERTEX_POINT('',#397);
#397=CARTESIAN_POINT('',(1.E-01,-8.07,0.2));
#398=LINE('',#395,#56);
#399=ORIENTED_EDGE('',*,*,#400,.T.);
#400=EDGE_CURVE('',#394,#401,#403,.T.);
#401=VERTEX_POINT('',#402);
#402=CARTESIAN_POINT('',(-0.1,-7.92,0.2));
#403=LINE('',#395,#33);
#404=ORIENTED_EDGE('',*,*,#405,.F.);
#405=EDGE_CURVE('',#406,#401,#408,.T.);
#406=VERTEX_POINT('',#407);
#407=CARTESIAN_POINT('',(-0.1,-7.32,0.2));
#408=LINE('',#409,#143);
#409=CARTESIAN_POINT('',(-0.1,-6.985,0.2));
#410=ORIENTED_EDGE('',*,*,#411,.T.);
#411=EDGE_CURVE('',#406,#412,#403,.T.);
#412=VERTEX_POINT('',#413);
#413=CARTESIAN_POINT('',(-0.1,-7.17,0.2));
#414=ORIENTED_EDGE('',*,*,#415,.T.);
#415=EDGE_CURVE('',#412,#416,#418,.T.);
#416=VERTEX_POINT('',#417);
#417=CARTESIAN_POINT('',(1.E-01,-7.17,0.2));
#418=LINE('',#413,#56);
#419=ORIENTED_EDGE('',*,*,#420,.T.);
#420=EDGE_CURVE('',#416,#421,#423,.T.);
#421=VERTEX_POINT('',#422);
#422=CARTESIAN_POINT('',(1.E-01,-7.32,0.2));
#423=LINE('',#417,#143);
#424=ORIENTED_EDGE('',*,*,#425,.T.);
#425=EDGE_CURVE('',#421,#426,#428,.T.);
#426=VERTEX_POINT('',#427);
#427=CARTESIAN_POINT('',(1.E-01,-7.92,0.2));
#428=LINE('',#429,#143);
#429=CARTESIAN_POINT('',(1.E-01,-6.985,0.2));
#430=ORIENTED_EDGE('',*,*,#431,.T.);
#431=EDGE_CURVE('',#426,#396,#423,.T.);
#432=FACE_BOUND('',#433,.F.);
#433=EDGE_LOOP('',(#434,#441,#446,#452,#456,#461,#466,#472));
#434=ORIENTED_EDGE('',*,*,#435,.F.);
#435=EDGE_CURVE('',#436,#438,#440,.T.);
#436=VERTEX_POINT('',#437);
#437=CARTESIAN_POINT('',(-0.1,-5.53,0.2));
#438=VERTEX_POINT('',#439);
#439=CARTESIAN_POINT('',(1.E-01,-5.53,0.2));
#440=LINE('',#437,#56);
#441=ORIENTED_EDGE('',*,*,#442,.T.);
#442=EDGE_CURVE('',#436,#443,#445,.T.);
#443=VERTEX_POINT('',#444);
#444=CARTESIAN_POINT('',(-0.1,-5.38,0.2));
#445=LINE('',#437,#33);
#446=ORIENTED_EDGE('',*,*,#447,.F.);
#447=EDGE_CURVE('',#448,#443,#450,.T.);
#448=VERTEX_POINT('',#449);
#449=CARTESIAN_POINT('',(-0.1,-4.78,0.2));
#450=LINE('',#451,#143);
#451=CARTESIAN_POINT('',(-0.1,-5.715,0.2));
#452=ORIENTED_EDGE('',*,*,#453,.T.);
#453=EDGE_CURVE('',#448,#454,#445,.T.);
#454=VERTEX_POINT('',#455);
#455=CARTESIAN_POINT('',(-0.1,-4.63,0.2));
#456=ORIENTED_EDGE('',*,*,#457,.T.);
#457=EDGE_CURVE('',#454,#458,#460,.T.);
#458=VERTEX_POINT('',#459);
#459=CARTESIAN_POINT('',(1.E-01,-4.63,0.2));
#460=LINE('',#455,#56);
#461=ORIENTED_EDGE('',*,*,#462,.T.);
#462=EDGE_CURVE('',#458,#463,#465,.T.);
#463=VERTEX_POINT('',#464);
#464=CARTESIAN_POINT('',(1.E-01,-4.78,0.2));
#465=LINE('',#459,#143);
#466=ORIENTED_EDGE('',*,*,#467,.T.);
#467=EDGE_CURVE('',#463,#468,#470,.T.);
#468=VERTEX_POINT('',#469);
#469=CARTESIAN_POINT('',(1.E-01,-5.38,0.2));
#470=LINE('',#471,#143);
#471=CARTESIAN_POINT('',(1.E-01,-5.715,0.2));
#472=ORIENTED_EDGE('',*,*,#473,.T.);
#473=EDGE_CURVE('',#468,#438,#465,.T.);
#474=FACE_BOUND('',#475,.F.);
#475=EDGE_LOOP('',(#476,#483,#488,#494,#498,#503,#508,#514));
#476=ORIENTED_EDGE('',*,*,#477,.F.);
#477=EDGE_CURVE('',#478,#480,#482,.T.);
#478=VERTEX_POINT('',#479);
#479=CARTESIAN_POINT('',(-0.1,-2.99,0.2));
#480=VERTEX_POINT('',#481);
#481=CARTESIAN_POINT('',(1.E-01,-2.99,0.2));
#482=LINE('',#479,#56);
#483=ORIENTED_EDGE('',*,*,#484,.T.);
#484=EDGE_CURVE('',#478,#485,#487,.T.);
#485=VERTEX_POINT('',#486);
#486=CARTESIAN_POINT('',(-0.1,-2.84,0.2));
#487=LINE('',#479,#33);
#488=ORIENTED_EDGE('',*,*,#489,.F.);
#489=EDGE_CURVE('',#490,#485,#492,.T.);
#490=VERTEX_POINT('',#491);
#491=CARTESIAN_POINT('',(-0.1,-2.24,0.2));
#492=LINE('',#493,#143);
#493=CARTESIAN_POINT('',(-0.1,-4.445,0.2));
#494=ORIENTED_EDGE('',*,*,#495,.T.);
#495=EDGE_CURVE('',#490,#496,#487,.T.);
#496=VERTEX_POINT('',#497);
#497=CARTESIAN_POINT('',(-0.1,-2.09,0.2));
#498=ORIENTED_EDGE('',*,*,#499,.T.);
#499=EDGE_CURVE('',#496,#500,#502,.T.);
#500=VERTEX_POINT('',#501);
#501=CARTESIAN_POINT('',(1.E-01,-2.09,0.2));
#502=LINE('',#497,#56);
#503=ORIENTED_EDGE('',*,*,#504,.T.);
#504=EDGE_CURVE('',#500,#505,#507,.T.);
#505=VERTEX_POINT('',#506);
#506=CARTESIAN_POINT('',(1.E-01,-2.24,0.2));
#507=LINE('',#501,#143);
#508=ORIENTED_EDGE('',*,*,#509,.T.);
#509=EDGE_CURVE('',#505,#510,#512,.T.);
#510=VERTEX_POINT('',#511);
#511=CARTESIAN_POINT('',(1.E-01,-2.84,0.2));
#512=LINE('',#513,#143);
#513=CARTESIAN_POINT('',(1.E-01,-4.445,0.2));
#514=ORIENTED_EDGE('',*,*,#515,.T.);
#515=EDGE_CURVE('',#510,#480,#507,.T.);
#516=FACE_BOUND('',#517,.F.);
#517=EDGE_LOOP('',(#518,#525,#530,#536,#540,#545,#550,#556));
#518=ORIENTED_EDGE('',*,*,#519,.F.);
#519=EDGE_CURVE('',#520,#522,#524,.T.);
#520=VERTEX_POINT('',#521);
#521=CARTESIAN_POINT('',(-0.1,-0.45,0.2));
#522=VERTEX_POINT('',#523);
#523=CARTESIAN_POINT('',(1.E-01,-0.45,0.2));
#524=LINE('',#521,#56);
#525=ORIENTED_EDGE('',*,*,#526,.T.);
#526=EDGE_CURVE('',#520,#527,#529,.T.);
#527=VERTEX_POINT('',#528);
#528=CARTESIAN_POINT('',(-0.1,-0.3,0.2));
#529=LINE('',#521,#33);
#530=ORIENTED_EDGE('',*,*,#531,.F.);
#531=EDGE_CURVE('',#532,#527,#534,.T.);
#532=VERTEX_POINT('',#533);
#533=CARTESIAN_POINT('',(-1.E-01,0.3,0.2));
#534=LINE('',#535,#143);
#535=CARTESIAN_POINT('',(-0.1,-3.175,0.2));
#536=ORIENTED_EDGE('',*,*,#537,.T.);
#537=EDGE_CURVE('',#532,#538,#529,.T.);
#538=VERTEX_POINT('',#539);
#539=CARTESIAN_POINT('',(-1.E-01,0.45,0.2));
#540=ORIENTED_EDGE('',*,*,#541,.T.);
#541=EDGE_CURVE('',#538,#542,#544,.T.);
#542=VERTEX_POINT('',#543);
#543=CARTESIAN_POINT('',(0.1,0.45,0.2));
#544=LINE('',#539,#56);
#545=ORIENTED_EDGE('',*,*,#546,.T.);
#546=EDGE_CURVE('',#542,#547,#549,.T.);
#547=VERTEX_POINT('',#548);
#548=CARTESIAN_POINT('',(0.1,0.3,0.2));
#549=LINE('',#543,#143);
#550=ORIENTED_EDGE('',*,*,#551,.T.);
#551=EDGE_CURVE('',#547,#552,#554,.T.);
#552=VERTEX_POINT('',#553);
#553=CARTESIAN_POINT('',(0.1,-0.3,0.2));
#554=LINE('',#555,#143);
#555=CARTESIAN_POINT('',(1.E-01,-3.175,0.2));
#556=ORIENTED_EDGE('',*,*,#557,.T.);
#557=EDGE_CURVE('',#552,#522,#549,.T.);
#558=PLANE('',#559);
#559=AXIS2_PLACEMENT_3D('',#560,#13,#34);
#560=CARTESIAN_POINT('',(-6.772360450213E-16,-6.35,0.2));
#561=ADVANCED_FACE('',(#562),#564,.T.);
#562=FACE_BOUND('',#563,.T.);
#563=EDGE_LOOP('',(#70,#301,#119,#131));
#564=PLANE('',#565);
#565=AXIS2_PLACEMENT_3D('',#69,#45,#34);
#566=ADVANCED_FACE('',(#567),#572,.F.);
#567=FACE_BOUND('',#568,.F.);
#568=EDGE_LOOP('',(#569,#140,#570,#571));
#569=ORIENTED_EDGE('',*,*,#101,.T.);
#570=ORIENTED_EDGE('',*,*,#58,.F.);
#571=ORIENTED_EDGE('',*,*,#288,.F.);
#572=PLANE('',#573);
#573=AXIS2_PLACEMENT_3D('',#103,#14,#124);
#574=ADVANCED_FACE('',(#575),#596,.T.);
#575=FACE_BOUND('',#576,.T.);
#576=EDGE_LOOP('',(#577,#584,#585,#592));
#577=ORIENTED_EDGE('',*,*,#578,.F.);
#578=EDGE_CURVE('',#148,#579,#581,.T.);
#579=VERTEX_POINT('',#580);
#580=CARTESIAN_POINT('',(0.3,-13.,8.2));
#581=LINE('',#580,#582);
#582=VECTOR('',#583,1.);
#583=DIRECTION('',(-0.57735026919,0.57735026919,-0.57735026919));
#584=ORIENTED_EDGE('',*,*,#147,.T.);
#585=ORIENTED_EDGE('',*,*,#586,.T.);
#586=EDGE_CURVE('',#150,#587,#589,.T.);
#587=VERTEX_POINT('',#588);
#588=CARTESIAN_POINT('',(0.3,-12.4,8.2));
#589=LINE('',#588,#590);
#590=VECTOR('',#591,1.);
#591=DIRECTION('',(-0.57735026919,-0.57735026919,-0.57735026919));
#592=ORIENTED_EDGE('',*,*,#593,.F.);
#593=EDGE_CURVE('',#579,#587,#594,.T.);
#594=LINE('',#595,#33);
#595=CARTESIAN_POINT('',(0.3,-13.3,8.2));
#596=PLANE('',#597);
#597=AXIS2_PLACEMENT_3D('',#598,#599,#34);
#598=CARTESIAN_POINT('',(0.45,-13.3,8.35));
#599=DIRECTION('',(-0.707106781187,7.850462293419E-17,0.707106781187));
#600=ADVANCED_FACE('',(#601),#616,.T.);
#601=FACE_BOUND('',#602,.T.);
#602=EDGE_LOOP('',(#603,#604,#605,#612));
#603=ORIENTED_EDGE('',*,*,#586,.F.);
#604=ORIENTED_EDGE('',*,*,#164,.T.);
#605=ORIENTED_EDGE('',*,*,#606,.T.);
#606=EDGE_CURVE('',#160,#607,#609,.T.);
#607=VERTEX_POINT('',#608);
#608=CARTESIAN_POINT('',(-0.3,-12.4,8.2));
#609=LINE('',#608,#610);
#610=VECTOR('',#611,1.);
#611=DIRECTION('',(0.57735026919,-0.57735026919,-0.57735026919));
#612=ORIENTED_EDGE('',*,*,#613,.F.);
#613=EDGE_CURVE('',#587,#607,#614,.T.);
#614=LINE('',#615,#93);
#615=CARTESIAN_POINT('',(0.6,-12.4,8.2));
#616=PLANE('',#617);
#617=AXIS2_PLACEMENT_3D('',#618,#619,#45);
#618=CARTESIAN_POINT('',(0.6,-12.25,8.35));
#619=DIRECTION('',(-8.197719098454E-17,-0.707106781187,0.707106781187));
#620=ADVANCED_FACE('',(#621),#636,.T.);
#621=FACE_BOUND('',#622,.T.);
#622=EDGE_LOOP('',(#623,#624,#625,#632));
#623=ORIENTED_EDGE('',*,*,#606,.F.);
#624=ORIENTED_EDGE('',*,*,#159,.T.);
#625=ORIENTED_EDGE('',*,*,#626,.T.);
#626=EDGE_CURVE('',#155,#627,#629,.T.);
#627=VERTEX_POINT('',#628);
#628=CARTESIAN_POINT('',(-0.3,-13.,8.2));
#629=LINE('',#628,#630);
#630=VECTOR('',#631,1.);
#631=DIRECTION('',(0.57735026919,0.57735026919,-0.57735026919));
#632=ORIENTED_EDGE('',*,*,#633,.F.);
#633=EDGE_CURVE('',#607,#627,#634,.T.);
#634=LINE('',#635,#143);
#635=CARTESIAN_POINT('',(-0.3,-12.1,8.2));
#636=PLANE('',#637);
#637=AXIS2_PLACEMENT_3D('',#638,#639,#124);
#638=CARTESIAN_POINT('',(-0.45,-12.1,8.35));
#639=DIRECTION('',(0.707106781187,-7.850462293419E-17,0.707106781187));
#640=ADVANCED_FACE('',(#641),#650,.T.);
#641=FACE_BOUND('',#642,.T.);
#642=EDGE_LOOP('',(#643,#644,#645,#646));
#643=ORIENTED_EDGE('',*,*,#626,.F.);
#644=ORIENTED_EDGE('',*,*,#154,.T.);
#645=ORIENTED_EDGE('',*,*,#578,.T.);
#646=ORIENTED_EDGE('',*,*,#647,.F.);
#647=EDGE_CURVE('',#627,#579,#648,.T.);
#648=LINE('',#649,#56);
#649=CARTESIAN_POINT('',(-0.6,-13.,8.2));
#650=PLANE('',#651);
#651=AXIS2_PLACEMENT_3D('',#652,#653,#14);
#652=CARTESIAN_POINT('',(-0.6,-13.15,8.35));
#653=DIRECTION('',(8.197719098454E-17,0.707106781187,0.707106781187));
#654=ADVANCED_FACE('',(#655),#672,.T.);
#655=FACE_BOUND('',#656,.T.);
#656=EDGE_LOOP('',(#657,#662,#663,#668));
#657=ORIENTED_EDGE('',*,*,#658,.F.);
#658=EDGE_CURVE('',#170,#659,#661,.T.);
#659=VERTEX_POINT('',#660);
#660=CARTESIAN_POINT('',(0.3,-10.46,8.2));
#661=LINE('',#660,#582);
#662=ORIENTED_EDGE('',*,*,#169,.T.);
#663=ORIENTED_EDGE('',*,*,#664,.T.);
#664=EDGE_CURVE('',#172,#665,#667,.T.);
#665=VERTEX_POINT('',#666);
#666=CARTESIAN_POINT('',(0.3,-9.86,8.2));
#667=LINE('',#666,#590);
#668=ORIENTED_EDGE('',*,*,#669,.F.);
#669=EDGE_CURVE('',#659,#665,#670,.T.);
#670=LINE('',#671,#33);
#671=CARTESIAN_POINT('',(0.3,-10.76,8.2));
#672=PLANE('',#673);
#673=AXIS2_PLACEMENT_3D('',#674,#599,#34);
#674=CARTESIAN_POINT('',(0.45,-10.76,8.35));
#675=ADVANCED_FACE('',(#676),#689,.T.);
#676=FACE_BOUND('',#677,.T.);
#677=EDGE_LOOP('',(#678,#679,#680,#685));
#678=ORIENTED_EDGE('',*,*,#664,.F.);
#679=ORIENTED_EDGE('',*,*,#186,.T.);
#680=ORIENTED_EDGE('',*,*,#681,.T.);
#681=EDGE_CURVE('',#182,#682,#684,.T.);
#682=VERTEX_POINT('',#683);
#683=CARTESIAN_POINT('',(-0.3,-9.86,8.2));
#684=LINE('',#683,#610);
#685=ORIENTED_EDGE('',*,*,#686,.F.);
#686=EDGE_CURVE('',#665,#682,#687,.T.);
#687=LINE('',#688,#93);
#688=CARTESIAN_POINT('',(0.6,-9.86,8.2));
#689=PLANE('',#690);
#690=AXIS2_PLACEMENT_3D('',#691,#619,#45);
#691=CARTESIAN_POINT('',(0.6,-9.71,8.35));
#692=ADVANCED_FACE('',(#693),#706,.T.);
#693=FACE_BOUND('',#694,.T.);
#694=EDGE_LOOP('',(#695,#696,#697,#702));
#695=ORIENTED_EDGE('',*,*,#681,.F.);
#696=ORIENTED_EDGE('',*,*,#181,.T.);
#697=ORIENTED_EDGE('',*,*,#698,.T.);
#698=EDGE_CURVE('',#177,#699,#701,.T.);
#699=VERTEX_POINT('',#700);
#700=CARTESIAN_POINT('',(-0.3,-10.46,8.2));
#701=LINE('',#700,#630);
#702=ORIENTED_EDGE('',*,*,#703,.F.);
#703=EDGE_CURVE('',#682,#699,#704,.T.);
#704=LINE('',#705,#143);
#705=CARTESIAN_POINT('',(-0.3,-9.56,8.2));
#706=PLANE('',#707);
#707=AXIS2_PLACEMENT_3D('',#708,#639,#124);
#708=CARTESIAN_POINT('',(-0.45,-9.56,8.35));
#709=ADVANCED_FACE('',(#710),#719,.T.);
#710=FACE_BOUND('',#711,.T.);
#711=EDGE_LOOP('',(#712,#713,#714,#715));
#712=ORIENTED_EDGE('',*,*,#698,.F.);
#713=ORIENTED_EDGE('',*,*,#176,.T.);
#714=ORIENTED_EDGE('',*,*,#658,.T.);
#715=ORIENTED_EDGE('',*,*,#716,.F.);
#716=EDGE_CURVE('',#699,#659,#717,.T.);
#717=LINE('',#718,#56);
#718=CARTESIAN_POINT('',(-0.6,-10.46,8.2));
#719=PLANE('',#720);
#720=AXIS2_PLACEMENT_3D('',#721,#653,#14);
#721=CARTESIAN_POINT('',(-0.6,-10.61,8.35));
#722=ADVANCED_FACE('',(#723),#740,.T.);
#723=FACE_BOUND('',#724,.T.);
#724=EDGE_LOOP('',(#725,#730,#731,#736));
#725=ORIENTED_EDGE('',*,*,#726,.F.);
#726=EDGE_CURVE('',#192,#727,#729,.T.);
#727=VERTEX_POINT('',#728);
#728=CARTESIAN_POINT('',(0.3,-7.92,8.2));
#729=LINE('',#728,#582);
#730=ORIENTED_EDGE('',*,*,#191,.T.);
#731=ORIENTED_EDGE('',*,*,#732,.T.);
#732=EDGE_CURVE('',#194,#733,#735,.T.);
#733=VERTEX_POINT('',#734);
#734=CARTESIAN_POINT('',(0.3,-7.32,8.2));
#735=LINE('',#734,#590);
#736=ORIENTED_EDGE('',*,*,#737,.F.);
#737=EDGE_CURVE('',#727,#733,#738,.T.);
#738=LINE('',#739,#33);
#739=CARTESIAN_POINT('',(0.3,-8.22,8.2));
#740=PLANE('',#741);
#741=AXIS2_PLACEMENT_3D('',#742,#599,#34);
#742=CARTESIAN_POINT('',(0.45,-8.22,8.35));
#743=ADVANCED_FACE('',(#744),#757,.T.);
#744=FACE_BOUND('',#745,.T.);
#745=EDGE_LOOP('',(#746,#747,#748,#753));
#746=ORIENTED_EDGE('',*,*,#732,.F.);
#747=ORIENTED_EDGE('',*,*,#208,.T.);
#748=ORIENTED_EDGE('',*,*,#749,.T.);
#749=EDGE_CURVE('',#204,#750,#752,.T.);
#750=VERTEX_POINT('',#751);
#751=CARTESIAN_POINT('',(-0.3,-7.32,8.2));
#752=LINE('',#751,#610);
#753=ORIENTED_EDGE('',*,*,#754,.F.);
#754=EDGE_CURVE('',#733,#750,#755,.T.);
#755=LINE('',#756,#93);
#756=CARTESIAN_POINT('',(0.6,-7.32,8.2));
#757=PLANE('',#758);
#758=AXIS2_PLACEMENT_3D('',#759,#619,#45);
#759=CARTESIAN_POINT('',(0.6,-7.17,8.35));
#760=ADVANCED_FACE('',(#761),#774,.T.);
#761=FACE_BOUND('',#762,.T.);
#762=EDGE_LOOP('',(#763,#764,#765,#770));
#763=ORIENTED_EDGE('',*,*,#749,.F.);
#764=ORIENTED_EDGE('',*,*,#203,.T.);
#765=ORIENTED_EDGE('',*,*,#766,.T.);
#766=EDGE_CURVE('',#199,#767,#769,.T.);
#767=VERTEX_POINT('',#768);
#768=CARTESIAN_POINT('',(-0.3,-7.92,8.2));
#769=LINE('',#768,#630);
#770=ORIENTED_EDGE('',*,*,#771,.F.);
#771=EDGE_CURVE('',#750,#767,#772,.T.);
#772=LINE('',#773,#143);
#773=CARTESIAN_POINT('',(-0.3,-7.02,8.2));
#774=PLANE('',#775);
#775=AXIS2_PLACEMENT_3D('',#776,#639,#124);
#776=CARTESIAN_POINT('',(-0.45,-7.02,8.35));
#777=ADVANCED_FACE('',(#778),#787,.T.);
#778=FACE_BOUND('',#779,.T.);
#779=EDGE_LOOP('',(#780,#781,#782,#783));
#780=ORIENTED_EDGE('',*,*,#766,.F.);
#781=ORIENTED_EDGE('',*,*,#198,.T.);
#782=ORIENTED_EDGE('',*,*,#726,.T.);
#783=ORIENTED_EDGE('',*,*,#784,.F.);
#784=EDGE_CURVE('',#767,#727,#785,.T.);
#785=LINE('',#786,#56);
#786=CARTESIAN_POINT('',(-0.6,-7.92,8.2));
#787=PLANE('',#788);
#788=AXIS2_PLACEMENT_3D('',#789,#653,#14);
#789=CARTESIAN_POINT('',(-0.6,-8.07,8.35));
#790=ADVANCED_FACE('',(#791),#808,.T.);
#791=FACE_BOUND('',#792,.T.);
#792=EDGE_LOOP('',(#793,#798,#799,#804));
#793=ORIENTED_EDGE('',*,*,#794,.F.);
#794=EDGE_CURVE('',#214,#795,#797,.T.);
#795=VERTEX_POINT('',#796);
#796=CARTESIAN_POINT('',(0.3,-5.38,8.2));
#797=LINE('',#796,#582);
#798=ORIENTED_EDGE('',*,*,#213,.T.);
#799=ORIENTED_EDGE('',*,*,#800,.T.);
#800=EDGE_CURVE('',#216,#801,#803,.T.);
#801=VERTEX_POINT('',#802);
#802=CARTESIAN_POINT('',(0.3,-4.78,8.2));
#803=LINE('',#802,#590);
#804=ORIENTED_EDGE('',*,*,#805,.F.);
#805=EDGE_CURVE('',#795,#801,#806,.T.);
#806=LINE('',#807,#33);
#807=CARTESIAN_POINT('',(0.3,-5.68,8.2));
#808=PLANE('',#809);
#809=AXIS2_PLACEMENT_3D('',#810,#599,#34);
#810=CARTESIAN_POINT('',(0.45,-5.68,8.35));
#811=ADVANCED_FACE('',(#812),#825,.T.);
#812=FACE_BOUND('',#813,.T.);
#813=EDGE_LOOP('',(#814,#815,#816,#821));
#814=ORIENTED_EDGE('',*,*,#800,.F.);
#815=ORIENTED_EDGE('',*,*,#230,.T.);
#816=ORIENTED_EDGE('',*,*,#817,.T.);
#817=EDGE_CURVE('',#226,#818,#820,.T.);
#818=VERTEX_POINT('',#819);
#819=CARTESIAN_POINT('',(-0.3,-4.78,8.2));
#820=LINE('',#819,#610);
#821=ORIENTED_EDGE('',*,*,#822,.F.);
#822=EDGE_CURVE('',#801,#818,#823,.T.);
#823=LINE('',#824,#93);
#824=CARTESIAN_POINT('',(0.6,-4.78,8.2));
#825=PLANE('',#826);
#826=AXIS2_PLACEMENT_3D('',#827,#619,#45);
#827=CARTESIAN_POINT('',(0.6,-4.63,8.35));
#828=ADVANCED_FACE('',(#829),#842,.T.);
#829=FACE_BOUND('',#830,.T.);
#830=EDGE_LOOP('',(#831,#832,#833,#838));
#831=ORIENTED_EDGE('',*,*,#817,.F.);
#832=ORIENTED_EDGE('',*,*,#225,.T.);
#833=ORIENTED_EDGE('',*,*,#834,.T.);
#834=EDGE_CURVE('',#221,#835,#837,.T.);
#835=VERTEX_POINT('',#836);
#836=CARTESIAN_POINT('',(-0.3,-5.38,8.2));
#837=LINE('',#836,#630);
#838=ORIENTED_EDGE('',*,*,#839,.F.);
#839=EDGE_CURVE('',#818,#835,#840,.T.);
#840=LINE('',#841,#143);
#841=CARTESIAN_POINT('',(-0.3,-4.48,8.2));
#842=PLANE('',#843);
#843=AXIS2_PLACEMENT_3D('',#844,#639,#124);
#844=CARTESIAN_POINT('',(-0.45,-4.48,8.35));
#845=ADVANCED_FACE('',(#846),#855,.T.);
#846=FACE_BOUND('',#847,.T.);
#847=EDGE_LOOP('',(#848,#849,#850,#851));
#848=ORIENTED_EDGE('',*,*,#834,.F.);
#849=ORIENTED_EDGE('',*,*,#220,.T.);
#850=ORIENTED_EDGE('',*,*,#794,.T.);
#851=ORIENTED_EDGE('',*,*,#852,.F.);
#852=EDGE_CURVE('',#835,#795,#853,.T.);
#853=LINE('',#854,#56);
#854=CARTESIAN_POINT('',(-0.6,-5.38,8.2));
#855=PLANE('',#856);
#856=AXIS2_PLACEMENT_3D('',#857,#653,#14);
#857=CARTESIAN_POINT('',(-0.6,-5.53,8.35));
#858=ADVANCED_FACE('',(#859),#876,.T.);
#859=FACE_BOUND('',#860,.T.);
#860=EDGE_LOOP('',(#861,#866,#867,#872));
#861=ORIENTED_EDGE('',*,*,#862,.F.);
#862=EDGE_CURVE('',#236,#863,#865,.T.);
#863=VERTEX_POINT('',#864);
#864=CARTESIAN_POINT('',(0.3,-2.84,8.2));
#865=LINE('',#864,#582);
#866=ORIENTED_EDGE('',*,*,#235,.T.);
#867=ORIENTED_EDGE('',*,*,#868,.T.);
#868=EDGE_CURVE('',#238,#869,#871,.T.);
#869=VERTEX_POINT('',#870);
#870=CARTESIAN_POINT('',(0.3,-2.24,8.2));
#871=LINE('',#870,#590);
#872=ORIENTED_EDGE('',*,*,#873,.F.);
#873=EDGE_CURVE('',#863,#869,#874,.T.);
#874=LINE('',#875,#33);
#875=CARTESIAN_POINT('',(0.3,-3.14,8.2));
#876=PLANE('',#877);
#877=AXIS2_PLACEMENT_3D('',#878,#599,#34);
#878=CARTESIAN_POINT('',(0.45,-3.14,8.35));
#879=ADVANCED_FACE('',(#880),#893,.T.);
#880=FACE_BOUND('',#881,.T.);
#881=EDGE_LOOP('',(#882,#883,#884,#889));
#882=ORIENTED_EDGE('',*,*,#868,.F.);
#883=ORIENTED_EDGE('',*,*,#252,.T.);
#884=ORIENTED_EDGE('',*,*,#885,.T.);
#885=EDGE_CURVE('',#248,#886,#888,.T.);
#886=VERTEX_POINT('',#887);
#887=CARTESIAN_POINT('',(-0.3,-2.24,8.2));
#888=LINE('',#887,#610);
#889=ORIENTED_EDGE('',*,*,#890,.F.);
#890=EDGE_CURVE('',#869,#886,#891,.T.);
#891=LINE('',#892,#93);
#892=CARTESIAN_POINT('',(0.6,-2.24,8.2));
#893=PLANE('',#894);
#894=AXIS2_PLACEMENT_3D('',#895,#619,#45);
#895=CARTESIAN_POINT('',(0.6,-2.09,8.35));
#896=ADVANCED_FACE('',(#897),#910,.T.);
#897=FACE_BOUND('',#898,.T.);
#898=EDGE_LOOP('',(#899,#900,#901,#906));
#899=ORIENTED_EDGE('',*,*,#885,.F.);
#900=ORIENTED_EDGE('',*,*,#247,.T.);
#901=ORIENTED_EDGE('',*,*,#902,.T.);
#902=EDGE_CURVE('',#243,#903,#905,.T.);
#903=VERTEX_POINT('',#904);
#904=CARTESIAN_POINT('',(-0.3,-2.84,8.2));
#905=LINE('',#904,#630);
#906=ORIENTED_EDGE('',*,*,#907,.F.);
#907=EDGE_CURVE('',#886,#903,#908,.T.);
#908=LINE('',#909,#143);
#909=CARTESIAN_POINT('',(-0.3,-1.94,8.2));
#910=PLANE('',#911);
#911=AXIS2_PLACEMENT_3D('',#912,#639,#124);
#912=CARTESIAN_POINT('',(-0.45,-1.94,8.35));
#913=ADVANCED_FACE('',(#914),#923,.T.);
#914=FACE_BOUND('',#915,.T.);
#915=EDGE_LOOP('',(#916,#917,#918,#919));
#916=ORIENTED_EDGE('',*,*,#902,.F.);
#917=ORIENTED_EDGE('',*,*,#242,.T.);
#918=ORIENTED_EDGE('',*,*,#862,.T.);
#919=ORIENTED_EDGE('',*,*,#920,.F.);
#920=EDGE_CURVE('',#903,#863,#921,.T.);
#921=LINE('',#922,#56);
#922=CARTESIAN_POINT('',(-0.6,-2.84,8.2));
#923=PLANE('',#924);
#924=AXIS2_PLACEMENT_3D('',#925,#653,#14);
#925=CARTESIAN_POINT('',(-0.6,-2.99,8.35));
#926=ADVANCED_FACE('',(#927),#944,.T.);
#927=FACE_BOUND('',#928,.T.);
#928=EDGE_LOOP('',(#929,#934,#935,#940));
#929=ORIENTED_EDGE('',*,*,#930,.F.);
#930=EDGE_CURVE('',#258,#931,#933,.T.);
#931=VERTEX_POINT('',#932);
#932=CARTESIAN_POINT('',(0.3,-0.3,8.2));
#933=LINE('',#932,#582);
#934=ORIENTED_EDGE('',*,*,#257,.T.);
#935=ORIENTED_EDGE('',*,*,#936,.T.);
#936=EDGE_CURVE('',#260,#937,#939,.T.);
#937=VERTEX_POINT('',#938);
#938=CARTESIAN_POINT('',(0.3,0.3,8.2));
#939=LINE('',#938,#590);
#940=ORIENTED_EDGE('',*,*,#941,.F.);
#941=EDGE_CURVE('',#931,#937,#942,.T.);
#942=LINE('',#943,#33);
#943=CARTESIAN_POINT('',(0.3,-0.6,8.2));
#944=PLANE('',#945);
#945=AXIS2_PLACEMENT_3D('',#946,#599,#34);
#946=CARTESIAN_POINT('',(0.45,-0.6,8.35));
#947=ADVANCED_FACE('',(#948),#961,.T.);
#948=FACE_BOUND('',#949,.T.);
#949=EDGE_LOOP('',(#950,#951,#952,#957));
#950=ORIENTED_EDGE('',*,*,#936,.F.);
#951=ORIENTED_EDGE('',*,*,#274,.T.);
#952=ORIENTED_EDGE('',*,*,#953,.T.);
#953=EDGE_CURVE('',#270,#954,#956,.T.);
#954=VERTEX_POINT('',#955);
#955=CARTESIAN_POINT('',(-0.3,0.3,8.2));
#956=LINE('',#955,#610);
#957=ORIENTED_EDGE('',*,*,#958,.F.);
#958=EDGE_CURVE('',#937,#954,#959,.T.);
#959=LINE('',#960,#93);
#960=CARTESIAN_POINT('',(0.6,0.3,8.2));
#961=PLANE('',#962);
#962=AXIS2_PLACEMENT_3D('',#963,#619,#45);
#963=CARTESIAN_POINT('',(0.6,0.45,8.35));
#964=ADVANCED_FACE('',(#965),#978,.T.);
#965=FACE_BOUND('',#966,.T.);
#966=EDGE_LOOP('',(#967,#968,#969,#974));
#967=ORIENTED_EDGE('',*,*,#953,.F.);
#968=ORIENTED_EDGE('',*,*,#269,.T.);
#969=ORIENTED_EDGE('',*,*,#970,.T.);
#970=EDGE_CURVE('',#265,#971,#973,.T.);
#971=VERTEX_POINT('',#972);
#972=CARTESIAN_POINT('',(-0.3,-0.3,8.2));
#973=LINE('',#972,#630);
#974=ORIENTED_EDGE('',*,*,#975,.F.);
#975=EDGE_CURVE('',#954,#971,#976,.T.);
#976=LINE('',#977,#143);
#977=CARTESIAN_POINT('',(-0.3,0.6,8.2));
#978=PLANE('',#979);
#979=AXIS2_PLACEMENT_3D('',#980,#639,#124);
#980=CARTESIAN_POINT('',(-0.45,0.6,8.35));
#981=ADVANCED_FACE('',(#982),#991,.T.);
#982=FACE_BOUND('',#983,.T.);
#983=EDGE_LOOP('',(#984,#985,#986,#987));
#984=ORIENTED_EDGE('',*,*,#970,.F.);
#985=ORIENTED_EDGE('',*,*,#264,.T.);
#986=ORIENTED_EDGE('',*,*,#930,.T.);
#987=ORIENTED_EDGE('',*,*,#988,.F.);
#988=EDGE_CURVE('',#971,#931,#989,.T.);
#989=LINE('',#990,#56);
#990=CARTESIAN_POINT('',(-0.6,-0.3,8.2));
#991=PLANE('',#992);
#992=AXIS2_PLACEMENT_3D('',#993,#653,#14);
#993=CARTESIAN_POINT('',(-0.6,-0.45,8.35));
#994=ADVANCED_FACE('',(#995),#1000,.T.);
#995=FACE_BOUND('',#996,.T.);
#996=EDGE_LOOP('',(#308,#315,#997,#346));
#997=ORIENTED_EDGE('',*,*,#998,.T.);
#998=EDGE_CURVE('',#317,#342,#999,.T.);
#999=LINE('',#318,#56);
#1000=PLANE('',#1001);
#1001=AXIS2_PLACEMENT_3D('',#318,#1002,#124);
#1002=DIRECTION('',(0.,-0.,-1.));
#1003=ADVANCED_FACE('',(#1004),#1035,.F.);
#1004=FACE_BOUND('',#1005,.F.);
#1005=EDGE_LOOP('',(#1006,#1011,#1012,#1018,#1025,#1030));
#1006=ORIENTED_EDGE('',*,*,#1007,.T.);
#1007=EDGE_CURVE('',#1008,#342,#1010,.T.);
#1008=VERTEX_POINT('',#1009);
#1009=CARTESIAN_POINT('',(1.E-01,-13.,-2.5));
#1010=LINE('',#1009,#27);
#1011=ORIENTED_EDGE('',*,*,#341,.F.);
#1012=ORIENTED_EDGE('',*,*,#1013,.T.);
#1013=EDGE_CURVE('',#337,#1014,#1016,.T.);
#1014=VERTEX_POINT('',#1015);
#1015=CARTESIAN_POINT('',(1.E-01,-12.4,-2.5));
#1016=LINE('',#338,#1017);
#1017=VECTOR('',#1002,1.);
#1018=ORIENTED_EDGE('',*,*,#1019,.T.);
#1019=EDGE_CURVE('',#1014,#1020,#1022,.T.);
#1020=VERTEX_POINT('',#1021);
#1021=CARTESIAN_POINT('',(1.E-01,-12.55,-3.1));
#1022=LINE('',#1015,#1023);
#1023=VECTOR('',#1024,1.);
#1024=DIRECTION('',(-2.692686352072E-17,-0.242535625036,-0.970142500145));
#1025=ORIENTED_EDGE('',*,*,#1026,.T.);
#1026=EDGE_CURVE('',#1020,#1027,#1029,.T.);
#1027=VERTEX_POINT('',#1028);
#1028=CARTESIAN_POINT('',(1.E-01,-12.85,-3.1));
#1029=LINE('',#1021,#143);
#1030=ORIENTED_EDGE('',*,*,#1031,.T.);
#1031=EDGE_CURVE('',#1027,#1008,#1032,.T.);
#1032=LINE('',#1028,#1033);
#1033=VECTOR('',#1034,1.);
#1034=DIRECTION('',(-2.692686352072E-17,-0.242535625036,0.970142500145));
#1035=PLANE('',#1036);
#1036=AXIS2_PLACEMENT_3D('',#1037,#45,#13);
#1037=CARTESIAN_POINT('',(1.E-01,-12.7,3.911477598424));
#1038=ADVANCED_FACE('',(#1039),#1000,.T.);
#1039=FACE_BOUND('',#1040,.T.);
#1040=EDGE_LOOP('',(#1041,#326,#330,#335));
#1041=ORIENTED_EDGE('',*,*,#1042,.F.);
#1042=EDGE_CURVE('',#322,#337,#1043,.T.);
#1043=LINE('',#323,#56);
#1044=ADVANCED_FACE('',(#1045),#1070,.T.);
#1045=FACE_BOUND('',#1046,.T.);
#1046=EDGE_LOOP('',(#1047,#320,#1052,#1057,#1062,#1067));
#1047=ORIENTED_EDGE('',*,*,#1048,.T.);
#1048=EDGE_CURVE('',#1049,#317,#1051,.T.);
#1049=VERTEX_POINT('',#1050);
#1050=CARTESIAN_POINT('',(-0.1,-13.,-2.5));
#1051=LINE('',#1050,#27);
#1052=ORIENTED_EDGE('',*,*,#1053,.T.);
#1053=EDGE_CURVE('',#322,#1054,#1056,.T.);
#1054=VERTEX_POINT('',#1055);
#1055=CARTESIAN_POINT('',(-0.1,-12.4,-2.5));
#1056=LINE('',#323,#1017);
#1057=ORIENTED_EDGE('',*,*,#1058,.T.);
#1058=EDGE_CURVE('',#1054,#1059,#1061,.T.);
#1059=VERTEX_POINT('',#1060);
#1060=CARTESIAN_POINT('',(-0.1,-12.55,-3.1));
#1061=LINE('',#1055,#1023);
#1062=ORIENTED_EDGE('',*,*,#1063,.F.);
#1063=EDGE_CURVE('',#1064,#1059,#1066,.T.);
#1064=VERTEX_POINT('',#1065);
#1065=CARTESIAN_POINT('',(-0.1,-12.85,-3.1));
#1066=LINE('',#1065,#33);
#1067=ORIENTED_EDGE('',*,*,#1068,.T.);
#1068=EDGE_CURVE('',#1064,#1049,#1069,.T.);
#1069=LINE('',#1065,#1033);
#1070=PLANE('',#1071);
#1071=AXIS2_PLACEMENT_3D('',#1072,#45,#13);
#1072=CARTESIAN_POINT('',(-0.1,-12.7,3.911477598424));
#1073=ADVANCED_FACE('',(#1074),#1079,.T.);
#1074=FACE_BOUND('',#1075,.T.);
#1075=EDGE_LOOP('',(#350,#357,#1076,#388));
#1076=ORIENTED_EDGE('',*,*,#1077,.T.);
#1077=EDGE_CURVE('',#359,#384,#1078,.T.);
#1078=LINE('',#360,#56);
#1079=PLANE('',#1080);
#1080=AXIS2_PLACEMENT_3D('',#360,#1002,#124);
#1081=ADVANCED_FACE('',(#1082),#1108,.F.);
#1082=FACE_BOUND('',#1083,.F.);
#1083=EDGE_LOOP('',(#1084,#1089,#1090,#1095,#1100,#1105));
#1084=ORIENTED_EDGE('',*,*,#1085,.T.);
#1085=EDGE_CURVE('',#1086,#384,#1088,.T.);
#1086=VERTEX_POINT('',#1087);
#1087=CARTESIAN_POINT('',(1.E-01,-10.46,-2.5));
#1088=LINE('',#1087,#27);
#1089=ORIENTED_EDGE('',*,*,#383,.F.);
#1090=ORIENTED_EDGE('',*,*,#1091,.T.);
#1091=EDGE_CURVE('',#379,#1092,#1094,.T.);
#1092=VERTEX_POINT('',#1093);
#1093=CARTESIAN_POINT('',(1.E-01,-9.86,-2.5));
#1094=LINE('',#380,#1017);
#1095=ORIENTED_EDGE('',*,*,#1096,.T.);
#1096=EDGE_CURVE('',#1092,#1097,#1099,.T.);
#1097=VERTEX_POINT('',#1098);
#1098=CARTESIAN_POINT('',(1.E-01,-10.01,-3.1));
#1099=LINE('',#1093,#1023);
#1100=ORIENTED_EDGE('',*,*,#1101,.T.);
#1101=EDGE_CURVE('',#1097,#1102,#1104,.T.);
#1102=VERTEX_POINT('',#1103);
#1103=CARTESIAN_POINT('',(1.E-01,-10.31,-3.1));
#1104=LINE('',#1098,#143);
#1105=ORIENTED_EDGE('',*,*,#1106,.T.);
#1106=EDGE_CURVE('',#1102,#1086,#1107,.T.);
#1107=LINE('',#1103,#1033);
#1108=PLANE('',#1109);
#1109=AXIS2_PLACEMENT_3D('',#1110,#45,#13);
#1110=CARTESIAN_POINT('',(1.E-01,-10.16,3.911477598424));
#1111=ADVANCED_FACE('',(#1112),#1079,.T.);
#1112=FACE_BOUND('',#1113,.T.);
#1113=EDGE_LOOP('',(#1114,#368,#372,#377));
#1114=ORIENTED_EDGE('',*,*,#1115,.F.);
#1115=EDGE_CURVE('',#364,#379,#1116,.T.);
#1116=LINE('',#365,#56);
#1117=ADVANCED_FACE('',(#1118),#1143,.T.);
#1118=FACE_BOUND('',#1119,.T.);
#1119=EDGE_LOOP('',(#1120,#362,#1125,#1130,#1135,#1140));
#1120=ORIENTED_EDGE('',*,*,#1121,.T.);
#1121=EDGE_CURVE('',#1122,#359,#1124,.T.);
#1122=VERTEX_POINT('',#1123);
#1123=CARTESIAN_POINT('',(-0.1,-10.46,-2.5));
#1124=LINE('',#1123,#27);
#1125=ORIENTED_EDGE('',*,*,#1126,.T.);
#1126=EDGE_CURVE('',#364,#1127,#1129,.T.);
#1127=VERTEX_POINT('',#1128);
#1128=CARTESIAN_POINT('',(-0.1,-9.86,-2.5));
#1129=LINE('',#365,#1017);
#1130=ORIENTED_EDGE('',*,*,#1131,.T.);
#1131=EDGE_CURVE('',#1127,#1132,#1134,.T.);
#1132=VERTEX_POINT('',#1133);
#1133=CARTESIAN_POINT('',(-0.1,-10.01,-3.1));
#1134=LINE('',#1128,#1023);
#1135=ORIENTED_EDGE('',*,*,#1136,.F.);
#1136=EDGE_CURVE('',#1137,#1132,#1139,.T.);
#1137=VERTEX_POINT('',#1138);
#1138=CARTESIAN_POINT('',(-0.1,-10.31,-3.1));
#1139=LINE('',#1138,#33);
#1140=ORIENTED_EDGE('',*,*,#1141,.T.);
#1141=EDGE_CURVE('',#1137,#1122,#1142,.T.);
#1142=LINE('',#1138,#1033);
#1143=PLANE('',#1144);
#1144=AXIS2_PLACEMENT_3D('',#1145,#45,#13);
#1145=CARTESIAN_POINT('',(-0.1,-10.16,3.911477598424));
#1146=ADVANCED_FACE('',(#1147),#1152,.T.);
#1147=FACE_BOUND('',#1148,.T.);
#1148=EDGE_LOOP('',(#392,#399,#1149,#430));
#1149=ORIENTED_EDGE('',*,*,#1150,.T.);
#1150=EDGE_CURVE('',#401,#426,#1151,.T.);
#1151=LINE('',#402,#56);
#1152=PLANE('',#1153);
#1153=AXIS2_PLACEMENT_3D('',#402,#1002,#124);
#1154=ADVANCED_FACE('',(#1155),#1181,.F.);
#1155=FACE_BOUND('',#1156,.F.);
#1156=EDGE_LOOP('',(#1157,#1162,#1163,#1168,#1173,#1178));
#1157=ORIENTED_EDGE('',*,*,#1158,.T.);
#1158=EDGE_CURVE('',#1159,#426,#1161,.T.);
#1159=VERTEX_POINT('',#1160);
#1160=CARTESIAN_POINT('',(1.E-01,-7.92,-2.5));
#1161=LINE('',#1160,#27);
#1162=ORIENTED_EDGE('',*,*,#425,.F.);
#1163=ORIENTED_EDGE('',*,*,#1164,.T.);
#1164=EDGE_CURVE('',#421,#1165,#1167,.T.);
#1165=VERTEX_POINT('',#1166);
#1166=CARTESIAN_POINT('',(1.E-01,-7.32,-2.5));
#1167=LINE('',#422,#1017);
#1168=ORIENTED_EDGE('',*,*,#1169,.T.);
#1169=EDGE_CURVE('',#1165,#1170,#1172,.T.);
#1170=VERTEX_POINT('',#1171);
#1171=CARTESIAN_POINT('',(1.E-01,-7.47,-3.1));
#1172=LINE('',#1166,#1023);
#1173=ORIENTED_EDGE('',*,*,#1174,.T.);
#1174=EDGE_CURVE('',#1170,#1175,#1177,.T.);
#1175=VERTEX_POINT('',#1176);
#1176=CARTESIAN_POINT('',(1.E-01,-7.77,-3.1));
#1177=LINE('',#1171,#143);
#1178=ORIENTED_EDGE('',*,*,#1179,.T.);
#1179=EDGE_CURVE('',#1175,#1159,#1180,.T.);
#1180=LINE('',#1176,#1033);
#1181=PLANE('',#1182);
#1182=AXIS2_PLACEMENT_3D('',#1183,#45,#13);
#1183=CARTESIAN_POINT('',(1.E-01,-7.62,3.911477598424));
#1184=ADVANCED_FACE('',(#1185),#1152,.T.);
#1185=FACE_BOUND('',#1186,.T.);
#1186=EDGE_LOOP('',(#1187,#410,#414,#419));
#1187=ORIENTED_EDGE('',*,*,#1188,.F.);
#1188=EDGE_CURVE('',#406,#421,#1189,.T.);
#1189=LINE('',#407,#56);
#1190=ADVANCED_FACE('',(#1191),#1216,.T.);
#1191=FACE_BOUND('',#1192,.T.);
#1192=EDGE_LOOP('',(#1193,#404,#1198,#1203,#1208,#1213));
#1193=ORIENTED_EDGE('',*,*,#1194,.T.);
#1194=EDGE_CURVE('',#1195,#401,#1197,.T.);
#1195=VERTEX_POINT('',#1196);
#1196=CARTESIAN_POINT('',(-0.1,-7.92,-2.5));
#1197=LINE('',#1196,#27);
#1198=ORIENTED_EDGE('',*,*,#1199,.T.);
#1199=EDGE_CURVE('',#406,#1200,#1202,.T.);
#1200=VERTEX_POINT('',#1201);
#1201=CARTESIAN_POINT('',(-0.1,-7.32,-2.5));
#1202=LINE('',#407,#1017);
#1203=ORIENTED_EDGE('',*,*,#1204,.T.);
#1204=EDGE_CURVE('',#1200,#1205,#1207,.T.);
#1205=VERTEX_POINT('',#1206);
#1206=CARTESIAN_POINT('',(-0.1,-7.47,-3.1));
#1207=LINE('',#1201,#1023);
#1208=ORIENTED_EDGE('',*,*,#1209,.F.);
#1209=EDGE_CURVE('',#1210,#1205,#1212,.T.);
#1210=VERTEX_POINT('',#1211);
#1211=CARTESIAN_POINT('',(-0.1,-7.77,-3.1));
#1212=LINE('',#1211,#33);
#1213=ORIENTED_EDGE('',*,*,#1214,.T.);
#1214=EDGE_CURVE('',#1210,#1195,#1215,.T.);
#1215=LINE('',#1211,#1033);
#1216=PLANE('',#1217);
#1217=AXIS2_PLACEMENT_3D('',#1218,#45,#13);
#1218=CARTESIAN_POINT('',(-0.1,-7.62,3.911477598424));
#1219=ADVANCED_FACE('',(#1220),#1225,.T.);
#1220=FACE_BOUND('',#1221,.T.);
#1221=EDGE_LOOP('',(#434,#441,#1222,#472));
#1222=ORIENTED_EDGE('',*,*,#1223,.T.);
#1223=EDGE_CURVE('',#443,#468,#1224,.T.);
#1224=LINE('',#444,#56);
#1225=PLANE('',#1226);
#1226=AXIS2_PLACEMENT_3D('',#444,#1002,#124);
#1227=ADVANCED_FACE('',(#1228),#1254,.F.);
#1228=FACE_BOUND('',#1229,.F.);
#1229=EDGE_LOOP('',(#1230,#1235,#1236,#1241,#1246,#1251));
#1230=ORIENTED_EDGE('',*,*,#1231,.T.);
#1231=EDGE_CURVE('',#1232,#468,#1234,.T.);
#1232=VERTEX_POINT('',#1233);
#1233=CARTESIAN_POINT('',(1.E-01,-5.38,-2.5));
#1234=LINE('',#1233,#27);
#1235=ORIENTED_EDGE('',*,*,#467,.F.);
#1236=ORIENTED_EDGE('',*,*,#1237,.T.);
#1237=EDGE_CURVE('',#463,#1238,#1240,.T.);
#1238=VERTEX_POINT('',#1239);
#1239=CARTESIAN_POINT('',(1.E-01,-4.78,-2.5));
#1240=LINE('',#464,#1017);
#1241=ORIENTED_EDGE('',*,*,#1242,.T.);
#1242=EDGE_CURVE('',#1238,#1243,#1245,.T.);
#1243=VERTEX_POINT('',#1244);
#1244=CARTESIAN_POINT('',(1.E-01,-4.93,-3.1));
#1245=LINE('',#1239,#1023);
#1246=ORIENTED_EDGE('',*,*,#1247,.T.);
#1247=EDGE_CURVE('',#1243,#1248,#1250,.T.);
#1248=VERTEX_POINT('',#1249);
#1249=CARTESIAN_POINT('',(1.E-01,-5.23,-3.1));
#1250=LINE('',#1244,#143);
#1251=ORIENTED_EDGE('',*,*,#1252,.T.);
#1252=EDGE_CURVE('',#1248,#1232,#1253,.T.);
#1253=LINE('',#1249,#1033);
#1254=PLANE('',#1255);
#1255=AXIS2_PLACEMENT_3D('',#1256,#45,#13);
#1256=CARTESIAN_POINT('',(1.E-01,-5.08,3.911477598424));
#1257=ADVANCED_FACE('',(#1258),#1225,.T.);
#1258=FACE_BOUND('',#1259,.T.);
#1259=EDGE_LOOP('',(#1260,#452,#456,#461));
#1260=ORIENTED_EDGE('',*,*,#1261,.F.);
#1261=EDGE_CURVE('',#448,#463,#1262,.T.);
#1262=LINE('',#449,#56);
#1263=ADVANCED_FACE('',(#1264),#1289,.T.);
#1264=FACE_BOUND('',#1265,.T.);
#1265=EDGE_LOOP('',(#1266,#446,#1271,#1276,#1281,#1286));
#1266=ORIENTED_EDGE('',*,*,#1267,.T.);
#1267=EDGE_CURVE('',#1268,#443,#1270,.T.);
#1268=VERTEX_POINT('',#1269);
#1269=CARTESIAN_POINT('',(-0.1,-5.38,-2.5));
#1270=LINE('',#1269,#27);
#1271=ORIENTED_EDGE('',*,*,#1272,.T.);
#1272=EDGE_CURVE('',#448,#1273,#1275,.T.);
#1273=VERTEX_POINT('',#1274);
#1274=CARTESIAN_POINT('',(-0.1,-4.78,-2.5));
#1275=LINE('',#449,#1017);
#1276=ORIENTED_EDGE('',*,*,#1277,.T.);
#1277=EDGE_CURVE('',#1273,#1278,#1280,.T.);
#1278=VERTEX_POINT('',#1279);
#1279=CARTESIAN_POINT('',(-0.1,-4.93,-3.1));
#1280=LINE('',#1274,#1023);
#1281=ORIENTED_EDGE('',*,*,#1282,.F.);
#1282=EDGE_CURVE('',#1283,#1278,#1285,.T.);
#1283=VERTEX_POINT('',#1284);
#1284=CARTESIAN_POINT('',(-0.1,-5.23,-3.1));
#1285=LINE('',#1284,#33);
#1286=ORIENTED_EDGE('',*,*,#1287,.T.);
#1287=EDGE_CURVE('',#1283,#1268,#1288,.T.);
#1288=LINE('',#1284,#1033);
#1289=PLANE('',#1290);
#1290=AXIS2_PLACEMENT_3D('',#1291,#45,#13);
#1291=CARTESIAN_POINT('',(-0.1,-5.08,3.911477598424));
#1292=ADVANCED_FACE('',(#1293),#1298,.T.);
#1293=FACE_BOUND('',#1294,.T.);
#1294=EDGE_LOOP('',(#476,#483,#1295,#514));
#1295=ORIENTED_EDGE('',*,*,#1296,.T.);
#1296=EDGE_CURVE('',#485,#510,#1297,.T.);
#1297=LINE('',#486,#56);
#1298=PLANE('',#1299);
#1299=AXIS2_PLACEMENT_3D('',#486,#1002,#124);
#1300=ADVANCED_FACE('',(#1301),#1327,.F.);
#1301=FACE_BOUND('',#1302,.F.);
#1302=EDGE_LOOP('',(#1303,#1308,#1309,#1314,#1319,#1324));
#1303=ORIENTED_EDGE('',*,*,#1304,.T.);
#1304=EDGE_CURVE('',#1305,#510,#1307,.T.);
#1305=VERTEX_POINT('',#1306);
#1306=CARTESIAN_POINT('',(1.E-01,-2.84,-2.5));
#1307=LINE('',#1306,#27);
#1308=ORIENTED_EDGE('',*,*,#509,.F.);
#1309=ORIENTED_EDGE('',*,*,#1310,.T.);
#1310=EDGE_CURVE('',#505,#1311,#1313,.T.);
#1311=VERTEX_POINT('',#1312);
#1312=CARTESIAN_POINT('',(1.E-01,-2.24,-2.5));
#1313=LINE('',#506,#1017);
#1314=ORIENTED_EDGE('',*,*,#1315,.T.);
#1315=EDGE_CURVE('',#1311,#1316,#1318,.T.);
#1316=VERTEX_POINT('',#1317);
#1317=CARTESIAN_POINT('',(1.E-01,-2.39,-3.1));
#1318=LINE('',#1312,#1023);
#1319=ORIENTED_EDGE('',*,*,#1320,.T.);
#1320=EDGE_CURVE('',#1316,#1321,#1323,.T.);
#1321=VERTEX_POINT('',#1322);
#1322=CARTESIAN_POINT('',(1.E-01,-2.69,-3.1));
#1323=LINE('',#1317,#143);
#1324=ORIENTED_EDGE('',*,*,#1325,.T.);
#1325=EDGE_CURVE('',#1321,#1305,#1326,.T.);
#1326=LINE('',#1322,#1033);
#1327=PLANE('',#1328);
#1328=AXIS2_PLACEMENT_3D('',#1329,#45,#13);
#1329=CARTESIAN_POINT('',(1.E-01,-2.54,3.911477598424));
#1330=ADVANCED_FACE('',(#1331),#1298,.T.);
#1331=FACE_BOUND('',#1332,.T.);
#1332=EDGE_LOOP('',(#1333,#494,#498,#503));
#1333=ORIENTED_EDGE('',*,*,#1334,.F.);
#1334=EDGE_CURVE('',#490,#505,#1335,.T.);
#1335=LINE('',#491,#56);
#1336=ADVANCED_FACE('',(#1337),#1362,.T.);
#1337=FACE_BOUND('',#1338,.T.);
#1338=EDGE_LOOP('',(#1339,#488,#1344,#1349,#1354,#1359));
#1339=ORIENTED_EDGE('',*,*,#1340,.T.);
#1340=EDGE_CURVE('',#1341,#485,#1343,.T.);
#1341=VERTEX_POINT('',#1342);
#1342=CARTESIAN_POINT('',(-0.1,-2.84,-2.5));
#1343=LINE('',#1342,#27);
#1344=ORIENTED_EDGE('',*,*,#1345,.T.);
#1345=EDGE_CURVE('',#490,#1346,#1348,.T.);
#1346=VERTEX_POINT('',#1347);
#1347=CARTESIAN_POINT('',(-0.1,-2.24,-2.5));
#1348=LINE('',#491,#1017);
#1349=ORIENTED_EDGE('',*,*,#1350,.T.);
#1350=EDGE_CURVE('',#1346,#1351,#1353,.T.);
#1351=VERTEX_POINT('',#1352);
#1352=CARTESIAN_POINT('',(-0.1,-2.39,-3.1));
#1353=LINE('',#1347,#1023);
#1354=ORIENTED_EDGE('',*,*,#1355,.F.);
#1355=EDGE_CURVE('',#1356,#1351,#1358,.T.);
#1356=VERTEX_POINT('',#1357);
#1357=CARTESIAN_POINT('',(-0.1,-2.69,-3.1));
#1358=LINE('',#1357,#33);
#1359=ORIENTED_EDGE('',*,*,#1360,.T.);
#1360=EDGE_CURVE('',#1356,#1341,#1361,.T.);
#1361=LINE('',#1357,#1033);
#1362=PLANE('',#1363);
#1363=AXIS2_PLACEMENT_3D('',#1364,#45,#13);
#1364=CARTESIAN_POINT('',(-0.1,-2.54,3.911477598424));
#1365=ADVANCED_FACE('',(#1366),#1371,.T.);
#1366=FACE_BOUND('',#1367,.T.);
#1367=EDGE_LOOP('',(#518,#525,#1368,#556));
#1368=ORIENTED_EDGE('',*,*,#1369,.T.);
#1369=EDGE_CURVE('',#527,#552,#1370,.T.);
#1370=LINE('',#528,#56);
#1371=PLANE('',#1372);
#1372=AXIS2_PLACEMENT_3D('',#528,#1002,#124);
#1373=ADVANCED_FACE('',(#1374),#1400,.F.);
#1374=FACE_BOUND('',#1375,.F.);
#1375=EDGE_LOOP('',(#1376,#1381,#1382,#1387,#1392,#1397));
#1376=ORIENTED_EDGE('',*,*,#1377,.T.);
#1377=EDGE_CURVE('',#1378,#552,#1380,.T.);
#1378=VERTEX_POINT('',#1379);
#1379=CARTESIAN_POINT('',(0.1,-0.3,-2.5));
#1380=LINE('',#1379,#27);
#1381=ORIENTED_EDGE('',*,*,#551,.F.);
#1382=ORIENTED_EDGE('',*,*,#1383,.T.);
#1383=EDGE_CURVE('',#547,#1384,#1386,.T.);
#1384=VERTEX_POINT('',#1385);
#1385=CARTESIAN_POINT('',(0.1,0.3,-2.5));
#1386=LINE('',#548,#1017);
#1387=ORIENTED_EDGE('',*,*,#1388,.T.);
#1388=EDGE_CURVE('',#1384,#1389,#1391,.T.);
#1389=VERTEX_POINT('',#1390);
#1390=CARTESIAN_POINT('',(0.1,0.15,-3.1));
#1391=LINE('',#1385,#1023);
#1392=ORIENTED_EDGE('',*,*,#1393,.T.);
#1393=EDGE_CURVE('',#1389,#1394,#1396,.T.);
#1394=VERTEX_POINT('',#1395);
#1395=CARTESIAN_POINT('',(0.1,-0.15,-3.1));
#1396=LINE('',#1390,#143);
#1397=ORIENTED_EDGE('',*,*,#1398,.T.);
#1398=EDGE_CURVE('',#1394,#1378,#1399,.T.);
#1399=LINE('',#1395,#1033);
#1400=PLANE('',#1401);
#1401=AXIS2_PLACEMENT_3D('',#1402,#45,#13);
#1402=CARTESIAN_POINT('',(0.1,-1.110223024625E-17,3.911477598424));
#1403=ADVANCED_FACE('',(#1404),#1371,.T.);
#1404=FACE_BOUND('',#1405,.T.);
#1405=EDGE_LOOP('',(#1406,#536,#540,#545));
#1406=ORIENTED_EDGE('',*,*,#1407,.F.);
#1407=EDGE_CURVE('',#532,#547,#1408,.T.);
#1408=LINE('',#533,#56);
#1409=ADVANCED_FACE('',(#1410),#1435,.T.);
#1410=FACE_BOUND('',#1411,.T.);
#1411=EDGE_LOOP('',(#1412,#530,#1417,#1422,#1427,#1432));
#1412=ORIENTED_EDGE('',*,*,#1413,.T.);
#1413=EDGE_CURVE('',#1414,#527,#1416,.T.);
#1414=VERTEX_POINT('',#1415);
#1415=CARTESIAN_POINT('',(-0.1,-0.3,-2.5));
#1416=LINE('',#1415,#27);
#1417=ORIENTED_EDGE('',*,*,#1418,.T.);
#1418=EDGE_CURVE('',#532,#1419,#1421,.T.);
#1419=VERTEX_POINT('',#1420);
#1420=CARTESIAN_POINT('',(-1.E-01,0.3,-2.5));
#1421=LINE('',#533,#1017);
#1422=ORIENTED_EDGE('',*,*,#1423,.T.);
#1423=EDGE_CURVE('',#1419,#1424,#1426,.T.);
#1424=VERTEX_POINT('',#1425);
#1425=CARTESIAN_POINT('',(-1.E-01,0.15,-3.1));
#1426=LINE('',#1420,#1023);
#1427=ORIENTED_EDGE('',*,*,#1428,.F.);
#1428=EDGE_CURVE('',#1429,#1424,#1431,.T.);
#1429=VERTEX_POINT('',#1430);
#1430=CARTESIAN_POINT('',(-1.E-01,-0.15,-3.1));
#1431=LINE('',#1430,#33);
#1432=ORIENTED_EDGE('',*,*,#1433,.T.);
#1433=EDGE_CURVE('',#1429,#1414,#1434,.T.);
#1434=LINE('',#1430,#1033);
#1435=PLANE('',#1436);
#1436=AXIS2_PLACEMENT_3D('',#1437,#45,#13);
#1437=CARTESIAN_POINT('',(-1.E-01,1.110223024625E-17,3.911477598424));
#1438=ADVANCED_FACE('',(#1439),#1454,.F.);
#1439=FACE_BOUND('',#1440,.F.);
#1440=EDGE_LOOP('',(#1441,#1446,#1451,#592));
#1441=ORIENTED_EDGE('',*,*,#1442,.T.);
#1442=EDGE_CURVE('',#579,#1443,#1445,.T.);
#1443=VERTEX_POINT('',#1444);
#1444=CARTESIAN_POINT('',(0.3,-13.,0.9));
#1445=LINE('',#580,#1017);
#1446=ORIENTED_EDGE('',*,*,#1447,.T.);
#1447=EDGE_CURVE('',#1443,#1448,#1450,.T.);
#1448=VERTEX_POINT('',#1449);
#1449=CARTESIAN_POINT('',(0.3,-12.4,0.9));
#1450=LINE('',#1444,#33);
#1451=ORIENTED_EDGE('',*,*,#1452,.F.);
#1452=EDGE_CURVE('',#587,#1448,#1453,.T.);
#1453=LINE('',#588,#1017);
#1454=PLANE('',#1455);
#1455=AXIS2_PLACEMENT_3D('',#580,#14,#34);
#1456=ADVANCED_FACE('',(#1457),#1489,.F.);
#1457=FACE_BOUND('',#1458,.F.);
#1458=EDGE_LOOP('',(#612,#1459,#1460,#1465,#1471,#1476,#1482,#1486));
#1459=ORIENTED_EDGE('',*,*,#1452,.T.);
#1460=ORIENTED_EDGE('',*,*,#1461,.T.);
#1461=EDGE_CURVE('',#1448,#1462,#1464,.T.);
#1462=VERTEX_POINT('',#1463);
#1463=CARTESIAN_POINT('',(1.E-01,-12.4,0.9));
#1464=LINE('',#1449,#93);
#1465=ORIENTED_EDGE('',*,*,#1466,.T.);
#1466=EDGE_CURVE('',#1462,#1467,#1469,.T.);
#1467=VERTEX_POINT('',#1468);
#1468=CARTESIAN_POINT('',(1.E-01,-12.4,7.4));
#1469=LINE('',#1470,#27);
#1470=CARTESIAN_POINT('',(1.E-01,-12.4,6.055738799212));
#1471=ORIENTED_EDGE('',*,*,#1472,.F.);
#1472=EDGE_CURVE('',#1473,#1467,#1475,.T.);
#1473=VERTEX_POINT('',#1474);
#1474=CARTESIAN_POINT('',(-0.1,-12.4,7.4));
#1475=LINE('',#1474,#56);
#1476=ORIENTED_EDGE('',*,*,#1477,.F.);
#1477=EDGE_CURVE('',#1478,#1473,#1480,.T.);
#1478=VERTEX_POINT('',#1479);
#1479=CARTESIAN_POINT('',(-0.1,-12.4,0.9));
#1480=LINE('',#1481,#27);
#1481=CARTESIAN_POINT('',(-0.1,-12.4,6.055738799212));
#1482=ORIENTED_EDGE('',*,*,#1483,.T.);
#1483=EDGE_CURVE('',#1478,#1484,#1464,.T.);
#1484=VERTEX_POINT('',#1485);
#1485=CARTESIAN_POINT('',(-0.3,-12.4,0.9));
#1486=ORIENTED_EDGE('',*,*,#1487,.F.);
#1487=EDGE_CURVE('',#607,#1484,#1488,.T.);
#1488=LINE('',#608,#1017);
#1489=PLANE('',#1490);
#1490=AXIS2_PLACEMENT_3D('',#588,#34,#45);
#1491=ADVANCED_FACE('',(#1492),#1503,.F.);
#1492=FACE_BOUND('',#1493,.F.);
#1493=EDGE_LOOP('',(#1494,#1495,#1500,#632));
#1494=ORIENTED_EDGE('',*,*,#1487,.T.);
#1495=ORIENTED_EDGE('',*,*,#1496,.T.);
#1496=EDGE_CURVE('',#1484,#1497,#1499,.T.);
#1497=VERTEX_POINT('',#1498);
#1498=CARTESIAN_POINT('',(-0.3,-13.,0.9));
#1499=LINE('',#1485,#143);
#1500=ORIENTED_EDGE('',*,*,#1501,.F.);
#1501=EDGE_CURVE('',#627,#1497,#1502,.T.);
#1502=LINE('',#628,#1017);
#1503=PLANE('',#1504);
#1504=AXIS2_PLACEMENT_3D('',#608,#45,#124);
#1505=ADVANCED_FACE('',(#1506),#1534,.F.);
#1506=FACE_BOUND('',#1507,.F.);
#1507=EDGE_LOOP('',(#646,#1508,#1509,#1514,#1520,#1525,#1531,#1533));
#1508=ORIENTED_EDGE('',*,*,#1501,.T.);
#1509=ORIENTED_EDGE('',*,*,#1510,.T.);
#1510=EDGE_CURVE('',#1497,#1511,#1513,.T.);
#1511=VERTEX_POINT('',#1512);
#1512=CARTESIAN_POINT('',(-0.1,-13.,0.9));
#1513=LINE('',#1498,#56);
#1514=ORIENTED_EDGE('',*,*,#1515,.F.);
#1515=EDGE_CURVE('',#1516,#1511,#1518,.T.);
#1516=VERTEX_POINT('',#1517);
#1517=CARTESIAN_POINT('',(-0.1,-13.,7.4));
#1518=LINE('',#1519,#1017);
#1519=CARTESIAN_POINT('',(-0.1,-13.,6.055738799212));
#1520=ORIENTED_EDGE('',*,*,#1521,.T.);
#1521=EDGE_CURVE('',#1516,#1522,#1524,.T.);
#1522=VERTEX_POINT('',#1523);
#1523=CARTESIAN_POINT('',(1.E-01,-13.,7.4));
#1524=LINE('',#1517,#56);
#1525=ORIENTED_EDGE('',*,*,#1526,.T.);
#1526=EDGE_CURVE('',#1522,#1527,#1529,.T.);
#1527=VERTEX_POINT('',#1528);
#1528=CARTESIAN_POINT('',(1.E-01,-13.,0.9));
#1529=LINE('',#1530,#1017);
#1530=CARTESIAN_POINT('',(1.E-01,-13.,6.055738799212));
#1531=ORIENTED_EDGE('',*,*,#1532,.T.);
#1532=EDGE_CURVE('',#1527,#1443,#1513,.T.);
#1533=ORIENTED_EDGE('',*,*,#1442,.F.);
#1534=PLANE('',#1535);
#1535=AXIS2_PLACEMENT_3D('',#628,#124,#14);
#1536=ADVANCED_FACE('',(#1537),#1552,.F.);
#1537=FACE_BOUND('',#1538,.F.);
#1538=EDGE_LOOP('',(#1539,#1544,#1549,#668));
#1539=ORIENTED_EDGE('',*,*,#1540,.T.);
#1540=EDGE_CURVE('',#659,#1541,#1543,.T.);
#1541=VERTEX_POINT('',#1542);
#1542=CARTESIAN_POINT('',(0.3,-10.46,0.9));
#1543=LINE('',#660,#1017);
#1544=ORIENTED_EDGE('',*,*,#1545,.T.);
#1545=EDGE_CURVE('',#1541,#1546,#1548,.T.);
#1546=VERTEX_POINT('',#1547);
#1547=CARTESIAN_POINT('',(0.3,-9.86,0.9));
#1548=LINE('',#1542,#33);
#1549=ORIENTED_EDGE('',*,*,#1550,.F.);
#1550=EDGE_CURVE('',#665,#1546,#1551,.T.);
#1551=LINE('',#666,#1017);
#1552=PLANE('',#1553);
#1553=AXIS2_PLACEMENT_3D('',#660,#14,#34);
#1554=ADVANCED_FACE('',(#1555),#1587,.F.);
#1555=FACE_BOUND('',#1556,.F.);
#1556=EDGE_LOOP('',(#685,#1557,#1558,#1563,#1569,#1574,#1580,#1584));
#1557=ORIENTED_EDGE('',*,*,#1550,.T.);
#1558=ORIENTED_EDGE('',*,*,#1559,.T.);
#1559=EDGE_CURVE('',#1546,#1560,#1562,.T.);
#1560=VERTEX_POINT('',#1561);
#1561=CARTESIAN_POINT('',(1.E-01,-9.86,0.9));
#1562=LINE('',#1547,#93);
#1563=ORIENTED_EDGE('',*,*,#1564,.T.);
#1564=EDGE_CURVE('',#1560,#1565,#1567,.T.);
#1565=VERTEX_POINT('',#1566);
#1566=CARTESIAN_POINT('',(1.E-01,-9.86,7.4));
#1567=LINE('',#1568,#27);
#1568=CARTESIAN_POINT('',(1.E-01,-9.86,6.055738799212));
#1569=ORIENTED_EDGE('',*,*,#1570,.F.);
#1570=EDGE_CURVE('',#1571,#1565,#1573,.T.);
#1571=VERTEX_POINT('',#1572);
#1572=CARTESIAN_POINT('',(-0.1,-9.86,7.4));
#1573=LINE('',#1572,#56);
#1574=ORIENTED_EDGE('',*,*,#1575,.F.);
#1575=EDGE_CURVE('',#1576,#1571,#1578,.T.);
#1576=VERTEX_POINT('',#1577);
#1577=CARTESIAN_POINT('',(-0.1,-9.86,0.9));
#1578=LINE('',#1579,#27);
#1579=CARTESIAN_POINT('',(-0.1,-9.86,6.055738799212));
#1580=ORIENTED_EDGE('',*,*,#1581,.T.);
#1581=EDGE_CURVE('',#1576,#1582,#1562,.T.);
#1582=VERTEX_POINT('',#1583);
#1583=CARTESIAN_POINT('',(-0.3,-9.86,0.9));
#1584=ORIENTED_EDGE('',*,*,#1585,.F.);
#1585=EDGE_CURVE('',#682,#1582,#1586,.T.);
#1586=LINE('',#683,#1017);
#1587=PLANE('',#1588);
#1588=AXIS2_PLACEMENT_3D('',#666,#34,#45);
#1589=ADVANCED_FACE('',(#1590),#1601,.F.);
#1590=FACE_BOUND('',#1591,.F.);
#1591=EDGE_LOOP('',(#1592,#1593,#1598,#702));
#1592=ORIENTED_EDGE('',*,*,#1585,.T.);
#1593=ORIENTED_EDGE('',*,*,#1594,.T.);
#1594=EDGE_CURVE('',#1582,#1595,#1597,.T.);
#1595=VERTEX_POINT('',#1596);
#1596=CARTESIAN_POINT('',(-0.3,-10.46,0.9));
#1597=LINE('',#1583,#143);
#1598=ORIENTED_EDGE('',*,*,#1599,.F.);
#1599=EDGE_CURVE('',#699,#1595,#1600,.T.);
#1600=LINE('',#700,#1017);
#1601=PLANE('',#1602);
#1602=AXIS2_PLACEMENT_3D('',#683,#45,#124);
#1603=ADVANCED_FACE('',(#1604),#1632,.F.);
#1604=FACE_BOUND('',#1605,.F.);
#1605=EDGE_LOOP('',(#715,#1606,#1607,#1612,#1618,#1623,#1629,#1631));
#1606=ORIENTED_EDGE('',*,*,#1599,.T.);
#1607=ORIENTED_EDGE('',*,*,#1608,.T.);
#1608=EDGE_CURVE('',#1595,#1609,#1611,.T.);
#1609=VERTEX_POINT('',#1610);
#1610=CARTESIAN_POINT('',(-0.1,-10.46,0.9));
#1611=LINE('',#1596,#56);
#1612=ORIENTED_EDGE('',*,*,#1613,.F.);
#1613=EDGE_CURVE('',#1614,#1609,#1616,.T.);
#1614=VERTEX_POINT('',#1615);
#1615=CARTESIAN_POINT('',(-0.1,-10.46,7.4));
#1616=LINE('',#1617,#1017);
#1617=CARTESIAN_POINT('',(-0.1,-10.46,6.055738799212));
#1618=ORIENTED_EDGE('',*,*,#1619,.T.);
#1619=EDGE_CURVE('',#1614,#1620,#1622,.T.);
#1620=VERTEX_POINT('',#1621);
#1621=CARTESIAN_POINT('',(1.E-01,-10.46,7.4));
#1622=LINE('',#1615,#56);
#1623=ORIENTED_EDGE('',*,*,#1624,.T.);
#1624=EDGE_CURVE('',#1620,#1625,#1627,.T.);
#1625=VERTEX_POINT('',#1626);
#1626=CARTESIAN_POINT('',(1.E-01,-10.46,0.9));
#1627=LINE('',#1628,#1017);
#1628=CARTESIAN_POINT('',(1.E-01,-10.46,6.055738799212));
#1629=ORIENTED_EDGE('',*,*,#1630,.T.);
#1630=EDGE_CURVE('',#1625,#1541,#1611,.T.);
#1631=ORIENTED_EDGE('',*,*,#1540,.F.);
#1632=PLANE('',#1633);
#1633=AXIS2_PLACEMENT_3D('',#700,#124,#14);
#1634=ADVANCED_FACE('',(#1635),#1650,.F.);
#1635=FACE_BOUND('',#1636,.F.);
#1636=EDGE_LOOP('',(#1637,#1642,#1647,#736));
#1637=ORIENTED_EDGE('',*,*,#1638,.T.);
#1638=EDGE_CURVE('',#727,#1639,#1641,.T.);
#1639=VERTEX_POINT('',#1640);
#1640=CARTESIAN_POINT('',(0.3,-7.92,0.9));
#1641=LINE('',#728,#1017);
#1642=ORIENTED_EDGE('',*,*,#1643,.T.);
#1643=EDGE_CURVE('',#1639,#1644,#1646,.T.);
#1644=VERTEX_POINT('',#1645);
#1645=CARTESIAN_POINT('',(0.3,-7.32,0.9));
#1646=LINE('',#1640,#33);
#1647=ORIENTED_EDGE('',*,*,#1648,.F.);
#1648=EDGE_CURVE('',#733,#1644,#1649,.T.);
#1649=LINE('',#734,#1017);
#1650=PLANE('',#1651);
#1651=AXIS2_PLACEMENT_3D('',#728,#14,#34);
#1652=ADVANCED_FACE('',(#1653),#1685,.F.);
#1653=FACE_BOUND('',#1654,.F.);
#1654=EDGE_LOOP('',(#753,#1655,#1656,#1661,#1667,#1672,#1678,#1682));
#1655=ORIENTED_EDGE('',*,*,#1648,.T.);
#1656=ORIENTED_EDGE('',*,*,#1657,.T.);
#1657=EDGE_CURVE('',#1644,#1658,#1660,.T.);
#1658=VERTEX_POINT('',#1659);
#1659=CARTESIAN_POINT('',(1.E-01,-7.32,0.9));
#1660=LINE('',#1645,#93);
#1661=ORIENTED_EDGE('',*,*,#1662,.T.);
#1662=EDGE_CURVE('',#1658,#1663,#1665,.T.);
#1663=VERTEX_POINT('',#1664);
#1664=CARTESIAN_POINT('',(1.E-01,-7.32,7.4));
#1665=LINE('',#1666,#27);
#1666=CARTESIAN_POINT('',(1.E-01,-7.32,6.055738799212));
#1667=ORIENTED_EDGE('',*,*,#1668,.F.);
#1668=EDGE_CURVE('',#1669,#1663,#1671,.T.);
#1669=VERTEX_POINT('',#1670);
#1670=CARTESIAN_POINT('',(-0.1,-7.32,7.4));
#1671=LINE('',#1670,#56);
#1672=ORIENTED_EDGE('',*,*,#1673,.F.);
#1673=EDGE_CURVE('',#1674,#1669,#1676,.T.);
#1674=VERTEX_POINT('',#1675);
#1675=CARTESIAN_POINT('',(-0.1,-7.32,0.9));
#1676=LINE('',#1677,#27);
#1677=CARTESIAN_POINT('',(-0.1,-7.32,6.055738799212));
#1678=ORIENTED_EDGE('',*,*,#1679,.T.);
#1679=EDGE_CURVE('',#1674,#1680,#1660,.T.);
#1680=VERTEX_POINT('',#1681);
#1681=CARTESIAN_POINT('',(-0.3,-7.32,0.9));
#1682=ORIENTED_EDGE('',*,*,#1683,.F.);
#1683=EDGE_CURVE('',#750,#1680,#1684,.T.);
#1684=LINE('',#751,#1017);
#1685=PLANE('',#1686);
#1686=AXIS2_PLACEMENT_3D('',#734,#34,#45);
#1687=ADVANCED_FACE('',(#1688),#1699,.F.);
#1688=FACE_BOUND('',#1689,.F.);
#1689=EDGE_LOOP('',(#1690,#1691,#1696,#770));
#1690=ORIENTED_EDGE('',*,*,#1683,.T.);
#1691=ORIENTED_EDGE('',*,*,#1692,.T.);
#1692=EDGE_CURVE('',#1680,#1693,#1695,.T.);
#1693=VERTEX_POINT('',#1694);
#1694=CARTESIAN_POINT('',(-0.3,-7.92,0.9));
#1695=LINE('',#1681,#143);
#1696=ORIENTED_EDGE('',*,*,#1697,.F.);
#1697=EDGE_CURVE('',#767,#1693,#1698,.T.);
#1698=LINE('',#768,#1017);
#1699=PLANE('',#1700);
#1700=AXIS2_PLACEMENT_3D('',#751,#45,#124);
#1701=ADVANCED_FACE('',(#1702),#1730,.F.);
#1702=FACE_BOUND('',#1703,.F.);
#1703=EDGE_LOOP('',(#783,#1704,#1705,#1710,#1716,#1721,#1727,#1729));
#1704=ORIENTED_EDGE('',*,*,#1697,.T.);
#1705=ORIENTED_EDGE('',*,*,#1706,.T.);
#1706=EDGE_CURVE('',#1693,#1707,#1709,.T.);
#1707=VERTEX_POINT('',#1708);
#1708=CARTESIAN_POINT('',(-0.1,-7.92,0.9));
#1709=LINE('',#1694,#56);
#1710=ORIENTED_EDGE('',*,*,#1711,.F.);
#1711=EDGE_CURVE('',#1712,#1707,#1714,.T.);
#1712=VERTEX_POINT('',#1713);
#1713=CARTESIAN_POINT('',(-0.1,-7.92,7.4));
#1714=LINE('',#1715,#1017);
#1715=CARTESIAN_POINT('',(-0.1,-7.92,6.055738799212));
#1716=ORIENTED_EDGE('',*,*,#1717,.T.);
#1717=EDGE_CURVE('',#1712,#1718,#1720,.T.);
#1718=VERTEX_POINT('',#1719);
#1719=CARTESIAN_POINT('',(1.E-01,-7.92,7.4));
#1720=LINE('',#1713,#56);
#1721=ORIENTED_EDGE('',*,*,#1722,.T.);
#1722=EDGE_CURVE('',#1718,#1723,#1725,.T.);
#1723=VERTEX_POINT('',#1724);
#1724=CARTESIAN_POINT('',(1.E-01,-7.92,0.9));
#1725=LINE('',#1726,#1017);
#1726=CARTESIAN_POINT('',(1.E-01,-7.92,6.055738799212));
#1727=ORIENTED_EDGE('',*,*,#1728,.T.);
#1728=EDGE_CURVE('',#1723,#1639,#1709,.T.);
#1729=ORIENTED_EDGE('',*,*,#1638,.F.);
#1730=PLANE('',#1731);
#1731=AXIS2_PLACEMENT_3D('',#768,#124,#14);
#1732=ADVANCED_FACE('',(#1733),#1748,.F.);
#1733=FACE_BOUND('',#1734,.F.);
#1734=EDGE_LOOP('',(#1735,#1740,#1745,#804));
#1735=ORIENTED_EDGE('',*,*,#1736,.T.);
#1736=EDGE_CURVE('',#795,#1737,#1739,.T.);
#1737=VERTEX_POINT('',#1738);
#1738=CARTESIAN_POINT('',(0.3,-5.38,0.9));
#1739=LINE('',#796,#1017);
#1740=ORIENTED_EDGE('',*,*,#1741,.T.);
#1741=EDGE_CURVE('',#1737,#1742,#1744,.T.);
#1742=VERTEX_POINT('',#1743);
#1743=CARTESIAN_POINT('',(0.3,-4.78,0.9));
#1744=LINE('',#1738,#33);
#1745=ORIENTED_EDGE('',*,*,#1746,.F.);
#1746=EDGE_CURVE('',#801,#1742,#1747,.T.);
#1747=LINE('',#802,#1017);
#1748=PLANE('',#1749);
#1749=AXIS2_PLACEMENT_3D('',#796,#14,#34);
#1750=ADVANCED_FACE('',(#1751),#1783,.F.);
#1751=FACE_BOUND('',#1752,.F.);
#1752=EDGE_LOOP('',(#821,#1753,#1754,#1759,#1765,#1770,#1776,#1780));
#1753=ORIENTED_EDGE('',*,*,#1746,.T.);
#1754=ORIENTED_EDGE('',*,*,#1755,.T.);
#1755=EDGE_CURVE('',#1742,#1756,#1758,.T.);
#1756=VERTEX_POINT('',#1757);
#1757=CARTESIAN_POINT('',(1.E-01,-4.78,0.9));
#1758=LINE('',#1743,#93);
#1759=ORIENTED_EDGE('',*,*,#1760,.T.);
#1760=EDGE_CURVE('',#1756,#1761,#1763,.T.);
#1761=VERTEX_POINT('',#1762);
#1762=CARTESIAN_POINT('',(1.E-01,-4.78,7.4));
#1763=LINE('',#1764,#27);
#1764=CARTESIAN_POINT('',(1.E-01,-4.78,6.055738799212));
#1765=ORIENTED_EDGE('',*,*,#1766,.F.);
#1766=EDGE_CURVE('',#1767,#1761,#1769,.T.);
#1767=VERTEX_POINT('',#1768);
#1768=CARTESIAN_POINT('',(-0.1,-4.78,7.4));
#1769=LINE('',#1768,#56);
#1770=ORIENTED_EDGE('',*,*,#1771,.F.);
#1771=EDGE_CURVE('',#1772,#1767,#1774,.T.);
#1772=VERTEX_POINT('',#1773);
#1773=CARTESIAN_POINT('',(-0.1,-4.78,0.9));
#1774=LINE('',#1775,#27);
#1775=CARTESIAN_POINT('',(-0.1,-4.78,6.055738799212));
#1776=ORIENTED_EDGE('',*,*,#1777,.T.);
#1777=EDGE_CURVE('',#1772,#1778,#1758,.T.);
#1778=VERTEX_POINT('',#1779);
#1779=CARTESIAN_POINT('',(-0.3,-4.78,0.9));
#1780=ORIENTED_EDGE('',*,*,#1781,.F.);
#1781=EDGE_CURVE('',#818,#1778,#1782,.T.);
#1782=LINE('',#819,#1017);
#1783=PLANE('',#1784);
#1784=AXIS2_PLACEMENT_3D('',#802,#34,#45);
#1785=ADVANCED_FACE('',(#1786),#1797,.F.);
#1786=FACE_BOUND('',#1787,.F.);
#1787=EDGE_LOOP('',(#1788,#1789,#1794,#838));
#1788=ORIENTED_EDGE('',*,*,#1781,.T.);
#1789=ORIENTED_EDGE('',*,*,#1790,.T.);
#1790=EDGE_CURVE('',#1778,#1791,#1793,.T.);
#1791=VERTEX_POINT('',#1792);
#1792=CARTESIAN_POINT('',(-0.3,-5.38,0.9));
#1793=LINE('',#1779,#143);
#1794=ORIENTED_EDGE('',*,*,#1795,.F.);
#1795=EDGE_CURVE('',#835,#1791,#1796,.T.);
#1796=LINE('',#836,#1017);
#1797=PLANE('',#1798);
#1798=AXIS2_PLACEMENT_3D('',#819,#45,#124);
#1799=ADVANCED_FACE('',(#1800),#1828,.F.);
#1800=FACE_BOUND('',#1801,.F.);
#1801=EDGE_LOOP('',(#851,#1802,#1803,#1808,#1814,#1819,#1825,#1827));
#1802=ORIENTED_EDGE('',*,*,#1795,.T.);
#1803=ORIENTED_EDGE('',*,*,#1804,.T.);
#1804=EDGE_CURVE('',#1791,#1805,#1807,.T.);
#1805=VERTEX_POINT('',#1806);
#1806=CARTESIAN_POINT('',(-0.1,-5.38,0.9));
#1807=LINE('',#1792,#56);
#1808=ORIENTED_EDGE('',*,*,#1809,.F.);
#1809=EDGE_CURVE('',#1810,#1805,#1812,.T.);
#1810=VERTEX_POINT('',#1811);
#1811=CARTESIAN_POINT('',(-0.1,-5.38,7.4));
#1812=LINE('',#1813,#1017);
#1813=CARTESIAN_POINT('',(-0.1,-5.38,6.055738799212));
#1814=ORIENTED_EDGE('',*,*,#1815,.T.);
#1815=EDGE_CURVE('',#1810,#1816,#1818,.T.);
#1816=VERTEX_POINT('',#1817);
#1817=CARTESIAN_POINT('',(1.E-01,-5.38,7.4));
#1818=LINE('',#1811,#56);
#1819=ORIENTED_EDGE('',*,*,#1820,.T.);
#1820=EDGE_CURVE('',#1816,#1821,#1823,.T.);
#1821=VERTEX_POINT('',#1822);
#1822=CARTESIAN_POINT('',(1.E-01,-5.38,0.9));
#1823=LINE('',#1824,#1017);
#1824=CARTESIAN_POINT('',(1.E-01,-5.38,6.055738799212));
#1825=ORIENTED_EDGE('',*,*,#1826,.T.);
#1826=EDGE_CURVE('',#1821,#1737,#1807,.T.);
#1827=ORIENTED_EDGE('',*,*,#1736,.F.);
#1828=PLANE('',#1829);
#1829=AXIS2_PLACEMENT_3D('',#836,#124,#14);
#1830=ADVANCED_FACE('',(#1831),#1846,.F.);
#1831=FACE_BOUND('',#1832,.F.);
#1832=EDGE_LOOP('',(#1833,#1838,#1843,#872));
#1833=ORIENTED_EDGE('',*,*,#1834,.T.);
#1834=EDGE_CURVE('',#863,#1835,#1837,.T.);
#1835=VERTEX_POINT('',#1836);
#1836=CARTESIAN_POINT('',(0.3,-2.84,0.9));
#1837=LINE('',#864,#1017);
#1838=ORIENTED_EDGE('',*,*,#1839,.T.);
#1839=EDGE_CURVE('',#1835,#1840,#1842,.T.);
#1840=VERTEX_POINT('',#1841);
#1841=CARTESIAN_POINT('',(0.3,-2.24,0.9));
#1842=LINE('',#1836,#33);
#1843=ORIENTED_EDGE('',*,*,#1844,.F.);
#1844=EDGE_CURVE('',#869,#1840,#1845,.T.);
#1845=LINE('',#870,#1017);
#1846=PLANE('',#1847);
#1847=AXIS2_PLACEMENT_3D('',#864,#14,#34);
#1848=ADVANCED_FACE('',(#1849),#1881,.F.);
#1849=FACE_BOUND('',#1850,.F.);
#1850=EDGE_LOOP('',(#889,#1851,#1852,#1857,#1863,#1868,#1874,#1878));
#1851=ORIENTED_EDGE('',*,*,#1844,.T.);
#1852=ORIENTED_EDGE('',*,*,#1853,.T.);
#1853=EDGE_CURVE('',#1840,#1854,#1856,.T.);
#1854=VERTEX_POINT('',#1855);
#1855=CARTESIAN_POINT('',(1.E-01,-2.24,0.9));
#1856=LINE('',#1841,#93);
#1857=ORIENTED_EDGE('',*,*,#1858,.T.);
#1858=EDGE_CURVE('',#1854,#1859,#1861,.T.);
#1859=VERTEX_POINT('',#1860);
#1860=CARTESIAN_POINT('',(1.E-01,-2.24,7.4));
#1861=LINE('',#1862,#27);
#1862=CARTESIAN_POINT('',(1.E-01,-2.24,6.055738799212));
#1863=ORIENTED_EDGE('',*,*,#1864,.F.);
#1864=EDGE_CURVE('',#1865,#1859,#1867,.T.);
#1865=VERTEX_POINT('',#1866);
#1866=CARTESIAN_POINT('',(-0.1,-2.24,7.4));
#1867=LINE('',#1866,#56);
#1868=ORIENTED_EDGE('',*,*,#1869,.F.);
#1869=EDGE_CURVE('',#1870,#1865,#1872,.T.);
#1870=VERTEX_POINT('',#1871);
#1871=CARTESIAN_POINT('',(-0.1,-2.24,0.9));
#1872=LINE('',#1873,#27);
#1873=CARTESIAN_POINT('',(-0.1,-2.24,6.055738799212));
#1874=ORIENTED_EDGE('',*,*,#1875,.T.);
#1875=EDGE_CURVE('',#1870,#1876,#1856,.T.);
#1876=VERTEX_POINT('',#1877);
#1877=CARTESIAN_POINT('',(-0.3,-2.24,0.9));
#1878=ORIENTED_EDGE('',*,*,#1879,.F.);
#1879=EDGE_CURVE('',#886,#1876,#1880,.T.);
#1880=LINE('',#887,#1017);
#1881=PLANE('',#1882);
#1882=AXIS2_PLACEMENT_3D('',#870,#34,#45);
#1883=ADVANCED_FACE('',(#1884),#1895,.F.);
#1884=FACE_BOUND('',#1885,.F.);
#1885=EDGE_LOOP('',(#1886,#1887,#1892,#906));
#1886=ORIENTED_EDGE('',*,*,#1879,.T.);
#1887=ORIENTED_EDGE('',*,*,#1888,.T.);
#1888=EDGE_CURVE('',#1876,#1889,#1891,.T.);
#1889=VERTEX_POINT('',#1890);
#1890=CARTESIAN_POINT('',(-0.3,-2.84,0.9));
#1891=LINE('',#1877,#143);
#1892=ORIENTED_EDGE('',*,*,#1893,.F.);
#1893=EDGE_CURVE('',#903,#1889,#1894,.T.);
#1894=LINE('',#904,#1017);
#1895=PLANE('',#1896);
#1896=AXIS2_PLACEMENT_3D('',#887,#45,#124);
#1897=ADVANCED_FACE('',(#1898),#1926,.F.);
#1898=FACE_BOUND('',#1899,.F.);
#1899=EDGE_LOOP('',(#919,#1900,#1901,#1906,#1912,#1917,#1923,#1925));
#1900=ORIENTED_EDGE('',*,*,#1893,.T.);
#1901=ORIENTED_EDGE('',*,*,#1902,.T.);
#1902=EDGE_CURVE('',#1889,#1903,#1905,.T.);
#1903=VERTEX_POINT('',#1904);
#1904=CARTESIAN_POINT('',(-0.1,-2.84,0.9));
#1905=LINE('',#1890,#56);
#1906=ORIENTED_EDGE('',*,*,#1907,.F.);
#1907=EDGE_CURVE('',#1908,#1903,#1910,.T.);
#1908=VERTEX_POINT('',#1909);
#1909=CARTESIAN_POINT('',(-0.1,-2.84,7.4));
#1910=LINE('',#1911,#1017);
#1911=CARTESIAN_POINT('',(-0.1,-2.84,6.055738799212));
#1912=ORIENTED_EDGE('',*,*,#1913,.T.);
#1913=EDGE_CURVE('',#1908,#1914,#1916,.T.);
#1914=VERTEX_POINT('',#1915);
#1915=CARTESIAN_POINT('',(1.E-01,-2.84,7.4));
#1916=LINE('',#1909,#56);
#1917=ORIENTED_EDGE('',*,*,#1918,.T.);
#1918=EDGE_CURVE('',#1914,#1919,#1921,.T.);
#1919=VERTEX_POINT('',#1920);
#1920=CARTESIAN_POINT('',(1.E-01,-2.84,0.9));
#1921=LINE('',#1922,#1017);
#1922=CARTESIAN_POINT('',(1.E-01,-2.84,6.055738799212));
#1923=ORIENTED_EDGE('',*,*,#1924,.T.);
#1924=EDGE_CURVE('',#1919,#1835,#1905,.T.);
#1925=ORIENTED_EDGE('',*,*,#1834,.F.);
#1926=PLANE('',#1927);
#1927=AXIS2_PLACEMENT_3D('',#904,#124,#14);
#1928=ADVANCED_FACE('',(#1929),#1944,.F.);
#1929=FACE_BOUND('',#1930,.F.);
#1930=EDGE_LOOP('',(#1931,#1936,#1941,#940));
#1931=ORIENTED_EDGE('',*,*,#1932,.T.);
#1932=EDGE_CURVE('',#931,#1933,#1935,.T.);
#1933=VERTEX_POINT('',#1934);
#1934=CARTESIAN_POINT('',(0.3,-0.3,0.9));
#1935=LINE('',#932,#1017);
#1936=ORIENTED_EDGE('',*,*,#1937,.T.);
#1937=EDGE_CURVE('',#1933,#1938,#1940,.T.);
#1938=VERTEX_POINT('',#1939);
#1939=CARTESIAN_POINT('',(0.3,0.3,0.9));
#1940=LINE('',#1934,#33);
#1941=ORIENTED_EDGE('',*,*,#1942,.F.);
#1942=EDGE_CURVE('',#937,#1938,#1943,.T.);
#1943=LINE('',#938,#1017);
#1944=PLANE('',#1945);
#1945=AXIS2_PLACEMENT_3D('',#932,#14,#34);
#1946=ADVANCED_FACE('',(#1947),#1979,.F.);
#1947=FACE_BOUND('',#1948,.F.);
#1948=EDGE_LOOP('',(#957,#1949,#1950,#1955,#1961,#1966,#1972,#1976));
#1949=ORIENTED_EDGE('',*,*,#1942,.T.);
#1950=ORIENTED_EDGE('',*,*,#1951,.T.);
#1951=EDGE_CURVE('',#1938,#1952,#1954,.T.);
#1952=VERTEX_POINT('',#1953);
#1953=CARTESIAN_POINT('',(0.1,0.3,0.9));
#1954=LINE('',#1939,#93);
#1955=ORIENTED_EDGE('',*,*,#1956,.T.);
#1956=EDGE_CURVE('',#1952,#1957,#1959,.T.);
#1957=VERTEX_POINT('',#1958);
#1958=CARTESIAN_POINT('',(0.1,0.3,7.4));
#1959=LINE('',#1960,#27);
#1960=CARTESIAN_POINT('',(0.1,0.3,6.055738799212));
#1961=ORIENTED_EDGE('',*,*,#1962,.F.);
#1962=EDGE_CURVE('',#1963,#1957,#1965,.T.);
#1963=VERTEX_POINT('',#1964);
#1964=CARTESIAN_POINT('',(-1.E-01,0.3,7.4));
#1965=LINE('',#1964,#56);
#1966=ORIENTED_EDGE('',*,*,#1967,.F.);
#1967=EDGE_CURVE('',#1968,#1963,#1970,.T.);
#1968=VERTEX_POINT('',#1969);
#1969=CARTESIAN_POINT('',(-1.E-01,0.3,0.9));
#1970=LINE('',#1971,#27);
#1971=CARTESIAN_POINT('',(-1.E-01,0.3,6.055738799212));
#1972=ORIENTED_EDGE('',*,*,#1973,.T.);
#1973=EDGE_CURVE('',#1968,#1974,#1954,.T.);
#1974=VERTEX_POINT('',#1975);
#1975=CARTESIAN_POINT('',(-0.3,0.3,0.9));
#1976=ORIENTED_EDGE('',*,*,#1977,.F.);
#1977=EDGE_CURVE('',#954,#1974,#1978,.T.);
#1978=LINE('',#955,#1017);
#1979=PLANE('',#1980);
#1980=AXIS2_PLACEMENT_3D('',#938,#34,#45);
#1981=ADVANCED_FACE('',(#1982),#1993,.F.);
#1982=FACE_BOUND('',#1983,.F.);
#1983=EDGE_LOOP('',(#1984,#1985,#1990,#974));
#1984=ORIENTED_EDGE('',*,*,#1977,.T.);
#1985=ORIENTED_EDGE('',*,*,#1986,.T.);
#1986=EDGE_CURVE('',#1974,#1987,#1989,.T.);
#1987=VERTEX_POINT('',#1988);
#1988=CARTESIAN_POINT('',(-0.3,-0.3,0.9));
#1989=LINE('',#1975,#143);
#1990=ORIENTED_EDGE('',*,*,#1991,.F.);
#1991=EDGE_CURVE('',#971,#1987,#1992,.T.);
#1992=LINE('',#972,#1017);
#1993=PLANE('',#1994);
#1994=AXIS2_PLACEMENT_3D('',#955,#45,#124);
#1995=ADVANCED_FACE('',(#1996),#2024,.F.);
#1996=FACE_BOUND('',#1997,.F.);
#1997=EDGE_LOOP('',(#987,#1998,#1999,#2004,#2010,#2015,#2021,#2023));
#1998=ORIENTED_EDGE('',*,*,#1991,.T.);
#1999=ORIENTED_EDGE('',*,*,#2000,.T.);
#2000=EDGE_CURVE('',#1987,#2001,#2003,.T.);
#2001=VERTEX_POINT('',#2002);
#2002=CARTESIAN_POINT('',(-1.E-01,-0.3,0.9));
#2003=LINE('',#1988,#56);
#2004=ORIENTED_EDGE('',*,*,#2005,.F.);
#2005=EDGE_CURVE('',#2006,#2001,#2008,.T.);
#2006=VERTEX_POINT('',#2007);
#2007=CARTESIAN_POINT('',(-0.1,-0.3,7.4));
#2008=LINE('',#2009,#1017);
#2009=CARTESIAN_POINT('',(-1.E-01,-0.3,6.055738799212));
#2010=ORIENTED_EDGE('',*,*,#2011,.T.);
#2011=EDGE_CURVE('',#2006,#2012,#2014,.T.);
#2012=VERTEX_POINT('',#2013);
#2013=CARTESIAN_POINT('',(0.1,-0.3,7.4));
#2014=LINE('',#2007,#56);
#2015=ORIENTED_EDGE('',*,*,#2016,.T.);
#2016=EDGE_CURVE('',#2012,#2017,#2019,.T.);
#2017=VERTEX_POINT('',#2018);
#2018=CARTESIAN_POINT('',(0.1,-0.3,0.9));
#2019=LINE('',#2020,#1017);
#2020=CARTESIAN_POINT('',(0.1,-0.3,6.055738799212));
#2021=ORIENTED_EDGE('',*,*,#2022,.T.);
#2022=EDGE_CURVE('',#2017,#1933,#2003,.T.);
#2023=ORIENTED_EDGE('',*,*,#1932,.F.);
#2024=PLANE('',#2025);
#2025=AXIS2_PLACEMENT_3D('',#972,#124,#14);
#2026=ADVANCED_FACE('',(#2027),#2034,.T.);
#2027=FACE_BOUND('',#2028,.T.);
#2028=EDGE_LOOP('',(#2029,#1006,#2032,#2033));
#2029=ORIENTED_EDGE('',*,*,#2030,.T.);
#2030=EDGE_CURVE('',#1049,#1008,#2031,.T.);
#2031=LINE('',#1050,#56);
#2032=ORIENTED_EDGE('',*,*,#998,.F.);
#2033=ORIENTED_EDGE('',*,*,#1048,.F.);
#2034=PLANE('',#2035);
#2035=AXIS2_PLACEMENT_3D('',#1050,#124,#13);
#2036=ADVANCED_FACE('',(#2037),#2044,.T.);
#2037=FACE_BOUND('',#2038,.T.);
#2038=EDGE_LOOP('',(#2039,#1030,#2042,#2043));
#2039=ORIENTED_EDGE('',*,*,#2040,.T.);
#2040=EDGE_CURVE('',#1064,#1027,#2041,.T.);
#2041=LINE('',#1065,#56);
#2042=ORIENTED_EDGE('',*,*,#2030,.F.);
#2043=ORIENTED_EDGE('',*,*,#1068,.F.);
#2044=PLANE('',#2045);
#2045=AXIS2_PLACEMENT_3D('',#1065,#2046,#1034);
#2046=DIRECTION('',(-1.077074540829E-16,-0.970142500145,-0.242535625036));
#2047=ADVANCED_FACE('',(#2048),#2055,.T.);
#2048=FACE_BOUND('',#2049,.T.);
#2049=EDGE_LOOP('',(#2050,#1025,#2053,#2054));
#2050=ORIENTED_EDGE('',*,*,#2051,.T.);
#2051=EDGE_CURVE('',#1059,#1020,#2052,.T.);
#2052=LINE('',#1060,#56);
#2053=ORIENTED_EDGE('',*,*,#2040,.F.);
#2054=ORIENTED_EDGE('',*,*,#1063,.T.);
#2055=PLANE('',#2056);
#2056=AXIS2_PLACEMENT_3D('',#1060,#1002,#124);
#2057=ADVANCED_FACE('',(#2058),#2065,.T.);
#2058=FACE_BOUND('',#2059,.T.);
#2059=EDGE_LOOP('',(#2060,#1018,#2063,#2064));
#2060=ORIENTED_EDGE('',*,*,#2061,.T.);
#2061=EDGE_CURVE('',#1054,#1014,#2062,.T.);
#2062=LINE('',#1055,#56);
#2063=ORIENTED_EDGE('',*,*,#2051,.F.);
#2064=ORIENTED_EDGE('',*,*,#1058,.F.);
#2065=PLANE('',#2066);
#2066=AXIS2_PLACEMENT_3D('',#1055,#2067,#1024);
#2067=DIRECTION('',(1.077074540829E-16,0.970142500145,-0.242535625036));
#2068=ADVANCED_FACE('',(#2069),#2074,.T.);
#2069=FACE_BOUND('',#2070,.T.);
#2070=EDGE_LOOP('',(#2071,#1012,#2072,#2073));
#2071=ORIENTED_EDGE('',*,*,#1042,.T.);
#2072=ORIENTED_EDGE('',*,*,#2061,.F.);
#2073=ORIENTED_EDGE('',*,*,#1053,.F.);
#2074=PLANE('',#2075);
#2075=AXIS2_PLACEMENT_3D('',#323,#34,#1002);
#2076=ADVANCED_FACE('',(#2077),#2084,.T.);
#2077=FACE_BOUND('',#2078,.T.);
#2078=EDGE_LOOP('',(#2079,#1084,#2082,#2083));
#2079=ORIENTED_EDGE('',*,*,#2080,.T.);
#2080=EDGE_CURVE('',#1122,#1086,#2081,.T.);
#2081=LINE('',#1123,#56);
#2082=ORIENTED_EDGE('',*,*,#1077,.F.);
#2083=ORIENTED_EDGE('',*,*,#1121,.F.);
#2084=PLANE('',#2085);
#2085=AXIS2_PLACEMENT_3D('',#1123,#124,#13);
#2086=ADVANCED_FACE('',(#2087),#2094,.T.);
#2087=FACE_BOUND('',#2088,.T.);
#2088=EDGE_LOOP('',(#2089,#1105,#2092,#2093));
#2089=ORIENTED_EDGE('',*,*,#2090,.T.);
#2090=EDGE_CURVE('',#1137,#1102,#2091,.T.);
#2091=LINE('',#1138,#56);
#2092=ORIENTED_EDGE('',*,*,#2080,.F.);
#2093=ORIENTED_EDGE('',*,*,#1141,.F.);
#2094=PLANE('',#2095);
#2095=AXIS2_PLACEMENT_3D('',#1138,#2046,#1034);
#2096=ADVANCED_FACE('',(#2097),#2104,.T.);
#2097=FACE_BOUND('',#2098,.T.);
#2098=EDGE_LOOP('',(#2099,#1100,#2102,#2103));
#2099=ORIENTED_EDGE('',*,*,#2100,.T.);
#2100=EDGE_CURVE('',#1132,#1097,#2101,.T.);
#2101=LINE('',#1133,#56);
#2102=ORIENTED_EDGE('',*,*,#2090,.F.);
#2103=ORIENTED_EDGE('',*,*,#1136,.T.);
#2104=PLANE('',#2105);
#2105=AXIS2_PLACEMENT_3D('',#1133,#1002,#124);
#2106=ADVANCED_FACE('',(#2107),#2114,.T.);
#2107=FACE_BOUND('',#2108,.T.);
#2108=EDGE_LOOP('',(#2109,#1095,#2112,#2113));
#2109=ORIENTED_EDGE('',*,*,#2110,.T.);
#2110=EDGE_CURVE('',#1127,#1092,#2111,.T.);
#2111=LINE('',#1128,#56);
#2112=ORIENTED_EDGE('',*,*,#2100,.F.);
#2113=ORIENTED_EDGE('',*,*,#1131,.F.);
#2114=PLANE('',#2115);
#2115=AXIS2_PLACEMENT_3D('',#1128,#2067,#1024);
#2116=ADVANCED_FACE('',(#2117),#2122,.T.);
#2117=FACE_BOUND('',#2118,.T.);
#2118=EDGE_LOOP('',(#2119,#1090,#2120,#2121));
#2119=ORIENTED_EDGE('',*,*,#1115,.T.);
#2120=ORIENTED_EDGE('',*,*,#2110,.F.);
#2121=ORIENTED_EDGE('',*,*,#1126,.F.);
#2122=PLANE('',#2123);
#2123=AXIS2_PLACEMENT_3D('',#365,#34,#1002);
#2124=ADVANCED_FACE('',(#2125),#2132,.T.);
#2125=FACE_BOUND('',#2126,.T.);
#2126=EDGE_LOOP('',(#2127,#1157,#2130,#2131));
#2127=ORIENTED_EDGE('',*,*,#2128,.T.);
#2128=EDGE_CURVE('',#1195,#1159,#2129,.T.);
#2129=LINE('',#1196,#56);
#2130=ORIENTED_EDGE('',*,*,#1150,.F.);
#2131=ORIENTED_EDGE('',*,*,#1194,.F.);
#2132=PLANE('',#2133);
#2133=AXIS2_PLACEMENT_3D('',#1196,#124,#13);
#2134=ADVANCED_FACE('',(#2135),#2142,.T.);
#2135=FACE_BOUND('',#2136,.T.);
#2136=EDGE_LOOP('',(#2137,#1178,#2140,#2141));
#2137=ORIENTED_EDGE('',*,*,#2138,.T.);
#2138=EDGE_CURVE('',#1210,#1175,#2139,.T.);
#2139=LINE('',#1211,#56);
#2140=ORIENTED_EDGE('',*,*,#2128,.F.);
#2141=ORIENTED_EDGE('',*,*,#1214,.F.);
#2142=PLANE('',#2143);
#2143=AXIS2_PLACEMENT_3D('',#1211,#2046,#1034);
#2144=ADVANCED_FACE('',(#2145),#2152,.T.);
#2145=FACE_BOUND('',#2146,.T.);
#2146=EDGE_LOOP('',(#2147,#1173,#2150,#2151));
#2147=ORIENTED_EDGE('',*,*,#2148,.T.);
#2148=EDGE_CURVE('',#1205,#1170,#2149,.T.);
#2149=LINE('',#1206,#56);
#2150=ORIENTED_EDGE('',*,*,#2138,.F.);
#2151=ORIENTED_EDGE('',*,*,#1209,.T.);
#2152=PLANE('',#2153);
#2153=AXIS2_PLACEMENT_3D('',#1206,#1002,#124);
#2154=ADVANCED_FACE('',(#2155),#2162,.T.);
#2155=FACE_BOUND('',#2156,.T.);
#2156=EDGE_LOOP('',(#2157,#1168,#2160,#2161));
#2157=ORIENTED_EDGE('',*,*,#2158,.T.);
#2158=EDGE_CURVE('',#1200,#1165,#2159,.T.);
#2159=LINE('',#1201,#56);
#2160=ORIENTED_EDGE('',*,*,#2148,.F.);
#2161=ORIENTED_EDGE('',*,*,#1204,.F.);
#2162=PLANE('',#2163);
#2163=AXIS2_PLACEMENT_3D('',#1201,#2067,#1024);
#2164=ADVANCED_FACE('',(#2165),#2170,.T.);
#2165=FACE_BOUND('',#2166,.T.);
#2166=EDGE_LOOP('',(#2167,#1163,#2168,#2169));
#2167=ORIENTED_EDGE('',*,*,#1188,.T.);
#2168=ORIENTED_EDGE('',*,*,#2158,.F.);
#2169=ORIENTED_EDGE('',*,*,#1199,.F.);
#2170=PLANE('',#2171);
#2171=AXIS2_PLACEMENT_3D('',#407,#34,#1002);
#2172=ADVANCED_FACE('',(#2173),#2180,.T.);
#2173=FACE_BOUND('',#2174,.T.);
#2174=EDGE_LOOP('',(#2175,#1230,#2178,#2179));
#2175=ORIENTED_EDGE('',*,*,#2176,.T.);
#2176=EDGE_CURVE('',#1268,#1232,#2177,.T.);
#2177=LINE('',#1269,#56);
#2178=ORIENTED_EDGE('',*,*,#1223,.F.);
#2179=ORIENTED_EDGE('',*,*,#1267,.F.);
#2180=PLANE('',#2181);
#2181=AXIS2_PLACEMENT_3D('',#1269,#124,#13);
#2182=ADVANCED_FACE('',(#2183),#2190,.T.);
#2183=FACE_BOUND('',#2184,.T.);
#2184=EDGE_LOOP('',(#2185,#1251,#2188,#2189));
#2185=ORIENTED_EDGE('',*,*,#2186,.T.);
#2186=EDGE_CURVE('',#1283,#1248,#2187,.T.);
#2187=LINE('',#1284,#56);
#2188=ORIENTED_EDGE('',*,*,#2176,.F.);
#2189=ORIENTED_EDGE('',*,*,#1287,.F.);
#2190=PLANE('',#2191);
#2191=AXIS2_PLACEMENT_3D('',#1284,#2046,#1034);
#2192=ADVANCED_FACE('',(#2193),#2200,.T.);
#2193=FACE_BOUND('',#2194,.T.);
#2194=EDGE_LOOP('',(#2195,#1246,#2198,#2199));
#2195=ORIENTED_EDGE('',*,*,#2196,.T.);
#2196=EDGE_CURVE('',#1278,#1243,#2197,.T.);
#2197=LINE('',#1279,#56);
#2198=ORIENTED_EDGE('',*,*,#2186,.F.);
#2199=ORIENTED_EDGE('',*,*,#1282,.T.);
#2200=PLANE('',#2201);
#2201=AXIS2_PLACEMENT_3D('',#1279,#1002,#124);
#2202=ADVANCED_FACE('',(#2203),#2210,.T.);
#2203=FACE_BOUND('',#2204,.T.);
#2204=EDGE_LOOP('',(#2205,#1241,#2208,#2209));
#2205=ORIENTED_EDGE('',*,*,#2206,.T.);
#2206=EDGE_CURVE('',#1273,#1238,#2207,.T.);
#2207=LINE('',#1274,#56);
#2208=ORIENTED_EDGE('',*,*,#2196,.F.);
#2209=ORIENTED_EDGE('',*,*,#1277,.F.);
#2210=PLANE('',#2211);
#2211=AXIS2_PLACEMENT_3D('',#1274,#2067,#1024);
#2212=ADVANCED_FACE('',(#2213),#2218,.T.);
#2213=FACE_BOUND('',#2214,.T.);
#2214=EDGE_LOOP('',(#2215,#1236,#2216,#2217));
#2215=ORIENTED_EDGE('',*,*,#1261,.T.);
#2216=ORIENTED_EDGE('',*,*,#2206,.F.);
#2217=ORIENTED_EDGE('',*,*,#1272,.F.);
#2218=PLANE('',#2219);
#2219=AXIS2_PLACEMENT_3D('',#449,#34,#1002);
#2220=ADVANCED_FACE('',(#2221),#2228,.T.);
#2221=FACE_BOUND('',#2222,.T.);
#2222=EDGE_LOOP('',(#2223,#1303,#2226,#2227));
#2223=ORIENTED_EDGE('',*,*,#2224,.T.);
#2224=EDGE_CURVE('',#1341,#1305,#2225,.T.);
#2225=LINE('',#1342,#56);
#2226=ORIENTED_EDGE('',*,*,#1296,.F.);
#2227=ORIENTED_EDGE('',*,*,#1340,.F.);
#2228=PLANE('',#2229);
#2229=AXIS2_PLACEMENT_3D('',#1342,#124,#13);
#2230=ADVANCED_FACE('',(#2231),#2238,.T.);
#2231=FACE_BOUND('',#2232,.T.);
#2232=EDGE_LOOP('',(#2233,#1324,#2236,#2237));
#2233=ORIENTED_EDGE('',*,*,#2234,.T.);
#2234=EDGE_CURVE('',#1356,#1321,#2235,.T.);
#2235=LINE('',#1357,#56);
#2236=ORIENTED_EDGE('',*,*,#2224,.F.);
#2237=ORIENTED_EDGE('',*,*,#1360,.F.);
#2238=PLANE('',#2239);
#2239=AXIS2_PLACEMENT_3D('',#1357,#2046,#1034);
#2240=ADVANCED_FACE('',(#2241),#2248,.T.);
#2241=FACE_BOUND('',#2242,.T.);
#2242=EDGE_LOOP('',(#2243,#1319,#2246,#2247));
#2243=ORIENTED_EDGE('',*,*,#2244,.T.);
#2244=EDGE_CURVE('',#1351,#1316,#2245,.T.);
#2245=LINE('',#1352,#56);
#2246=ORIENTED_EDGE('',*,*,#2234,.F.);
#2247=ORIENTED_EDGE('',*,*,#1355,.T.);
#2248=PLANE('',#2249);
#2249=AXIS2_PLACEMENT_3D('',#1352,#1002,#124);
#2250=ADVANCED_FACE('',(#2251),#2258,.T.);
#2251=FACE_BOUND('',#2252,.T.);
#2252=EDGE_LOOP('',(#2253,#1314,#2256,#2257));
#2253=ORIENTED_EDGE('',*,*,#2254,.T.);
#2254=EDGE_CURVE('',#1346,#1311,#2255,.T.);
#2255=LINE('',#1347,#56);
#2256=ORIENTED_EDGE('',*,*,#2244,.F.);
#2257=ORIENTED_EDGE('',*,*,#1350,.F.);
#2258=PLANE('',#2259);
#2259=AXIS2_PLACEMENT_3D('',#1347,#2067,#1024);
#2260=ADVANCED_FACE('',(#2261),#2266,.T.);
#2261=FACE_BOUND('',#2262,.T.);
#2262=EDGE_LOOP('',(#2263,#1309,#2264,#2265));
#2263=ORIENTED_EDGE('',*,*,#1334,.T.);
#2264=ORIENTED_EDGE('',*,*,#2254,.F.);
#2265=ORIENTED_EDGE('',*,*,#1345,.F.);
#2266=PLANE('',#2267);
#2267=AXIS2_PLACEMENT_3D('',#491,#34,#1002);
#2268=ADVANCED_FACE('',(#2269),#2276,.T.);
#2269=FACE_BOUND('',#2270,.T.);
#2270=EDGE_LOOP('',(#2271,#1376,#2274,#2275));
#2271=ORIENTED_EDGE('',*,*,#2272,.T.);
#2272=EDGE_CURVE('',#1414,#1378,#2273,.T.);
#2273=LINE('',#1415,#56);
#2274=ORIENTED_EDGE('',*,*,#1369,.F.);
#2275=ORIENTED_EDGE('',*,*,#1413,.F.);
#2276=PLANE('',#2277);
#2277=AXIS2_PLACEMENT_3D('',#1415,#124,#13);
#2278=ADVANCED_FACE('',(#2279),#2286,.T.);
#2279=FACE_BOUND('',#2280,.T.);
#2280=EDGE_LOOP('',(#2281,#1397,#2284,#2285));
#2281=ORIENTED_EDGE('',*,*,#2282,.T.);
#2282=EDGE_CURVE('',#1429,#1394,#2283,.T.);
#2283=LINE('',#1430,#56);
#2284=ORIENTED_EDGE('',*,*,#2272,.F.);
#2285=ORIENTED_EDGE('',*,*,#1433,.F.);
#2286=PLANE('',#2287);
#2287=AXIS2_PLACEMENT_3D('',#1430,#2046,#1034);
#2288=ADVANCED_FACE('',(#2289),#2296,.T.);
#2289=FACE_BOUND('',#2290,.T.);
#2290=EDGE_LOOP('',(#2291,#1392,#2294,#2295));
#2291=ORIENTED_EDGE('',*,*,#2292,.T.);
#2292=EDGE_CURVE('',#1424,#1389,#2293,.T.);
#2293=LINE('',#1425,#56);
#2294=ORIENTED_EDGE('',*,*,#2282,.F.);
#2295=ORIENTED_EDGE('',*,*,#1428,.T.);
#2296=PLANE('',#2297);
#2297=AXIS2_PLACEMENT_3D('',#1425,#1002,#124);
#2298=ADVANCED_FACE('',(#2299),#2306,.T.);
#2299=FACE_BOUND('',#2300,.T.);
#2300=EDGE_LOOP('',(#2301,#1387,#2304,#2305));
#2301=ORIENTED_EDGE('',*,*,#2302,.T.);
#2302=EDGE_CURVE('',#1419,#1384,#2303,.T.);
#2303=LINE('',#1420,#56);
#2304=ORIENTED_EDGE('',*,*,#2292,.F.);
#2305=ORIENTED_EDGE('',*,*,#1423,.F.);
#2306=PLANE('',#2307);
#2307=AXIS2_PLACEMENT_3D('',#1420,#2067,#1024);
#2308=ADVANCED_FACE('',(#2309),#2314,.T.);
#2309=FACE_BOUND('',#2310,.T.);
#2310=EDGE_LOOP('',(#2311,#1382,#2312,#2313));
#2311=ORIENTED_EDGE('',*,*,#1407,.T.);
#2312=ORIENTED_EDGE('',*,*,#2302,.F.);
#2313=ORIENTED_EDGE('',*,*,#1418,.F.);
#2314=PLANE('',#2315);
#2315=AXIS2_PLACEMENT_3D('',#533,#34,#1002);
#2316=ADVANCED_FACE('',(#2317),#2323,.T.);
#2317=FACE_BOUND('',#2318,.T.);
#2318=EDGE_LOOP('',(#1531,#1446,#1460,#2319));
#2319=ORIENTED_EDGE('',*,*,#2320,.T.);
#2320=EDGE_CURVE('',#1462,#1527,#2321,.T.);
#2321=LINE('',#2322,#143);
#2322=CARTESIAN_POINT('',(1.E-01,-12.7,0.9));
#2323=PLANE('',#2324);
#2324=AXIS2_PLACEMENT_3D('',#2325,#13,#34);
#2325=CARTESIAN_POINT('',(-1.492093485804E-15,-12.7,0.9));
#2326=ADVANCED_FACE('',(#2327),#2323,.T.);
#2327=FACE_BOUND('',#2328,.T.);
#2328=EDGE_LOOP('',(#1509,#2329,#1482,#1495));
#2329=ORIENTED_EDGE('',*,*,#2330,.F.);
#2330=EDGE_CURVE('',#1478,#1511,#2331,.T.);
#2331=LINE('',#2332,#143);
#2332=CARTESIAN_POINT('',(-0.1,-12.7,0.9));
#2333=ADVANCED_FACE('',(#2334),#1070,.T.);
#2334=FACE_BOUND('',#2335,.T.);
#2335=EDGE_LOOP('',(#1514,#2336,#2343,#2348,#2353,#2358,#1476,#2362));
#2336=ORIENTED_EDGE('',*,*,#2337,.T.);
#2337=EDGE_CURVE('',#1516,#2338,#2340,.T.);
#2338=VERTEX_POINT('',#2339);
#2339=CARTESIAN_POINT('',(-0.1,-12.95,7.35));
#2340=LINE('',#1517,#2341);
#2341=VECTOR('',#2342,1.);
#2342=DIRECTION('',(7.850462293419E-17,0.707106781187,-0.707106781187));
#2343=ORIENTED_EDGE('',*,*,#2344,.T.);
#2344=EDGE_CURVE('',#2338,#2345,#2347,.T.);
#2345=VERTEX_POINT('',#2346);
#2346=CARTESIAN_POINT('',(-0.1,-12.95,1.25));
#2347=LINE('',#2339,#1017);
#2348=ORIENTED_EDGE('',*,*,#2349,.T.);
#2349=EDGE_CURVE('',#2345,#2350,#2352,.T.);
#2350=VERTEX_POINT('',#2351);
#2351=CARTESIAN_POINT('',(-0.1,-12.45,1.25));
#2352=LINE('',#2346,#33);
#2353=ORIENTED_EDGE('',*,*,#2354,.T.);
#2354=EDGE_CURVE('',#2350,#2355,#2357,.T.);
#2355=VERTEX_POINT('',#2356);
#2356=CARTESIAN_POINT('',(-0.1,-12.45,7.35));
#2357=LINE('',#2351,#27);
#2358=ORIENTED_EDGE('',*,*,#2359,.T.);
#2359=EDGE_CURVE('',#2355,#1473,#2360,.T.);
#2360=LINE('',#2356,#2361);
#2361=VECTOR('',#653,1.);
#2362=ORIENTED_EDGE('',*,*,#2330,.T.);
#2363=ADVANCED_FACE('',(#2364),#2375,.T.);
#2364=FACE_BOUND('',#2365,.T.);
#2365=EDGE_LOOP('',(#2366,#2371,#1471,#2374));
#2366=ORIENTED_EDGE('',*,*,#2367,.T.);
#2367=EDGE_CURVE('',#2355,#2368,#2370,.T.);
#2368=VERTEX_POINT('',#2369);
#2369=CARTESIAN_POINT('',(1.E-01,-12.45,7.35));
#2370=LINE('',#2356,#56);
#2371=ORIENTED_EDGE('',*,*,#2372,.T.);
#2372=EDGE_CURVE('',#2368,#1467,#2373,.T.);
#2373=LINE('',#2369,#2361);
#2374=ORIENTED_EDGE('',*,*,#2359,.F.);
#2375=PLANE('',#2376);
#2376=AXIS2_PLACEMENT_3D('',#2356,#619,#653);
#2377=ADVANCED_FACE('',(#2378),#1035,.F.);
#2378=FACE_BOUND('',#2379,.F.);
#2379=EDGE_LOOP('',(#2380,#2381,#2386,#2391,#2396,#2371,#2399,#2319));
#2380=ORIENTED_EDGE('',*,*,#1526,.F.);
#2381=ORIENTED_EDGE('',*,*,#2382,.T.);
#2382=EDGE_CURVE('',#1522,#2383,#2385,.T.);
#2383=VERTEX_POINT('',#2384);
#2384=CARTESIAN_POINT('',(1.E-01,-12.95,7.35));
#2385=LINE('',#1523,#2341);
#2386=ORIENTED_EDGE('',*,*,#2387,.T.);
#2387=EDGE_CURVE('',#2383,#2388,#2390,.T.);
#2388=VERTEX_POINT('',#2389);
#2389=CARTESIAN_POINT('',(1.E-01,-12.95,1.25));
#2390=LINE('',#2384,#1017);
#2391=ORIENTED_EDGE('',*,*,#2392,.T.);
#2392=EDGE_CURVE('',#2388,#2393,#2395,.T.);
#2393=VERTEX_POINT('',#2394);
#2394=CARTESIAN_POINT('',(1.E-01,-12.45,1.25));
#2395=LINE('',#2389,#33);
#2396=ORIENTED_EDGE('',*,*,#2397,.T.);
#2397=EDGE_CURVE('',#2393,#2368,#2398,.T.);
#2398=LINE('',#2394,#27);
#2399=ORIENTED_EDGE('',*,*,#1466,.F.);
#2400=ADVANCED_FACE('',(#2401),#2407,.T.);
#2401=FACE_BOUND('',#2402,.T.);
#2402=EDGE_LOOP('',(#1520,#2381,#2403,#2406));
#2403=ORIENTED_EDGE('',*,*,#2404,.F.);
#2404=EDGE_CURVE('',#2338,#2383,#2405,.T.);
#2405=LINE('',#2339,#56);
#2406=ORIENTED_EDGE('',*,*,#2337,.F.);
#2407=PLANE('',#2408);
#2408=AXIS2_PLACEMENT_3D('',#1517,#653,#2342);
#2409=ADVANCED_FACE('',(#2410),#2416,.T.);
#2410=FACE_BOUND('',#2411,.T.);
#2411=EDGE_LOOP('',(#1629,#1544,#1558,#2412));
#2412=ORIENTED_EDGE('',*,*,#2413,.T.);
#2413=EDGE_CURVE('',#1560,#1625,#2414,.T.);
#2414=LINE('',#2415,#143);
#2415=CARTESIAN_POINT('',(1.E-01,-10.16,0.9));
#2416=PLANE('',#2417);
#2417=AXIS2_PLACEMENT_3D('',#2418,#13,#34);
#2418=CARTESIAN_POINT('',(-1.210096837549E-15,-10.16,0.9));
#2419=ADVANCED_FACE('',(#2420),#2416,.T.);
#2420=FACE_BOUND('',#2421,.T.);
#2421=EDGE_LOOP('',(#1607,#2422,#1580,#1593));
#2422=ORIENTED_EDGE('',*,*,#2423,.F.);
#2423=EDGE_CURVE('',#1576,#1609,#2424,.T.);
#2424=LINE('',#2425,#143);
#2425=CARTESIAN_POINT('',(-0.1,-10.16,0.9));
#2426=ADVANCED_FACE('',(#2427),#1143,.T.);
#2427=FACE_BOUND('',#2428,.T.);
#2428=EDGE_LOOP('',(#1612,#2429,#2434,#2439,#2444,#2449,#1574,#2452));
#2429=ORIENTED_EDGE('',*,*,#2430,.T.);
#2430=EDGE_CURVE('',#1614,#2431,#2433,.T.);
#2431=VERTEX_POINT('',#2432);
#2432=CARTESIAN_POINT('',(-0.1,-10.41,7.35));
#2433=LINE('',#1615,#2341);
#2434=ORIENTED_EDGE('',*,*,#2435,.T.);
#2435=EDGE_CURVE('',#2431,#2436,#2438,.T.);
#2436=VERTEX_POINT('',#2437);
#2437=CARTESIAN_POINT('',(-0.1,-10.41,1.25));
#2438=LINE('',#2432,#1017);
#2439=ORIENTED_EDGE('',*,*,#2440,.T.);
#2440=EDGE_CURVE('',#2436,#2441,#2443,.T.);
#2441=VERTEX_POINT('',#2442);
#2442=CARTESIAN_POINT('',(-0.1,-9.91,1.25));
#2443=LINE('',#2437,#33);
#2444=ORIENTED_EDGE('',*,*,#2445,.T.);
#2445=EDGE_CURVE('',#2441,#2446,#2448,.T.);
#2446=VERTEX_POINT('',#2447);
#2447=CARTESIAN_POINT('',(-0.1,-9.91,7.35));
#2448=LINE('',#2442,#27);
#2449=ORIENTED_EDGE('',*,*,#2450,.T.);
#2450=EDGE_CURVE('',#2446,#1571,#2451,.T.);
#2451=LINE('',#2447,#2361);
#2452=ORIENTED_EDGE('',*,*,#2423,.T.);
#2453=ADVANCED_FACE('',(#2454),#2465,.T.);
#2454=FACE_BOUND('',#2455,.T.);
#2455=EDGE_LOOP('',(#2456,#2461,#1569,#2464));
#2456=ORIENTED_EDGE('',*,*,#2457,.T.);
#2457=EDGE_CURVE('',#2446,#2458,#2460,.T.);
#2458=VERTEX_POINT('',#2459);
#2459=CARTESIAN_POINT('',(1.E-01,-9.91,7.35));
#2460=LINE('',#2447,#56);
#2461=ORIENTED_EDGE('',*,*,#2462,.T.);
#2462=EDGE_CURVE('',#2458,#1565,#2463,.T.);
#2463=LINE('',#2459,#2361);
#2464=ORIENTED_EDGE('',*,*,#2450,.F.);
#2465=PLANE('',#2466);
#2466=AXIS2_PLACEMENT_3D('',#2447,#619,#653);
#2467=ADVANCED_FACE('',(#2468),#1108,.F.);
#2468=FACE_BOUND('',#2469,.F.);
#2469=EDGE_LOOP('',(#2470,#2471,#2476,#2481,#2486,#2461,#2489,#2412));
#2470=ORIENTED_EDGE('',*,*,#1624,.F.);
#2471=ORIENTED_EDGE('',*,*,#2472,.T.);
#2472=EDGE_CURVE('',#1620,#2473,#2475,.T.);
#2473=VERTEX_POINT('',#2474);
#2474=CARTESIAN_POINT('',(1.E-01,-10.41,7.35));
#2475=LINE('',#1621,#2341);
#2476=ORIENTED_EDGE('',*,*,#2477,.T.);
#2477=EDGE_CURVE('',#2473,#2478,#2480,.T.);
#2478=VERTEX_POINT('',#2479);
#2479=CARTESIAN_POINT('',(1.E-01,-10.41,1.25));
#2480=LINE('',#2474,#1017);
#2481=ORIENTED_EDGE('',*,*,#2482,.T.);
#2482=EDGE_CURVE('',#2478,#2483,#2485,.T.);
#2483=VERTEX_POINT('',#2484);
#2484=CARTESIAN_POINT('',(1.E-01,-9.91,1.25));
#2485=LINE('',#2479,#33);
#2486=ORIENTED_EDGE('',*,*,#2487,.T.);
#2487=EDGE_CURVE('',#2483,#2458,#2488,.T.);
#2488=LINE('',#2484,#27);
#2489=ORIENTED_EDGE('',*,*,#1564,.F.);
#2490=ADVANCED_FACE('',(#2491),#2497,.T.);
#2491=FACE_BOUND('',#2492,.T.);
#2492=EDGE_LOOP('',(#1618,#2471,#2493,#2496));
#2493=ORIENTED_EDGE('',*,*,#2494,.F.);
#2494=EDGE_CURVE('',#2431,#2473,#2495,.T.);
#2495=LINE('',#2432,#56);
#2496=ORIENTED_EDGE('',*,*,#2430,.F.);
#2497=PLANE('',#2498);
#2498=AXIS2_PLACEMENT_3D('',#1615,#653,#2342);
#2499=ADVANCED_FACE('',(#2500),#2506,.T.);
#2500=FACE_BOUND('',#2501,.T.);
#2501=EDGE_LOOP('',(#1727,#1642,#1656,#2502));
#2502=ORIENTED_EDGE('',*,*,#2503,.T.);
#2503=EDGE_CURVE('',#1658,#1723,#2504,.T.);
#2504=LINE('',#2505,#143);
#2505=CARTESIAN_POINT('',(1.E-01,-7.62,0.9));
#2506=PLANE('',#2507);
#2507=AXIS2_PLACEMENT_3D('',#2508,#13,#34);
#2508=CARTESIAN_POINT('',(-9.281001892939E-16,-7.62,0.9));
#2509=ADVANCED_FACE('',(#2510),#2506,.T.);
#2510=FACE_BOUND('',#2511,.T.);
#2511=EDGE_LOOP('',(#1705,#2512,#1678,#1691));
#2512=ORIENTED_EDGE('',*,*,#2513,.F.);
#2513=EDGE_CURVE('',#1674,#1707,#2514,.T.);
#2514=LINE('',#2515,#143);
#2515=CARTESIAN_POINT('',(-0.1,-7.62,0.9));
#2516=ADVANCED_FACE('',(#2517),#1216,.T.);
#2517=FACE_BOUND('',#2518,.T.);
#2518=EDGE_LOOP('',(#1710,#2519,#2524,#2529,#2534,#2539,#1672,#2542));
#2519=ORIENTED_EDGE('',*,*,#2520,.T.);
#2520=EDGE_CURVE('',#1712,#2521,#2523,.T.);
#2521=VERTEX_POINT('',#2522);
#2522=CARTESIAN_POINT('',(-0.1,-7.87,7.35));
#2523=LINE('',#1713,#2341);
#2524=ORIENTED_EDGE('',*,*,#2525,.T.);
#2525=EDGE_CURVE('',#2521,#2526,#2528,.T.);
#2526=VERTEX_POINT('',#2527);
#2527=CARTESIAN_POINT('',(-0.1,-7.87,1.25));
#2528=LINE('',#2522,#1017);
#2529=ORIENTED_EDGE('',*,*,#2530,.T.);
#2530=EDGE_CURVE('',#2526,#2531,#2533,.T.);
#2531=VERTEX_POINT('',#2532);
#2532=CARTESIAN_POINT('',(-0.1,-7.37,1.25));
#2533=LINE('',#2527,#33);
#2534=ORIENTED_EDGE('',*,*,#2535,.T.);
#2535=EDGE_CURVE('',#2531,#2536,#2538,.T.);
#2536=VERTEX_POINT('',#2537);
#2537=CARTESIAN_POINT('',(-0.1,-7.37,7.35));
#2538=LINE('',#2532,#27);
#2539=ORIENTED_EDGE('',*,*,#2540,.T.);
#2540=EDGE_CURVE('',#2536,#1669,#2541,.T.);
#2541=LINE('',#2537,#2361);
#2542=ORIENTED_EDGE('',*,*,#2513,.T.);
#2543=ADVANCED_FACE('',(#2544),#2555,.T.);
#2544=FACE_BOUND('',#2545,.T.);
#2545=EDGE_LOOP('',(#2546,#2551,#1667,#2554));
#2546=ORIENTED_EDGE('',*,*,#2547,.T.);
#2547=EDGE_CURVE('',#2536,#2548,#2550,.T.);
#2548=VERTEX_POINT('',#2549);
#2549=CARTESIAN_POINT('',(1.E-01,-7.37,7.35));
#2550=LINE('',#2537,#56);
#2551=ORIENTED_EDGE('',*,*,#2552,.T.);
#2552=EDGE_CURVE('',#2548,#1663,#2553,.T.);
#2553=LINE('',#2549,#2361);
#2554=ORIENTED_EDGE('',*,*,#2540,.F.);
#2555=PLANE('',#2556);
#2556=AXIS2_PLACEMENT_3D('',#2537,#619,#653);
#2557=ADVANCED_FACE('',(#2558),#1181,.F.);
#2558=FACE_BOUND('',#2559,.F.);
#2559=EDGE_LOOP('',(#2560,#2561,#2566,#2571,#2576,#2551,#2579,#2502));
#2560=ORIENTED_EDGE('',*,*,#1722,.F.);
#2561=ORIENTED_EDGE('',*,*,#2562,.T.);
#2562=EDGE_CURVE('',#1718,#2563,#2565,.T.);
#2563=VERTEX_POINT('',#2564);
#2564=CARTESIAN_POINT('',(1.E-01,-7.87,7.35));
#2565=LINE('',#1719,#2341);
#2566=ORIENTED_EDGE('',*,*,#2567,.T.);
#2567=EDGE_CURVE('',#2563,#2568,#2570,.T.);
#2568=VERTEX_POINT('',#2569);
#2569=CARTESIAN_POINT('',(1.E-01,-7.87,1.25));
#2570=LINE('',#2564,#1017);
#2571=ORIENTED_EDGE('',*,*,#2572,.T.);
#2572=EDGE_CURVE('',#2568,#2573,#2575,.T.);
#2573=VERTEX_POINT('',#2574);
#2574=CARTESIAN_POINT('',(1.E-01,-7.37,1.25));
#2575=LINE('',#2569,#33);
#2576=ORIENTED_EDGE('',*,*,#2577,.T.);
#2577=EDGE_CURVE('',#2573,#2548,#2578,.T.);
#2578=LINE('',#2574,#27);
#2579=ORIENTED_EDGE('',*,*,#1662,.F.);
#2580=ADVANCED_FACE('',(#2581),#2587,.T.);
#2581=FACE_BOUND('',#2582,.T.);
#2582=EDGE_LOOP('',(#1716,#2561,#2583,#2586));
#2583=ORIENTED_EDGE('',*,*,#2584,.F.);
#2584=EDGE_CURVE('',#2521,#2563,#2585,.T.);
#2585=LINE('',#2522,#56);
#2586=ORIENTED_EDGE('',*,*,#2520,.F.);
#2587=PLANE('',#2588);
#2588=AXIS2_PLACEMENT_3D('',#1713,#653,#2342);
#2589=ADVANCED_FACE('',(#2590),#2596,.T.);
#2590=FACE_BOUND('',#2591,.T.);
#2591=EDGE_LOOP('',(#1825,#1740,#1754,#2592));
#2592=ORIENTED_EDGE('',*,*,#2593,.T.);
#2593=EDGE_CURVE('',#1756,#1821,#2594,.T.);
#2594=LINE('',#2595,#143);
#2595=CARTESIAN_POINT('',(1.E-01,-5.08,0.9));
#2596=PLANE('',#2597);
#2597=AXIS2_PLACEMENT_3D('',#2598,#13,#34);
#2598=CARTESIAN_POINT('',(-6.461035410391E-16,-5.08,0.9));
#2599=ADVANCED_FACE('',(#2600),#2596,.T.);
#2600=FACE_BOUND('',#2601,.T.);
#2601=EDGE_LOOP('',(#1803,#2602,#1776,#1789));
#2602=ORIENTED_EDGE('',*,*,#2603,.F.);
#2603=EDGE_CURVE('',#1772,#1805,#2604,.T.);
#2604=LINE('',#2605,#143);
#2605=CARTESIAN_POINT('',(-0.1,-5.08,0.9));
#2606=ADVANCED_FACE('',(#2607),#1289,.T.);
#2607=FACE_BOUND('',#2608,.T.);
#2608=EDGE_LOOP('',(#1808,#2609,#2614,#2619,#2624,#2629,#1770,#2632));
#2609=ORIENTED_EDGE('',*,*,#2610,.T.);
#2610=EDGE_CURVE('',#1810,#2611,#2613,.T.);
#2611=VERTEX_POINT('',#2612);
#2612=CARTESIAN_POINT('',(-0.1,-5.33,7.35));
#2613=LINE('',#1811,#2341);
#2614=ORIENTED_EDGE('',*,*,#2615,.T.);
#2615=EDGE_CURVE('',#2611,#2616,#2618,.T.);
#2616=VERTEX_POINT('',#2617);
#2617=CARTESIAN_POINT('',(-0.1,-5.33,1.25));
#2618=LINE('',#2612,#1017);
#2619=ORIENTED_EDGE('',*,*,#2620,.T.);
#2620=EDGE_CURVE('',#2616,#2621,#2623,.T.);
#2621=VERTEX_POINT('',#2622);
#2622=CARTESIAN_POINT('',(-0.1,-4.83,1.25));
#2623=LINE('',#2617,#33);
#2624=ORIENTED_EDGE('',*,*,#2625,.T.);
#2625=EDGE_CURVE('',#2621,#2626,#2628,.T.);
#2626=VERTEX_POINT('',#2627);
#2627=CARTESIAN_POINT('',(-0.1,-4.83,7.35));
#2628=LINE('',#2622,#27);
#2629=ORIENTED_EDGE('',*,*,#2630,.T.);
#2630=EDGE_CURVE('',#2626,#1767,#2631,.T.);
#2631=LINE('',#2627,#2361);
#2632=ORIENTED_EDGE('',*,*,#2603,.T.);
#2633=ADVANCED_FACE('',(#2634),#2645,.T.);
#2634=FACE_BOUND('',#2635,.T.);
#2635=EDGE_LOOP('',(#2636,#2641,#1765,#2644));
#2636=ORIENTED_EDGE('',*,*,#2637,.T.);
#2637=EDGE_CURVE('',#2626,#2638,#2640,.T.);
#2638=VERTEX_POINT('',#2639);
#2639=CARTESIAN_POINT('',(1.E-01,-4.83,7.35));
#2640=LINE('',#2627,#56);
#2641=ORIENTED_EDGE('',*,*,#2642,.T.);
#2642=EDGE_CURVE('',#2638,#1761,#2643,.T.);
#2643=LINE('',#2639,#2361);
#2644=ORIENTED_EDGE('',*,*,#2630,.F.);
#2645=PLANE('',#2646);
#2646=AXIS2_PLACEMENT_3D('',#2627,#619,#653);
#2647=ADVANCED_FACE('',(#2648),#1254,.F.);
#2648=FACE_BOUND('',#2649,.F.);
#2649=EDGE_LOOP('',(#2650,#2651,#2656,#2661,#2666,#2641,#2669,#2592));
#2650=ORIENTED_EDGE('',*,*,#1820,.F.);
#2651=ORIENTED_EDGE('',*,*,#2652,.T.);
#2652=EDGE_CURVE('',#1816,#2653,#2655,.T.);
#2653=VERTEX_POINT('',#2654);
#2654=CARTESIAN_POINT('',(1.E-01,-5.33,7.35));
#2655=LINE('',#1817,#2341);
#2656=ORIENTED_EDGE('',*,*,#2657,.T.);
#2657=EDGE_CURVE('',#2653,#2658,#2660,.T.);
#2658=VERTEX_POINT('',#2659);
#2659=CARTESIAN_POINT('',(1.E-01,-5.33,1.25));
#2660=LINE('',#2654,#1017);
#2661=ORIENTED_EDGE('',*,*,#2662,.T.);
#2662=EDGE_CURVE('',#2658,#2663,#2665,.T.);
#2663=VERTEX_POINT('',#2664);
#2664=CARTESIAN_POINT('',(1.E-01,-4.83,1.25));
#2665=LINE('',#2659,#33);
#2666=ORIENTED_EDGE('',*,*,#2667,.T.);
#2667=EDGE_CURVE('',#2663,#2638,#2668,.T.);
#2668=LINE('',#2664,#27);
#2669=ORIENTED_EDGE('',*,*,#1760,.F.);
#2670=ADVANCED_FACE('',(#2671),#2677,.T.);
#2671=FACE_BOUND('',#2672,.T.);
#2672=EDGE_LOOP('',(#1814,#2651,#2673,#2676));
#2673=ORIENTED_EDGE('',*,*,#2674,.F.);
#2674=EDGE_CURVE('',#2611,#2653,#2675,.T.);
#2675=LINE('',#2612,#56);
#2676=ORIENTED_EDGE('',*,*,#2610,.F.);
#2677=PLANE('',#2678);
#2678=AXIS2_PLACEMENT_3D('',#1811,#653,#2342);
#2679=ADVANCED_FACE('',(#2680),#2686,.T.);
#2680=FACE_BOUND('',#2681,.T.);
#2681=EDGE_LOOP('',(#1923,#1838,#1852,#2682));
#2682=ORIENTED_EDGE('',*,*,#2683,.T.);
#2683=EDGE_CURVE('',#1854,#1919,#2684,.T.);
#2684=LINE('',#2685,#143);
#2685=CARTESIAN_POINT('',(1.E-01,-2.54,0.9));
#2686=PLANE('',#2687);
#2687=AXIS2_PLACEMENT_3D('',#2688,#13,#34);
#2688=CARTESIAN_POINT('',(-3.641068927844E-16,-2.54,0.9));
#2689=ADVANCED_FACE('',(#2690),#2686,.T.);
#2690=FACE_BOUND('',#2691,.T.);
#2691=EDGE_LOOP('',(#1901,#2692,#1874,#1887));
#2692=ORIENTED_EDGE('',*,*,#2693,.F.);
#2693=EDGE_CURVE('',#1870,#1903,#2694,.T.);
#2694=LINE('',#2695,#143);
#2695=CARTESIAN_POINT('',(-0.1,-2.54,0.9));
#2696=ADVANCED_FACE('',(#2697),#1362,.T.);
#2697=FACE_BOUND('',#2698,.T.);
#2698=EDGE_LOOP('',(#1906,#2699,#2704,#2709,#2714,#2719,#1868,#2722));
#2699=ORIENTED_EDGE('',*,*,#2700,.T.);
#2700=EDGE_CURVE('',#1908,#2701,#2703,.T.);
#2701=VERTEX_POINT('',#2702);
#2702=CARTESIAN_POINT('',(-0.1,-2.79,7.35));
#2703=LINE('',#1909,#2341);
#2704=ORIENTED_EDGE('',*,*,#2705,.T.);
#2705=EDGE_CURVE('',#2701,#2706,#2708,.T.);
#2706=VERTEX_POINT('',#2707);
#2707=CARTESIAN_POINT('',(-0.1,-2.79,1.25));
#2708=LINE('',#2702,#1017);
#2709=ORIENTED_EDGE('',*,*,#2710,.T.);
#2710=EDGE_CURVE('',#2706,#2711,#2713,.T.);
#2711=VERTEX_POINT('',#2712);
#2712=CARTESIAN_POINT('',(-0.1,-2.29,1.25));
#2713=LINE('',#2707,#33);
#2714=ORIENTED_EDGE('',*,*,#2715,.T.);
#2715=EDGE_CURVE('',#2711,#2716,#2718,.T.);
#2716=VERTEX_POINT('',#2717);
#2717=CARTESIAN_POINT('',(-0.1,-2.29,7.35));
#2718=LINE('',#2712,#27);
#2719=ORIENTED_EDGE('',*,*,#2720,.T.);
#2720=EDGE_CURVE('',#2716,#1865,#2721,.T.);
#2721=LINE('',#2717,#2361);
#2722=ORIENTED_EDGE('',*,*,#2693,.T.);
#2723=ADVANCED_FACE('',(#2724),#2735,.T.);
#2724=FACE_BOUND('',#2725,.T.);
#2725=EDGE_LOOP('',(#2726,#2731,#1863,#2734));
#2726=ORIENTED_EDGE('',*,*,#2727,.T.);
#2727=EDGE_CURVE('',#2716,#2728,#2730,.T.);
#2728=VERTEX_POINT('',#2729);
#2729=CARTESIAN_POINT('',(1.E-01,-2.29,7.35));
#2730=LINE('',#2717,#56);
#2731=ORIENTED_EDGE('',*,*,#2732,.T.);
#2732=EDGE_CURVE('',#2728,#1859,#2733,.T.);
#2733=LINE('',#2729,#2361);
#2734=ORIENTED_EDGE('',*,*,#2720,.F.);
#2735=PLANE('',#2736);
#2736=AXIS2_PLACEMENT_3D('',#2717,#619,#653);
#2737=ADVANCED_FACE('',(#2738),#1327,.F.);
#2738=FACE_BOUND('',#2739,.F.);
#2739=EDGE_LOOP('',(#2740,#2741,#2746,#2751,#2756,#2731,#2759,#2682));
#2740=ORIENTED_EDGE('',*,*,#1918,.F.);
#2741=ORIENTED_EDGE('',*,*,#2742,.T.);
#2742=EDGE_CURVE('',#1914,#2743,#2745,.T.);
#2743=VERTEX_POINT('',#2744);
#2744=CARTESIAN_POINT('',(1.E-01,-2.79,7.35));
#2745=LINE('',#1915,#2341);
#2746=ORIENTED_EDGE('',*,*,#2747,.T.);
#2747=EDGE_CURVE('',#2743,#2748,#2750,.T.);
#2748=VERTEX_POINT('',#2749);
#2749=CARTESIAN_POINT('',(1.E-01,-2.79,1.25));
#2750=LINE('',#2744,#1017);
#2751=ORIENTED_EDGE('',*,*,#2752,.T.);
#2752=EDGE_CURVE('',#2748,#2753,#2755,.T.);
#2753=VERTEX_POINT('',#2754);
#2754=CARTESIAN_POINT('',(1.E-01,-2.29,1.25));
#2755=LINE('',#2749,#33);
#2756=ORIENTED_EDGE('',*,*,#2757,.T.);
#2757=EDGE_CURVE('',#2753,#2728,#2758,.T.);
#2758=LINE('',#2754,#27);
#2759=ORIENTED_EDGE('',*,*,#1858,.F.);
#2760=ADVANCED_FACE('',(#2761),#2767,.T.);
#2761=FACE_BOUND('',#2762,.T.);
#2762=EDGE_LOOP('',(#1912,#2741,#2763,#2766));
#2763=ORIENTED_EDGE('',*,*,#2764,.F.);
#2764=EDGE_CURVE('',#2701,#2743,#2765,.T.);
#2765=LINE('',#2702,#56);
#2766=ORIENTED_EDGE('',*,*,#2700,.F.);
#2767=PLANE('',#2768);
#2768=AXIS2_PLACEMENT_3D('',#1909,#653,#2342);
#2769=ADVANCED_FACE('',(#2770),#2776,.T.);
#2770=FACE_BOUND('',#2771,.T.);
#2771=EDGE_LOOP('',(#2021,#1936,#1950,#2772));
#2772=ORIENTED_EDGE('',*,*,#2773,.T.);
#2773=EDGE_CURVE('',#1952,#2017,#2774,.T.);
#2774=LINE('',#2775,#143);
#2775=CARTESIAN_POINT('',(0.1,4.329869796038E-16,0.9));
#2776=PLANE('',#2777);
#2777=AXIS2_PLACEMENT_3D('',#2778,#13,#34);
#2778=CARTESIAN_POINT('',(-8.211024452957E-17,8.881784197001E-16,0.9));
#2779=ADVANCED_FACE('',(#2780),#2776,.T.);
#2780=FACE_BOUND('',#2781,.T.);
#2781=EDGE_LOOP('',(#1999,#2782,#1972,#1985));
#2782=ORIENTED_EDGE('',*,*,#2783,.F.);
#2783=EDGE_CURVE('',#1968,#2001,#2784,.T.);
#2784=LINE('',#2785,#143);
#2785=CARTESIAN_POINT('',(-1.E-01,4.551914400963E-16,0.9));
#2786=ADVANCED_FACE('',(#2787),#1435,.T.);
#2787=FACE_BOUND('',#2788,.T.);
#2788=EDGE_LOOP('',(#2004,#2789,#2794,#2799,#2804,#2809,#1966,#2812));
#2789=ORIENTED_EDGE('',*,*,#2790,.T.);
#2790=EDGE_CURVE('',#2006,#2791,#2793,.T.);
#2791=VERTEX_POINT('',#2792);
#2792=CARTESIAN_POINT('',(-0.1,-0.25,7.35));
#2793=LINE('',#2007,#2341);
#2794=ORIENTED_EDGE('',*,*,#2795,.T.);
#2795=EDGE_CURVE('',#2791,#2796,#2798,.T.);
#2796=VERTEX_POINT('',#2797);
#2797=CARTESIAN_POINT('',(-0.1,-0.25,1.25));
#2798=LINE('',#2792,#1017);
#2799=ORIENTED_EDGE('',*,*,#2800,.T.);
#2800=EDGE_CURVE('',#2796,#2801,#2803,.T.);
#2801=VERTEX_POINT('',#2802);
#2802=CARTESIAN_POINT('',(-1.E-01,0.25,1.25));
#2803=LINE('',#2797,#33);
#2804=ORIENTED_EDGE('',*,*,#2805,.T.);
#2805=EDGE_CURVE('',#2801,#2806,#2808,.T.);
#2806=VERTEX_POINT('',#2807);
#2807=CARTESIAN_POINT('',(-1.E-01,0.25,7.35));
#2808=LINE('',#2802,#27);
#2809=ORIENTED_EDGE('',*,*,#2810,.T.);
#2810=EDGE_CURVE('',#2806,#1963,#2811,.T.);
#2811=LINE('',#2807,#2361);
#2812=ORIENTED_EDGE('',*,*,#2783,.T.);
#2813=ADVANCED_FACE('',(#2814),#2825,.T.);
#2814=FACE_BOUND('',#2815,.T.);
#2815=EDGE_LOOP('',(#2816,#2821,#1961,#2824));
#2816=ORIENTED_EDGE('',*,*,#2817,.T.);
#2817=EDGE_CURVE('',#2806,#2818,#2820,.T.);
#2818=VERTEX_POINT('',#2819);
#2819=CARTESIAN_POINT('',(0.1,0.25,7.35));
#2820=LINE('',#2807,#56);
#2821=ORIENTED_EDGE('',*,*,#2822,.T.);
#2822=EDGE_CURVE('',#2818,#1957,#2823,.T.);
#2823=LINE('',#2819,#2361);
#2824=ORIENTED_EDGE('',*,*,#2810,.F.);
#2825=PLANE('',#2826);
#2826=AXIS2_PLACEMENT_3D('',#2807,#619,#653);
#2827=ADVANCED_FACE('',(#2828),#1400,.F.);
#2828=FACE_BOUND('',#2829,.F.);
#2829=EDGE_LOOP('',(#2830,#2831,#2836,#2841,#2846,#2821,#2849,#2772));
#2830=ORIENTED_EDGE('',*,*,#2016,.F.);
#2831=ORIENTED_EDGE('',*,*,#2832,.T.);
#2832=EDGE_CURVE('',#2012,#2833,#2835,.T.);
#2833=VERTEX_POINT('',#2834);
#2834=CARTESIAN_POINT('',(0.1,-0.25,7.35));
#2835=LINE('',#2013,#2341);
#2836=ORIENTED_EDGE('',*,*,#2837,.T.);
#2837=EDGE_CURVE('',#2833,#2838,#2840,.T.);
#2838=VERTEX_POINT('',#2839);
#2839=CARTESIAN_POINT('',(0.1,-0.25,1.25));
#2840=LINE('',#2834,#1017);
#2841=ORIENTED_EDGE('',*,*,#2842,.T.);
#2842=EDGE_CURVE('',#2838,#2843,#2845,.T.);
#2843=VERTEX_POINT('',#2844);
#2844=CARTESIAN_POINT('',(0.1,0.25,1.25));
#2845=LINE('',#2839,#33);
#2846=ORIENTED_EDGE('',*,*,#2847,.T.);
#2847=EDGE_CURVE('',#2843,#2818,#2848,.T.);
#2848=LINE('',#2844,#27);
#2849=ORIENTED_EDGE('',*,*,#1956,.F.);
#2850=ADVANCED_FACE('',(#2851),#2857,.T.);
#2851=FACE_BOUND('',#2852,.T.);
#2852=EDGE_LOOP('',(#2010,#2831,#2853,#2856));
#2853=ORIENTED_EDGE('',*,*,#2854,.F.);
#2854=EDGE_CURVE('',#2791,#2833,#2855,.T.);
#2855=LINE('',#2792,#56);
#2856=ORIENTED_EDGE('',*,*,#2790,.F.);
#2857=PLANE('',#2858);
#2858=AXIS2_PLACEMENT_3D('',#2007,#653,#2342);
#2859=ADVANCED_FACE('',(#2860),#2867,.T.);
#2860=FACE_BOUND('',#2861,.T.);
#2861=EDGE_LOOP('',(#2862,#2396,#2865,#2866));
#2862=ORIENTED_EDGE('',*,*,#2863,.T.);
#2863=EDGE_CURVE('',#2350,#2393,#2864,.T.);
#2864=LINE('',#2351,#56);
#2865=ORIENTED_EDGE('',*,*,#2367,.F.);
#2866=ORIENTED_EDGE('',*,*,#2354,.F.);
#2867=PLANE('',#2868);
#2868=AXIS2_PLACEMENT_3D('',#2351,#124,#13);
#2869=ADVANCED_FACE('',(#2870),#2877,.T.);
#2870=FACE_BOUND('',#2871,.T.);
#2871=EDGE_LOOP('',(#2872,#2391,#2875,#2876));
#2872=ORIENTED_EDGE('',*,*,#2873,.T.);
#2873=EDGE_CURVE('',#2345,#2388,#2874,.T.);
#2874=LINE('',#2346,#56);
#2875=ORIENTED_EDGE('',*,*,#2863,.F.);
#2876=ORIENTED_EDGE('',*,*,#2349,.F.);
#2877=PLANE('',#2878);
#2878=AXIS2_PLACEMENT_3D('',#2346,#13,#34);
#2879=ADVANCED_FACE('',(#2880),#2885,.T.);
#2880=FACE_BOUND('',#2881,.T.);
#2881=EDGE_LOOP('',(#2882,#2386,#2883,#2884));
#2882=ORIENTED_EDGE('',*,*,#2404,.T.);
#2883=ORIENTED_EDGE('',*,*,#2873,.F.);
#2884=ORIENTED_EDGE('',*,*,#2344,.F.);
#2885=PLANE('',#2886);
#2886=AXIS2_PLACEMENT_3D('',#2339,#34,#1002);
#2887=ADVANCED_FACE('',(#2888),#2895,.T.);
#2888=FACE_BOUND('',#2889,.T.);
#2889=EDGE_LOOP('',(#2890,#2486,#2893,#2894));
#2890=ORIENTED_EDGE('',*,*,#2891,.T.);
#2891=EDGE_CURVE('',#2441,#2483,#2892,.T.);
#2892=LINE('',#2442,#56);
#2893=ORIENTED_EDGE('',*,*,#2457,.F.);
#2894=ORIENTED_EDGE('',*,*,#2445,.F.);
#2895=PLANE('',#2896);
#2896=AXIS2_PLACEMENT_3D('',#2442,#124,#13);
#2897=ADVANCED_FACE('',(#2898),#2905,.T.);
#2898=FACE_BOUND('',#2899,.T.);
#2899=EDGE_LOOP('',(#2900,#2481,#2903,#2904));
#2900=ORIENTED_EDGE('',*,*,#2901,.T.);
#2901=EDGE_CURVE('',#2436,#2478,#2902,.T.);
#2902=LINE('',#2437,#56);
#2903=ORIENTED_EDGE('',*,*,#2891,.F.);
#2904=ORIENTED_EDGE('',*,*,#2440,.F.);
#2905=PLANE('',#2906);
#2906=AXIS2_PLACEMENT_3D('',#2437,#13,#34);
#2907=ADVANCED_FACE('',(#2908),#2913,.T.);
#2908=FACE_BOUND('',#2909,.T.);
#2909=EDGE_LOOP('',(#2910,#2476,#2911,#2912));
#2910=ORIENTED_EDGE('',*,*,#2494,.T.);
#2911=ORIENTED_EDGE('',*,*,#2901,.F.);
#2912=ORIENTED_EDGE('',*,*,#2435,.F.);
#2913=PLANE('',#2914);
#2914=AXIS2_PLACEMENT_3D('',#2432,#34,#1002);
#2915=ADVANCED_FACE('',(#2916),#2923,.T.);
#2916=FACE_BOUND('',#2917,.T.);
#2917=EDGE_LOOP('',(#2918,#2576,#2921,#2922));
#2918=ORIENTED_EDGE('',*,*,#2919,.T.);
#2919=EDGE_CURVE('',#2531,#2573,#2920,.T.);
#2920=LINE('',#2532,#56);
#2921=ORIENTED_EDGE('',*,*,#2547,.F.);
#2922=ORIENTED_EDGE('',*,*,#2535,.F.);
#2923=PLANE('',#2924);
#2924=AXIS2_PLACEMENT_3D('',#2532,#124,#13);
#2925=ADVANCED_FACE('',(#2926),#2933,.T.);
#2926=FACE_BOUND('',#2927,.T.);
#2927=EDGE_LOOP('',(#2928,#2571,#2931,#2932));
#2928=ORIENTED_EDGE('',*,*,#2929,.T.);
#2929=EDGE_CURVE('',#2526,#2568,#2930,.T.);
#2930=LINE('',#2527,#56);
#2931=ORIENTED_EDGE('',*,*,#2919,.F.);
#2932=ORIENTED_EDGE('',*,*,#2530,.F.);
#2933=PLANE('',#2934);
#2934=AXIS2_PLACEMENT_3D('',#2527,#13,#34);
#2935=ADVANCED_FACE('',(#2936),#2941,.T.);
#2936=FACE_BOUND('',#2937,.T.);
#2937=EDGE_LOOP('',(#2938,#2566,#2939,#2940));
#2938=ORIENTED_EDGE('',*,*,#2584,.T.);
#2939=ORIENTED_EDGE('',*,*,#2929,.F.);
#2940=ORIENTED_EDGE('',*,*,#2525,.F.);
#2941=PLANE('',#2942);
#2942=AXIS2_PLACEMENT_3D('',#2522,#34,#1002);
#2943=ADVANCED_FACE('',(#2944),#2951,.T.);
#2944=FACE_BOUND('',#2945,.T.);
#2945=EDGE_LOOP('',(#2946,#2666,#2949,#2950));
#2946=ORIENTED_EDGE('',*,*,#2947,.T.);
#2947=EDGE_CURVE('',#2621,#2663,#2948,.T.);
#2948=LINE('',#2622,#56);
#2949=ORIENTED_EDGE('',*,*,#2637,.F.);
#2950=ORIENTED_EDGE('',*,*,#2625,.F.);
#2951=PLANE('',#2952);
#2952=AXIS2_PLACEMENT_3D('',#2622,#124,#13);
#2953=ADVANCED_FACE('',(#2954),#2961,.T.);
#2954=FACE_BOUND('',#2955,.T.);
#2955=EDGE_LOOP('',(#2956,#2661,#2959,#2960));
#2956=ORIENTED_EDGE('',*,*,#2957,.T.);
#2957=EDGE_CURVE('',#2616,#2658,#2958,.T.);
#2958=LINE('',#2617,#56);
#2959=ORIENTED_EDGE('',*,*,#2947,.F.);
#2960=ORIENTED_EDGE('',*,*,#2620,.F.);
#2961=PLANE('',#2962);
#2962=AXIS2_PLACEMENT_3D('',#2617,#13,#34);
#2963=ADVANCED_FACE('',(#2964),#2969,.T.);
#2964=FACE_BOUND('',#2965,.T.);
#2965=EDGE_LOOP('',(#2966,#2656,#2967,#2968));
#2966=ORIENTED_EDGE('',*,*,#2674,.T.);
#2967=ORIENTED_EDGE('',*,*,#2957,.F.);
#2968=ORIENTED_EDGE('',*,*,#2615,.F.);
#2969=PLANE('',#2970);
#2970=AXIS2_PLACEMENT_3D('',#2612,#34,#1002);
#2971=ADVANCED_FACE('',(#2972),#2979,.T.);
#2972=FACE_BOUND('',#2973,.T.);
#2973=EDGE_LOOP('',(#2974,#2756,#2977,#2978));
#2974=ORIENTED_EDGE('',*,*,#2975,.T.);
#2975=EDGE_CURVE('',#2711,#2753,#2976,.T.);
#2976=LINE('',#2712,#56);
#2977=ORIENTED_EDGE('',*,*,#2727,.F.);
#2978=ORIENTED_EDGE('',*,*,#2715,.F.);
#2979=PLANE('',#2980);
#2980=AXIS2_PLACEMENT_3D('',#2712,#124,#13);
#2981=ADVANCED_FACE('',(#2982),#2989,.T.);
#2982=FACE_BOUND('',#2983,.T.);
#2983=EDGE_LOOP('',(#2984,#2751,#2987,#2988));
#2984=ORIENTED_EDGE('',*,*,#2985,.T.);
#2985=EDGE_CURVE('',#2706,#2748,#2986,.T.);
#2986=LINE('',#2707,#56);
#2987=ORIENTED_EDGE('',*,*,#2975,.F.);
#2988=ORIENTED_EDGE('',*,*,#2710,.F.);
#2989=PLANE('',#2990);
#2990=AXIS2_PLACEMENT_3D('',#2707,#13,#34);
#2991=ADVANCED_FACE('',(#2992),#2997,.T.);
#2992=FACE_BOUND('',#2993,.T.);
#2993=EDGE_LOOP('',(#2994,#2746,#2995,#2996));
#2994=ORIENTED_EDGE('',*,*,#2764,.T.);
#2995=ORIENTED_EDGE('',*,*,#2985,.F.);
#2996=ORIENTED_EDGE('',*,*,#2705,.F.);
#2997=PLANE('',#2998);
#2998=AXIS2_PLACEMENT_3D('',#2702,#34,#1002);
#2999=ADVANCED_FACE('',(#3000),#3007,.T.);
#3000=FACE_BOUND('',#3001,.T.);
#3001=EDGE_LOOP('',(#3002,#2846,#3005,#3006));
#3002=ORIENTED_EDGE('',*,*,#3003,.T.);
#3003=EDGE_CURVE('',#2801,#2843,#3004,.T.);
#3004=LINE('',#2802,#56);
#3005=ORIENTED_EDGE('',*,*,#2817,.F.);
#3006=ORIENTED_EDGE('',*,*,#2805,.F.);
#3007=PLANE('',#3008);
#3008=AXIS2_PLACEMENT_3D('',#2802,#124,#13);
#3009=ADVANCED_FACE('',(#3010),#3017,.T.);
#3010=FACE_BOUND('',#3011,.T.);
#3011=EDGE_LOOP('',(#3012,#2841,#3015,#3016));
#3012=ORIENTED_EDGE('',*,*,#3013,.T.);
#3013=EDGE_CURVE('',#2796,#2838,#3014,.T.);
#3014=LINE('',#2797,#56);
#3015=ORIENTED_EDGE('',*,*,#3003,.F.);
#3016=ORIENTED_EDGE('',*,*,#2800,.F.);
#3017=PLANE('',#3018);
#3018=AXIS2_PLACEMENT_3D('',#2797,#13,#34);
#3019=ADVANCED_FACE('',(#3020),#3025,.T.);
#3020=FACE_BOUND('',#3021,.T.);
#3021=EDGE_LOOP('',(#3022,#2836,#3023,#3024));
#3022=ORIENTED_EDGE('',*,*,#2854,.T.);
#3023=ORIENTED_EDGE('',*,*,#3013,.F.);
#3024=ORIENTED_EDGE('',*,*,#2795,.F.);
#3025=PLANE('',#3026);
#3026=AXIS2_PLACEMENT_3D('',#2792,#34,#1002);
#3027=( GEOMETRIC_REPRESENTATION_CONTEXT(3) GLOBAL_UNCERTAINTY_ASSIGNED_CONTEXT((#3031)) GLOBAL_UNIT_ASSIGNED_CONTEXT((#3028,#3029,#3030)) REPRESENTATION_CONTEXT('Context #1','3D Context with UNIT and UNCERTAINTY') );
#3028=( LENGTH_UNIT() NAMED_UNIT(*) SI_UNIT(.MILLI.,.METRE.) );
#3029=( NAMED_UNIT(*) PLANE_ANGLE_UNIT() SI_UNIT($,.RADIAN.) );
#3030=( NAMED_UNIT(*) SI_UNIT($,.STERADIAN.) SOLID_ANGLE_UNIT() );
#3031=UNCERTAINTY_MEASURE_WITH_UNIT(LENGTH_MEASURE(1.E-07),#3028,'distance_accuracy_value','confusion accuracy');
#3032=MECHANICAL_DESIGN_GEOMETRIC_PRESENTATION_REPRESENTATION('',(#3033,#3043,#3044,#3045,#3046,#3047,#3048,#3049,#3050,#3059,#3060,#3061,#3062,#3063,#3064,#3065,#3066,#3067,#3068,#3069,#3070,#3071,#3072,#3073,#3074,#3075,#3076,#3077,#3078,#3079,#3080,#3081,#3082,#3083,#3084,#3085,#3086,#3087,#3088,#3089,#3090,#3091,#3092,#3093,#3094,#3095,#3096,#3097,#3098,#3099,#3100,#3101,#3102,#3103,#3104,#3105,#3106,#3107,#3108,#3109,#3110,#3111,#3112,#3113,#3114,#3115,#3116,#3117,#3118,#3119,#3120,#3121,#3122,#3123,#3124,#3125,#3126,#3127,#3128,#3129,#3130,#3131,#3132,#3133,#3134,#3135,#3136,#3137,#3138,#3139,#3140,#3141,#3142,#3143,#3144,#3145,#3146,#3147,#3148,#3149,#3150,#3151,#3152,#3153,#3154,#3155,#3156,#3157,#3158,#3159,#3160,#3161,#3162,#3163,#3164,#3165,#3166,#3167,#3168,#3169,#3170,#3171,#3172,#3173,#3174,#3175,#3176,#3177,#3178,#3179,#3180,#3181,#3182,#3183,#3184,#3185,#3186,#3187,#3188,#3189,#3190,#3191,#3192,#3193,#3194,#3195,#3196,#3197,#3198,#3199,#3200,#3201,#3202,#3203,#3204,#3205,#3206,#3207,#3208,#3209,#3210,#3211,#3212,#3213,#3214,#3215,#3216,#3217,#3218,#3219,#3220,#3221,#3222,#3223,#3224,#3225,#3226,#3227,#3228,#3229,#3230,#3231,#3232,#3233,#3234,#3235,#3236,#3237,#3238,#3239,#3240,#3241,#3242,#3243,#3244,#3245,#3246,#3247,#3248,#3249,#3250,#3251,#3252,#3253,#3254,#3255,#3256,#3257,#3258,#3259,#3260,#3261,#3262,#3263),#3027);
#3033=STYLED_ITEM('color',(#3034),#17);
#3034=PRESENTATION_STYLE_ASSIGNMENT((#3035,#3041));
#3035=SURFACE_STYLE_USAGE(.BOTH.,#3036);
#3036=SURFACE_SIDE_STYLE('',(#3037));
#3037=SURFACE_STYLE_FILL_AREA(#3038);
#3038=FILL_AREA_STYLE('',(#3039));
#3039=FILL_AREA_STYLE_COLOUR('',#3040);
#3040=COLOUR_RGB('',0.147999998088,0.145000001626,0.145000001626);
#3041=CURVE_STYLE('',#3042,POSITIVE_LENGTH_MEASURE(0.1),#3040);
#3042=DRAUGHTING_PRE_DEFINED_CURVE_FONT('continuous');
#3043=STYLED_ITEM('color',(#3034),#46);
#3044=STYLED_ITEM('color',(#3034),#85);
#3045=STYLED_ITEM('color',(#3034),#125);
#3046=STYLED_ITEM('color',(#3034),#137);
#3047=STYLED_ITEM('color',(#3034),#279);
#3048=STYLED_ITEM('color',(#3034),#290);
#3049=STYLED_ITEM('color',(#3034),#298);
#3050=OVER_RIDING_STYLED_ITEM('overriding color',(#3051),#341,#3049);
#3051=PRESENTATION_STYLE_ASSIGNMENT((#3052,#3058));
#3052=SURFACE_STYLE_USAGE(.BOTH.,#3053);
#3053=SURFACE_SIDE_STYLE('',(#3054));
#3054=SURFACE_STYLE_FILL_AREA(#3055);
#3055=FILL_AREA_STYLE('',(#3056));
#3056=FILL_AREA_STYLE_COLOUR('',#3057);
#3057=COLOUR_RGB('',0.858999988747,0.738000004258,0.496000005009);
#3058=CURVE_STYLE('',#3042,POSITIVE_LENGTH_MEASURE(0.1),#3057);
#3059=OVER_RIDING_STYLED_ITEM('overriding color',(#3051),#321,#3049);
#3060=OVER_RIDING_STYLED_ITEM('overriding color',(#3051),#383,#3049);
#3061=OVER_RIDING_STYLED_ITEM('overriding color',(#3051),#363,#3049);
#3062=OVER_RIDING_STYLED_ITEM('overriding color',(#3051),#425,#3049);
#3063=OVER_RIDING_STYLED_ITEM('overriding color',(#3051),#405,#3049);
#3064=OVER_RIDING_STYLED_ITEM('overriding color',(#3051),#467,#3049);
#3065=OVER_RIDING_STYLED_ITEM('overriding color',(#3051),#447,#3049);
#3066=OVER_RIDING_STYLED_ITEM('overriding color',(#3051),#509,#3049);
#3067=OVER_RIDING_STYLED_ITEM('overriding color',(#3051),#489,#3049);
#3068=OVER_RIDING_STYLED_ITEM('overriding color',(#3051),#551,#3049);
#3069=OVER_RIDING_STYLED_ITEM('overriding color',(#3051),#531,#3049);
#3070=STYLED_ITEM('color',(#3034),#561);
#3071=STYLED_ITEM('color',(#3034),#566);
#3072=STYLED_ITEM('color',(#3034),#574);
#3073=STYLED_ITEM('color',(#3034),#600);
#3074=STYLED_ITEM('color',(#3034),#620);
#3075=STYLED_ITEM('color',(#3034),#640);
#3076=STYLED_ITEM('color',(#3034),#654);
#3077=STYLED_ITEM('color',(#3034),#675);
#3078=STYLED_ITEM('color',(#3034),#692);
#3079=STYLED_ITEM('color',(#3034),#709);
#3080=STYLED_ITEM('color',(#3034),#722);
#3081=STYLED_ITEM('color',(#3034),#743);
#3082=STYLED_ITEM('color',(#3034),#760);
#3083=STYLED_ITEM('color',(#3034),#777);
#3084=STYLED_ITEM('color',(#3034),#790);
#3085=STYLED_ITEM('color',(#3034),#811);
#3086=STYLED_ITEM('color',(#3034),#828);
#3087=STYLED_ITEM('color',(#3034),#845);
#3088=STYLED_ITEM('color',(#3034),#858);
#3089=STYLED_ITEM('color',(#3034),#879);
#3090=STYLED_ITEM('color',(#3034),#896);
#3091=STYLED_ITEM('color',(#3034),#913);
#3092=STYLED_ITEM('color',(#3034),#926);
#3093=STYLED_ITEM('color',(#3034),#947);
#3094=STYLED_ITEM('color',(#3034),#964);
#3095=STYLED_ITEM('color',(#3034),#981);
#3096=STYLED_ITEM('color',(#3051),#994);
#3097=STYLED_ITEM('color',(#3051),#1003);
#3098=STYLED_ITEM('color',(#3051),#1038);
#3099=STYLED_ITEM('color',(#3051),#1044);
#3100=STYLED_ITEM('color',(#3051),#1073);
#3101=STYLED_ITEM('color',(#3051),#1081);
#3102=STYLED_ITEM('color',(#3051),#1111);
#3103=STYLED_ITEM('color',(#3051),#1117);
#3104=STYLED_ITEM('color',(#3051),#1146);
#3105=STYLED_ITEM('color',(#3051),#1154);
#3106=STYLED_ITEM('color',(#3051),#1184);
#3107=STYLED_ITEM('color',(#3051),#1190);
#3108=STYLED_ITEM('color',(#3051),#1219);
#3109=STYLED_ITEM('color',(#3051),#1227);
#3110=STYLED_ITEM('color',(#3051),#1257);
#3111=STYLED_ITEM('color',(#3051),#1263);
#3112=STYLED_ITEM('color',(#3051),#1292);
#3113=STYLED_ITEM('color',(#3051),#1300);
#3114=STYLED_ITEM('color',(#3051),#1330);
#3115=STYLED_ITEM('color',(#3051),#1336);
#3116=STYLED_ITEM('color',(#3051),#1365);
#3117=STYLED_ITEM('color',(#3051),#1373);
#3118=STYLED_ITEM('color',(#3051),#1403);
#3119=STYLED_ITEM('color',(#3051),#1409);
#3120=STYLED_ITEM('color',(#3034),#1438);
#3121=STYLED_ITEM('color',(#3034),#1456);
#3122=OVER_RIDING_STYLED_ITEM('overriding color',(#3051),#1477,#3121);
#3123=OVER_RIDING_STYLED_ITEM('overriding color',(#3051),#1466,#3121);
#3124=STYLED_ITEM('color',(#3034),#1491);
#3125=STYLED_ITEM('color',(#3034),#1505);
#3126=OVER_RIDING_STYLED_ITEM('overriding color',(#3051),#1526,#3125);
#3127=OVER_RIDING_STYLED_ITEM('overriding color',(#3051),#1515,#3125);
#3128=STYLED_ITEM('color',(#3034),#1536);
#3129=STYLED_ITEM('color',(#3034),#1554);
#3130=OVER_RIDING_STYLED_ITEM('overriding color',(#3051),#1575,#3129);
#3131=OVER_RIDING_STYLED_ITEM('overriding color',(#3051),#1564,#3129);
#3132=STYLED_ITEM('color',(#3034),#1589);
#3133=STYLED_ITEM('color',(#3034),#1603);
#3134=OVER_RIDING_STYLED_ITEM('overriding color',(#3051),#1624,#3133);
#3135=OVER_RIDING_STYLED_ITEM('overriding color',(#3051),#1613,#3133);
#3136=STYLED_ITEM('color',(#3034),#1634);
#3137=STYLED_ITEM('color',(#3034),#1652);
#3138=OVER_RIDING_STYLED_ITEM('overriding color',(#3051),#1673,#3137);
#3139=OVER_RIDING_STYLED_ITEM('overriding color',(#3051),#1662,#3137);
#3140=STYLED_ITEM('color',(#3034),#1687);
#3141=STYLED_ITEM('color',(#3034),#1701);
#3142=OVER_RIDING_STYLED_ITEM('overriding color',(#3051),#1722,#3141);
#3143=OVER_RIDING_STYLED_ITEM('overriding color',(#3051),#1711,#3141);
#3144=STYLED_ITEM('color',(#3034),#1732);
#3145=STYLED_ITEM('color',(#3034),#1750);
#3146=OVER_RIDING_STYLED_ITEM('overriding color',(#3051),#1771,#3145);
#3147=OVER_RIDING_STYLED_ITEM('overriding color',(#3051),#1760,#3145);
#3148=STYLED_ITEM('color',(#3034),#1785);
#3149=STYLED_ITEM('color',(#3034),#1799);
#3150=OVER_RIDING_STYLED_ITEM('overriding color',(#3051),#1820,#3149);
#3151=OVER_RIDING_STYLED_ITEM('overriding color',(#3051),#1809,#3149);
#3152=STYLED_ITEM('color',(#3034),#1830);
#3153=STYLED_ITEM('color',(#3034),#1848);
#3154=OVER_RIDING_STYLED_ITEM('overriding color',(#3051),#1869,#3153);
#3155=OVER_RIDING_STYLED_ITEM('overriding color',(#3051),#1858,#3153);
#3156=STYLED_ITEM('color',(#3034),#1883);
#3157=STYLED_ITEM('color',(#3034),#1897);
#3158=OVER_RIDING_STYLED_ITEM('overriding color',(#3051),#1918,#3157);
#3159=OVER_RIDING_STYLED_ITEM('overriding color',(#3051),#1907,#3157);
#3160=STYLED_ITEM('color',(#3034),#1928);
#3161=STYLED_ITEM('color',(#3034),#1946);
#3162=OVER_RIDING_STYLED_ITEM('overriding color',(#3051),#1967,#3161);
#3163=OVER_RIDING_STYLED_ITEM('overriding color',(#3051),#1956,#3161);
#3164=STYLED_ITEM('color',(#3034),#1981);
#3165=STYLED_ITEM('color',(#3034),#1995);
#3166=OVER_RIDING_STYLED_ITEM('overriding color',(#3051),#2016,#3165);
#3167=OVER_RIDING_STYLED_ITEM('overriding color',(#3051),#2005,#3165);
#3168=STYLED_ITEM('color',(#3051),#2026);
#3169=STYLED_ITEM('color',(#3051),#2036);
#3170=STYLED_ITEM('color',(#3051),#2047);
#3171=STYLED_ITEM('color',(#3051),#2057);
#3172=STYLED_ITEM('color',(#3051),#2068);
#3173=STYLED_ITEM('color',(#3051),#2076);
#3174=STYLED_ITEM('color',(#3051),#2086);
#3175=STYLED_ITEM('color',(#3051),#2096);
#3176=STYLED_ITEM('color',(#3051),#2106);
#3177=STYLED_ITEM('color',(#3051),#2116);
#3178=STYLED_ITEM('color',(#3051),#2124);
#3179=STYLED_ITEM('color',(#3051),#2134);
#3180=STYLED_ITEM('color',(#3051),#2144);
#3181=STYLED_ITEM('color',(#3051),#2154);
#3182=STYLED_ITEM('color',(#3051),#2164);
#3183=STYLED_ITEM('color',(#3051),#2172);
#3184=STYLED_ITEM('color',(#3051),#2182);
#3185=STYLED_ITEM('color',(#3051),#2192);
#3186=STYLED_ITEM('color',(#3051),#2202);
#3187=STYLED_ITEM('color',(#3051),#2212);
#3188=STYLED_ITEM('color',(#3051),#2220);
#3189=STYLED_ITEM('color',(#3051),#2230);
#3190=STYLED_ITEM('color',(#3051),#2240);
#3191=STYLED_ITEM('color',(#3051),#2250);
#3192=STYLED_ITEM('color',(#3051),#2260);
#3193=STYLED_ITEM('color',(#3051),#2268);
#3194=STYLED_ITEM('color',(#3051),#2278);
#3195=STYLED_ITEM('color',(#3051),#2288);
#3196=STYLED_ITEM('color',(#3051),#2298);
#3197=STYLED_ITEM('color',(#3051),#2308);
#3198=STYLED_ITEM('color',(#3034),#2316);
#3199=OVER_RIDING_STYLED_ITEM('overriding color',(#3051),#2320,#3198);
#3200=STYLED_ITEM('color',(#3034),#2326);
#3201=OVER_RIDING_STYLED_ITEM('overriding color',(#3051),#2330,#3200);
#3202=STYLED_ITEM('color',(#3051),#2333);
#3203=STYLED_ITEM('color',(#3051),#2363);
#3204=STYLED_ITEM('color',(#3051),#2377);
#3205=STYLED_ITEM('color',(#3051),#2400);
#3206=STYLED_ITEM('color',(#3034),#2409);
#3207=OVER_RIDING_STYLED_ITEM('overriding color',(#3051),#2413,#3206);
#3208=STYLED_ITEM('color',(#3034),#2419);
#3209=OVER_RIDING_STYLED_ITEM('overriding color',(#3051),#2423,#3208);
#3210=STYLED_ITEM('color',(#3051),#2426);
#3211=STYLED_ITEM('color',(#3051),#2453);
#3212=STYLED_ITEM('color',(#3051),#2467);
#3213=STYLED_ITEM('color',(#3051),#2490);
#3214=STYLED_ITEM('color',(#3034),#2499);
#3215=OVER_RIDING_STYLED_ITEM('overriding color',(#3051),#2503,#3214);
#3216=STYLED_ITEM('color',(#3034),#2509);
#3217=OVER_RIDING_STYLED_ITEM('overriding color',(#3051),#2513,#3216);
#3218=STYLED_ITEM('color',(#3051),#2516);
#3219=STYLED_ITEM('color',(#3051),#2543);
#3220=STYLED_ITEM('color',(#3051),#2557);
#3221=STYLED_ITEM('color',(#3051),#2580);
#3222=STYLED_ITEM('color',(#3034),#2589);
#3223=OVER_RIDING_STYLED_ITEM('overriding color',(#3051),#2593,#3222);
#3224=STYLED_ITEM('color',(#3034),#2599);
#3225=OVER_RIDING_STYLED_ITEM('overriding color',(#3051),#2603,#3224);
#3226=STYLED_ITEM('color',(#3051),#2606);
#3227=STYLED_ITEM('color',(#3051),#2633);
#3228=STYLED_ITEM('color',(#3051),#2647);
#3229=STYLED_ITEM('color',(#3051),#2670);
#3230=STYLED_ITEM('color',(#3034),#2679);
#3231=OVER_RIDING_STYLED_ITEM('overriding color',(#3051),#2683,#3230);
#3232=STYLED_ITEM('color',(#3034),#2689);
#3233=OVER_RIDING_STYLED_ITEM('overriding color',(#3051),#2693,#3232);
#3234=STYLED_ITEM('color',(#3051),#2696);
#3235=STYLED_ITEM('color',(#3051),#2723);
#3236=STYLED_ITEM('color',(#3051),#2737);
#3237=STYLED_ITEM('color',(#3051),#2760);
#3238=STYLED_ITEM('color',(#3034),#2769);
#3239=OVER_RIDING_STYLED_ITEM('overriding color',(#3051),#2773,#3238);
#3240=STYLED_ITEM('color',(#3034),#2779);
#3241=OVER_RIDING_STYLED_ITEM('overriding color',(#3051),#2783,#3240);
#3242=STYLED_ITEM('color',(#3051),#2786);
#3243=STYLED_ITEM('color',(#3051),#2813);
#3244=STYLED_ITEM('color',(#3051),#2827);
#3245=STYLED_ITEM('color',(#3051),#2850);
#3246=STYLED_ITEM('color',(#3051),#2859);
#3247=STYLED_ITEM('color',(#3051),#2869);
#3248=STYLED_ITEM('color',(#3051),#2879);
#3249=STYLED_ITEM('color',(#3051),#2887);
#3250=STYLED_ITEM('color',(#3051),#2897);
#3251=STYLED_ITEM('color',(#3051),#2907);
#3252=STYLED_ITEM('color',(#3051),#2915);
#3253=STYLED_ITEM('color',(#3051),#2925);
#3254=STYLED_ITEM('color',(#3051),#2935);
#3255=STYLED_ITEM('color',(#3051),#2943);
#3256=STYLED_ITEM('color',(#3051),#2953);
#3257=STYLED_ITEM('color',(#3051),#2963);
#3258=STYLED_ITEM('color',(#3051),#2971);
#3259=STYLED_ITEM('color',(#3051),#2981);
#3260=STYLED_ITEM('color',(#3051),#2991);
#3261=STYLED_ITEM('color',(#3051),#2999);
#3262=STYLED_ITEM('color',(#3051),#3009);
#3263=STYLED_ITEM('color',(#3051),#3019);
ENDSEC;
END-ISO-10303-21;
